field,api,lease_name,well_number,operator,well_status,cycle_index,inject_start,inject_end,inject_months,inject_days,steam_bbl_cwe,steam_tonnes,n_months_estimated_flag,gap_days_to_next_inject_proxy_produce_phase,produce_phase_censored,oil_m3,oil_data_available,cycle_sor_t_per_m3,peak_rate_bbl_d,pre_steam_baseline_bbl_d,uplift_x
Midway-Sunset,040290103900,Tumbador,102,Chevron U.S.A. Inc.,Active,0,2019-10-31,2019-10-31,1,3.0,3560.0,566.04,0,,True,,False,,,,
Midway-Sunset,040290120700,Formax East,69,"Berry Petroleum Company, LLC",Idle,0,2018-06-30,2018-06-30,1,17.0,3048.0,484.63,0,,True,,False,,,,
Midway-Sunset,040290138500,Cherokee,23C,"Seneca Resources Company, LLC",Active,0,2021-11-30,2021-12-31,2,15.0,7576.0,1204.58,0,,True,,False,,,,
Midway-Sunset,040291150600,H. & D.,7-4,Aera Energy LLC,Active,0,2021-04-30,2021-04-30,1,11.0,9576.0,1522.58,0,,True,,False,,,,
Midway-Sunset,040291378600,Gore C,3-3,Aera Energy LLC,Active,0,2018-01-31,2018-01-31,1,11.0,5602.0,890.72,0,,True,,False,,,,
Midway-Sunset,040291387200,Wier,8-1,Aera Energy LLC,Active,0,2018-01-31,2021-09-30,6,49.0,36928.0,5871.55,0,,True,,False,,,,
Midway-Sunset,040291969100,Ethel D,103,"Berry Petroleum Company, LLC",Active,0,2021-09-30,2021-12-31,4,116.0,52845.0,8402.35,0,,True,,False,,,,
Midway-Sunset,040292177900,,11,Chevron U.S.A. Inc.,Active,0,2020-02-29,2020-02-29,1,6.0,6672.0,1060.85,0,,True,,False,,,,
Midway-Sunset,040292313700,,28,Chevron U.S.A. Inc.,Active,0,2019-02-28,2019-02-28,1,4.0,3914.0,622.33,0,,True,,False,,,,
Midway-Sunset,040292364200,Unspecified,33,Chevron U.S.A. Inc.,Active,0,2018-01-31,2018-01-31,1,6.0,5240.0,833.16,0,,True,,False,,,,
Midway-Sunset,040292364300,Unspecified,34,Chevron U.S.A. Inc.,Idle,0,2018-01-31,2018-01-31,1,6.0,5307.0,843.81,0,,True,,False,,,,
Midway-Sunset,040292364600,Unspecified,37,Chevron U.S.A. Inc.,Active,0,2018-02-28,2018-02-28,1,5.0,4245.0,674.96,0,,True,,False,,,,
Midway-Sunset,040293789300,GP,53,"Berry Petroleum Company, LLC",Active,0,2018-10-31,2018-11-30,2,47.0,48970.0,7786.23,0,,True,,False,,,,
Midway-Sunset,040293850400,Exeter-BAOC,7,Aera Energy LLC,Active,0,2021-01-31,2021-09-30,2,18.0,16907.0,2688.21,0,,True,,False,,,,
Midway-Sunset,040293889900,Brogdon,8,"Berry Petroleum Company, LLC",Idle,0,2018-10-31,2018-11-30,2,16.0,10278.0,1634.2,0,,True,,False,,,,
Midway-Sunset,040294126600,Petrolia,5-1,Aera Energy LLC,Active,0,2018-01-31,2021-12-31,3,11.0,9103.0,1447.38,0,,True,,False,,,,
Midway-Sunset,040294140500,Tumbador-USL,G-43,Chevron U.S.A. Inc.,Active,0,2019-04-30,2019-04-30,1,4.0,3487.0,554.43,0,,True,,False,,,,
Midway-Sunset,040294172800,Buena Fe,79,Aera Energy LLC,Active,0,2021-03-31,2021-03-31,1,6.0,5798.0,921.88,0,,True,,False,,,,
Midway-Sunset,040294174100,Western,8-2,Aera Energy LLC,Active,0,2021-05-31,2021-05-31,1,9.0,6762.0,1075.16,0,,True,,False,,,,
Midway-Sunset,040294302100,Unspecified,G-889,Chevron U.S.A. Inc.,Active,0,2020-02-29,2020-03-31,2,6.0,6846.0,1088.51,0,,True,,False,,,,
Midway-Sunset,040294376400,Buena Fe,89,Aera Energy LLC,Active,0,2021-06-30,2021-06-30,1,3.0,2856.0,454.1,0,,True,,False,,,,
Midway-Sunset,040294383800,Bremer,5-16,Sentinel Peak Resources California LLC,Active,0,2018-02-28,2018-02-28,1,8.0,2748.0,436.93,0,,True,,False,,,,
Midway-Sunset,040294388800,Buena Fe,93,Aera Energy LLC,Active,0,2021-09-30,2021-09-30,1,5.0,4601.0,731.56,0,,True,,False,,,,
Midway-Sunset,040294498600,Lucky Boy,9,"Berry Petroleum Company, LLC",Active,0,2018-05-31,2020-12-31,2,16.0,8106.0,1288.85,0,,True,,False,,,,
Midway-Sunset,040294512500,Maxwell,X-36,Aera Energy LLC,Active,0,2021-01-31,2021-01-31,1,5.0,5291.0,841.27,0,,True,,False,,,,
Midway-Sunset,040294516100,Buena Fe,98,Aera Energy LLC,Active,0,2021-03-31,2021-09-30,2,22.0,20699.0,3291.14,0,,True,,False,,,,
Midway-Sunset,040294531600,,211,Chevron U.S.A. Inc.,Active,0,2019-06-30,2019-06-30,1,3.0,2338.0,371.74,0,,True,,False,,,,
Midway-Sunset,040294541000,Pru A,A-5,Aera Energy LLC,Active,0,2019-10-31,2019-10-31,1,8.0,6779.0,1077.86,0,,True,,False,,,,
Midway-Sunset,040294542100,Metson,E21-24,Aera Energy LLC,Active,0,2018-01-31,2018-01-31,1,7.0,5557.0,883.56,0,,True,,False,,,,
Midway-Sunset,040294549900,Buena Fe,103,Aera Energy LLC,Active,0,2021-03-31,2021-12-31,3,19.0,19675.0,3128.33,0,,True,,False,,,,
Midway-Sunset,040294593700,,60,Chevron U.S.A. Inc.,Active,0,2019-12-31,2019-12-31,1,11.0,17029.0,2707.61,0,,True,,False,,,,
Midway-Sunset,040294597900,,209,Chevron U.S.A. Inc.,Active,0,2019-06-30,2019-06-30,1,3.0,2353.0,374.13,0,,True,,False,,,,
Midway-Sunset,040294615501,Gore C,50-4-0,Aera Energy LLC,Active,0,2021-01-31,2021-02-28,2,8.0,8282.0,1316.84,0,,True,,False,,,,
Midway-Sunset,040294641800,Lucky Boy,10,"Berry Petroleum Company, LLC",Active,0,2018-05-31,2018-05-31,1,11.0,4101.0,652.06,0,,True,,False,,,,
Midway-Sunset,040294666900,Kendon,E-5,Aera Energy LLC,Active,0,2021-04-30,2021-04-30,1,2.0,1243.0,197.64,0,,True,,False,,,,
Midway-Sunset,040294678500,Unspecified,G-253,Chevron U.S.A. Inc.,Idle,0,2020-01-31,2020-01-31,1,6.0,8492.0,1350.23,0,,True,,False,,,,
Midway-Sunset,040294682700,Unspecified,99,Chevron U.S.A. Inc.,Active,0,2020-07-31,2020-07-31,1,5.0,4390.0,698.01,0,,True,,False,,,,
Midway-Sunset,040294714200,GP,69,"Berry Petroleum Company, LLC",Idle,0,2018-01-31,2018-03-31,3,73.0,30158.0,4795.12,0,,True,,False,,,,
Midway-Sunset,040294721400,Wier,90-3J,Aera Energy LLC,Active,0,2018-01-31,2018-01-31,1,3.0,2403.0,382.08,0,,True,,False,,,,
Midway-Sunset,040294735700,Edwards Fee,17,"Berry Petroleum Company, LLC",Active,0,2018-02-28,2018-02-28,1,6.0,9603.0,1526.88,0,,True,,False,,,,
Midway-Sunset,040294738400,Formax East,79,"Berry Petroleum Company, LLC",Active,0,2018-10-31,2018-10-31,1,16.0,5133.0,816.15,0,,True,,False,,,,
Midway-Sunset,040294744200,Gore B,80-8-0,Aera Energy LLC,Idle,0,2018-01-31,2018-01-31,1,8.0,4366.0,694.19,0,,True,,False,,,,
Midway-Sunset,040294759500,Formax East,80,"Berry Petroleum Company, LLC",Idle,0,2018-10-31,2018-10-31,1,9.0,2820.0,448.38,0,,True,,False,,,,
Midway-Sunset,040294761100,Unspecified,G-653,Chevron U.S.A. Inc.,Active,0,2020-01-31,2020-01-31,1,5.0,6792.0,1079.93,0,121.0,False,,False,,,,
Midway-Sunset,040294761100,Unspecified,G-653,Chevron U.S.A. Inc.,Active,1,2020-05-31,2020-05-31,1,6.0,5660.0,899.94,0,183.0,False,,False,,,,
Midway-Sunset,040294761100,Unspecified,G-653,Chevron U.S.A. Inc.,Active,2,2020-11-30,2020-11-30,1,6.0,4342.0,690.38,0,,True,,False,,,,
Midway-Sunset,040294771700,GP,86,"Berry Petroleum Company, LLC",Idle,0,2018-03-31,2018-04-30,2,30.0,12793.0,2034.09,0,,True,,False,,,,
Midway-Sunset,040294788900,Petrolia,70-4L,Aera Energy LLC,Active,0,2021-12-31,2021-12-31,1,9.0,8070.0,1283.13,0,,True,,False,,,,
Midway-Sunset,040294858100,USL,G-396,Chevron U.S.A. Inc.,Active,0,2020-09-30,2020-09-30,1,6.0,5241.0,833.32,0,,True,,False,,,,
Midway-Sunset,040294859901,Gore C,30-4-0,Aera Energy LLC,Active,0,2021-03-31,2021-04-30,2,9.0,6834.0,1086.61,0,,True,,False,,,,
Midway-Sunset,040294914801,Unspecified,76,Chevron U.S.A. Inc.,Idle,0,2019-10-31,2019-10-31,1,5.0,3974.0,631.87,0,,True,,False,,,,
Midway-Sunset,040294921100,Buena Fe,138,Aera Energy LLC,Idle,0,2018-01-31,2018-01-31,1,16.0,6410.0,1019.19,0,,True,,False,,,,
Midway-Sunset,040294974300,Unspecified,64,Chevron U.S.A. Inc.,Active,0,2018-02-28,2018-02-28,1,4.0,3198.0,508.48,0,,True,,False,,,,
Midway-Sunset,040294977100,Fairfield,317,"Berry Petroleum Company, LLC",Idle,0,2021-09-30,2021-09-30,1,15.0,6175.0,981.83,0,,True,,False,,,,
Midway-Sunset,040294992701,Amber,82,Chevron U.S.A. Inc.,Active,0,2020-01-31,2020-01-31,1,4.0,5220.0,829.98,0,,True,,False,,,,
Midway-Sunset,040294992901,Amber,84,Chevron U.S.A. Inc.,Active,0,2020-10-31,2020-10-31,1,4.0,2536.0,403.22,0,,True,,False,,,,
Midway-Sunset,040295143500,National USL,6-1,Aera Energy LLC,Active,0,2021-05-31,2021-06-30,2,9.0,7943.0,1262.94,0,,True,,False,,,,
Midway-Sunset,040295191100,Unspecified,755,Chevron U.S.A. Inc.,Active,0,2018-02-28,2018-02-28,1,5.0,3964.0,630.28,0,,True,,False,,,,
Midway-Sunset,040295273500,Unspecified,116,Chevron U.S.A. Inc.,Active,0,2018-02-28,2018-02-28,1,3.0,2047.0,325.47,0,,True,,False,,,,
Midway-Sunset,040295282800,Lockwood,14-P,Aera Energy LLC,Active,0,2018-01-31,2018-01-31,1,2.0,1134.0,180.31,0,,True,,False,,,,
Midway-Sunset,040295289600,Bremer,37-16,Sentinel Peak Resources California LLC,Active,0,2018-02-28,2018-02-28,1,13.0,3522.0,560.0,0,,True,,False,,,,
Midway-Sunset,040295315100,Exeter Fee,24,Aera Energy LLC,Active,0,2021-04-30,2021-04-30,1,12.0,10468.0,1664.41,0,,True,,False,,,,
Midway-Sunset,040295319200,Unspecified,87,Chevron U.S.A. Inc.,Active,0,2019-04-30,2019-04-30,1,3.0,2050.0,325.95,0,184.0,False,,False,,,,
Midway-Sunset,040295319200,Unspecified,87,Chevron U.S.A. Inc.,Active,1,2019-10-31,2019-10-31,1,3.0,2431.0,386.53,0,92.0,False,,False,,,,
Midway-Sunset,040295319200,Unspecified,87,Chevron U.S.A. Inc.,Active,2,2020-01-31,2020-01-31,1,4.0,2740.0,435.66,0,,True,,False,,,,
Midway-Sunset,040295513200,H. & D.,90-1L,Aera Energy LLC,Active,0,2021-03-31,2021-04-30,2,13.0,10329.0,1642.31,0,,True,,False,,,,
Midway-Sunset,040295519901,Kendon,C-4,Aera Energy LLC,Active,0,2021-03-31,2021-11-30,3,20.0,16496.0,2622.86,0,,True,,False,,,,
Midway-Sunset,040295520300,Kendon,D-5,Aera Energy LLC,Active,0,2021-03-31,2021-04-30,2,6.0,4710.0,748.89,0,,True,,False,,,,
Midway-Sunset,040295543400,Nevada,109,Aera Energy LLC,Active,0,2021-06-30,2021-07-31,2,5.0,5869.0,933.17,0,,True,,False,,,,
Midway-Sunset,040295548700,36M,203,Chevron U.S.A. Inc.,Active,0,2019-02-28,2019-02-28,1,6.0,7207.0,1145.91,0,,True,,False,,,,
Midway-Sunset,040295570800,Lockwood,24-F,Aera Energy LLC,Idle,0,2018-01-31,2018-06-30,2,15.0,13318.0,2117.56,0,,True,,False,,,,
Midway-Sunset,040295580100,Buena Fe,145,Aera Energy LLC,Active,0,2018-01-31,2021-12-31,3,36.0,19233.0,3058.05,0,,True,,False,,,,
Midway-Sunset,040295596300,Wier,60-50K,Aera Energy LLC,Active,0,2021-02-28,2021-12-31,3,15.0,12996.0,2066.36,0,,True,,False,,,,
Midway-Sunset,040295603001,Unspecified,107,Chevron U.S.A. Inc.,Active,0,2019-03-31,2019-03-31,1,1.0,133.0,21.15,0,,True,,False,,,,
Midway-Sunset,040295604600,Globe Unit,4-100,Aera Energy LLC,Active,0,2021-05-31,2021-11-30,2,22.0,20017.0,3182.7,0,,True,,False,,,,
Midway-Sunset,040295646601,Unspecified,51,Chevron U.S.A. Inc.,Active,0,2019-02-28,2019-02-28,1,4.0,2911.0,462.85,0,153.0,False,,False,,,,
Midway-Sunset,040295646601,Unspecified,51,Chevron U.S.A. Inc.,Active,1,2019-07-31,2019-07-31,1,5.0,4012.0,637.91,0,,True,,False,,,,
Midway-Sunset,040295646900,Unspecified,54,Chevron U.S.A. Inc.,Active,0,2020-08-31,2020-08-31,1,4.0,3485.0,554.12,0,,True,,False,,,,
Midway-Sunset,040295763400,Unspecified,138,Chevron U.S.A. Inc.,Active,0,2020-02-29,2020-02-29,1,4.0,2665.0,423.74,0,214.0,False,,False,,,,
Midway-Sunset,040295763400,Unspecified,138,Chevron U.S.A. Inc.,Active,1,2020-09-30,2020-09-30,1,5.0,4329.0,688.31,0,,True,,False,,,,
Midway-Sunset,040295852500,Globe Unit,16-120,Aera Energy LLC,Active,0,2018-01-31,2018-01-31,1,14.0,12003.0,1908.48,0,,True,,False,,,,
Midway-Sunset,040295934900,Formax East,104,"Berry Petroleum Company, LLC",Active,0,2018-04-30,2018-04-30,1,15.0,6743.0,1072.14,0,,True,,False,,,,
Midway-Sunset,040295942800,Lockwood,6-M,Aera Energy LLC,Active,0,2018-01-31,2019-12-31,3,14.0,11160.0,1774.44,0,,True,,False,,,,
Midway-Sunset,040295949800,Maxwell,168,Aera Energy LLC,Active,0,2021-03-31,2021-12-31,2,16.0,15350.0,2440.65,0,,True,,False,,,,
Midway-Sunset,040296009600,USL,G-301,Chevron U.S.A. Inc.,Active,0,2020-10-31,2020-10-31,1,7.0,4885.0,776.72,0,,True,,False,,,,
Midway-Sunset,040296016700,Exeter-BAOC,32,Aera Energy LLC,Active,0,2021-03-31,2021-09-30,3,21.0,18718.0,2976.16,0,,True,,False,,,,
Midway-Sunset,040296035400,Cates,4-50,Aera Energy LLC,Active,0,2019-10-31,2021-07-31,3,15.0,10166.0,1616.39,0,,True,,False,,,,
Midway-Sunset,040296048000,B.B.&O.,84,"Berry Petroleum Company, LLC",Idle,0,2018-03-31,2018-04-30,2,20.0,8540.0,1357.86,0,,True,,False,,,,
Midway-Sunset,040296052400,Unspecified,G-651,Chevron U.S.A. Inc.,Active,0,2020-01-31,2020-01-31,1,7.0,10212.0,1623.71,0,,True,,False,,,,
Midway-Sunset,040296053100,Unspecified,G-994,Chevron U.S.A. Inc.,Active,0,2018-02-28,2018-02-28,1,5.0,4976.0,791.18,0,122.0,False,,False,,,,
Midway-Sunset,040296053100,Unspecified,G-994,Chevron U.S.A. Inc.,Active,1,2018-06-30,2018-06-30,1,6.0,5121.0,814.24,0,,True,,False,,,,
Midway-Sunset,040296086200,Bremer,108-16,Sentinel Peak Resources California LLC,Active,0,2018-02-28,2018-03-31,2,7.0,2427.0,385.89,0,,True,,False,,,,
Midway-Sunset,040296106200,Maxwell,B-1,Aera Energy LLC,Active,0,2021-01-31,2021-11-30,4,40.0,19803.0,3148.68,0,,True,,False,,,,
Midway-Sunset,040296165000,Unspecified,777,Chevron U.S.A. Inc.,Active,0,2018-01-31,2018-01-31,1,6.0,5204.0,827.44,0,,True,,False,,,,
Midway-Sunset,040296193200,Anderson,6,Aera Energy LLC,Active,0,2021-04-30,2021-12-31,2,23.0,21956.0,3491.0,0,,True,,False,,,,
Midway-Sunset,040296212600,W & S,65,Aera Energy LLC,Active,0,2021-02-28,2021-06-30,4,25.0,22653.0,3601.83,0,,True,,False,,,,
Midway-Sunset,040296226101,Western,80-1L,Aera Energy LLC,Active,0,2021-07-31,2021-07-31,1,8.0,6818.0,1084.06,0,,True,,False,,,,
Midway-Sunset,040296232500,W & S,68,Aera Energy LLC,Active,0,2021-01-31,2021-01-31,1,9.0,10103.0,1606.38,0,,True,,False,,,,
Midway-Sunset,040296267200,Maxwell,I-7,Aera Energy LLC,Active,0,2021-01-31,2021-01-31,1,5.0,5748.0,913.93,0,,True,,False,,,,
Midway-Sunset,040296285000,Maxwell,196,Aera Energy LLC,Active,0,2018-01-31,2018-01-31,1,14.0,21697.0,3449.82,0,,True,,False,,,,
Midway-Sunset,040296294300,Shale,39,Aera Energy LLC,Active,0,2021-01-31,2021-01-31,1,9.0,9397.0,1494.12,0,,True,,False,,,,
Midway-Sunset,040296325600,M & M,SI-140M,"Seneca Resources Company, LLC",Idle,0,2018-01-31,2018-03-31,2,51.0,13956.0,2219.0,0,,True,,False,,,,
Midway-Sunset,040296339600,Fairfield,339,"Berry Petroleum Company, LLC",Idle,0,2021-09-30,2021-09-30,1,15.0,6763.0,1075.32,0,,True,,False,,,,
Midway-Sunset,040296363400,USL,G-431,Chevron U.S.A. Inc.,Active,0,2020-10-31,2020-11-30,2,6.0,4042.0,642.68,0,,True,,False,,,,
Midway-Sunset,040296485000,,173,Chevron U.S.A. Inc.,Active,0,2020-11-30,2020-11-30,1,1.0,119.0,18.92,0,,True,,False,,,,
Midway-Sunset,040296486700,W & S,77,Aera Energy LLC,Active,0,2021-03-31,2021-03-31,1,11.0,9685.0,1539.91,0,,True,,False,,,,
Midway-Sunset,040296545200,Kendon,X-3,Aera Energy LLC,Active,0,2021-04-30,2021-04-30,1,8.0,7121.0,1132.24,0,,True,,False,,,,
Midway-Sunset,040296545900,Kendon,F-5,Aera Energy LLC,Active,0,2021-03-31,2021-12-31,3,23.0,18712.0,2975.21,0,,True,,False,,,,
Midway-Sunset,040296554700,Formax West,110,"Berry Petroleum Company, LLC",Idle,0,2018-01-31,2018-02-28,2,26.0,4262.0,677.66,0,,True,,False,,,,
Midway-Sunset,040296559400,36T,169,Chevron U.S.A. Inc.,Active,0,2019-12-31,2019-12-31,1,4.0,5017.0,797.7,0,,True,,False,,,,
Midway-Sunset,040296629100,Globe Unit,4-146,Aera Energy LLC,Active,0,2021-06-30,2021-06-30,1,12.0,10258.0,1631.02,0,,True,,False,,,,
Midway-Sunset,040296650000,W & S,81,Aera Energy LLC,Active,0,2021-01-31,2021-01-31,1,10.0,9469.0,1505.57,0,,True,,False,,,,
Midway-Sunset,040296667800,Buena Fe,163,Aera Energy LLC,Active,0,2021-01-31,2021-01-31,1,10.0,4348.0,691.33,0,,True,,False,,,,
Midway-Sunset,040296702800,W & S,88,Aera Energy LLC,Active,0,2021-03-31,2021-04-30,2,12.0,9620.0,1529.58,0,,True,,False,,,,
Midway-Sunset,040296724000,National USL,6-2M,Aera Energy LLC,Active,0,2021-04-30,2021-04-30,1,11.0,5579.0,887.06,0,,True,,False,,,,
Midway-Sunset,040296724200,National USL,8-2M,Aera Energy LLC,Active,0,2021-02-28,2021-02-28,1,11.0,9815.0,1560.59,0,,True,,False,,,,
Midway-Sunset,040296776600,Hoyt,14,"Seneca Resources Company, LLC",Active,0,2021-02-28,2021-02-28,1,4.0,1779.0,282.86,0,,True,,False,,,,
Midway-Sunset,040296815900,Amber,113,Chevron U.S.A. Inc.,Active,0,2020-05-31,2020-05-31,1,4.0,3368.0,535.51,0,,True,,False,,,,
Midway-Sunset,040296816201,Amber,116,Chevron U.S.A. Inc.,Active,0,2019-04-30,2019-04-30,1,4.0,3502.0,556.82,0,,True,,False,,,,
Midway-Sunset,040296868400,Kendon,124,Aera Energy LLC,Active,0,2021-10-31,2021-11-30,2,9.0,6445.0,1024.76,0,,True,,False,,,,
Midway-Sunset,040296887701,Amber,59R,Chevron U.S.A. Inc.,Active,0,2019-11-30,2019-11-30,1,4.0,4892.0,777.83,0,,True,,False,,,,
Midway-Sunset,040296905000,H. & D.,90-1P,Aera Energy LLC,Active,0,2018-01-31,2021-09-30,6,57.0,37261.0,5924.5,0,,True,,False,,,,
Midway-Sunset,040296917300,Gore C,30-2P,Aera Energy LLC,Idle,0,2018-01-31,2018-01-31,1,1.0,376.0,59.78,0,,True,,False,,,,
Midway-Sunset,040296966000,Kendon,113,Aera Energy LLC,Active,0,2021-02-28,2021-03-31,2,8.0,7224.0,1148.62,0,,True,,False,,,,
Midway-Sunset,040296982900,Buena Fe,173,Aera Energy LLC,Active,0,2021-05-31,2021-05-31,1,9.0,7884.0,1253.56,0,,True,,False,,,,
Midway-Sunset,040297008000,H. & D.,8-7P,Aera Energy LLC,Active,0,2018-01-31,2021-06-30,2,19.0,14940.0,2375.46,0,,True,,False,,,,
Midway-Sunset,040297018300,Amber,74R,Chevron U.S.A. Inc.,Active,0,2019-04-30,2019-04-30,1,5.0,4652.0,739.67,0,214.0,False,,False,,,,
Midway-Sunset,040297018300,Amber,74R,Chevron U.S.A. Inc.,Active,1,2019-11-30,2019-11-30,1,4.0,4763.0,757.32,0,,True,,False,,,,
Midway-Sunset,040297019200,Petrolia,55-3T,Aera Energy LLC,Active,0,2018-01-31,2021-02-28,2,15.0,10905.0,1733.89,0,,True,,False,,,,
Midway-Sunset,040297050300,Dome-Tumbador,18,Sentinel Peak Resources California LLC,Active,0,2019-07-31,2019-07-31,1,7.0,4026.0,640.13,0,,True,,False,,,,
Midway-Sunset,040297050400,Dome-Tumbador,19,Sentinel Peak Resources California LLC,Active,0,2019-06-30,2019-07-31,2,9.0,6854.0,1089.79,0,,True,,False,,,,
Midway-Sunset,040297050800,Tumbador,35,Sentinel Peak Resources California LLC,Active,0,2018-02-28,2018-03-31,2,23.0,13755.0,2187.05,0,,True,,False,,,,
Midway-Sunset,040297051000,Dome,43,Sentinel Peak Resources California LLC,Active,0,2018-03-31,2018-03-31,1,5.0,3784.0,601.66,0,,True,,False,,,,
Midway-Sunset,040297051100,Dome,54,Sentinel Peak Resources California LLC,Active,0,2019-06-30,2019-06-30,1,9.0,6574.0,1045.27,0,,True,,False,,,,
Midway-Sunset,040297053200,Bremer,197-16,Sentinel Peak Resources California LLC,Active,0,2018-03-31,2018-03-31,1,6.0,2695.0,428.5,0,,True,,False,,,,
Midway-Sunset,040297113900,Exeter Fee,217,Aera Energy LLC,Active,0,2018-01-31,2021-01-31,2,19.0,15837.0,2518.08,0,,True,,False,,,,
Midway-Sunset,040297123600,Western,8-3N,Aera Energy LLC,Active,0,2018-01-31,2018-01-31,1,5.0,4928.0,783.55,0,,True,,False,,,,
Midway-Sunset,040297123601,Western,8-3N,Aera Energy LLC,Active,0,2018-04-30,2021-05-31,4,28.0,20477.0,3255.84,0,,True,,False,,,,
Midway-Sunset,040297143000,Exeter Fee,234,Aera Energy LLC,Active,0,2021-02-28,2021-11-30,2,23.0,20602.0,3275.72,0,,True,,False,,,,
Midway-Sunset,040297143400,Exeter Fee,238,Aera Energy LLC,Active,0,2021-07-31,2021-07-31,1,13.0,10970.0,1744.23,0,,True,,False,,,,
Midway-Sunset,040297144400,Exeter Fee,259,Aera Energy LLC,Active,0,2021-09-30,2021-09-30,1,10.0,8530.0,1356.27,0,,True,,False,,,,
Midway-Sunset,040297144800,Exeter Fee,264,Aera Energy LLC,Active,0,2021-02-28,2021-03-31,2,8.0,6742.0,1071.98,0,,True,,False,,,,
Midway-Sunset,040297181800,Siemon,103,Aera Energy LLC,Active,0,2021-04-30,2021-12-31,4,24.0,22757.0,3618.36,0,,True,,False,,,,
Midway-Sunset,040297248800,W & S,113,Aera Energy LLC,Idle,0,2018-01-31,2018-01-31,1,14.0,11618.0,1847.26,0,,True,,False,,,,
Midway-Sunset,040297249500,W & S,120,Aera Energy LLC,Active,0,2021-03-31,2021-03-31,1,12.0,9919.0,1577.12,0,,True,,False,,,,
Midway-Sunset,040297249600,W & S,121,Aera Energy LLC,Active,0,2021-01-31,2021-06-30,3,19.0,18436.0,2931.32,0,,True,,False,,,,
Midway-Sunset,040297249700,W & S,122,Aera Energy LLC,Active,0,2018-01-31,2021-11-30,3,24.0,23254.0,3697.39,0,,True,,False,,,,
Midway-Sunset,040297253300,Unspecified,8-3,Crimson Resource Management Corp.,Plugged,0,2018-02-28,2018-02-28,1,5.0,3831.0,609.13,0,61.0,False,,False,,,,
Midway-Sunset,040297253300,Unspecified,8-3,Crimson Resource Management Corp.,Plugged,1,2018-04-30,2018-05-31,2,13.0,10303.0,1638.18,0,365.0,False,,False,,,,
Midway-Sunset,040297253300,Unspecified,8-3,Crimson Resource Management Corp.,Plugged,2,2019-05-31,2019-05-31,1,16.0,10312.0,1639.61,0,,True,,False,,,,
Midway-Sunset,040297264000,Siemon,107,Aera Energy LLC,Active,0,2018-01-31,2018-01-31,1,7.0,6916.0,1099.64,0,,True,,False,,,,
Midway-Sunset,040297293800,Wier,9-1,Aera Energy LLC,Active,0,2018-01-31,2018-01-31,1,7.0,4517.0,718.2,0,,True,,False,,,,
Midway-Sunset,040297304000,Exeter-BAOC,603,Aera Energy LLC,Active,0,2021-07-31,2021-07-31,1,14.0,12164.0,1934.08,0,,True,,False,,,,
Midway-Sunset,040297305200,Exeter-BAOC,616,Aera Energy LLC,Active,0,2021-01-31,2021-01-31,1,1.0,532.0,84.59,0,,True,,False,,,,
Midway-Sunset,040297305600,Exeter-BAOC,620,Aera Energy LLC,Active,0,2018-01-31,2021-01-31,5,52.0,42235.0,6715.36,0,,True,,False,,,,
Midway-Sunset,040297368000,National USL,6-2LA,Aera Energy LLC,Active,0,2021-08-31,2021-08-31,1,5.0,5965.0,948.44,0,,True,,False,,,,
Midway-Sunset,040297411400,Exeter Fee,258,Aera Energy LLC,Active,0,2021-06-30,2021-07-31,2,11.0,9054.0,1439.59,0,,True,,False,,,,
Midway-Sunset,040297464100,Cherokee,SI-83C,"Seneca Resources Company, LLC",Active,0,2018-01-31,2018-01-31,1,31.0,3428.0,545.05,0,,True,,False,,,,
Midway-Sunset,040297475200,Dome-Tumbador,10,Sentinel Peak Resources California LLC,Active,0,2018-02-28,2018-02-28,1,1.0,795.0,126.41,0,518.0,False,,False,,,,
Midway-Sunset,040297475200,Dome-Tumbador,10,Sentinel Peak Resources California LLC,Active,1,2019-07-31,2019-07-31,1,6.0,4114.0,654.13,0,,True,,False,,,,
Midway-Sunset,040297480900,Tumbador,34,Sentinel Peak Resources California LLC,Active,0,2018-02-28,2018-02-28,1,14.0,11401.0,1812.76,0,,True,,False,,,,
Midway-Sunset,040297491200,Bremer,244-16,Sentinel Peak Resources California LLC,Active,0,2018-03-31,2018-03-31,1,17.0,13014.0,2069.23,0,,True,,False,,,,
Midway-Sunset,040297493400,Anderson-Goodwin,D3,Aera Energy LLC,Idle,0,2018-01-31,2018-01-31,1,8.0,7905.0,1256.89,0,,True,,False,,,,
Midway-Sunset,040297538200,Gore B,7-60P,Aera Energy LLC,Active,0,2018-01-31,2018-01-31,1,20.0,3428.0,545.05,0,,True,,False,,,,
Midway-Sunset,040297538601,Gore C,7-50N,Aera Energy LLC,Active,0,2021-07-31,2021-12-31,3,22.0,19510.0,3102.09,0,,True,,False,,,,
Midway-Sunset,040297544600,Dome,53,Sentinel Peak Resources California LLC,Active,0,2019-06-30,2019-06-30,1,15.0,12054.0,1916.59,0,,True,,False,,,,
Midway-Sunset,040297557200,Kendon,213,Aera Energy LLC,Active,0,2021-01-31,2021-07-31,2,16.0,13873.0,2205.81,0,,True,,False,,,,
Midway-Sunset,040297566301,Amber,142,Chevron U.S.A. Inc.,Active,0,2020-08-31,2020-08-31,1,4.0,3169.0,503.87,0,,True,,False,,,,
Midway-Sunset,040297570600,W & S,133,Aera Energy LLC,Active,0,2018-01-31,2021-12-31,7,57.0,46365.0,7372.03,0,,True,,False,,,,
Midway-Sunset,040297578200,Maxwell,243,Aera Energy LLC,Active,0,2021-03-31,2021-03-31,1,8.0,6925.0,1101.08,0,,True,,False,,,,
Midway-Sunset,040297578400,Maxwell,245,Aera Energy LLC,Active,0,2021-02-28,2021-02-28,1,8.0,6880.0,1093.92,0,,True,,False,,,,
Midway-Sunset,040297578700,Maxwell,248,Aera Energy LLC,Active,0,2021-05-31,2021-12-31,4,26.0,22257.0,3538.86,0,,True,,False,,,,
Midway-Sunset,040297612400,Unspecified,10-2,Crimson Resource Management Corp.,Plugged,0,2019-02-28,2019-03-31,2,59.0,9818.0,1561.06,0,,True,,False,,,,
Midway-Sunset,040297618100,Monarch,4-3A,Chevron U.S.A. Inc.,Active,0,2020-06-30,2020-06-30,1,4.0,2565.0,407.83,0,,True,,False,,,,
Midway-Sunset,040297620500,,140,Chevron U.S.A. Inc.,Active,0,2019-11-30,2019-11-30,1,4.0,5037.0,800.88,0,,True,,False,,,,
Midway-Sunset,040297641401,,420,Chevron U.S.A. Inc.,Active,0,2019-06-30,2019-06-30,1,2.0,1187.0,188.73,0,184.0,False,,False,,,,
Midway-Sunset,040297641401,,420,Chevron U.S.A. Inc.,Active,1,2019-12-31,2019-12-31,1,6.0,8638.0,1373.44,0,,True,,False,,,,
Midway-Sunset,040297661302,,231,Chevron U.S.A. Inc.,Active,0,2019-02-28,2019-02-28,1,3.0,2651.0,421.51,0,153.0,False,,False,,,,
Midway-Sunset,040297661302,,231,Chevron U.S.A. Inc.,Active,1,2019-07-31,2019-07-31,1,4.0,3299.0,524.54,0,,True,,False,,,,
Midway-Sunset,040297663400,Anderson-Goodwin,C1,Aera Energy LLC,Active,0,2021-10-31,2021-11-30,2,11.0,11188.0,1778.89,0,,True,,False,,,,
Midway-Sunset,040297663500,Anderson-Goodwin,C2,Aera Energy LLC,Active,0,2021-11-30,2021-11-30,1,9.0,9101.0,1447.06,0,,True,,False,,,,
Midway-Sunset,040297676100,Unspecified,G-2531,Chevron U.S.A. Inc.,Idle,0,2019-04-30,2019-04-30,1,2.0,1628.0,258.85,0,,True,,False,,,,
Midway-Sunset,040297700500,Wier,2-80M,Aera Energy LLC,Active,0,2021-02-28,2021-02-28,1,11.0,9683.0,1539.6,0,,True,,False,,,,
Midway-Sunset,040297702700,Lockwood,115-L,Aera Energy LLC,Active,0,2018-01-31,2018-01-31,1,7.0,6690.0,1063.71,0,,True,,False,,,,
Midway-Sunset,040297716100,Exeter Fee,804,Aera Energy LLC,Active,0,2021-02-28,2021-10-31,2,19.0,17297.0,2750.22,0,,True,,False,,,,
Midway-Sunset,040297717901,Unspecified,14P,Chevron U.S.A. Inc.,Active,0,2020-02-29,2020-02-29,1,5.0,3537.0,562.38,0,,True,,False,,,,
Midway-Sunset,040297733100,Anderson-Goodwin,D2,Aera Energy LLC,Active,0,2021-06-30,2021-06-30,1,11.0,9606.0,1527.35,0,,True,,False,,,,
Midway-Sunset,040297752500,Gore C,20-1P,Aera Energy LLC,Active,0,2018-01-31,2021-03-31,3,12.0,10164.0,1616.08,0,,True,,False,,,,
Midway-Sunset,040297757600,Dome,79,Sentinel Peak Resources California LLC,Active,0,2019-07-31,2019-07-31,1,2.0,1516.0,241.04,0,,True,,False,,,,
Midway-Sunset,040297766600,Anderson-Goodwin,L18,Aera Energy LLC,Idle,0,2018-01-31,2018-01-31,1,7.0,6197.0,985.32,0,,True,,False,,,,
Midway-Sunset,040297772500,Tumbador,48,Sentinel Peak Resources California LLC,Active,0,2019-07-31,2019-07-31,1,3.0,2870.0,456.33,0,,True,,False,,,,
Midway-Sunset,040297777000,Hondo Peerless,137,"Seneca Resources Company, LLC",Active,0,2018-01-31,2018-01-31,1,2.0,1100.0,174.9,0,,True,,False,,,,
Midway-Sunset,040297793800,Exeter Fee,240,Aera Energy LLC,Active,0,2018-01-31,2018-01-31,1,10.0,5755.0,915.04,0,,True,,False,,,,
Midway-Sunset,040297846000,W & S,503,Aera Energy LLC,Active,0,2021-12-31,2021-12-31,1,2.0,1550.0,246.45,0,,True,,False,,,,
Midway-Sunset,040297846400,W & S,505,Aera Energy LLC,Active,0,2021-01-31,2021-05-31,2,15.0,11810.0,1877.79,0,,True,,False,,,,
Midway-Sunset,040297900900,,20R,Chevron U.S.A. Inc.,Idle,0,2019-02-28,2019-02-28,1,3.0,2679.0,425.96,0,,True,,False,,,,
Midway-Sunset,040297902100,W & S,513,Aera Energy LLC,Active,0,2021-06-30,2021-09-30,2,17.0,15050.0,2392.95,0,,True,,False,,,,
Midway-Sunset,040297902700,W & S,519,Aera Energy LLC,Active,0,2021-01-31,2021-12-31,4,22.0,20298.0,3227.38,0,,True,,False,,,,
Midway-Sunset,040297914000,Unspecified,126,Chevron U.S.A. Inc.,Active,0,2019-03-31,2019-03-31,1,2.0,349.0,55.49,0,,True,,False,,,,
Midway-Sunset,040297942600,Formax West,42X,"Berry Petroleum Company, LLC",Idle,0,2018-02-28,2018-11-30,4,45.0,15787.0,2510.13,0,,True,,False,,,,
Midway-Sunset,040297988100,Unspecified,G-2622,Chevron U.S.A. Inc.,Active,0,2020-10-31,2020-11-30,2,6.0,4146.0,659.21,0,,True,,False,,,,
Midway-Sunset,040297988500,Unspecified,G-2924,Chevron U.S.A. Inc.,Active,0,2019-02-28,2019-02-28,1,5.0,6129.0,974.51,0,306.0,False,,False,,,,
Midway-Sunset,040297988500,Unspecified,G-2924,Chevron U.S.A. Inc.,Active,1,2019-12-31,2020-01-31,2,6.0,8349.0,1327.49,0,,True,,False,,,,
Midway-Sunset,040297988600,Unspecified,G-3104,Chevron U.S.A. Inc.,Active,0,2019-03-31,2019-03-31,1,9.0,9830.0,1562.97,0,,True,,False,,,,
Midway-Sunset,040297989001,Unspecified,G-3414,Chevron U.S.A. Inc.,Active,0,2020-05-31,2020-05-31,1,6.0,6038.0,960.04,0,,True,,False,,,,
Midway-Sunset,040297991400,Dome,76,Sentinel Peak Resources California LLC,Active,0,2019-06-30,2019-06-30,1,14.0,6677.0,1061.64,0,,True,,False,,,,
Midway-Sunset,040297991800,Alberta,55,Aera Energy LLC,Active,0,2021-01-31,2021-01-31,1,5.0,5291.0,841.27,0,,True,,False,,,,
Midway-Sunset,040298002800,Cates,4-5A,Aera Energy LLC,Active,0,2021-06-30,2021-06-30,1,14.0,10122.0,1609.4,0,,True,,False,,,,
Midway-Sunset,040298044800,Maxwell,282,Aera Energy LLC,Active,0,2021-09-30,2021-09-30,1,12.0,9421.0,1497.94,0,,True,,False,,,,
Midway-Sunset,040298047200,Anderson,K3,Aera Energy LLC,Active,0,2021-02-28,2021-02-28,1,10.0,9511.0,1512.25,0,,True,,False,,,,
Midway-Sunset,040298076100,Freemac,8,"Seneca Resources Company, LLC",Idle,0,2018-01-31,2018-04-30,3,18.0,6003.0,954.48,0,61.0,False,,False,,,,
Midway-Sunset,040298076100,Freemac,8,"Seneca Resources Company, LLC",Idle,1,2018-06-30,2018-07-31,2,18.0,7218.0,1147.66,0,,True,,False,,,,
Midway-Sunset,040298076200,Freemac,9,"Seneca Resources Company, LLC",Active,0,2018-01-31,2018-01-31,1,25.0,9517.0,1513.2,0,120.0,False,,False,,,,
Midway-Sunset,040298076200,Freemac,9,"Seneca Resources Company, LLC",Active,1,2018-05-31,2018-06-30,2,14.0,5697.0,905.82,0,,True,,False,,,,
Midway-Sunset,040298094300,Alberta,65,Aera Energy LLC,Active,0,2021-05-31,2021-11-30,2,21.0,18859.0,2998.58,0,,True,,False,,,,
Midway-Sunset,040298101600,Maxwell,E-216,Aera Energy LLC,Idle,0,2018-01-31,2018-01-31,1,2.0,1822.0,289.7,0,,True,,False,,,,
Midway-Sunset,040298127700,Lockwood,24-D,Aera Energy LLC,Active,0,2018-01-31,2021-11-30,5,48.0,43294.0,6883.75,0,,True,,False,,,,
Midway-Sunset,040298127900,Lockwood,5-J,Aera Energy LLC,Active,0,2021-08-31,2021-08-31,1,9.0,8170.0,1299.03,0,,True,,False,,,,
Midway-Sunset,040298140400,Wier,5-8A,Aera Energy LLC,Active,0,2018-01-31,2019-03-31,4,26.0,18543.0,2948.34,0,,True,,False,,,,
Midway-Sunset,040298142600,W & S,135,Aera Energy LLC,Active,0,2018-01-31,2018-01-31,1,7.0,8800.0,1399.2,0,,True,,False,,,,
Midway-Sunset,040298144900,Gore C,40-6,Aera Energy LLC,Active,0,2018-01-31,2018-01-31,1,3.0,1800.0,286.2,0,,True,,False,,,,
Midway-Sunset,040298144901,Gore C,40-6,Aera Energy LLC,Active,0,2018-02-28,2021-01-31,5,49.0,35267.0,5607.45,0,,True,,False,,,,
Midway-Sunset,040298150400,Unspecified,183,Chevron U.S.A. Inc.,Active,0,2018-01-31,2018-01-31,1,7.0,6071.0,965.29,0,,True,,False,,,,
Midway-Sunset,040298150800,Unspecified,457,Chevron U.S.A. Inc.,Active,0,2019-03-31,2019-03-31,1,2.0,889.0,141.35,0,,True,,False,,,,
Midway-Sunset,040298197300,Cypress,31,Chevron U.S.A. Inc.,Active,0,2019-02-28,2019-02-28,1,1.0,156.0,24.8,0,,True,,False,,,,
Midway-Sunset,040298240700,Gore C,80-5N,Aera Energy LLC,Active,0,2021-10-31,2021-10-31,1,12.0,11384.0,1810.06,0,,True,,False,,,,
Midway-Sunset,040298240900,Western,9-4N,Aera Energy LLC,Active,0,2021-02-28,2021-09-30,2,22.0,18713.0,2975.37,0,,True,,False,,,,
Midway-Sunset,040298252700,Freemac,11,"Seneca Resources Company, LLC",Active,0,2020-03-31,2020-03-31,1,13.0,6500.0,1033.5,0,,True,,False,,,,
Midway-Sunset,040298252900,Freemac,13,"Seneca Resources Company, LLC",Active,0,2019-08-31,2019-08-31,1,13.0,6868.0,1092.01,0,243.0,False,,False,,,,
Midway-Sunset,040298252900,Freemac,13,"Seneca Resources Company, LLC",Active,1,2020-04-30,2020-04-30,1,14.0,7000.0,1113.0,0,,True,,False,,,,
Midway-Sunset,040298253300,Freemac,17,"Seneca Resources Company, LLC",Idle,0,2019-05-31,2019-05-31,1,13.0,1510.0,240.09,0,,True,,False,,,,
Midway-Sunset,040298253400,Freemac,18,"Seneca Resources Company, LLC",Active,0,2018-01-31,2018-01-31,1,2.0,945.0,150.25,0,120.0,False,,False,,,,
Midway-Sunset,040298253400,Freemac,18,"Seneca Resources Company, LLC",Active,1,2018-05-31,2018-05-31,1,14.0,4851.0,771.31,0,153.0,False,,False,,,,
Midway-Sunset,040298253400,Freemac,18,"Seneca Resources Company, LLC",Active,2,2018-10-31,2018-11-30,2,21.0,9321.0,1482.04,0,151.0,False,,False,,,,
Midway-Sunset,040298253400,Freemac,18,"Seneca Resources Company, LLC",Active,3,2019-04-30,2019-05-31,2,31.0,7155.0,1137.64,0,153.0,False,,False,,,,
Midway-Sunset,040298253400,Freemac,18,"Seneca Resources Company, LLC",Active,4,2019-10-31,2019-11-30,2,15.0,6139.0,976.1,0,,True,,False,,,,
Midway-Sunset,040298263101,Unspecified,G-2606,Chevron U.S.A. Inc.,Active,0,2019-02-28,2019-02-28,1,1.0,553.0,87.93,0,,True,,False,,,,
Midway-Sunset,040298263400,Unspecified,G-3120,Chevron U.S.A. Inc.,Idle,0,2019-07-31,2019-07-31,1,4.0,3319.0,527.72,0,,True,,False,,,,
Midway-Sunset,040298295100,Lockwood,5-A,Aera Energy LLC,Active,0,2021-02-28,2021-09-30,3,14.0,16376.0,2603.78,0,,True,,False,,,,
Midway-Sunset,040298295200,Lockwood,6-A,Aera Energy LLC,Active,0,2021-02-28,2021-02-28,1,8.0,7554.0,1201.09,0,,True,,False,,,,
Midway-Sunset,040298295700,Lockwood,14-B,Aera Energy LLC,Active,0,2021-03-31,2021-11-30,3,21.0,19361.0,3078.4,0,,True,,False,,,,
Midway-Sunset,040298295800,Lockwood,15-B,Aera Energy LLC,Active,0,2018-01-31,2018-01-31,1,8.0,8407.0,1336.71,0,,True,,False,,,,
Midway-Sunset,040298296100,Lockwood,23-E,Aera Energy LLC,Active,0,2021-03-31,2021-12-31,2,13.0,12783.0,2032.5,0,,True,,False,,,,
Midway-Sunset,040298304300,Unspecified,G-6908,Chevron U.S.A. Inc.,Active,0,2019-04-30,2019-04-30,1,4.0,3476.0,552.68,0,397.0,False,,False,,,,
Midway-Sunset,040298304300,Unspecified,G-6908,Chevron U.S.A. Inc.,Active,1,2020-05-31,2020-06-30,2,8.0,8629.0,1372.01,0,62.0,False,,False,,,,
Midway-Sunset,040298304300,Unspecified,G-6908,Chevron U.S.A. Inc.,Active,2,2020-08-31,2020-09-30,2,2.0,823.0,130.86,0,,True,,False,,,,
Midway-Sunset,040298304600,Unspecified,G-7304,Chevron U.S.A. Inc.,Idle,0,2019-02-28,2019-02-28,1,6.0,7236.0,1150.52,0,,True,,False,,,,
Midway-Sunset,040298312900,Buena Fe,179,Aera Energy LLC,Active,0,2018-01-31,2021-08-31,6,34.0,28222.0,4487.3,0,,True,,False,,,,
Midway-Sunset,040298313000,Buena Fe,180,Aera Energy LLC,Active,0,2021-07-31,2021-07-31,1,9.0,8170.0,1299.03,0,,True,,False,,,,
Midway-Sunset,040298313200,Buena Fe,178,Aera Energy LLC,Active,0,2018-01-31,2018-01-31,1,9.0,6591.0,1047.97,0,,True,,False,,,,
Midway-Sunset,040298313400,Buena Fe,183,Aera Energy LLC,Active,0,2021-01-31,2021-09-30,2,18.0,8688.0,1381.39,0,,True,,False,,,,
Midway-Sunset,040298337000,Gore C,21-10,Aera Energy LLC,Active,0,2018-01-31,2018-04-30,2,9.0,4213.0,669.87,0,,True,,False,,,,
Midway-Sunset,040298345600,Nevada,57,Aera Energy LLC,Active,0,2021-01-31,2021-01-31,1,8.0,4899.0,778.94,0,,True,,False,,,,
Midway-Sunset,040298353000,Gore C,30-20 O,Aera Energy LLC,Active,0,2021-06-30,2021-07-31,2,8.0,6558.0,1042.72,0,,True,,False,,,,
Midway-Sunset,040298353400,Gore C,3-10,Aera Energy LLC,Active,0,2021-07-31,2021-07-31,1,12.0,9880.0,1570.92,0,,True,,False,,,,
Midway-Sunset,040298358700,Buena Fe,186,Aera Energy LLC,Active,0,2021-04-30,2021-06-30,2,8.0,10078.0,1602.4,0,,True,,False,,,,
Midway-Sunset,040298396200,Alberta,80-D,Aera Energy LLC,Active,0,2021-03-31,2021-08-31,3,21.0,18203.0,2894.28,0,,True,,False,,,,
Midway-Sunset,040298396400,Alberta,82-D,Aera Energy LLC,Active,0,2021-01-31,2021-01-31,1,9.0,8765.0,1393.63,0,,True,,False,,,,
Midway-Sunset,040298403900,Hopkins,7,"Berry Petroleum Company, LLC",Idle,0,2018-02-28,2018-11-30,6,19.0,4209.0,669.23,0,,True,,False,,,,
Midway-Sunset,040298413300,Freemac,21,"Seneca Resources Company, LLC",Active,0,2018-01-31,2018-01-31,1,2.0,945.0,150.25,0,150.0,False,,False,,,,
Midway-Sunset,040298413300,Freemac,21,"Seneca Resources Company, LLC",Active,1,2018-06-30,2018-06-30,1,14.0,5759.0,915.68,0,,True,,False,,,,
Midway-Sunset,040298413400,Freemac,22,"Seneca Resources Company, LLC",Active,0,2019-10-31,2019-10-31,1,12.0,6000.0,954.0,0,427.0,False,,False,,,,
Midway-Sunset,040298413400,Freemac,22,"Seneca Resources Company, LLC",Active,1,2020-12-31,2021-01-31,2,12.0,5076.0,807.08,0,,True,,False,,,,
Midway-Sunset,040298413500,Freemac,23,"Seneca Resources Company, LLC",Active,0,2019-04-30,2019-05-31,2,19.0,7450.0,1184.55,0,92.0,False,,False,,,,
Midway-Sunset,040298413500,Freemac,23,"Seneca Resources Company, LLC",Active,1,2019-08-31,2019-09-30,2,28.0,13306.0,2115.65,0,,True,,False,,,,
Midway-Sunset,040298413600,Freemac,24,"Seneca Resources Company, LLC",Active,0,2021-11-30,2021-11-30,1,7.0,3050.0,484.95,0,,True,,False,,,,
Midway-Sunset,040298413700,Freemac,25,"Seneca Resources Company, LLC",Active,0,2019-08-31,2019-09-30,2,29.0,13585.0,2160.01,0,548.0,False,,False,,,,
Midway-Sunset,040298413700,Freemac,25,"Seneca Resources Company, LLC",Active,1,2021-03-31,2021-03-31,1,14.0,6283.0,999.0,0,,True,,False,,,,
Midway-Sunset,040298413800,Freemac,26,"Seneca Resources Company, LLC",Active,0,2018-01-31,2018-01-31,1,2.0,945.0,150.25,0,89.0,False,,False,,,,
Midway-Sunset,040298413800,Freemac,26,"Seneca Resources Company, LLC",Active,1,2018-04-30,2018-05-31,2,28.0,7491.0,1191.07,0,214.0,False,,False,,,,
Midway-Sunset,040298413800,Freemac,26,"Seneca Resources Company, LLC",Active,2,2018-12-31,2019-01-31,2,21.0,8380.0,1332.42,0,242.0,False,,False,,,,
Midway-Sunset,040298413800,Freemac,26,"Seneca Resources Company, LLC",Active,3,2019-09-30,2019-09-30,1,2.0,715.0,113.69,0,,True,,False,,,,
Midway-Sunset,040298413900,Freemac,27,"Seneca Resources Company, LLC",Idle,0,2018-01-31,2018-01-31,1,25.0,9517.0,1513.2,0,89.0,False,,False,,,,
Midway-Sunset,040298413900,Freemac,27,"Seneca Resources Company, LLC",Idle,1,2018-04-30,2018-05-31,2,23.0,5714.0,908.53,0,,True,,False,,,,
Midway-Sunset,040298414000,Freemac,28,"Seneca Resources Company, LLC",Active,0,2018-01-31,2018-03-31,2,28.0,8839.0,1405.4,0,122.0,False,,False,,,,
Midway-Sunset,040298414000,Freemac,28,"Seneca Resources Company, LLC",Active,1,2018-07-31,2018-07-31,1,14.0,5785.0,919.82,0,273.0,False,,False,,,,
Midway-Sunset,040298414000,Freemac,28,"Seneca Resources Company, LLC",Active,2,2019-04-30,2019-05-31,2,22.0,3981.0,632.98,0,214.0,False,,False,,,,
Midway-Sunset,040298414000,Freemac,28,"Seneca Resources Company, LLC",Active,3,2019-12-31,2020-01-31,2,18.0,7586.0,1206.17,0,425.0,False,,False,,,,
Midway-Sunset,040298414000,Freemac,28,"Seneca Resources Company, LLC",Active,4,2021-03-31,2021-04-30,2,13.0,5266.0,837.29,0,,True,,False,,,,
Midway-Sunset,040298425000,Alberta,117-D,Aera Energy LLC,Active,0,2021-02-28,2021-03-31,2,12.0,10519.0,1672.52,0,,True,,False,,,,
Midway-Sunset,040298425200,Alberta,129-D,Aera Energy LLC,Active,0,2021-02-28,2021-02-28,1,9.0,8356.0,1328.6,0,,True,,False,,,,
Midway-Sunset,040298427200,Alberta,128-DL,Aera Energy LLC,Active,0,2021-01-31,2021-01-31,1,5.0,5291.0,841.27,0,,True,,False,,,,
Midway-Sunset,040298445500,Maxwell,B-566,Aera Energy LLC,Active,0,2021-06-30,2021-11-30,2,15.0,13905.0,2210.89,0,,True,,False,,,,
Midway-Sunset,040298465000,Formax East,A-11,"Berry Petroleum Company, LLC",Active,0,2020-12-31,2020-12-31,1,1.0,49.0,7.79,0,,True,,False,,,,
Midway-Sunset,040298465400,Formax East,B-13,"Berry Petroleum Company, LLC",Active,0,2018-06-30,2018-07-31,2,17.0,5662.0,900.26,0,,True,,False,,,,
Midway-Sunset,040298480300,Buena Fe,190,Aera Energy LLC,Active,0,2021-04-30,2021-12-31,4,24.0,23125.0,3676.88,0,,True,,False,,,,
Midway-Sunset,040298480500,Buena Fe,27X,Aera Energy LLC,Active,0,2021-02-28,2021-07-31,3,17.0,18173.0,2889.51,0,,True,,False,,,,
Midway-Sunset,040298509000,36T,253,Chevron U.S.A. Inc.,Active,0,2019-12-31,2019-12-31,1,2.0,1647.0,261.87,0,,True,,False,,,,
Midway-Sunset,040298509700,Kendon,302,Aera Energy LLC,Active,0,2021-01-31,2021-08-31,2,10.0,9276.0,1474.88,0,,True,,False,,,,
Midway-Sunset,040298535400,,365,Chevron U.S.A. Inc.,Active,0,2019-02-28,2019-02-28,1,4.0,3919.0,623.12,0,,True,,False,,,,
Midway-Sunset,040298537700,Formax West,L-13,"Berry Petroleum Company, LLC",Active,0,2018-09-30,2021-04-30,4,39.0,21907.0,3483.21,0,,True,,False,,,,
Midway-Sunset,040298538000,Formax West,F-20,"Berry Petroleum Company, LLC",Active,0,2018-05-31,2018-05-31,1,17.0,5634.0,895.81,0,,True,,False,,,,
Midway-Sunset,040298538400,Formax West,G-15,"Berry Petroleum Company, LLC",Active,0,2018-09-30,2018-10-31,2,14.0,4955.0,787.85,0,,True,,False,,,,
Midway-Sunset,040298550000,Virginia,231,Chevron U.S.A. Inc.,Active,0,2020-03-31,2020-03-31,1,3.0,1720.0,273.48,0,,True,,False,,,,
Midway-Sunset,040298573100,Unspecified,G-7308,Chevron U.S.A. Inc.,Active,0,2019-02-28,2019-02-28,1,6.0,7001.0,1113.16,0,488.0,False,,False,,,,
Midway-Sunset,040298573100,Unspecified,G-7308,Chevron U.S.A. Inc.,Active,1,2020-06-30,2020-06-30,1,6.0,6497.0,1033.02,0,,True,,False,,,,
Midway-Sunset,040298574000,Globe Unit,16-418,Aera Energy LLC,Active,0,2021-04-30,2021-05-31,2,12.0,10162.0,1615.76,0,,True,,False,,,,
Midway-Sunset,040298599700,Formax West,I-13,"Berry Petroleum Company, LLC",Idle,0,2018-05-31,2018-06-30,2,57.0,20883.0,3320.4,0,,True,,False,,,,
Midway-Sunset,040298600300,Formax West,K-5,"Berry Petroleum Company, LLC",Active,0,2018-02-28,2018-09-30,3,36.0,9622.0,1529.9,0,,True,,False,,,,
Midway-Sunset,040298610500,Cypress,45,Chevron U.S.A. Inc.,Active,0,2020-02-29,2020-02-29,1,7.0,2246.0,357.11,0,,True,,False,,,,
Midway-Sunset,040298610700,Unspecified,G-4924,Chevron U.S.A. Inc.,Active,0,2019-06-30,2019-06-30,1,3.0,2339.0,371.9,0,,True,,False,,,,
Midway-Sunset,040298611000,Unspecified,G-5030,Chevron U.S.A. Inc.,Active,0,2019-06-30,2019-06-30,1,5.0,4545.0,722.65,0,,True,,False,,,,
Midway-Sunset,040298646700,Gore C,41-2,Aera Energy LLC,Idle,0,2018-01-31,2018-01-31,1,7.0,5688.0,904.39,0,,True,,False,,,,
Midway-Sunset,040298646800,Gore C,42-3,Aera Energy LLC,Idle,0,2018-01-31,2018-01-31,1,3.0,1940.0,308.46,0,,True,,False,,,,
Midway-Sunset,040298668900,Buena Fe,192,Aera Energy LLC,Idle,0,2018-01-31,2018-01-31,1,8.0,6710.0,1066.89,0,,True,,False,,,,
Midway-Sunset,040298678700,Wier,11-4,Aera Energy LLC,Active,0,2021-07-31,2021-07-31,1,11.0,9184.0,1460.26,0,,True,,False,,,,
Midway-Sunset,040298686500,Bolivar,1C,Aera Energy LLC,Active,0,2018-01-31,2021-07-31,7,58.0,46035.0,7319.57,0,,True,,False,,,,
Midway-Sunset,040298706400,Bolivar,1G,Aera Energy LLC,Active,0,2018-01-31,2019-10-31,5,34.0,27645.0,4395.56,0,,True,,False,,,,
Midway-Sunset,040298740900,GP,110,"Berry Petroleum Company, LLC",Active,0,2021-03-31,2021-03-31,1,14.0,21275.0,3382.72,0,,True,,False,,,,
Midway-Sunset,040298751100,Edwards Fee,21,"Berry Petroleum Company, LLC",Active,0,2018-02-28,2020-12-31,3,30.0,29095.0,4626.11,0,,True,,False,,,,
Midway-Sunset,040298751200,Edwards Fee,20,"Berry Petroleum Company, LLC",Active,0,2018-02-28,2021-01-31,3,37.0,15905.0,2528.89,0,,True,,False,,,,
Midway-Sunset,040298797300,Shale,237-D,Aera Energy LLC,Active,0,2018-01-31,2018-01-31,1,3.0,2507.0,398.61,0,,True,,False,,,,
Midway-Sunset,040298810601,Unspecified,505,Chevron U.S.A. Inc.,Active,0,2020-10-31,2020-10-31,1,4.0,3262.0,518.66,0,,True,,False,,,,
Midway-Sunset,040298855401,Unspecified,G-7116,Chevron U.S.A. Inc.,Active,0,2019-04-30,2019-04-30,1,5.0,4615.0,733.78,0,550.0,False,,False,,,,
Midway-Sunset,040298855401,Unspecified,G-7116,Chevron U.S.A. Inc.,Active,1,2020-10-31,2020-10-31,1,6.0,4520.0,718.68,0,,True,,False,,,,
Midway-Sunset,040298855600,Unspecified,G-7214,Chevron U.S.A. Inc.,Active,0,2019-04-30,2019-04-30,1,4.0,3306.0,525.65,0,,True,,False,,,,
Midway-Sunset,040298879600,Safe Fee,20,Chevron U.S.A. Inc.,Active,0,2019-02-28,2019-06-30,4,39.0,27887.0,4434.03,0,275.0,False,,False,,,,
Midway-Sunset,040298879600,Safe Fee,20,Chevron U.S.A. Inc.,Active,1,2020-03-31,2020-03-31,1,4.0,2670.0,424.53,0,,True,,False,,,,
Midway-Sunset,040298882400,Kendon,412,Aera Energy LLC,Active,0,2021-03-31,2021-03-31,1,4.0,4081.0,648.88,0,,True,,False,,,,
Midway-Sunset,040298882500,Kendon,402,Aera Energy LLC,Active,0,2021-09-30,2021-09-30,1,8.0,7684.0,1221.76,0,,True,,False,,,,
Midway-Sunset,040298909100,Moco 34,WIM-350B,Aera Energy LLC,Idle,0,2018-01-31,2018-01-31,1,9.0,5704.0,906.94,0,,True,,False,,,,
Midway-Sunset,040298921900,Tumbador,368,Chevron U.S.A. Inc.,Active,0,2019-10-31,2019-10-31,1,4.0,4273.0,679.41,0,,True,,False,,,,
Midway-Sunset,040298924200,Moco 34,WM-188B,Aera Energy LLC,Active,0,2021-01-31,2021-01-31,1,7.0,5563.0,884.52,0,,True,,False,,,,
Midway-Sunset,040298935000,Moco 35,WT-384,Aera Energy LLC,Active,0,2021-02-28,2021-02-28,1,2.0,1507.0,239.61,0,,True,,False,,,,
Midway-Sunset,040298960000,Neely,29L,Aera Energy LLC,Idle,0,2018-01-31,2018-01-31,1,10.0,9464.0,1504.78,0,,True,,False,,,,
Midway-Sunset,040298968800,Unspecified,G-4428,Chevron U.S.A. Inc.,Active,0,2020-02-29,2020-03-31,2,6.0,6691.0,1063.87,0,,True,,False,,,,
Midway-Sunset,040298972200,Anderson-Goodwin,82L,Aera Energy LLC,Active,0,2021-09-30,2021-09-30,1,14.0,11877.0,1888.44,0,,True,,False,,,,
Midway-Sunset,040298978400,Anderson-Goodwin,75L,Aera Energy LLC,Active,0,2018-01-31,2021-11-30,5,51.0,45860.0,7291.74,0,,True,,False,,,,
Midway-Sunset,040298980400,Bolivar,3A,Aera Energy LLC,Active,0,2021-03-31,2021-04-30,2,13.0,10329.0,1642.31,0,,True,,False,,,,
Midway-Sunset,040298985300,Finley-Hausen-II,613,Aera Energy LLC,Active,0,2018-01-31,2018-01-31,1,14.0,11877.0,1888.44,0,,True,,False,,,,
Midway-Sunset,040298986200,Finley-Hausen-II,612,Aera Energy LLC,Active,0,2018-01-31,2021-12-31,7,71.0,59071.0,9392.29,0,,True,,False,,,,
Midway-Sunset,040298988200,Finley-Hausen-II,615,Aera Energy LLC,Active,0,2021-03-31,2021-03-31,1,11.0,9159.0,1456.28,0,,True,,False,,,,
Midway-Sunset,040298988800,Finley-Hausen-II,626,Aera Energy LLC,Active,0,2021-05-31,2021-06-30,2,11.0,9192.0,1461.53,0,,True,,False,,,,
Midway-Sunset,040298990000,Finley-Hausen-II,636,Aera Energy LLC,Active,0,2018-01-31,2018-01-31,1,8.0,6632.0,1054.49,0,,True,,False,,,,
Midway-Sunset,040300003500,Anderson-Goodwin,57L,Aera Energy LLC,Active,0,2018-01-31,2021-11-30,10,63.0,58764.0,9343.48,0,,True,,False,,,,
Midway-Sunset,040300010600,Shale,286-D,Aera Energy LLC,Active,0,2018-01-31,2021-11-30,7,69.0,93304.0,14835.34,0,,True,,False,,,,
Midway-Sunset,040300020000,Lockwood,21-ER,Aera Energy LLC,Active,0,2021-06-30,2021-11-30,3,10.0,9816.0,1560.74,0,,True,,False,,,,
Midway-Sunset,040300032000,36T,214R,Chevron U.S.A. Inc.,Active,0,2020-02-29,2020-02-29,1,4.0,3929.0,624.71,0,,True,,False,,,,
Midway-Sunset,040300054700,Finley-Hausen-II,648,Aera Energy LLC,Active,0,2021-01-31,2021-07-31,3,25.0,17441.0,2773.12,0,,True,,False,,,,
Midway-Sunset,040300073200,Keene,10,Sentinel Peak Resources California LLC,Active,0,2018-02-28,2018-02-28,1,3.0,2390.0,380.01,0,,True,,False,,,,
Midway-Sunset,040300074500,Shale,264-D,Aera Energy LLC,Active,0,2018-01-31,2018-01-31,1,18.0,17432.0,2771.69,0,,True,,False,,,,
Midway-Sunset,040300075700,Maxwell,304,Aera Energy LLC,Active,0,2018-01-31,2018-01-31,1,15.0,21339.0,3392.9,0,,True,,False,,,,
Midway-Sunset,040300087500,Bremer,281-16,Sentinel Peak Resources California LLC,Active,0,2018-02-28,2018-03-31,2,6.0,2129.0,338.51,0,,True,,False,,,,
Midway-Sunset,040300099700,Unspecified,G-6208,Chevron U.S.A. Inc.,Active,0,2019-06-30,2019-06-30,1,5.0,4799.0,763.04,0,,True,,False,,,,
Midway-Sunset,040300112000,Moco 35,MBC-364A,Aera Energy LLC,Active,0,2018-01-31,2018-01-31,1,1.0,588.0,93.49,0,,True,,False,,,,
Midway-Sunset,040300138200,Anderson,K1,Aera Energy LLC,Active,0,2021-09-30,2021-09-30,1,9.0,8170.0,1299.03,0,,True,,False,,,,
Midway-Sunset,040300139800,Unspecified,G-7610,Chevron U.S.A. Inc.,Idle,0,2019-06-30,2019-06-30,1,8.0,8009.0,1273.43,0,,True,,False,,,,
Midway-Sunset,040300139900,Unspecified,G-7614,Chevron U.S.A. Inc.,Active,0,2019-03-31,2019-03-31,1,4.0,3588.0,570.49,0,,True,,False,,,,
Midway-Sunset,040300142600,Wier,91-1,Aera Energy LLC,Active,0,2018-01-31,2019-10-31,5,55.0,39607.0,6297.51,0,,True,,False,,,,
Midway-Sunset,040300144200,Kendon,505,Aera Energy LLC,Active,0,2021-05-31,2021-05-31,1,15.0,11675.0,1856.33,0,,True,,False,,,,
Midway-Sunset,040300144300,Kendon,506,Aera Energy LLC,Active,0,2021-07-31,2021-12-31,3,8.0,7810.0,1241.79,0,,True,,False,,,,
Midway-Sunset,040300174300,Unspecified,G-5326,Chevron U.S.A. Inc.,Active,0,2019-02-28,2019-02-28,1,4.0,4132.0,656.99,0,,True,,False,,,,
Midway-Sunset,040300174900,Unspecified,G-7216,Chevron U.S.A. Inc.,Active,0,2019-04-30,2019-04-30,1,5.0,4622.0,734.9,0,580.0,False,,False,,,,
Midway-Sunset,040300174900,Unspecified,G-7216,Chevron U.S.A. Inc.,Active,1,2020-11-30,2020-11-30,1,6.0,4693.0,746.19,0,,True,,False,,,,
Midway-Sunset,040300175000,Unspecified,G-7320,Chevron U.S.A. Inc.,Active,0,2019-03-31,2019-03-31,1,4.0,3531.0,561.43,0,366.0,False,,False,,,,
Midway-Sunset,040300175000,Unspecified,G-7320,Chevron U.S.A. Inc.,Active,1,2020-03-31,2020-03-31,1,6.0,7540.0,1198.86,0,,True,,False,,,,
Midway-Sunset,040300175200,Unspecified,G-7416,Chevron U.S.A. Inc.,Idle,0,2018-01-31,2018-02-28,2,11.0,10932.0,1738.19,0,,True,,False,,,,
Midway-Sunset,040300175300,Unspecified,G-7420,Chevron U.S.A. Inc.,Active,0,2018-01-31,2018-01-31,1,8.0,8408.0,1336.87,0,424.0,False,,False,,,,
Midway-Sunset,040300175300,Unspecified,G-7420,Chevron U.S.A. Inc.,Active,1,2019-03-31,2019-03-31,1,4.0,3677.0,584.64,0,91.0,False,,False,,,,
Midway-Sunset,040300175300,Unspecified,G-7420,Chevron U.S.A. Inc.,Active,2,2019-06-30,2019-06-30,1,6.0,5883.0,935.4,0,,True,,False,,,,
Midway-Sunset,040300177500,Metson,R13-24,Aera Energy LLC,Active,0,2021-05-31,2021-05-31,1,12.0,8704.0,1383.94,0,,True,,False,,,,
Midway-Sunset,040300183200,Unspecified,G-5202,Chevron U.S.A. Inc.,Active,0,2019-02-28,2019-02-28,1,6.0,6979.0,1109.66,0,,True,,False,,,,
Midway-Sunset,040300188500,Maxwell,308,Aera Energy LLC,Active,0,2021-06-30,2021-06-30,1,7.0,6365.0,1012.03,0,,True,,False,,,,
Midway-Sunset,040300189800,Moco 35,MBC-242E,Aera Energy LLC,Active,0,2021-10-31,2021-10-31,1,8.0,6890.0,1095.51,0,,True,,False,,,,
Midway-Sunset,040300198800,Moco 35,WI-258A,Aera Energy LLC,Active,0,2021-10-31,2021-10-31,1,7.0,6067.0,964.65,0,,True,,False,,,,
Midway-Sunset,040300202300,Amber,158,Chevron U.S.A. Inc.,Active,0,2020-06-30,2020-07-31,2,6.0,6098.0,969.58,0,,True,,False,,,,
Midway-Sunset,040300202800,Finley-Hausen-I,378,Aera Energy LLC,Active,0,2021-02-28,2021-03-31,2,12.0,9904.0,1574.74,0,,True,,False,,,,
Midway-Sunset,040300203100,Finley-Hausen-II,658,Aera Energy LLC,Active,0,2021-06-30,2021-06-30,1,11.0,8896.0,1414.46,0,,True,,False,,,,
Midway-Sunset,040300203200,Finley-Hausen-II,657,Aera Energy LLC,Active,0,2018-01-31,2021-09-30,8,49.0,40402.0,6423.92,0,,True,,False,,,,
Midway-Sunset,040300207200,Amber,152,Chevron U.S.A. Inc.,Idle,0,2019-11-30,2019-11-30,1,2.0,1656.0,263.3,0,,True,,False,,,,
Midway-Sunset,040300228600,Unspecified,G-6932,Chevron U.S.A. Inc.,Active,0,2019-06-30,2019-06-30,1,4.0,3564.0,566.68,0,,True,,False,,,,
Midway-Sunset,040300228800,Unspecified,G-7132,Chevron U.S.A. Inc.,Active,0,2019-06-30,2019-07-31,2,4.0,3381.0,537.58,0,,True,,False,,,,
Midway-Sunset,040300246500,McDonald,53X,Chevron U.S.A. Inc.,Active,0,2019-02-28,2019-02-28,1,6.0,7079.0,1125.56,0,,True,,False,,,,
Midway-Sunset,040300279400,Finley-Hausen-II,525,Aera Energy LLC,Active,0,2018-01-31,2021-12-31,4,40.0,33798.0,5373.88,0,,True,,False,,,,
Midway-Sunset,040300279500,Finley-Hausen-II,513,Aera Energy LLC,Active,0,2021-06-30,2021-06-30,1,12.0,9544.0,1517.5,0,,True,,False,,,,
Midway-Sunset,040300279700,Finley-Hausen-II,501,Aera Energy LLC,Idle,0,2018-01-31,2018-01-31,1,2.0,1508.0,239.77,0,,True,,False,,,,
Midway-Sunset,040300291700,,G-3406,Chevron U.S.A. Inc.,Active,0,2018-01-31,2018-01-31,1,3.0,2862.0,455.06,0,,True,,False,,,,
Midway-Sunset,040300292800,Amber,123R,Chevron U.S.A. Inc.,Active,0,2019-12-31,2019-12-31,1,5.0,6877.0,1093.44,0,,True,,False,,,,
Midway-Sunset,040300292901,,18R,Chevron U.S.A. Inc.,Active,0,2019-06-30,2019-06-30,1,5.0,4710.0,748.89,0,458.0,False,,False,,,,
Midway-Sunset,040300292901,,18R,Chevron U.S.A. Inc.,Active,1,2020-09-30,2020-09-30,1,6.0,4833.0,768.45,0,,True,,False,,,,
Midway-Sunset,040300307100,Amber,51R,Chevron U.S.A. Inc.,Active,0,2019-04-30,2019-04-30,1,5.0,4671.0,742.69,0,305.0,False,,False,,,,
Midway-Sunset,040300307100,Amber,51R,Chevron U.S.A. Inc.,Active,1,2020-02-29,2020-02-29,1,4.0,3730.0,593.07,0,,True,,False,,,,
Midway-Sunset,040300319800,GP,99,"Berry Petroleum Company, LLC",Idle,0,2018-09-30,2018-10-31,2,24.0,30637.0,4871.28,0,,True,,False,,,,
Midway-Sunset,040300343400,Amber,104R,Chevron U.S.A. Inc.,Active,0,2020-02-29,2020-02-29,1,4.0,3924.0,623.92,0,,True,,False,,,,
Midway-Sunset,040300343500,Amber,160,Chevron U.S.A. Inc.,Active,0,2019-04-30,2019-04-30,1,7.0,6824.0,1085.02,0,276.0,False,,False,,,,
Midway-Sunset,040300343500,Amber,160,Chevron U.S.A. Inc.,Active,1,2020-01-31,2020-02-29,2,4.0,4817.0,765.9,0,,True,,False,,,,
Midway-Sunset,040300345300,Hopkins,11,"Berry Petroleum Company, LLC",Active,0,2018-02-28,2018-11-30,5,17.0,3663.0,582.42,0,,True,,False,,,,
Midway-Sunset,040300384300,Tumbador-USL,G-460,Chevron U.S.A. Inc.,Idle,0,2019-04-30,2019-04-30,1,4.0,3486.0,554.27,0,,True,,False,,,,
Midway-Sunset,040300384400,Unspecified,G-4932,Chevron U.S.A. Inc.,Idle,0,2019-04-30,2019-06-30,2,8.0,7300.0,1160.7,0,,True,,False,,,,
Midway-Sunset,040300391200,Section 31D,23,"Berry Petroleum Company, LLC",Active,0,2021-02-28,2021-03-31,2,21.0,26277.0,4178.04,0,,True,,False,,,,
Midway-Sunset,040300402800,Fairfield,350,"Berry Petroleum Company, LLC",Idle,0,2018-04-30,2019-03-31,4,48.0,19287.0,3066.63,0,,True,,False,,,,
Midway-Sunset,040300404900,Gore B,52-7,Aera Energy LLC,Active,0,2018-01-31,2018-01-31,1,9.0,7289.0,1158.95,0,,True,,False,,,,
Midway-Sunset,040300405100,Gore C,21-5,Aera Energy LLC,Active,0,2021-05-31,2021-12-31,3,21.0,18194.0,2892.85,0,,True,,False,,,,
Midway-Sunset,040300407900,,462,Chevron U.S.A. Inc.,Active,0,2019-04-30,2019-04-30,1,6.0,5859.0,931.58,0,92.0,False,,False,,,,
Midway-Sunset,040300407900,,462,Chevron U.S.A. Inc.,Active,1,2019-07-31,2019-07-31,1,4.0,3312.0,526.61,0,184.0,False,,False,,,,
Midway-Sunset,040300407900,,462,Chevron U.S.A. Inc.,Active,2,2020-01-31,2020-01-31,1,6.0,8628.0,1371.85,0,,True,,False,,,,
Midway-Sunset,040300416600,Maxwell,344,Aera Energy LLC,Active,0,2021-04-30,2021-08-31,2,20.0,17359.0,2760.08,0,,True,,False,,,,
Midway-Sunset,040300427700,Unspecified,G-2406,Chevron U.S.A. Inc.,Idle,0,2020-11-30,2020-11-30,1,1.0,142.0,22.58,0,,True,,False,,,,
Midway-Sunset,040300427800,Unspecified,G-2602,Chevron U.S.A. Inc.,Active,0,2019-06-30,2019-06-30,1,6.0,5928.0,942.55,0,,True,,False,,,,
Midway-Sunset,040300428000,Unspecified,G-3124,Chevron U.S.A. Inc.,Active,0,2019-04-30,2019-04-30,1,5.0,4725.0,751.27,0,397.0,False,,False,,,,
Midway-Sunset,040300428000,Unspecified,G-3124,Chevron U.S.A. Inc.,Active,1,2020-05-31,2020-05-31,1,5.0,4961.0,788.8,0,,True,,False,,,,
Midway-Sunset,040300428200,Unspecified,G-3222,Chevron U.S.A. Inc.,Active,0,2019-04-30,2019-04-30,1,2.0,1669.0,265.37,0,,True,,False,,,,
Midway-Sunset,040300430500,GP,101,"Berry Petroleum Company, LLC",Active,0,2018-01-31,2018-03-31,3,73.0,30158.0,4795.12,0,,True,,False,,,,
Midway-Sunset,040300433000,Kendon,717,Aera Energy LLC,Active,0,2021-04-30,2021-05-31,2,13.0,8863.0,1409.22,0,,True,,False,,,,
Midway-Sunset,040300440800,Unspecified,G-3602,Chevron U.S.A. Inc.,Active,0,2020-03-31,2020-03-31,1,6.0,7424.0,1180.42,0,,True,,False,,,,
Midway-Sunset,040300440900,,G-3606,Chevron U.S.A. Inc.,Active,0,2019-02-28,2019-02-28,1,4.0,4218.0,670.66,0,122.0,False,,False,,,,
Midway-Sunset,040300440900,,G-3606,Chevron U.S.A. Inc.,Active,1,2019-06-30,2019-06-30,1,4.0,3549.0,564.29,0,,True,,False,,,,
Midway-Sunset,040300441000,Unspecified,G-3610,Chevron U.S.A. Inc.,Active,0,2019-04-30,2019-04-30,1,6.0,5799.0,922.04,0,336.0,False,,False,,,,
Midway-Sunset,040300441000,Unspecified,G-3610,Chevron U.S.A. Inc.,Active,1,2020-03-31,2020-03-31,1,9.0,12158.0,1933.12,0,,True,,False,,,,
Midway-Sunset,040300459800,Maxwell,X-42,Aera Energy LLC,Active,0,2021-01-31,2021-12-31,3,29.0,21659.0,3443.78,0,,True,,False,,,,
Midway-Sunset,040300466700,Finley-Hausen-II,663,Aera Energy LLC,Active,0,2021-01-31,2021-09-30,3,23.0,17809.0,2831.63,0,,True,,False,,,,
Midway-Sunset,040300471800,Anderson-Goodwin,D114,Aera Energy LLC,Active,0,2018-01-31,2018-01-31,1,11.0,10922.0,1736.6,0,,True,,False,,,,
Midway-Sunset,040300471900,Anderson-Goodwin,A3,Aera Energy LLC,Active,0,2018-01-31,2018-01-31,1,9.0,8957.0,1424.16,0,,True,,False,,,,
Midway-Sunset,040300472000,Anderson-Goodwin,A2,Aera Energy LLC,Active,0,2018-01-31,2021-07-31,5,45.0,43774.0,6960.07,0,,True,,False,,,,
Midway-Sunset,040300487300,Unspecified,G-7418,Chevron U.S.A. Inc.,Active,0,2018-02-28,2018-02-28,1,6.0,6126.0,974.03,0,214.0,False,,False,,,,
Midway-Sunset,040300487300,Unspecified,G-7418,Chevron U.S.A. Inc.,Active,1,2018-09-30,2018-10-31,2,5.0,4408.0,700.87,0,120.0,False,,False,,,,
Midway-Sunset,040300487300,Unspecified,G-7418,Chevron U.S.A. Inc.,Active,2,2019-02-28,2019-02-28,1,8.0,9839.0,1564.4,0,337.0,False,,False,,,,
Midway-Sunset,040300487300,Unspecified,G-7418,Chevron U.S.A. Inc.,Active,3,2020-01-31,2020-01-31,1,6.0,8238.0,1309.84,0,,True,,False,,,,
Midway-Sunset,040300487400,Unspecified,G-7518,Chevron U.S.A. Inc.,Active,0,2019-04-30,2019-04-30,1,4.0,3306.0,525.65,0,,True,,False,,,,
Midway-Sunset,040300506300,Unspecified,G-2626,Chevron U.S.A. Inc.,Active,0,2019-02-28,2019-06-30,3,17.0,17519.0,2785.52,0,,True,,False,,,,
Midway-Sunset,040300506500,Unspecified,G-2822,Chevron U.S.A. Inc.,Active,0,2019-04-30,2019-04-30,1,6.0,6436.0,1023.32,0,,True,,False,,,,
Midway-Sunset,040300506700,Unspecified,G-2920,Chevron U.S.A. Inc.,Active,0,2019-02-28,2019-02-28,1,3.0,2687.0,427.23,0,641.0,False,,False,,,,
Midway-Sunset,040300506700,Unspecified,G-2920,Chevron U.S.A. Inc.,Active,1,2020-11-30,2020-11-30,1,5.0,3422.0,544.1,0,,True,,False,,,,
Midway-Sunset,040300506900,Unspecified,G-3108,Chevron U.S.A. Inc.,Idle,0,2019-10-31,2019-10-31,1,2.0,2198.0,349.48,0,,True,,False,,,,
Midway-Sunset,040300507200,Unspecified,G-3322,Chevron U.S.A. Inc.,Active,0,2019-04-30,2019-04-30,1,2.0,1669.0,265.37,0,611.0,False,,False,,,,
Midway-Sunset,040300507200,Unspecified,G-3322,Chevron U.S.A. Inc.,Active,1,2020-12-31,2020-12-31,1,13.0,10903.0,1733.58,0,,True,,False,,,,
Midway-Sunset,040300515600,GP,112,"Berry Petroleum Company, LLC",Idle,0,2018-07-31,2018-09-30,3,51.0,45943.0,7304.94,0,,True,,False,,,,
Midway-Sunset,040300515800,GP,114,"Berry Petroleum Company, LLC",Idle,0,2018-01-31,2018-03-31,3,67.0,27582.0,4385.54,0,,True,,False,,,,
Midway-Sunset,040300517800,Unspecified,1111,Chevron U.S.A. Inc.,Active,0,2019-04-30,2019-04-30,1,2.0,301.0,47.86,0,,True,,False,,,,
Midway-Sunset,040300519400,Maxwell,348,Aera Energy LLC,Active,0,2021-05-31,2021-10-31,3,25.0,21211.0,3372.55,0,,True,,False,,,,
Midway-Sunset,040300519500,Maxwell,347,Aera Energy LLC,Active,0,2021-01-31,2021-10-31,2,22.0,21120.0,3358.08,0,,True,,False,,,,
Midway-Sunset,040300532200,,2H,Chevron U.S.A. Inc.,Active,0,2019-06-30,2019-06-30,1,7.0,7036.0,1118.72,0,244.0,False,,False,,,,
Midway-Sunset,040300532200,,2H,Chevron U.S.A. Inc.,Active,1,2020-02-29,2020-02-29,1,4.0,3970.0,631.23,0,,True,,False,,,,
Midway-Sunset,040300543600,Moco 34,T-352B,Aera Energy LLC,Active,0,2021-07-31,2021-07-31,1,5.0,5484.0,871.96,0,,True,,False,,,,
Midway-Sunset,040300555100,Berry & Ewing,320,"Berry Petroleum Company, LLC",Idle,0,2018-05-31,2018-06-30,2,32.0,28497.0,4531.02,0,,True,,False,,,,
Midway-Sunset,040300555800,Anderson-Goodwin,F108,Aera Energy LLC,Active,0,2018-01-31,2018-01-31,1,4.0,2826.0,449.33,0,,True,,False,,,,
Midway-Sunset,040300556000,Anderson-Goodwin,H108,Aera Energy LLC,Active,0,2018-01-31,2018-01-31,1,2.0,1126.0,179.03,0,,True,,False,,,,
Midway-Sunset,040300556200,Anderson-Goodwin,H112,Aera Energy LLC,Active,0,2018-01-31,2019-02-28,3,17.0,15812.0,2514.11,0,,True,,False,,,,
Midway-Sunset,040300556900,Anderson-Goodwin,C18R,Aera Energy LLC,Active,0,2021-01-31,2021-02-28,2,8.0,8282.0,1316.84,0,,True,,False,,,,
Midway-Sunset,040300573600,Williams,9,Sentinel Peak Resources California LLC,Active,0,2018-02-28,2018-03-31,2,7.0,5196.0,826.16,0,,True,,False,,,,
Midway-Sunset,040300573700,South Cerritos,7,Sentinel Peak Resources California LLC,Plugged,0,2018-02-28,2018-03-31,2,8.0,3314.0,526.93,0,,True,,False,,,,
Midway-Sunset,040300591100,Anderson,J0,Aera Energy LLC,Active,0,2021-08-31,2021-09-30,2,12.0,10634.0,1690.81,0,,True,,False,,,,
Midway-Sunset,040300591600,Lockwood,23-H,Aera Energy LLC,Active,0,2021-11-30,2021-11-30,1,9.0,7760.0,1233.84,0,,True,,False,,,,
Midway-Sunset,040300591700,Lockwood,4-E,Aera Energy LLC,Active,0,2021-06-30,2021-06-30,1,5.0,4711.0,749.05,0,,True,,False,,,,
Midway-Sunset,040300593700,Gem,720,Chevron U.S.A. Inc.,Idle,0,2019-02-28,2019-02-28,1,6.0,7022.0,1116.5,0,,True,,False,,,,
Midway-Sunset,040300621600,Tumbador-USL,G-384,Chevron U.S.A. Inc.,Active,0,2018-01-31,2018-02-28,2,5.0,4104.0,652.54,0,,True,,False,,,,
Midway-Sunset,040300623400,Ethel D,81,"Berry Petroleum Company, LLC",Active,0,2020-12-31,2021-12-31,12,365.0,115933.0,18433.35,0,,True,,False,,,,
Midway-Sunset,040300624300,Anderson-Goodwin,H114,Aera Energy LLC,Active,0,2021-12-31,2021-12-31,1,10.0,9248.0,1470.43,0,,True,,False,,,,
Midway-Sunset,040300624600,Anderson-Goodwin,D104,Aera Energy LLC,Active,0,2021-01-31,2021-01-31,1,9.0,8509.0,1352.93,0,,True,,False,,,,
Midway-Sunset,040300625100,Anderson-Goodwin,F106,Aera Energy LLC,Active,0,2018-01-31,2018-08-31,3,17.0,13825.0,2198.18,0,,True,,False,,,,
Midway-Sunset,040300654500,Lockwood,23-D,Aera Energy LLC,Active,0,2021-02-28,2021-02-28,1,9.0,8927.0,1419.39,0,,True,,False,,,,
Midway-Sunset,040300658800,Metson,T17-24,Aera Energy LLC,Active,0,2021-01-31,2021-05-31,2,12.0,7533.0,1197.75,0,,True,,False,,,,
Midway-Sunset,040300661100,Globe Unit,6-18R,Aera Energy LLC,Active,0,2021-09-30,2021-09-30,1,11.0,9030.0,1435.77,0,,True,,False,,,,
Midway-Sunset,040300670900,Maxwell,A-81,Aera Energy LLC,Active,0,2018-01-31,2021-08-31,3,28.0,29478.0,4687.0,0,,True,,False,,,,
Midway-Sunset,040300671000,Maxwell,A-101,Aera Energy LLC,Active,0,2018-01-31,2021-09-30,9,61.0,45573.0,7246.11,0,,True,,False,,,,
Midway-Sunset,040300671100,Maxwell,A-451,Aera Energy LLC,Active,0,2021-02-28,2021-09-30,4,23.0,20566.0,3269.99,0,,True,,False,,,,
Midway-Sunset,040300678500,National USL,60-0,Aera Energy LLC,Active,0,2021-02-28,2021-02-28,1,8.0,7427.0,1180.89,0,,True,,False,,,,
Midway-Sunset,040300681800,Anderson,H-A,Aera Energy LLC,Active,0,2021-06-30,2021-06-30,1,11.0,9944.0,1581.1,0,,True,,False,,,,
Midway-Sunset,040300683300,Neely,P3,Aera Energy LLC,Active,0,2018-01-31,2019-03-31,5,24.0,23002.0,3657.32,0,,True,,False,,,,
Midway-Sunset,040300683400,Neely,P5,Aera Energy LLC,Active,0,2021-03-31,2021-03-31,1,11.0,9511.0,1512.25,0,,True,,False,,,,
Midway-Sunset,040300688100,,5H,Chevron U.S.A. Inc.,Active,0,2018-01-31,2018-02-28,2,6.0,6114.0,972.13,0,61.0,False,,False,,,,
Midway-Sunset,040300688100,,5H,Chevron U.S.A. Inc.,Active,1,2018-04-30,2018-04-30,1,4.0,3357.0,533.76,0,,True,,False,,,,
Midway-Sunset,040300716400,Tumbador-USL,G-449,Chevron U.S.A. Inc.,Idle,0,2018-01-31,2018-01-31,1,6.0,5787.0,920.13,0,,True,,False,,,,
Midway-Sunset,040300717900,Amber,56R3,Chevron U.S.A. Inc.,Active,0,2019-12-31,2019-12-31,1,4.0,5257.0,835.86,0,,True,,False,,,,
Midway-Sunset,040300721700,Tumbador,522,Chevron U.S.A. Inc.,Idle,0,2019-04-30,2019-04-30,1,4.0,3447.0,548.07,0,,True,,False,,,,
Midway-Sunset,040300728300,Unspecified,264,Chevron U.S.A. Inc.,Active,0,2018-01-31,2018-02-28,2,5.0,4098.0,651.58,0,,True,,False,,,,
Midway-Sunset,040300728301,Unspecified,264,Chevron U.S.A. Inc.,Active,0,2020-07-31,2020-07-31,1,4.0,3634.0,577.81,0,,True,,False,,,,
Midway-Sunset,040300739600,Unspecified,236,Chevron U.S.A. Inc.,Active,0,2019-11-30,2019-12-31,2,5.0,4073.0,647.61,0,,True,,False,,,,
Midway-Sunset,040300751400,USL,G-521,Chevron U.S.A. Inc.,Active,0,2020-08-31,2020-08-31,1,4.0,3161.0,502.6,0,,True,,False,,,,
Midway-Sunset,040300767300,Unspecified,G-5522,Chevron U.S.A. Inc.,Active,0,2020-03-31,2020-03-31,1,5.0,5809.0,923.63,0,,True,,False,,,,
Midway-Sunset,040300773900,National USL,70-3,Aera Energy LLC,Active,0,2021-05-31,2021-06-30,2,9.0,8550.0,1359.45,0,,True,,False,,,,
Midway-Sunset,040300786500,Formax East,B-12,"Berry Petroleum Company, LLC",Active,0,2018-01-31,2018-03-31,3,33.0,10872.0,1728.65,0,,True,,False,,,,
Midway-Sunset,040300786700,Formax East,D-8,"Berry Petroleum Company, LLC",Active,0,2018-03-31,2020-08-31,3,54.0,16812.0,2673.11,0,,True,,False,,,,
Midway-Sunset,040300787100,Formax East,C-8,"Berry Petroleum Company, LLC",Plugged,0,2018-01-31,2018-01-31,1,23.0,11020.0,1752.18,0,,True,,False,,,,
Midway-Sunset,040300796000,Wier,40-6H,Aera Energy LLC,Active,0,2018-01-31,2021-07-31,8,45.0,33933.0,5395.35,0,,True,,False,,,,
Midway-Sunset,040300801700,Anderson-Goodwin,H116,Aera Energy LLC,Active,0,2021-02-28,2021-03-31,2,27.0,9879.0,1570.76,0,,True,,False,,,,
Midway-Sunset,040300802300,Anderson-Goodwin,K116,Aera Energy LLC,Active,0,2018-01-31,2021-06-30,3,21.0,18819.0,2992.22,0,,True,,False,,,,
Midway-Sunset,040300804500,Anderson-Goodwin,C102,Aera Energy LLC,Active,0,2021-09-30,2021-09-30,1,11.0,9700.0,1542.3,0,,True,,False,,,,
Midway-Sunset,040300807500,Unspecified,1106,Chevron U.S.A. Inc.,Active,0,2019-03-31,2019-03-31,1,2.0,375.0,59.62,0,,True,,False,,,,
Midway-Sunset,040300808400,Amber,165,Chevron U.S.A. Inc.,Active,0,2019-12-31,2019-12-31,1,3.0,3330.0,529.47,0,,True,,False,,,,
Midway-Sunset,040300808900,Tumbador-USL,G-445,Chevron U.S.A. Inc.,Active,0,2018-01-31,2018-01-31,1,2.0,1600.0,254.4,0,,True,,False,,,,
Midway-Sunset,040300819800,Dickinson Trust,1-165,Aera Energy LLC,Active,0,2018-01-31,2018-01-31,1,3.0,2994.0,476.05,0,,True,,False,,,,
Midway-Sunset,040300821200,Bremer,303-16,Sentinel Peak Resources California LLC,Active,0,2018-02-28,2018-02-28,1,2.0,1202.0,191.12,0,,True,,False,,,,
Midway-Sunset,040300823700,Kendon,C-11,Aera Energy LLC,Active,0,2018-01-31,2018-02-28,2,8.0,7133.0,1134.15,0,,True,,False,,,,
Midway-Sunset,040300823900,Kendon,E-11,Aera Energy LLC,Active,0,2021-06-30,2021-06-30,1,5.0,4398.0,699.28,0,,True,,False,,,,
Midway-Sunset,040300827000,Kendon,D-13,Aera Energy LLC,Active,0,2021-04-30,2021-04-30,1,8.0,7121.0,1132.24,0,,True,,False,,,,
Midway-Sunset,040300831500,Maxwell,A-561,Aera Energy LLC,Active,0,2021-02-28,2021-02-28,1,11.0,10656.0,1694.3,0,,True,,False,,,,
Midway-Sunset,040300831600,Maxwell,A-781,Aera Energy LLC,Active,0,2021-06-30,2021-06-30,1,10.0,7912.0,1258.01,0,,True,,False,,,,
Midway-Sunset,040300832000,Maxwell,354,Aera Energy LLC,Active,0,2021-04-30,2021-08-31,2,19.0,16625.0,2643.38,0,,True,,False,,,,
Midway-Sunset,040300832200,Unspecified,G-2630,Chevron U.S.A. Inc.,Idle,0,2019-04-30,2019-04-30,1,5.0,4449.0,707.39,0,,True,,False,,,,
Midway-Sunset,040300834200,Unspecified,G-2228,Chevron U.S.A. Inc.,Idle,0,2019-02-28,2019-04-30,3,12.0,12337.0,1961.58,0,,True,,False,,,,
Midway-Sunset,040300852600,Metson,P13-24,Aera Energy LLC,Active,0,2021-07-31,2021-07-31,1,9.0,7180.0,1141.62,0,,True,,False,,,,
Midway-Sunset,040300861300,Maxwell,X-44,Aera Energy LLC,Active,0,2021-04-30,2021-05-31,2,11.0,9305.0,1479.5,0,,True,,False,,,,
Midway-Sunset,040300868700,Finley-Hausen-I,388,Aera Energy LLC,Active,0,2018-01-31,2021-05-31,2,24.0,19634.0,3121.81,0,,True,,False,,,,
Midway-Sunset,040300880000,Formax West,G-12,"Berry Petroleum Company, LLC",Active,0,2018-08-31,2021-05-31,4,35.0,21775.0,3462.22,0,,True,,False,,,,
Midway-Sunset,040300899800,USL,G-A10,Chevron U.S.A. Inc.,Active,0,2019-02-28,2019-02-28,1,4.0,4648.0,739.03,0,,True,,False,,,,
Midway-Sunset,040300908100,Formax West,X-2,"Berry Petroleum Company, LLC",Idle,0,2018-05-31,2018-06-30,2,25.0,4989.0,793.25,0,,True,,False,,,,
Midway-Sunset,040300916900,Formax West,I-12,"Berry Petroleum Company, LLC",Idle,0,2018-05-31,2018-06-30,2,55.0,16940.0,2693.46,0,,True,,False,,,,
Midway-Sunset,040300917100,Formax West,G-14,"Berry Petroleum Company, LLC",Active,0,2018-01-31,2018-02-28,2,17.0,7261.0,1154.5,0,,True,,False,,,,
Midway-Sunset,040300917500,Formax West,I-17,"Berry Petroleum Company, LLC",Active,0,2018-02-28,2018-07-31,3,17.0,5586.0,888.17,0,,True,,False,,,,
Midway-Sunset,040300918000,Buena Fe,197,Aera Energy LLC,Active,0,2021-01-31,2021-07-31,3,24.0,18728.0,2977.75,0,,True,,False,,,,
Midway-Sunset,040300918200,Kendon,TP-62A,Aera Energy LLC,Active,0,2021-03-31,2021-04-30,2,6.0,4710.0,748.89,0,,True,,False,,,,
Midway-Sunset,040300928900,,25R,Chevron U.S.A. Inc.,Active,0,2019-02-28,2019-02-28,1,5.0,5563.0,884.52,0,153.0,False,,False,,,,
Midway-Sunset,040300928900,,25R,Chevron U.S.A. Inc.,Active,1,2019-07-31,2019-07-31,1,6.0,5454.0,867.19,0,,True,,False,,,,
Midway-Sunset,040300934100,Neely,R106,Aera Energy LLC,Active,0,2021-10-31,2021-11-30,2,12.0,11533.0,1833.75,0,,True,,False,,,,
Midway-Sunset,040300935500,Maxwell,X-47,Aera Energy LLC,Active,0,2021-03-31,2021-09-30,3,24.0,20073.0,3191.61,0,,True,,False,,,,
Midway-Sunset,040300939400,Formax East,C-6,"Berry Petroleum Company, LLC",Idle,0,2018-09-30,2018-10-31,2,15.0,3787.0,602.13,0,,True,,False,,,,
Midway-Sunset,040300939600,Formax East,B-14,"Berry Petroleum Company, LLC",Idle,0,2018-10-31,2018-11-30,2,35.0,14326.0,2277.83,0,,True,,False,,,,
Midway-Sunset,040300952000,Unspecified,G-2604,Chevron U.S.A. Inc.,Active,0,2019-06-30,2019-06-30,1,3.0,2800.0,445.2,0,,True,,False,,,,
Midway-Sunset,040300981700,Moco 34,T-395A,Aera Energy LLC,Active,0,2021-09-30,2021-09-30,1,8.0,5740.0,912.66,0,,True,,False,,,,
Midway-Sunset,040300985100,Neely,W106,Aera Energy LLC,Active,0,2021-01-31,2021-12-31,2,21.0,21129.0,3359.51,0,,True,,False,,,,
Midway-Sunset,040300993300,Metson,K112-24,Aera Energy LLC,Active,0,2021-05-31,2021-05-31,1,8.0,5193.0,825.69,0,,True,,False,,,,
Midway-Sunset,040300996600,Kelly,10,Sentinel Peak Resources California LLC,Active,0,2018-03-31,2018-03-31,1,4.0,2544.0,404.5,0,,True,,False,,,,
Midway-Sunset,040300996700,Kelly,9,Sentinel Peak Resources California LLC,Active,0,2018-03-31,2018-03-31,1,4.0,2802.0,445.52,0,,True,,False,,,,
Midway-Sunset,040301000500,Maxwell,X-52,Aera Energy LLC,Active,0,2021-07-31,2021-07-31,1,11.0,9304.0,1479.34,0,,True,,False,,,,
Midway-Sunset,040301000600,Maxwell,A-92,Aera Energy LLC,Active,0,2021-09-30,2021-09-30,1,7.0,6160.0,979.44,0,,True,,False,,,,
Midway-Sunset,040301010200,Unspecified,852,Chevron U.S.A. Inc.,Active,0,2020-01-31,2020-02-29,2,4.0,2718.0,432.16,0,,True,,False,,,,
Midway-Sunset,040301010302,Unspecified,853,Chevron U.S.A. Inc.,Active,0,2019-04-30,2019-04-30,1,2.0,892.0,141.83,0,,True,,False,,,,
Midway-Sunset,040301010500,Unspecified,860,Chevron U.S.A. Inc.,Active,0,2018-01-31,2018-02-28,2,7.0,6166.0,980.39,0,,True,,False,,,,
Midway-Sunset,040301011000,Amber,173,Chevron U.S.A. Inc.,Active,0,2020-03-31,2020-03-31,1,4.0,4792.0,761.93,0,,True,,False,,,,
Midway-Sunset,040301011100,Amber,174,Chevron U.S.A. Inc.,Active,0,2019-12-31,2020-01-31,2,4.0,5109.0,812.33,0,,True,,False,,,,
Midway-Sunset,040301011201,Amber,175,Chevron U.S.A. Inc.,Active,0,2019-11-30,2019-11-30,1,5.0,6363.0,1011.72,0,,True,,False,,,,
Midway-Sunset,040301017800,Tumbador-USL,G-385,Chevron U.S.A. Inc.,Active,0,2018-02-28,2018-02-28,1,1.0,694.0,110.35,0,,True,,False,,,,
Midway-Sunset,040301017900,Tumbador-USL,G-425,Chevron U.S.A. Inc.,Idle,0,2018-01-31,2018-02-28,2,3.0,1868.0,297.01,0,,True,,False,,,,
Midway-Sunset,040301021100,,275R,Chevron U.S.A. Inc.,Active,0,2019-07-31,2019-07-31,1,3.0,2212.0,351.71,0,458.0,False,,False,,,,
Midway-Sunset,040301021100,,275R,Chevron U.S.A. Inc.,Active,1,2020-10-31,2020-10-31,1,1.0,38.0,6.04,0,,True,,False,,,,
Midway-Sunset,040301021400,W & S,154,Aera Energy LLC,Active,0,2021-02-28,2021-06-30,2,23.0,20914.0,3325.33,0,,True,,False,,,,
Midway-Sunset,040301021500,W & S,155,Aera Energy LLC,Active,0,2018-01-31,2020-12-31,4,39.0,34484.0,5482.96,0,,True,,False,,,,
Midway-Sunset,040301032200,Buena Fe,200,Aera Energy LLC,Active,0,2021-02-28,2021-09-30,3,20.0,20265.0,3222.14,0,,True,,False,,,,
Midway-Sunset,040301033300,Dickinson Trust,1-167,Aera Energy LLC,Active,0,2021-03-31,2021-09-30,2,22.0,18322.0,2913.2,0,,True,,False,,,,
Midway-Sunset,040301033500,Maxwell,370,Aera Energy LLC,Active,0,2018-01-31,2019-12-31,2,6.0,6410.0,1019.19,0,,True,,False,,,,
Midway-Sunset,040301035500,Kendon,250,Aera Energy LLC,Active,0,2019-05-31,2019-08-31,2,15.0,13747.0,2185.77,0,,True,,False,,,,
Midway-Sunset,040301035800,Kendon,254,Aera Energy LLC,Active,0,2021-03-31,2021-03-31,1,5.0,4166.0,662.39,0,,True,,False,,,,
Midway-Sunset,040301035900,Kendon,257,Aera Energy LLC,Active,0,2021-01-31,2021-02-28,2,7.0,8153.0,1296.33,0,,True,,False,,,,
Midway-Sunset,040301036200,Kendon,260,Aera Energy LLC,Active,0,2021-07-31,2021-12-31,4,29.0,21582.0,3431.54,0,,True,,False,,,,
Midway-Sunset,040301038900,Formax West,M-4T,"Berry Petroleum Company, LLC",Active,0,2020-12-31,2020-12-31,1,12.0,6541.0,1040.02,0,,True,,False,,,,
Midway-Sunset,040301039000,Formax West,N-7T,"Berry Petroleum Company, LLC",Active,0,2018-04-30,2018-11-30,3,21.0,8725.0,1387.28,0,,True,,False,,,,
Midway-Sunset,040301039100,Formax West,V-3,"Berry Petroleum Company, LLC",Active,0,2021-05-31,2021-07-31,3,81.0,121257.0,19279.86,0,,True,,False,,,,
Midway-Sunset,040301039300,Formax West,Y-3,"Berry Petroleum Company, LLC",Idle,0,2018-06-30,2018-06-30,1,15.0,2858.0,454.42,0,,True,,False,,,,
Midway-Sunset,040301041900,Kendon,TP-62B,Aera Energy LLC,Active,0,2021-03-31,2021-04-30,2,6.0,4710.0,748.89,0,,True,,False,,,,
Midway-Sunset,040301043900,Bremer,310-16,Sentinel Peak Resources California LLC,Active,0,2018-02-28,2018-02-28,1,8.0,3018.0,479.86,0,,True,,False,,,,
Midway-Sunset,040301051800,Neely,S107,Aera Energy LLC,Active,0,2018-01-31,2019-08-31,4,26.0,29951.0,4762.21,0,,True,,False,,,,
Midway-Sunset,040301053100,Anderson-Goodwin,C108,Aera Energy LLC,Active,0,2018-01-31,2018-01-31,1,10.0,9020.0,1434.18,0,,True,,False,,,,
Midway-Sunset,040301060200,36M,274,Chevron U.S.A. Inc.,Idle,0,2019-02-28,2019-02-28,1,6.0,6883.0,1094.4,0,,True,,False,,,,
Midway-Sunset,040301085300,Unspecified,G-5425,Chevron U.S.A. Inc.,Active,0,2019-06-30,2019-06-30,1,3.0,2822.0,448.7,0,,True,,False,,,,
Midway-Sunset,040301097900,Unspecified,G-4933,Chevron U.S.A. Inc.,Active,0,2019-07-31,2019-07-31,1,6.0,5465.0,868.94,0,,True,,False,,,,
Midway-Sunset,040301098100,Unspecified,G-5033,Chevron U.S.A. Inc.,Active,0,2019-06-30,2019-06-30,1,5.0,4667.0,742.05,0,,True,,False,,,,
Midway-Sunset,040301101900,Unspecified,G-5423,Chevron U.S.A. Inc.,Plugged,0,2020-03-31,2020-03-31,1,3.0,2995.0,476.2,0,,True,,False,,,,
Midway-Sunset,040301109200,Unspecified,G-LL120,Chevron U.S.A. Inc.,Active,0,2020-03-31,2020-03-31,1,6.0,7266.0,1155.29,0,,True,,False,,,,
Midway-Sunset,040301109300,Unspecified,G-LL110,Chevron U.S.A. Inc.,Active,0,2020-03-31,2020-03-31,1,6.0,7477.0,1188.84,0,,True,,False,,,,
Midway-Sunset,040301109900,Unspecified,G-KK120,Chevron U.S.A. Inc.,Active,0,2020-02-29,2020-02-29,1,6.0,6728.0,1069.75,0,,True,,False,,,,
Midway-Sunset,040301119300,Security-Midway,347,Chevron U.S.A. Inc.,Active,0,2019-04-30,2019-04-30,1,4.0,3123.0,496.56,0,,True,,False,,,,
Midway-Sunset,040301119700,Moco 35,MBC-383A,Aera Energy LLC,Active,0,2021-07-31,2021-07-31,1,3.0,2367.0,376.35,0,,True,,False,,,,
Midway-Sunset,040301133400,Kendon,801,Aera Energy LLC,Idle,0,2021-02-28,2021-10-31,3,26.0,21067.0,3349.65,0,,True,,False,,,,
Midway-Sunset,040301133700,Kendon,810,Aera Energy LLC,Active,0,2021-06-30,2021-06-30,1,6.0,5586.0,888.17,0,,True,,False,,,,
Midway-Sunset,040301147400,,3445,Chevron U.S.A. Inc.,Active,0,2020-09-30,2020-09-30,1,6.0,5198.0,826.48,0,,True,,False,,,,
Midway-Sunset,040301157000,Kendon,820,Aera Energy LLC,Active,0,2019-10-31,2021-06-30,3,16.0,12671.0,2014.69,0,,True,,False,,,,
Midway-Sunset,040301157800,Kendon,833,Aera Energy LLC,Active,0,2021-09-30,2021-09-30,1,7.0,6788.0,1079.29,0,,True,,False,,,,
Midway-Sunset,040301157900,Kendon,834,Aera Energy LLC,Active,0,2021-06-30,2021-06-30,1,11.0,10952.0,1741.37,0,,True,,False,,,,
Midway-Sunset,040301160600,Unspecified,G-4716,Chevron U.S.A. Inc.,Active,0,2019-07-31,2019-07-31,1,6.0,5376.0,854.78,0,,True,,False,,,,
Midway-Sunset,040301161300,Unspecified,G-5107,Chevron U.S.A. Inc.,Active,0,2019-10-31,2019-10-31,1,4.0,4482.0,712.64,0,,True,,False,,,,
Midway-Sunset,040301170200,Neely,U108,Aera Energy LLC,Active,0,2021-09-30,2021-09-30,1,10.0,8883.0,1412.4,0,,True,,False,,,,
Midway-Sunset,040301191800,Maxwell,E-413,Aera Energy LLC,Active,0,2021-07-31,2021-07-31,1,14.0,11809.0,1877.63,0,,True,,False,,,,
Midway-Sunset,040301192000,Maxwell,B-101,Aera Energy LLC,Active,0,2018-01-31,2018-01-31,1,14.0,23601.0,3752.56,0,,True,,False,,,,
Midway-Sunset,040301192100,Maxwell,381,Aera Energy LLC,Active,0,2021-01-31,2021-12-31,3,32.0,31227.0,4965.09,0,,True,,False,,,,
Midway-Sunset,040301192400,Finley-Hausen-I,368,Aera Energy LLC,Active,0,2021-05-31,2021-12-31,4,19.0,17793.0,2829.09,0,,True,,False,,,,
Midway-Sunset,040301205700,Tumbador,484,Chevron U.S.A. Inc.,Active,0,2019-04-30,2019-04-30,1,5.0,4546.0,722.81,0,,True,,False,,,,
Midway-Sunset,040301205900,Tumbador,521,Chevron U.S.A. Inc.,Active,0,2019-04-30,2019-04-30,1,4.0,3432.0,545.69,0,184.0,False,,False,,,,
Midway-Sunset,040301205900,Tumbador,521,Chevron U.S.A. Inc.,Active,1,2019-10-31,2019-10-31,1,6.0,7637.0,1214.28,0,,True,,False,,,,
Midway-Sunset,040301206000,Anderson-Goodwin,AG22H,Aera Energy LLC,Active,0,2018-01-31,2018-09-30,3,15.0,11645.0,1851.56,0,,True,,False,,,,
Midway-Sunset,040301206200,Pru,TP55A,Aera Energy LLC,Active,0,2021-12-31,2021-12-31,1,9.0,8369.0,1330.67,0,,True,,False,,,,
Midway-Sunset,040301206500,Pru,TP65A,Aera Energy LLC,Active,0,2021-06-30,2021-12-31,2,16.0,14612.0,2323.31,0,,True,,False,,,,
Midway-Sunset,040301206900,Pru,TP55B,Aera Energy LLC,Active,0,2021-04-30,2021-09-30,3,11.0,9292.0,1477.43,0,,True,,False,,,,
Midway-Sunset,040301207200,Pru,TP54C,Aera Energy LLC,Active,0,2021-01-31,2021-09-30,2,15.0,13247.0,2106.27,0,,True,,False,,,,
Midway-Sunset,040301207300,Pru,TP55C,Aera Energy LLC,Active,0,2021-06-30,2021-06-30,1,5.0,4398.0,699.28,0,,True,,False,,,,
Midway-Sunset,040301207700,Pru,TP66C,Aera Energy LLC,Active,0,2021-01-31,2021-09-30,2,14.0,11493.0,1827.39,0,,True,,False,,,,
Midway-Sunset,040301207900,Pru,TP67D,Aera Energy LLC,Active,0,2021-06-30,2021-06-30,1,6.0,5586.0,888.17,0,,True,,False,,,,
Midway-Sunset,040301208000,Pru,TP68D,Aera Energy LLC,Active,0,2021-04-30,2021-09-30,2,14.0,12802.0,2035.52,0,,True,,False,,,,
Midway-Sunset,040301219200,Unspecified,G-6703,Chevron U.S.A. Inc.,Active,0,2019-04-30,2019-04-30,1,4.0,3450.0,548.55,0,,True,,False,,,,
Midway-Sunset,040301229400,Pru,325,Aera Energy LLC,Active,0,2021-02-28,2021-03-31,2,8.0,7224.0,1148.62,0,,True,,False,,,,
Midway-Sunset,040301229500,Pru,326,Aera Energy LLC,Active,0,2021-02-28,2021-12-31,2,17.0,14840.0,2359.56,0,,True,,False,,,,
Midway-Sunset,040301230000,Pru,335,Aera Energy LLC,Active,0,2021-02-28,2021-03-31,2,11.0,9482.0,1507.64,0,,True,,False,,,,
Midway-Sunset,040301236200,Unspecified,G-6906,Chevron U.S.A. Inc.,Active,0,2019-07-31,2019-07-31,1,5.0,4386.0,697.37,0,,True,,False,,,,
Midway-Sunset,040301237500,Unspecified,G-7217,Chevron U.S.A. Inc.,Active,0,2020-10-31,2020-10-31,1,5.0,3614.0,574.63,0,,True,,False,,,,
Midway-Sunset,040301239700,Pru,332,Aera Energy LLC,Active,0,2021-02-28,2021-10-31,3,25.0,25266.0,4017.29,0,,True,,False,,,,
Midway-Sunset,040301240300,Pru,345,Aera Energy LLC,Active,0,2021-11-30,2021-11-30,1,9.0,6998.0,1112.68,0,,True,,False,,,,
Midway-Sunset,040301257400,USL,G-4221,Chevron U.S.A. Inc.,Active,0,2019-11-30,2019-11-30,1,5.0,6514.0,1035.73,0,275.0,False,,False,,,,
Midway-Sunset,040301257400,USL,G-4221,Chevron U.S.A. Inc.,Active,1,2020-08-31,2020-08-31,1,6.0,5910.0,939.69,0,,True,,False,,,,
Midway-Sunset,040301266800,36M,291,Chevron U.S.A. Inc.,Active,0,2019-03-31,2019-03-31,1,4.0,3779.0,600.86,0,,True,,False,,,,
Midway-Sunset,040301276400,Unspecified,G-6417,Chevron U.S.A. Inc.,Active,0,2019-06-30,2019-06-30,1,4.0,3544.0,563.5,0,,True,,False,,,,
Midway-Sunset,040301285300,15A,M101,"Seneca Resources Company, LLC",Active,0,2021-05-31,2021-05-31,1,14.0,4126.0,656.03,0,,True,,False,,,,
Midway-Sunset,040301301601,Unspecified,506,Chevron U.S.A. Inc.,Active,0,2019-10-31,2019-10-31,1,4.0,3070.0,488.13,0,,True,,False,,,,
Midway-Sunset,040301307500,,3653,Chevron U.S.A. Inc.,Active,0,2019-02-28,2019-02-28,1,3.0,2671.0,424.69,0,,True,,False,,,,
Midway-Sunset,040301308200,,4661,Chevron U.S.A. Inc.,Active,0,2018-01-31,2018-01-31,1,3.0,2862.0,455.06,0,424.0,False,,False,,,,
Midway-Sunset,040301308200,,4661,Chevron U.S.A. Inc.,Active,1,2019-03-31,2019-03-31,1,7.0,7384.0,1174.06,0,122.0,False,,False,,,,
Midway-Sunset,040301308200,,4661,Chevron U.S.A. Inc.,Active,2,2019-07-31,2019-07-31,1,6.0,5480.0,871.32,0,213.0,False,,False,,,,
Midway-Sunset,040301308200,,4661,Chevron U.S.A. Inc.,Active,3,2020-02-29,2020-02-29,1,6.0,6649.0,1057.19,0,,True,,False,,,,
Midway-Sunset,040301315100,USL,G-4818,Chevron U.S.A. Inc.,Active,0,2019-03-31,2019-03-31,1,6.0,5977.0,950.34,0,,True,,False,,,,
Midway-Sunset,040301318500,Unspecified,G-7130,Chevron U.S.A. Inc.,Active,0,2019-06-30,2019-06-30,1,4.0,3338.0,530.74,0,,True,,False,,,,
Midway-Sunset,040301331500,USL,G-5121,Chevron U.S.A. Inc.,Active,0,2019-03-31,2019-03-31,1,10.0,10933.0,1738.35,0,244.0,False,,False,,,,
Midway-Sunset,040301331500,USL,G-5121,Chevron U.S.A. Inc.,Active,1,2019-11-30,2019-11-30,1,8.0,11010.0,1750.59,0,305.0,False,,False,,,,
Midway-Sunset,040301331500,USL,G-5121,Chevron U.S.A. Inc.,Active,2,2020-09-30,2020-10-31,2,6.0,4752.0,755.57,0,,True,,False,,,,
Midway-Sunset,040301351500,Formax West,N-13T,"Berry Petroleum Company, LLC",Active,0,2018-03-31,2018-03-31,1,16.0,7175.0,1140.83,0,,True,,False,,,,
Midway-Sunset,040301356100,Formax West,V-5,"Berry Petroleum Company, LLC",Active,0,2018-03-31,2018-10-31,3,43.0,14374.0,2285.47,0,,True,,False,,,,
Midway-Sunset,040301365800,USL,G-5218,Chevron U.S.A. Inc.,Active,0,2019-03-31,2019-03-31,1,4.0,3406.0,541.55,0,,True,,False,,,,
Midway-Sunset,040301368000,Unspecified,G-JJ120,Chevron U.S.A. Inc.,Active,0,2019-07-31,2019-07-31,1,3.0,2894.0,460.15,0,153.0,False,,False,,,,
Midway-Sunset,040301368000,Unspecified,G-JJ120,Chevron U.S.A. Inc.,Active,1,2019-12-31,2019-12-31,1,9.0,13638.0,2168.44,0,,True,,False,,,,
Midway-Sunset,040301368100,Unspecified,G-JJ130,Chevron U.S.A. Inc.,Idle,0,2019-07-31,2019-07-31,1,3.0,2886.0,458.87,0,,True,,False,,,,
Midway-Sunset,040301375600,B.B.&O.,405H,"Berry Petroleum Company, LLC",Idle,0,2018-01-31,2018-11-30,3,39.0,53350.0,8482.65,0,,True,,False,,,,
Midway-Sunset,040301375700,B.B.&O.,406H,"Berry Petroleum Company, LLC",Active,0,2018-01-31,2020-12-31,2,44.0,82341.0,13092.22,0,,True,,False,,,,
Midway-Sunset,040301381600,Hillside,220H,"Berry Petroleum Company, LLC",Idle,0,2018-01-31,2018-10-31,3,43.0,68046.0,10819.31,0,,True,,False,,,,
Midway-Sunset,040301398200,Finley-Hausen-I,353,Aera Energy LLC,Active,0,2021-04-30,2021-05-31,2,11.0,9241.0,1469.32,0,,True,,False,,,,
Midway-Sunset,040301404400,Finley-Hausen-I,310,Aera Energy LLC,Active,0,2021-06-30,2021-08-31,2,10.0,9199.0,1462.64,0,,True,,False,,,,
Midway-Sunset,040301411000,Cherokee,140C,"Seneca Resources Company, LLC",Active,0,2018-01-31,2018-01-31,1,10.0,5500.0,874.5,0,,True,,False,,,,
Midway-Sunset,040301442900,36M,52R,Chevron U.S.A. Inc.,Active,0,2019-02-28,2019-02-28,1,4.0,4751.0,755.41,0,337.0,False,,False,,,,
Midway-Sunset,040301442900,36M,52R,Chevron U.S.A. Inc.,Active,1,2020-01-31,2020-01-31,1,5.0,6816.0,1083.74,0,,True,,False,,,,
Midway-Sunset,040301443000,36M,54R,Chevron U.S.A. Inc.,Active,0,2019-02-28,2019-02-28,1,6.0,6966.0,1107.59,0,,True,,False,,,,
Midway-Sunset,040301446800,Unspecified,285,Chevron U.S.A. Inc.,Active,0,2018-01-31,2019-03-31,3,12.0,23639.0,3758.6,0,91.0,False,,False,,,,
Midway-Sunset,040301446800,Unspecified,285,Chevron U.S.A. Inc.,Active,1,2019-06-30,2019-11-30,4,12.0,25002.0,3975.32,0,62.0,False,,False,,,,
Midway-Sunset,040301446800,Unspecified,285,Chevron U.S.A. Inc.,Active,2,2020-01-31,2020-05-31,4,14.0,31515.0,5010.89,0,61.0,False,,False,,,,
Midway-Sunset,040301446800,Unspecified,285,Chevron U.S.A. Inc.,Active,3,2020-07-31,2021-12-31,18,105.0,118090.0,18776.31,0,,True,,False,,,,
Midway-Sunset,040301449100,Unspecified,470,Chevron U.S.A. Inc.,Idle,0,2018-02-28,2018-02-28,1,2.0,1683.0,267.6,0,,True,,False,,,,
Midway-Sunset,040301449101,Unspecified,470,Chevron U.S.A. Inc.,Idle,0,2018-03-31,2018-03-31,1,2.0,1463.0,232.62,0,,True,,False,,,,
Midway-Sunset,040301460900,Finley-Hausen-I,325,Aera Energy LLC,Active,0,2021-07-31,2021-08-31,2,13.0,9909.0,1575.53,0,,True,,False,,,,
Midway-Sunset,040301464800,Amber,185,Chevron U.S.A. Inc.,Active,0,2020-06-30,2020-06-30,1,6.0,6581.0,1046.38,0,,True,,False,,,,
Midway-Sunset,040301501200,Formax West,L-17,"Berry Petroleum Company, LLC",Idle,0,2018-01-31,2018-01-31,1,24.0,9235.0,1468.37,0,,True,,False,,,,
Midway-Sunset,040301501400,Formax West,V-2,"Berry Petroleum Company, LLC",Active,0,2018-01-31,2018-09-30,5,59.0,15836.0,2517.92,0,,True,,False,,,,
Midway-Sunset,040301502900,Bremer,321-16,Sentinel Peak Resources California LLC,Active,0,2018-02-28,2018-02-28,1,5.0,2885.0,458.72,0,,True,,False,,,,
Midway-Sunset,040301504100,E & M,86,Sentinel Peak Resources California LLC,Idle,0,2018-02-28,2018-04-30,3,19.0,13461.0,2140.3,0,92.0,False,,False,,,,
Midway-Sunset,040301504100,E & M,86,Sentinel Peak Resources California LLC,Idle,1,2018-07-31,2019-01-31,7,42.0,37190.0,5913.21,0,59.0,False,,False,,,,
Midway-Sunset,040301504100,E & M,86,Sentinel Peak Resources California LLC,Idle,2,2019-03-31,2019-04-30,2,9.0,17474.0,2778.37,0,61.0,False,,False,,,,
Midway-Sunset,040301504100,E & M,86,Sentinel Peak Resources California LLC,Idle,3,2019-06-30,2019-06-30,1,4.0,4715.0,749.69,0,,True,,False,,,,
Midway-Sunset,040301508800,Formax East,280H,"Berry Petroleum Company, LLC",Active,0,2018-04-30,2018-04-30,1,5.0,6088.0,967.99,0,,True,,False,,,,
Midway-Sunset,040301508900,B.B.&O.,401H,"Berry Petroleum Company, LLC",Active,0,2018-03-31,2021-01-31,4,51.0,79874.0,12699.97,0,,True,,False,,,,
Midway-Sunset,040301509000,B.B.&O.,402H,"Berry Petroleum Company, LLC",Active,0,2018-04-30,2018-05-31,2,33.0,43770.0,6959.43,0,,True,,False,,,,
Midway-Sunset,040301509200,B.B.&O.,403H,"Berry Petroleum Company, LLC",Active,0,2018-05-31,2021-01-31,3,47.0,74086.0,11779.67,0,,True,,False,,,,
Midway-Sunset,040301517500,Bremer,324-16,Sentinel Peak Resources California LLC,Active,0,2018-02-28,2018-02-28,1,4.0,2053.0,326.43,0,,True,,False,,,,
Midway-Sunset,040301522000,B.B.&O.,422H,"Berry Petroleum Company, LLC",Idle,0,2018-01-31,2018-02-28,2,6.0,10520.0,1672.68,0,,True,,False,,,,
Midway-Sunset,040301540600,Unspecified,G-6921,Chevron U.S.A. Inc.,Active,0,2019-03-31,2019-04-30,2,5.0,4804.0,763.84,0,,True,,False,,,,
Midway-Sunset,040301541500,Unspecified,G-7412,Chevron U.S.A. Inc.,Active,0,2019-03-31,2019-04-30,2,5.0,4805.0,764.0,0,,True,,False,,,,
Midway-Sunset,040301561500,South Cerritos,19,Sentinel Peak Resources California LLC,Active,0,2018-02-28,2018-03-31,2,7.0,4547.0,722.97,0,,True,,False,,,,
Midway-Sunset,040301568800,Cypress,27,"TRC Operating Company, Inc.",Active,0,2018-01-31,2020-11-30,21,97.0,47731.0,7589.23,0,,True,,False,,,,
Midway-Sunset,040301569200,Cypress,13,"TRC Operating Company, Inc.",Active,0,2018-01-31,2018-03-31,2,5.0,2073.0,329.61,0,61.0,False,,False,,,,
Midway-Sunset,040301569200,Cypress,13,"TRC Operating Company, Inc.",Active,1,2018-05-31,2018-05-31,1,4.0,1376.0,218.78,0,92.0,False,,False,,,,
Midway-Sunset,040301569200,Cypress,13,"TRC Operating Company, Inc.",Active,2,2018-08-31,2018-09-30,2,4.0,1476.0,234.68,0,,True,,False,,,,
Midway-Sunset,040301569500,Cypress,18,"TRC Operating Company, Inc.",Active,0,2018-01-31,2020-01-31,12,51.0,25982.0,4131.14,0,60.0,False,,False,,,,
Midway-Sunset,040301569500,Cypress,18,"TRC Operating Company, Inc.",Active,1,2020-03-31,2020-03-31,1,4.0,1666.0,264.89,0,91.0,False,,False,,,,
Midway-Sunset,040301569500,Cypress,18,"TRC Operating Company, Inc.",Active,2,2020-06-30,2020-09-30,4,13.0,6345.0,1008.86,0,61.0,False,,False,,,,
Midway-Sunset,040301569500,Cypress,18,"TRC Operating Company, Inc.",Active,3,2020-11-30,2020-11-30,1,3.0,1411.0,224.35,0,,True,,False,,,,
Midway-Sunset,040301569700,Turner,4,"TRC Operating Company, Inc.",Plugged,0,2018-07-31,2018-07-31,1,4.0,1607.0,255.51,0,,True,,False,,,,
Midway-Sunset,040301569800,Cypress,42,"TRC Operating Company, Inc.",Active,0,2018-01-31,2018-12-31,9,40.0,20295.0,3226.91,0,90.0,False,,False,,,,
Midway-Sunset,040301569800,Cypress,42,"TRC Operating Company, Inc.",Active,1,2019-03-31,2020-11-30,11,44.0,21125.0,3358.88,0,,True,,False,,,,
Midway-Sunset,040301570200,Cypress,28,"TRC Operating Company, Inc.",Active,0,2018-01-31,2018-07-31,6,23.0,11665.0,1854.74,0,61.0,False,,False,,,,
Midway-Sunset,040301570200,Cypress,28,"TRC Operating Company, Inc.",Active,1,2018-09-30,2018-12-31,2,11.0,5510.0,876.09,0,90.0,False,,False,,,,
Midway-Sunset,040301570200,Cypress,28,"TRC Operating Company, Inc.",Active,2,2019-03-31,2020-07-31,7,34.0,16114.0,2562.13,0,61.0,False,,False,,,,
Midway-Sunset,040301570200,Cypress,28,"TRC Operating Company, Inc.",Active,3,2020-09-30,2020-10-31,2,6.0,2738.0,435.34,0,,True,,False,,,,
Midway-Sunset,040301570300,Cypress,23,"TRC Operating Company, Inc.",Active,0,2018-06-30,2018-07-31,2,8.0,1223.0,194.46,0,61.0,False,,False,,,,
Midway-Sunset,040301570300,Cypress,23,"TRC Operating Company, Inc.",Active,1,2018-09-30,2018-09-30,1,5.0,918.0,145.96,0,151.0,False,,False,,,,
Midway-Sunset,040301570300,Cypress,23,"TRC Operating Company, Inc.",Active,2,2019-02-28,2019-02-28,1,5.0,833.0,132.45,0,366.0,False,,False,,,,
Midway-Sunset,040301570300,Cypress,23,"TRC Operating Company, Inc.",Active,3,2020-02-29,2020-03-31,2,8.0,2642.0,420.08,0,244.0,False,,False,,,,
Midway-Sunset,040301570300,Cypress,23,"TRC Operating Company, Inc.",Active,4,2020-11-30,2021-01-31,3,12.0,6237.0,991.68,0,59.0,False,,False,,,,
Midway-Sunset,040301570300,Cypress,23,"TRC Operating Company, Inc.",Active,5,2021-03-31,2021-08-31,6,28.0,16607.0,2640.51,0,61.0,False,,False,,,,
Midway-Sunset,040301570300,Cypress,23,"TRC Operating Company, Inc.",Active,6,2021-10-31,2021-12-31,3,16.0,8868.0,1410.01,0,,True,,False,,,,
Midway-Sunset,040301570800,36M,293,Chevron U.S.A. Inc.,Active,0,2020-01-31,2020-01-31,1,4.0,4773.0,758.91,0,,True,,False,,,,
Midway-Sunset,040301571800,Big Ten,36R,"Berry Petroleum Company, LLC",Idle,0,2018-01-31,2018-03-31,3,65.0,25547.0,4061.97,0,,True,,False,,,,
Midway-Sunset,040301581000,B.B.&O.,409H,"Berry Petroleum Company, LLC",Active,0,2018-04-30,2018-05-31,2,38.0,50067.0,7960.65,0,,True,,False,,,,
Midway-Sunset,040301586900,Fairfield,400H,"Berry Petroleum Company, LLC",Active,0,2018-10-31,2021-07-31,3,24.0,16363.0,2601.72,0,,True,,False,,,,
Midway-Sunset,040301594500,Finley-Johnson-Fox,483,Aera Energy LLC,Active,0,2021-06-30,2021-12-31,3,20.0,18277.0,2906.04,0,,True,,False,,,,
Midway-Sunset,040301602700,Cherokee,159C,"Seneca Resources Company, LLC",Active,0,2021-12-31,2021-12-31,1,9.0,4728.0,751.75,0,,True,,False,,,,
Midway-Sunset,040301604500,Moco 35,MBC-298C,Aera Energy LLC,Active,0,2018-01-31,2018-01-31,1,5.0,3299.0,524.54,0,,True,,False,,,,
Midway-Sunset,040301609800,,A-1,"Seneca Resources Company, LLC",Idle,0,2018-01-31,2018-01-31,1,28.0,12874.0,2046.97,0,120.0,False,,False,,,,
Midway-Sunset,040301609800,,A-1,"Seneca Resources Company, LLC",Idle,1,2018-05-31,2018-05-31,1,8.0,2823.0,448.86,0,,True,,False,,,,
Midway-Sunset,040301614800,Keene,38,Sentinel Peak Resources California LLC,Active,0,2018-02-28,2018-02-28,1,1.0,478.0,76.0,0,306.0,False,,False,,,,
Midway-Sunset,040301614800,Keene,38,Sentinel Peak Resources California LLC,Active,1,2018-12-31,2018-12-31,1,2.0,1693.0,269.19,0,396.0,False,,False,,,,
Midway-Sunset,040301614800,Keene,38,Sentinel Peak Resources California LLC,Active,2,2020-01-31,2020-04-30,4,11.0,3534.0,561.91,0,61.0,False,,False,,,,
Midway-Sunset,040301614800,Keene,38,Sentinel Peak Resources California LLC,Active,3,2020-06-30,2020-06-30,1,6.0,1597.0,253.92,0,62.0,False,,False,,,,
Midway-Sunset,040301614800,Keene,38,Sentinel Peak Resources California LLC,Active,4,2020-08-31,2020-08-31,1,6.0,1472.0,234.05,0,61.0,False,,False,,,,
Midway-Sunset,040301614800,Keene,38,Sentinel Peak Resources California LLC,Active,5,2020-10-31,2020-10-31,1,7.0,1626.0,258.53,0,,True,,False,,,,
Midway-Sunset,040301615900,Finley-Hausen-I,357,Aera Energy LLC,Active,0,2021-04-30,2021-08-31,2,13.0,10445.0,1660.76,0,,True,,False,,,,
Midway-Sunset,040301617900,Formax West,N-12,"Berry Petroleum Company, LLC",Active,0,2018-01-31,2018-01-31,1,21.0,8781.0,1396.18,0,,True,,False,,,,
Midway-Sunset,040301618000,Formax West,X-5,"Berry Petroleum Company, LLC",Idle,0,2018-01-31,2018-01-31,1,11.0,5001.0,795.16,0,,True,,False,,,,
Midway-Sunset,040301623300,Kendon,F-1A,Aera Energy LLC,Active,0,2021-02-28,2021-02-28,1,9.0,10625.0,1689.38,0,,True,,False,,,,
Midway-Sunset,040301629400,Formax West,L-4T,"Berry Petroleum Company, LLC",Active,0,2018-10-31,2018-10-31,1,16.0,4881.0,776.08,0,,True,,False,,,,
Midway-Sunset,040301629600,Formax West,L-12T,"Berry Petroleum Company, LLC",Active,0,2021-02-28,2021-02-28,1,11.0,9092.0,1445.63,0,,True,,False,,,,
Midway-Sunset,040301629700,Formax West,M-1T,"Berry Petroleum Company, LLC",Active,0,2018-03-31,2018-10-31,2,30.0,10080.0,1602.72,0,,True,,False,,,,
Midway-Sunset,040301630000,Formax West,M-5T,"Berry Petroleum Company, LLC",Active,0,2018-01-31,2020-02-29,6,57.0,21986.0,3495.77,0,,True,,False,,,,
Midway-Sunset,040301648400,Moco 34,WIM-369C,Aera Energy LLC,Active,0,2021-03-31,2021-03-31,1,8.0,9721.0,1545.64,0,,True,,False,,,,
Midway-Sunset,040301677500,Unspecified,289,Chevron U.S.A. Inc.,Active,0,2018-01-31,2020-08-31,25,138.0,296542.0,47150.18,0,212.0,False,,False,,,,
Midway-Sunset,040301677500,Unspecified,289,Chevron U.S.A. Inc.,Active,1,2021-03-31,2021-03-31,1,7.0,6225.0,989.77,0,61.0,False,,False,,,,
Midway-Sunset,040301677500,Unspecified,289,Chevron U.S.A. Inc.,Active,2,2021-05-31,2021-12-31,8,54.0,34281.0,5450.68,0,,True,,False,,,,
Midway-Sunset,040301686700,M & M,516,"Seneca Resources Company, LLC",Active,0,2019-11-30,2019-11-30,1,6.0,3000.0,477.0,0,670.0,False,,False,,,,
Midway-Sunset,040301686700,M & M,516,"Seneca Resources Company, LLC",Active,1,2021-09-30,2021-09-30,1,13.0,6316.0,1004.24,0,,True,,False,,,,
Midway-Sunset,040301692100,M & M,507,"Seneca Resources Company, LLC",Active,0,2021-10-31,2021-10-31,1,14.0,7000.0,1113.0,0,,True,,False,,,,
Midway-Sunset,040301697500,Hopkins,14,"Berry Petroleum Company, LLC",Active,0,2018-02-28,2018-11-30,6,19.0,4208.0,669.07,0,,True,,False,,,,
Midway-Sunset,040301786600,Moco 34,T-373C,Aera Energy LLC,Active,0,2021-02-28,2021-03-31,2,8.0,7380.0,1173.42,0,,True,,False,,,,
Midway-Sunset,040301798600,Lilly Fee,F-2B,Aera Energy LLC,Active,0,2018-01-31,2018-01-31,1,8.0,7844.0,1247.2,0,,True,,False,,,,
Midway-Sunset,040301802100,M & M,533,"Seneca Resources Company, LLC",Active,0,2018-01-31,2018-01-31,1,14.0,5600.0,890.4,0,,True,,False,,,,
Midway-Sunset,040301802500,Unspecified,G-3224,Chevron U.S.A. Inc.,Active,0,2019-02-28,2019-02-28,1,4.0,3952.0,628.37,0,,True,,False,,,,
Midway-Sunset,040301802900,Unspecified,G-7226,Chevron U.S.A. Inc.,Active,0,2020-12-31,2020-12-31,1,8.0,5977.0,950.34,0,,True,,False,,,,
Midway-Sunset,040301830200,Cypress,16,"TRC Operating Company, Inc.",Active,0,2018-01-31,2018-03-31,2,5.0,1802.0,286.52,0,61.0,False,,False,,,,
Midway-Sunset,040301830200,Cypress,16,"TRC Operating Company, Inc.",Active,1,2018-05-31,2019-02-28,7,17.0,5621.0,893.74,0,,True,,False,,,,
Midway-Sunset,040301830400,Cypress,21,"TRC Operating Company, Inc.",Active,0,2018-01-31,2020-11-30,21,89.0,42773.0,6800.91,0,,True,,False,,,,
Midway-Sunset,040301830500,Cypress,29,"TRC Operating Company, Inc.",Active,0,2018-01-31,2018-03-31,2,6.0,2206.0,350.75,0,61.0,False,,False,,,,
Midway-Sunset,040301830500,Cypress,29,"TRC Operating Company, Inc.",Active,1,2018-05-31,2018-06-30,2,4.0,1274.0,202.57,0,,True,,False,,,,
Midway-Sunset,040301836300,Moco 35,MBC-289C,Aera Energy LLC,Idle,0,2021-04-30,2021-04-30,1,3.0,4417.0,702.3,0,,True,,False,,,,
Midway-Sunset,040301839900,Cherokee,166C,"Seneca Resources Company, LLC",Active,0,2020-01-31,2020-02-29,2,22.0,10091.0,1604.47,0,,True,,False,,,,
Midway-Sunset,040301873500,Cypress,47,"TRC Operating Company, Inc.",Active,0,2018-01-31,2018-07-31,6,34.0,17521.0,2785.84,0,212.0,False,,False,,,,
Midway-Sunset,040301873500,Cypress,47,"TRC Operating Company, Inc.",Active,1,2019-02-28,2019-02-28,1,3.0,1570.0,249.63,0,337.0,False,,False,,,,
Midway-Sunset,040301873500,Cypress,47,"TRC Operating Company, Inc.",Active,2,2020-01-31,2020-10-31,9,43.0,21419.0,3405.62,0,,True,,False,,,,
Midway-Sunset,040301873700,36M,55R,Chevron U.S.A. Inc.,Idle,0,2019-02-28,2019-02-28,1,6.0,6938.0,1103.14,0,,True,,False,,,,
Midway-Sunset,040301876500,Lilly Fee,G-1F,Aera Energy LLC,Active,0,2018-01-31,2018-01-31,1,7.0,6179.0,982.46,0,,True,,False,,,,
Midway-Sunset,040301877500,Kendon,125A,Aera Energy LLC,Active,0,2018-01-31,2018-02-28,2,9.0,8801.0,1399.36,0,,True,,False,,,,
Midway-Sunset,040301877800,National USL,8-1KL,Aera Energy LLC,Active,0,2021-03-31,2021-11-30,3,27.0,24095.0,3831.11,0,,True,,False,,,,
Midway-Sunset,040301877900,National USL,8-3KL,Aera Energy LLC,Active,0,2021-08-31,2021-08-31,1,7.0,8175.0,1299.83,0,,True,,False,,,,
Midway-Sunset,040301882800,,A-19,"Seneca Resources Company, LLC",Active,0,2018-01-31,2018-01-31,1,1.0,441.0,70.12,0,,True,,False,,,,
Midway-Sunset,040301886900,Hondo Peerless,204,"Seneca Resources Company, LLC",Active,0,2018-01-31,2018-01-31,1,7.0,3850.0,612.15,0,,True,,False,,,,
Midway-Sunset,040301892400,Formax East,380H,"Berry Petroleum Company, LLC",Active,0,2018-06-30,2018-07-31,2,38.0,82248.0,13077.43,0,,True,,False,,,,
Midway-Sunset,040301892500,Hopkins,413H,"Berry Petroleum Company, LLC",Active,0,2018-01-31,2021-06-30,3,50.0,72150.0,11471.85,0,,True,,False,,,,
Midway-Sunset,040301892800,Section 31D,500H,"Berry Petroleum Company, LLC",Active,0,2018-02-28,2021-04-30,6,100.0,157041.0,24969.52,0,,True,,False,,,,
Midway-Sunset,040301893300,15A,510,"Seneca Resources Company, LLC",Active,0,2018-01-31,2018-01-31,1,14.0,5600.0,890.4,0,1308.0,False,,False,,,,
Midway-Sunset,040301893300,15A,510,"Seneca Resources Company, LLC",Active,1,2021-08-31,2021-08-31,1,14.0,6962.0,1106.96,0,,True,,False,,,,
Midway-Sunset,040301893600,Hondo Peerless,205,"Seneca Resources Company, LLC",Active,0,2018-01-31,2018-01-31,1,10.0,5500.0,874.5,0,,True,,False,,,,
Midway-Sunset,040301895100,Formax East,340H,"Berry Petroleum Company, LLC",Active,0,2020-12-31,2020-12-31,1,17.0,18011.0,2863.75,0,,True,,False,,,,
Midway-Sunset,040301899300,Formax West,40H,"Berry Petroleum Company, LLC",Active,0,2020-12-31,2021-01-31,2,25.0,8551.0,1359.61,0,,True,,False,,,,
Midway-Sunset,040301906900,Unspecified,H310,Chevron U.S.A. Inc.,Active,0,2018-01-31,2019-03-31,4,16.0,29275.0,4654.73,0,91.0,False,,False,,,,
Midway-Sunset,040301906900,Unspecified,H310,Chevron U.S.A. Inc.,Active,1,2019-06-30,2019-10-31,3,11.0,23998.0,3815.68,0,61.0,False,,False,,,,
Midway-Sunset,040301906900,Unspecified,H310,Chevron U.S.A. Inc.,Active,2,2019-12-31,2020-01-31,2,6.0,15015.0,2387.39,0,60.0,False,,False,,,,
Midway-Sunset,040301906900,Unspecified,H310,Chevron U.S.A. Inc.,Active,3,2020-03-31,2020-03-31,1,3.0,6056.0,962.9,0,91.0,False,,False,,,,
Midway-Sunset,040301906900,Unspecified,H310,Chevron U.S.A. Inc.,Active,4,2020-06-30,2020-07-31,2,12.0,28662.0,4557.26,0,92.0,False,,False,,,,
Midway-Sunset,040301906900,Unspecified,H310,Chevron U.S.A. Inc.,Active,5,2020-10-31,2020-12-31,3,14.0,21625.0,3438.38,0,120.0,False,,False,,,,
Midway-Sunset,040301906900,Unspecified,H310,Chevron U.S.A. Inc.,Active,6,2021-04-30,2021-04-30,1,3.0,1979.0,314.66,0,92.0,False,,False,,,,
Midway-Sunset,040301906900,Unspecified,H310,Chevron U.S.A. Inc.,Active,7,2021-07-31,2021-08-31,2,10.0,7176.0,1140.98,0,122.0,False,,False,,,,
Midway-Sunset,040301906900,Unspecified,H310,Chevron U.S.A. Inc.,Active,8,2021-12-31,2021-12-31,1,3.0,1391.0,221.17,0,,True,,False,,,,
Midway-Sunset,040301907200,Unspecified,J300,Chevron U.S.A. Inc.,Active,0,2018-01-31,2019-03-31,4,13.0,24265.0,3858.14,0,122.0,False,,False,,,,
Midway-Sunset,040301907200,Unspecified,J300,Chevron U.S.A. Inc.,Active,1,2019-07-31,2019-07-31,1,3.0,5919.0,941.12,0,122.0,False,,False,,,,
Midway-Sunset,040301907200,Unspecified,J300,Chevron U.S.A. Inc.,Active,2,2019-11-30,2020-02-29,4,9.0,21932.0,3487.19,0,92.0,False,,False,,,,
Midway-Sunset,040301907200,Unspecified,J300,Chevron U.S.A. Inc.,Active,3,2020-05-31,2020-05-31,1,3.0,5962.0,947.96,0,61.0,False,,False,,,,
Midway-Sunset,040301907200,Unspecified,J300,Chevron U.S.A. Inc.,Active,4,2020-07-31,2020-07-31,1,4.0,9560.0,1520.04,0,,True,,False,,,,
Midway-Sunset,040301925800,Formax West,10H,"Berry Petroleum Company, LLC",Active,0,2018-10-31,2021-07-31,3,27.0,28388.0,4513.69,0,,True,,False,,,,
Midway-Sunset,040301925900,Formax West,60H,"Berry Petroleum Company, LLC",Active,0,2018-03-31,2021-07-31,7,111.0,79592.0,12655.13,0,,True,,False,,,,
Midway-Sunset,040301926700,Formax East,17R,"Berry Petroleum Company, LLC",Idle,0,2018-01-31,2018-01-31,1,4.0,1113.0,176.97,0,,True,,False,,,,
Midway-Sunset,040301926800,Formax East,B-6,"Berry Petroleum Company, LLC",Active,0,2018-09-30,2018-10-31,2,21.0,6413.0,1019.67,0,,True,,False,,,,
Midway-Sunset,040301940700,Moco 35,WM-385B,Aera Energy LLC,Active,0,2021-03-31,2021-03-31,1,3.0,3428.0,545.05,0,,True,,False,,,,
Midway-Sunset,040301949800,Finley-Hausen-I,329,Aera Energy LLC,Active,0,2021-02-28,2021-09-30,2,27.0,20367.0,3238.35,0,,True,,False,,,,
Midway-Sunset,040301949900,Finley-Hausen-I,366,Aera Energy LLC,Active,0,2021-05-31,2021-11-30,2,19.0,18769.0,2984.27,0,,True,,False,,,,
Midway-Sunset,040301950000,Finley-Hausen-I,338R,Aera Energy LLC,Active,0,2021-02-28,2021-09-30,2,23.0,17804.0,2830.84,0,,True,,False,,,,
Midway-Sunset,040301950300,Finley-Johnson-Fox,445,Aera Energy LLC,Active,0,2021-04-30,2021-04-30,1,8.0,7112.0,1130.81,0,,True,,False,,,,
Midway-Sunset,040301954700,Moco 35,MBC-278D,Aera Energy LLC,Active,0,2021-12-31,2021-12-31,1,8.0,5762.0,916.16,0,,True,,False,,,,
Midway-Sunset,040301958000,Moco 35,MBC-88D,Aera Energy LLC,Active,0,2021-04-30,2021-05-31,2,8.0,7434.0,1182.01,0,,True,,False,,,,
Midway-Sunset,040301967100,Unspecified,1078,Chevron U.S.A. Inc.,Active,0,2020-02-29,2020-02-29,1,4.0,2584.0,410.86,0,,True,,False,,,,
Midway-Sunset,040301968300,Unspecified,850,Chevron U.S.A. Inc.,Active,0,2018-01-31,2018-01-31,1,6.0,5194.0,825.85,0,,True,,False,,,,
Midway-Sunset,040301969500,Monarch,151,Chevron U.S.A. Inc.,Active,0,2018-01-31,2018-01-31,1,4.0,2703.0,429.78,0,,True,,False,,,,
Midway-Sunset,040301979400,M & M,163,"Seneca Resources Company, LLC",Active,0,2018-01-31,2018-01-31,1,7.0,3850.0,612.15,0,,True,,False,,,,
Midway-Sunset,040301991700,Moco 34,T-386,Aera Energy LLC,Active,0,2021-03-31,2021-03-31,1,7.0,6806.0,1082.15,0,,True,,False,,,,
Midway-Sunset,040302009000,Lilly Fee,D-2C,Aera Energy LLC,Active,0,2021-05-31,2021-05-31,1,15.0,11675.0,1856.33,0,,True,,False,,,,
Midway-Sunset,040302018400,Lucky Boy,412H,"Berry Petroleum Company, LLC",Active,0,2018-05-31,2018-06-30,2,33.0,58220.0,9256.98,0,,True,,False,,,,
Midway-Sunset,040302023600,28 Fee,510H,"Berry Petroleum Company, LLC",Active,0,2021-04-30,2021-05-31,2,18.0,18807.0,2990.31,0,,True,,False,,,,
Midway-Sunset,040302024100,Combined,138,Chevron U.S.A. Inc.,Active,0,2020-07-31,2020-07-31,1,4.0,3103.0,493.38,0,,True,,False,,,,
Midway-Sunset,040302031100,Unspecified,G-2922,Chevron U.S.A. Inc.,Idle,0,2019-02-28,2019-02-28,1,6.0,6981.0,1109.98,0,,True,,False,,,,
Midway-Sunset,040302031400,Unspecified,G-3122,Chevron U.S.A. Inc.,Active,0,2019-02-28,2019-02-28,1,5.0,5538.0,880.54,0,672.0,False,,False,,,,
Midway-Sunset,040302031400,Unspecified,G-3122,Chevron U.S.A. Inc.,Active,1,2020-12-31,2020-12-31,1,6.0,4353.0,692.13,0,,True,,False,,,,
Midway-Sunset,040302031500,Unspecified,G-3318,Chevron U.S.A. Inc.,Active,0,2019-02-28,2019-03-31,2,6.0,6583.0,1046.7,0,91.0,False,,False,,,,
Midway-Sunset,040302031500,Unspecified,G-3318,Chevron U.S.A. Inc.,Active,1,2019-06-30,2019-06-30,1,3.0,2874.0,456.97,0,215.0,False,,False,,,,
Midway-Sunset,040302031500,Unspecified,G-3318,Chevron U.S.A. Inc.,Active,2,2020-01-31,2020-01-31,1,6.0,8725.0,1387.28,0,60.0,False,,False,,,,
Midway-Sunset,040302031500,Unspecified,G-3318,Chevron U.S.A. Inc.,Active,3,2020-03-31,2020-03-31,1,3.0,4016.0,638.54,0,,True,,False,,,,
Midway-Sunset,040302031800,Unspecified,G-5228,Chevron U.S.A. Inc.,Active,0,2019-02-28,2019-02-28,1,4.0,4802.0,763.52,0,153.0,False,,False,,,,
Midway-Sunset,040302031800,Unspecified,G-5228,Chevron U.S.A. Inc.,Active,1,2019-07-31,2019-07-31,1,4.0,3507.0,557.61,0,550.0,False,,False,,,,
Midway-Sunset,040302031800,Unspecified,G-5228,Chevron U.S.A. Inc.,Active,2,2021-01-31,2021-01-31,1,2.0,1027.0,163.29,0,,True,,False,,,,
Midway-Sunset,040302033500,Formax East,B-10,"Berry Petroleum Company, LLC",Active,0,2018-05-31,2018-05-31,1,22.0,4151.0,660.01,0,,True,,False,,,,
Midway-Sunset,040302034600,Unspecified,G-7327,Chevron U.S.A. Inc.,Active,0,2019-03-31,2019-03-31,1,4.0,3503.0,556.98,0,91.0,False,,False,,,,
Midway-Sunset,040302034600,Unspecified,G-7327,Chevron U.S.A. Inc.,Active,1,2019-06-30,2019-06-30,1,8.0,8061.0,1281.7,0,550.0,False,,False,,,,
Midway-Sunset,040302034600,Unspecified,G-7327,Chevron U.S.A. Inc.,Active,2,2020-12-31,2021-01-31,2,6.0,4662.0,741.26,0,,True,,False,,,,
Midway-Sunset,040302042600,USL,G-4717,Chevron U.S.A. Inc.,Active,0,2019-03-31,2019-03-31,1,6.0,5984.0,951.46,0,,True,,False,,,,
Midway-Sunset,040302044600,Kelly,14,Sentinel Peak Resources California LLC,Active,0,2018-02-28,2018-03-31,2,4.0,2657.0,422.46,0,,True,,False,,,,
Midway-Sunset,040302044800,Keene,45,Sentinel Peak Resources California LLC,Active,0,2018-03-31,2018-03-31,1,6.0,4494.0,714.55,0,,True,,False,,,,
Midway-Sunset,040302049500,Main Camp,310,"Berry Petroleum Company, LLC",Active,0,2018-03-31,2018-03-31,1,18.0,9810.0,1559.79,0,,True,,False,,,,
Midway-Sunset,040302049800,Main Camp,350,"Berry Petroleum Company, LLC",Active,0,2018-06-30,2018-06-30,1,2.0,1607.0,255.51,0,,True,,False,,,,
Midway-Sunset,040302051700,MBS,70-70R,Aera Energy LLC,Active,0,2021-05-31,2021-05-31,1,12.0,10745.0,1708.45,0,,True,,False,,,,
Midway-Sunset,040302054600,Maxwell,A-771,Aera Energy LLC,Active,0,2021-06-30,2021-07-31,2,10.0,8268.0,1314.61,0,,True,,False,,,,
Midway-Sunset,040302055000,Lilly Fee,I-5B,Aera Energy LLC,Active,0,2018-01-31,2018-01-31,1,11.0,10040.0,1596.36,0,,True,,False,,,,
Midway-Sunset,040302057100,Keene,49,Sentinel Peak Resources California LLC,Plugged,0,2018-03-31,2018-03-31,1,4.0,2795.0,444.41,0,,True,,False,,,,
Midway-Sunset,040302065400,Section 36,420H,"Berry Petroleum Company, LLC",Active,0,2018-07-31,2018-09-30,3,51.0,92784.0,14752.66,0,,True,,False,,,,
Midway-Sunset,040302083900,Brogdon,4R,"Berry Petroleum Company, LLC",Active,0,2018-06-30,2018-07-31,2,44.0,23384.0,3718.06,0,,True,,False,,,,
Midway-Sunset,040302084000,Brogdon,6R,"Berry Petroleum Company, LLC",Active,0,2018-05-31,2018-06-30,2,25.0,22001.0,3498.16,0,,True,,False,,,,
Midway-Sunset,040302084100,Brogdon,14,"Berry Petroleum Company, LLC",Active,0,2021-03-31,2021-03-31,1,12.0,15416.0,2451.14,0,,True,,False,,,,
Midway-Sunset,040302084200,Brogdon,16,"Berry Petroleum Company, LLC",Active,0,2021-05-31,2021-06-30,2,27.0,25791.0,4100.77,0,,True,,False,,,,
Midway-Sunset,040302084300,Brogdon,17,"Berry Petroleum Company, LLC",Active,0,2018-01-31,2020-12-31,3,49.0,39442.0,6271.28,0,,True,,False,,,,
Midway-Sunset,040302084400,Formax West,L-6T,"Berry Petroleum Company, LLC",Active,0,2018-03-31,2018-11-30,3,22.0,10391.0,1652.17,0,,True,,False,,,,
Midway-Sunset,040302084700,Formax West,M-8T,"Berry Petroleum Company, LLC",Active,0,2018-04-30,2021-07-31,3,62.0,49931.0,7939.03,0,,True,,False,,,,
Midway-Sunset,040302084800,Formax West,M-11T,"Berry Petroleum Company, LLC",Active,0,2018-01-31,2018-01-31,1,15.0,7262.0,1154.66,0,,True,,False,,,,
Midway-Sunset,040302104200,Gore C,2-5,Aera Energy LLC,Active,0,2021-03-31,2021-11-30,4,23.0,19832.0,3153.29,0,,True,,False,,,,
Midway-Sunset,040302104400,Gore C,3-6A,Aera Energy LLC,Active,0,2021-09-30,2021-09-30,1,10.0,8883.0,1412.4,0,,True,,False,,,,
Midway-Sunset,040302104500,Gore C,2-4B,Aera Energy LLC,Active,0,2021-06-30,2021-06-30,1,10.0,8814.0,1401.43,0,,True,,False,,,,
Midway-Sunset,040302106000,B.B.&O.,540H,"Berry Petroleum Company, LLC",Active,0,2018-01-31,2021-02-28,4,54.0,81594.0,12973.45,0,,True,,False,,,,
Midway-Sunset,040302106100,B.B.&O.,550H,"Berry Petroleum Company, LLC",Active,0,2018-05-31,2018-06-30,2,34.0,59782.0,9505.34,0,,True,,False,,,,
Midway-Sunset,040302106200,B.B.&O.,560H,"Berry Petroleum Company, LLC",Idle,0,2018-07-31,2018-09-30,3,53.0,96216.0,15298.34,0,,True,,False,,,,
Midway-Sunset,040302106300,B.B.&O.,570H,"Berry Petroleum Company, LLC",Idle,0,2018-04-30,2018-11-30,3,42.0,52654.0,8371.99,0,,True,,False,,,,
Midway-Sunset,040302106400,Section 31D,520H,"Berry Petroleum Company, LLC",Active,0,2018-01-31,2020-12-31,4,65.0,101622.0,16157.9,0,,True,,False,,,,
Midway-Sunset,040302107800,Section 31,100,"Berry Petroleum Company, LLC",Active,0,2018-01-31,2019-08-31,3,33.0,33804.0,5374.84,0,,True,,False,,,,
Midway-Sunset,040302113900,Tumbador,101R,Chevron U.S.A. Inc.,Active,0,2019-10-31,2019-10-31,1,2.0,1353.0,215.13,0,,True,,False,,,,
Midway-Sunset,040302122400,Hondo Peerless,222,"Seneca Resources Company, LLC",Active,0,2018-01-31,2018-01-31,1,14.0,7700.0,1224.3,0,,True,,False,,,,
Midway-Sunset,040302123300,Hondo Peerless,131R,"Seneca Resources Company, LLC",Active,0,2020-01-31,2020-01-31,1,18.0,9882.0,1571.24,0,,True,,False,,,,
Midway-Sunset,040302134600,Moco 34,WM-377D,Aera Energy LLC,Active,0,2021-04-30,2021-04-30,1,4.0,4210.0,669.39,0,,True,,False,,,,
Midway-Sunset,040302135800,Anderson-Goodwin,J102,Aera Energy LLC,Active,0,2021-03-31,2021-03-31,1,12.0,9998.0,1589.68,0,,True,,False,,,,
Midway-Sunset,040302136000,Anderson-Goodwin,J117,Aera Energy LLC,Active,0,2018-01-31,2018-01-31,1,9.0,8537.0,1357.38,0,,True,,False,,,,
Midway-Sunset,040302136400,Neely,45LR,Aera Energy LLC,Active,0,2021-05-31,2021-05-31,1,13.0,10083.0,1603.2,0,,True,,False,,,,
Midway-Sunset,040302136700,Neely,R103,Aera Energy LLC,Active,0,2021-06-30,2021-07-31,2,12.0,10335.0,1643.27,0,,True,,False,,,,
Midway-Sunset,040302138800,Unspecified,251S-19,"Seneca Resources Company, LLC",Active,0,2018-01-31,2018-01-31,1,3.0,1276.0,202.88,0,,True,,False,,,,
Midway-Sunset,040302138900,Unspecified,252H-20,"Seneca Resources Company, LLC",Active,0,2020-03-31,2020-03-31,1,18.0,5827.0,926.49,0,334.0,False,,False,,,,
Midway-Sunset,040302138900,Unspecified,252H-20,"Seneca Resources Company, LLC",Active,1,2021-02-28,2021-02-28,1,16.0,5481.0,871.48,0,306.0,False,,False,,,,
Midway-Sunset,040302138900,Unspecified,252H-20,"Seneca Resources Company, LLC",Active,2,2021-12-31,2021-12-31,1,11.0,3239.0,515.0,0,,True,,False,,,,
Midway-Sunset,040302140000,Section 31D,34,"Berry Petroleum Company, LLC",Active,0,2020-12-31,2021-03-31,2,16.0,22158.0,3523.12,0,,True,,False,,,,
Midway-Sunset,040302156200,Unspecified,1088,Chevron U.S.A. Inc.,Active,0,2020-02-29,2020-02-29,1,4.0,2633.0,418.65,0,,True,,False,,,,
Midway-Sunset,040302165600,Moco 35,WIM-251E,Aera Energy LLC,Active,0,2021-04-30,2021-05-31,2,8.0,7434.0,1182.01,0,,True,,False,,,,
Midway-Sunset,040302165700,Moco 35,WM-289D,Aera Energy LLC,Active,0,2021-07-31,2021-11-30,2,11.0,12579.0,2000.06,0,,True,,False,,,,
Midway-Sunset,040302170100,Unspecified,427,Chevron U.S.A. Inc.,Active,0,2018-01-31,2018-02-28,2,6.0,5112.0,812.81,0,,True,,False,,,,
Midway-Sunset,040302185200,Moco 35,MBC-313D,Aera Energy LLC,Active,0,2021-02-28,2021-02-28,1,5.0,3288.0,522.79,0,,True,,False,,,,
Midway-Sunset,040302206100,Cypress,41,"TRC Operating Company, Inc.",Active,0,2018-01-31,2019-03-31,11,44.0,22662.0,3603.26,0,335.0,False,,False,,,,
Midway-Sunset,040302206100,Cypress,41,"TRC Operating Company, Inc.",Active,1,2020-02-29,2020-03-31,2,11.0,4475.0,711.52,0,91.0,False,,False,,,,
Midway-Sunset,040302206100,Cypress,41,"TRC Operating Company, Inc.",Active,2,2020-06-30,2020-07-31,2,8.0,3745.0,595.46,0,,True,,False,,,,
Midway-Sunset,040302206200,Cypress,43,"TRC Operating Company, Inc.",Active,0,2018-08-31,2018-12-31,3,14.0,6171.0,981.19,0,456.0,False,,False,,,,
Midway-Sunset,040302206200,Cypress,43,"TRC Operating Company, Inc.",Active,1,2020-03-31,2020-03-31,1,4.0,1995.0,317.2,0,91.0,False,,False,,,,
Midway-Sunset,040302206200,Cypress,43,"TRC Operating Company, Inc.",Active,2,2020-06-30,2020-06-30,1,4.0,2062.0,327.86,0,92.0,False,,False,,,,
Midway-Sunset,040302206200,Cypress,43,"TRC Operating Company, Inc.",Active,3,2020-09-30,2021-01-31,5,24.0,12183.0,1937.1,0,59.0,False,,False,,,,
Midway-Sunset,040302206200,Cypress,43,"TRC Operating Company, Inc.",Active,4,2021-03-31,2021-03-31,1,8.0,3937.0,625.98,0,61.0,False,,False,,,,
Midway-Sunset,040302206200,Cypress,43,"TRC Operating Company, Inc.",Active,5,2021-05-31,2021-12-31,8,36.0,22419.0,3564.62,0,,True,,False,,,,
Midway-Sunset,040302206300,Cypress,24,"TRC Operating Company, Inc.",Active,0,2018-01-31,2018-01-31,1,2.0,595.0,94.61,0,,True,,False,,,,
Midway-Sunset,040302206400,Cypress,26,"TRC Operating Company, Inc.",Active,0,2018-01-31,2019-03-31,11,52.0,26812.0,4263.11,0,335.0,False,,False,,,,
Midway-Sunset,040302206400,Cypress,26,"TRC Operating Company, Inc.",Active,1,2020-02-29,2020-07-31,5,24.0,11518.0,1831.36,0,92.0,False,,False,,,,
Midway-Sunset,040302206400,Cypress,26,"TRC Operating Company, Inc.",Active,2,2020-10-31,2020-10-31,1,4.0,2194.0,348.85,0,,True,,False,,,,
Midway-Sunset,040302206500,Cypress,39,"TRC Operating Company, Inc.",Active,0,2018-01-31,2018-05-31,4,18.0,8993.0,1429.89,0,61.0,False,,False,,,,
Midway-Sunset,040302206500,Cypress,39,"TRC Operating Company, Inc.",Active,1,2018-07-31,2020-03-31,9,44.0,21940.0,3488.46,0,91.0,False,,False,,,,
Midway-Sunset,040302206500,Cypress,39,"TRC Operating Company, Inc.",Active,2,2020-06-30,2020-11-30,6,20.0,8889.0,1413.35,0,,True,,False,,,,
Midway-Sunset,040302206600,Cypress,44,"TRC Operating Company, Inc.",Active,0,2018-01-31,2018-01-31,1,4.0,2138.0,339.94,0,89.0,False,,False,,,,
Midway-Sunset,040302206600,Cypress,44,"TRC Operating Company, Inc.",Active,1,2018-04-30,2020-11-30,19,78.0,38386.0,6103.37,0,,True,,False,,,,
Midway-Sunset,040302206700,Cypress,45,"TRC Operating Company, Inc.",Active,0,2018-08-31,2020-11-30,15,81.0,39743.0,6319.14,0,,True,,False,,,,
Midway-Sunset,040302206800,Cypress,46,"TRC Operating Company, Inc.",Active,0,2018-01-31,2018-06-30,5,28.0,14025.0,2229.97,0,184.0,False,,False,,,,
Midway-Sunset,040302206800,Cypress,46,"TRC Operating Company, Inc.",Active,1,2018-12-31,2020-03-31,6,36.0,18010.0,2863.59,0,,True,,False,,,,
Midway-Sunset,040302210700,Tumbador-USL,G-462,Chevron U.S.A. Inc.,Active,0,2019-04-30,2019-04-30,1,4.0,3320.0,527.88,0,,True,,False,,,,
Midway-Sunset,040302216800,Formax West,410H,"Berry Petroleum Company, LLC",Active,0,2021-03-31,2021-04-30,2,22.0,19645.0,3123.55,0,,True,,False,,,,
Midway-Sunset,040302217000,Formax West,430H,"Berry Petroleum Company, LLC",Active,0,2021-04-30,2021-04-30,1,16.0,13336.0,2120.42,0,,True,,False,,,,
Midway-Sunset,040302217100,Formax West,440H,"Berry Petroleum Company, LLC",Active,0,2020-12-31,2021-07-31,4,45.0,39797.0,6327.72,0,,True,,False,,,,
Midway-Sunset,040302217200,Formax West,450H,"Berry Petroleum Company, LLC",Active,0,2021-05-31,2021-07-31,3,72.0,103085.0,16390.51,0,,True,,False,,,,
Midway-Sunset,040302217300,Formax West,460H,"Berry Petroleum Company, LLC",Active,0,2021-04-30,2021-05-31,2,17.0,15556.0,2473.4,0,,True,,False,,,,
Midway-Sunset,040302223500,Ethel D,398,"Berry Petroleum Company, LLC",Active,0,2021-09-30,2021-12-31,4,81.0,24974.0,3970.87,0,,True,,False,,,,
Midway-Sunset,040302233000,Birch,22,"TRC Operating Company, Inc.",Active,0,2018-01-31,2019-03-31,11,52.0,23274.0,3700.57,0,366.0,False,,False,,,,
Midway-Sunset,040302233000,Birch,22,"TRC Operating Company, Inc.",Active,1,2020-03-31,2021-01-31,10,48.0,23600.0,3752.4,0,59.0,False,,False,,,,
Midway-Sunset,040302233000,Birch,22,"TRC Operating Company, Inc.",Active,2,2021-03-31,2021-12-31,10,42.0,22788.0,3623.29,0,,True,,False,,,,
Midway-Sunset,040302233100,Birch,23,"TRC Operating Company, Inc.",Active,0,2018-01-31,2018-03-31,2,8.0,3531.0,561.43,0,61.0,False,,False,,,,
Midway-Sunset,040302233100,Birch,23,"TRC Operating Company, Inc.",Active,1,2018-05-31,2018-08-31,4,16.0,6693.0,1064.19,0,122.0,False,,False,,,,
Midway-Sunset,040302233100,Birch,23,"TRC Operating Company, Inc.",Active,2,2018-12-31,2020-02-29,5,22.0,9873.0,1569.81,0,61.0,False,,False,,,,
Midway-Sunset,040302233100,Birch,23,"TRC Operating Company, Inc.",Active,3,2020-04-30,2020-12-31,8,36.0,18068.0,2872.81,0,90.0,False,,False,,,,
Midway-Sunset,040302233100,Birch,23,"TRC Operating Company, Inc.",Active,4,2021-03-31,2021-05-31,3,16.0,9082.0,1444.04,0,61.0,False,,False,,,,
Midway-Sunset,040302233100,Birch,23,"TRC Operating Company, Inc.",Active,5,2021-07-31,2021-12-31,5,28.0,17634.0,2803.81,0,,True,,False,,,,
Midway-Sunset,040302252000,Formax East,90R,"Berry Petroleum Company, LLC",Idle,0,2018-02-28,2019-03-31,3,42.0,10688.0,1699.39,0,,True,,False,,,,
Midway-Sunset,040302256300,,15H,Chevron U.S.A. Inc.,Active,0,2019-06-30,2019-06-30,1,6.0,5921.0,941.44,0,,True,,False,,,,
Midway-Sunset,040302258700,Unspecified,J270,Chevron U.S.A. Inc.,Active,0,2018-01-31,2018-04-30,3,7.0,10755.0,1710.05,0,61.0,False,,False,,,,
Midway-Sunset,040302258700,Unspecified,J270,Chevron U.S.A. Inc.,Active,1,2018-06-30,2018-06-30,1,4.0,7966.0,1266.59,0,62.0,False,,False,,,,
Midway-Sunset,040302258700,Unspecified,J270,Chevron U.S.A. Inc.,Active,2,2018-08-31,2018-08-31,1,6.0,10512.0,1671.41,0,61.0,False,,False,,,,
Midway-Sunset,040302258700,Unspecified,J270,Chevron U.S.A. Inc.,Active,3,2018-10-31,2019-02-28,3,10.0,19947.0,3171.57,0,61.0,False,,False,,,,
Midway-Sunset,040302258700,Unspecified,J270,Chevron U.S.A. Inc.,Active,4,2019-04-30,2019-11-30,5,12.0,25401.0,4038.76,0,62.0,False,,False,,,,
Midway-Sunset,040302258700,Unspecified,J270,Chevron U.S.A. Inc.,Active,5,2020-01-31,2020-01-31,1,3.0,6434.0,1023.01,0,60.0,False,,False,,,,
Midway-Sunset,040302258700,Unspecified,J270,Chevron U.S.A. Inc.,Active,6,2020-03-31,2021-12-31,21,111.0,126174.0,20061.67,0,,True,,False,,,,
Midway-Sunset,040302259400,Lockwood,24-H,Aera Energy LLC,Active,0,2021-05-31,2021-12-31,3,19.0,16165.0,2570.24,0,,True,,False,,,,
Midway-Sunset,040302272000,Formax West,M-9T,"Berry Petroleum Company, LLC",Active,0,2021-06-30,2021-06-30,1,2.0,1557.0,247.56,0,,True,,False,,,,
Midway-Sunset,040302276000,Unspecified,J320,Chevron U.S.A. Inc.,Active,0,2018-01-31,2019-03-31,4,14.0,25228.0,4011.25,0,91.0,False,,False,,,,
Midway-Sunset,040302276000,Unspecified,J320,Chevron U.S.A. Inc.,Active,1,2019-06-30,2019-07-31,2,7.0,14701.0,2337.46,0,122.0,False,,False,,,,
Midway-Sunset,040302276000,Unspecified,J320,Chevron U.S.A. Inc.,Active,2,2019-11-30,2019-12-31,2,11.0,31538.0,5014.54,0,60.0,False,,False,,,,
Midway-Sunset,040302276000,Unspecified,J320,Chevron U.S.A. Inc.,Active,3,2020-02-29,2020-09-30,7,31.0,74219.0,11800.82,0,61.0,False,,False,,,,
Midway-Sunset,040302276000,Unspecified,J320,Chevron U.S.A. Inc.,Active,4,2020-11-30,2021-11-30,13,68.0,56714.0,9017.53,0,,True,,False,,,,
Midway-Sunset,040302300600,Cherokee,SI-173C,"Seneca Resources Company, LLC",Active,0,2018-03-31,2018-11-30,9,268.0,57483.0,9139.8,0,,True,,False,,,,
Midway-Sunset,040302300800,Cherokee,502C,"Seneca Resources Company, LLC",Active,0,2021-07-31,2021-07-31,1,16.0,6893.0,1095.99,0,61.0,False,,False,,,,
Midway-Sunset,040302300800,Cherokee,502C,"Seneca Resources Company, LLC",Active,1,2021-09-30,2021-09-30,1,14.0,5285.0,840.32,0,61.0,False,,False,,,,
Midway-Sunset,040302300800,Cherokee,502C,"Seneca Resources Company, LLC",Active,2,2021-11-30,2021-11-30,1,14.0,5789.0,920.45,0,,True,,False,,,,
Midway-Sunset,040302301800,15A,502,"Seneca Resources Company, LLC",Active,0,2021-06-30,2021-06-30,1,13.0,6500.0,1033.5,0,,True,,False,,,,
Midway-Sunset,040302301900,15A,506,"Seneca Resources Company, LLC",Active,0,2021-07-31,2021-07-31,1,14.0,6737.0,1071.18,0,,True,,False,,,,
Midway-Sunset,040302313200,Pru,304A,Aera Energy LLC,Active,0,2021-01-31,2021-10-31,2,13.0,11187.0,1778.73,0,,True,,False,,,,
Midway-Sunset,040302313300,Pru,334A,Aera Energy LLC,Active,0,2021-12-31,2021-12-31,1,14.0,8574.0,1363.27,0,,True,,False,,,,
Midway-Sunset,040302313700,Nevada,270,Aera Energy LLC,Active,0,2021-03-31,2021-08-31,2,10.0,9650.0,1534.35,0,,True,,False,,,,
Midway-Sunset,040302316500,Cherokee,77CR,"Seneca Resources Company, LLC",Active,0,2019-04-30,2019-04-30,1,1.0,550.0,87.45,0,,True,,False,,,,
Midway-Sunset,040302340800,GP,47R,"Berry Petroleum Company, LLC",Active,0,2018-03-31,2018-04-30,2,30.0,12793.0,2034.09,0,,True,,False,,,,
Midway-Sunset,040302345600,Unspecified,K340,Chevron U.S.A. Inc.,Active,0,2018-01-31,2018-08-31,8,34.0,57567.0,9153.15,0,181.0,False,,False,,,,
Midway-Sunset,040302345600,Unspecified,K340,Chevron U.S.A. Inc.,Active,1,2019-02-28,2019-03-31,2,8.0,15183.0,2414.1,0,519.0,False,,False,,,,
Midway-Sunset,040302345600,Unspecified,K340,Chevron U.S.A. Inc.,Active,2,2020-08-31,2020-08-31,1,3.0,7205.0,1145.6,0,242.0,False,,False,,,,
Midway-Sunset,040302345600,Unspecified,K340,Chevron U.S.A. Inc.,Active,3,2021-04-30,2021-04-30,1,6.0,3927.0,624.39,0,,True,,False,,,,
Midway-Sunset,040302345700,Unspecified,K360,Chevron U.S.A. Inc.,Idle,0,2019-02-28,2019-04-30,3,16.0,34363.0,5463.72,0,92.0,False,,False,,,,
Midway-Sunset,040302345700,Unspecified,K360,Chevron U.S.A. Inc.,Idle,1,2019-07-31,2019-07-31,1,6.0,11120.0,1768.08,0,,True,,False,,,,
Midway-Sunset,040302345900,Unspecified,L320,Chevron U.S.A. Inc.,Active,0,2018-01-31,2018-02-28,2,11.0,16132.0,2564.99,0,,True,,False,,,,
Midway-Sunset,040302350400,Unspecified,G250R,Chevron U.S.A. Inc.,Active,0,2018-01-31,2018-02-28,2,10.0,16624.0,2643.22,0,,True,,False,,,,
Midway-Sunset,040302369401,Monarch,160,Chevron U.S.A. Inc.,Active,0,2020-01-31,2020-01-31,1,4.0,2654.0,421.99,0,,True,,False,,,,
Midway-Sunset,040302369502,Monarch,162,Chevron U.S.A. Inc.,Active,0,2019-11-30,2019-11-30,1,4.0,2708.0,430.57,0,,True,,False,,,,
Midway-Sunset,040302389100,Moco 35,MBC-241F,Aera Energy LLC,Active,0,2021-06-30,2021-07-31,2,8.0,7831.0,1245.13,0,,True,,False,,,,
Midway-Sunset,040302389200,Moco 35,MBC-295F,Aera Energy LLC,Active,0,2018-01-31,2018-01-31,1,9.0,4215.0,670.19,0,,True,,False,,,,
Midway-Sunset,040302389701,Monarch,161,Chevron U.S.A. Inc.,Active,0,2019-11-30,2019-11-30,1,4.0,2697.0,428.82,0,244.0,False,,False,,,,
Midway-Sunset,040302389701,Monarch,161,Chevron U.S.A. Inc.,Active,1,2020-07-31,2020-07-31,1,4.0,2549.0,405.29,0,,True,,False,,,,
Midway-Sunset,040302389801,Monarch,163,Chevron U.S.A. Inc.,Active,0,2019-11-30,2019-11-30,1,4.0,2786.0,442.97,0,,True,,False,,,,
Midway-Sunset,040302401800,Unspecified,415,Chevron U.S.A. Inc.,Active,0,2019-02-28,2019-02-28,1,2.0,969.0,154.07,0,,True,,False,,,,
Midway-Sunset,040302402100,Unspecified,424,Chevron U.S.A. Inc.,Active,0,2019-04-30,2019-04-30,1,2.0,896.0,142.46,0,,True,,False,,,,
Midway-Sunset,040302402700,Unspecified,438,Chevron U.S.A. Inc.,Active,0,2018-01-31,2018-01-31,1,9.0,8516.0,1354.04,0,454.0,False,,False,,,,
Midway-Sunset,040302402700,Unspecified,438,Chevron U.S.A. Inc.,Active,1,2019-04-30,2019-04-30,1,2.0,973.0,154.71,0,245.0,False,,False,,,,
Midway-Sunset,040302402700,Unspecified,438,Chevron U.S.A. Inc.,Active,2,2019-12-31,2019-12-31,1,4.0,2929.0,465.71,0,,True,,False,,,,
Midway-Sunset,040302406900,Moco 34,WI-348C,Aera Energy LLC,Active,0,2018-01-31,2021-01-31,4,27.0,20436.0,3249.32,0,,True,,False,,,,
Midway-Sunset,040302410500,Unspecified,J330,Chevron U.S.A. Inc.,Active,0,2018-01-31,2019-03-31,4,20.0,37402.0,5946.92,0,122.0,False,,False,,,,
Midway-Sunset,040302410500,Unspecified,J330,Chevron U.S.A. Inc.,Active,1,2019-07-31,2019-10-31,2,7.0,15050.0,2392.95,0,61.0,False,,False,,,,
Midway-Sunset,040302410500,Unspecified,J330,Chevron U.S.A. Inc.,Active,2,2019-12-31,2019-12-31,1,3.0,8183.0,1301.1,0,60.0,False,,False,,,,
Midway-Sunset,040302410500,Unspecified,J330,Chevron U.S.A. Inc.,Active,3,2020-02-29,2021-12-31,22,128.0,156799.0,24931.04,0,,True,,False,,,,
Midway-Sunset,040302410700,Unspecified,K320,Chevron U.S.A. Inc.,Active,0,2018-01-31,2019-04-30,5,13.0,27644.0,4395.4,0,92.0,False,,False,,,,
Midway-Sunset,040302410700,Unspecified,K320,Chevron U.S.A. Inc.,Active,1,2019-07-31,2019-10-31,2,7.0,15148.0,2408.53,0,61.0,False,,False,,,,
Midway-Sunset,040302410700,Unspecified,K320,Chevron U.S.A. Inc.,Active,2,2019-12-31,2020-08-31,8,29.0,69631.0,11071.33,0,61.0,False,,False,,,,
Midway-Sunset,040302410700,Unspecified,K320,Chevron U.S.A. Inc.,Active,3,2020-10-31,2021-02-28,5,37.0,54156.0,8610.8,0,61.0,False,,False,,,,
Midway-Sunset,040302410700,Unspecified,K320,Chevron U.S.A. Inc.,Active,4,2021-04-30,2021-08-31,5,30.0,20207.0,3212.91,0,,True,,False,,,,
Midway-Sunset,040302411000,Unspecified,L350,Chevron U.S.A. Inc.,Active,0,2019-04-30,2019-04-30,1,2.0,3702.0,588.62,0,92.0,False,,False,,,,
Midway-Sunset,040302411000,Unspecified,L350,Chevron U.S.A. Inc.,Active,1,2019-07-31,2019-07-31,1,2.0,3059.0,486.38,0,,True,,False,,,,
Midway-Sunset,040302411100,Unspecified,L380,Chevron U.S.A. Inc.,Active,0,2018-01-31,2018-10-31,10,47.0,81329.0,12931.31,0,120.0,False,,False,,,,
Midway-Sunset,040302411100,Unspecified,L380,Chevron U.S.A. Inc.,Active,1,2019-02-28,2021-03-31,22,125.0,246144.0,39136.9,0,,True,,False,,,,
Midway-Sunset,040302423200,Formax East,10R,"Berry Petroleum Company, LLC",Active,0,2018-10-31,2018-11-30,2,18.0,6206.0,986.75,0,,True,,False,,,,
Midway-Sunset,040302427700,Unspecified,K280,Chevron U.S.A. Inc.,Active,0,2018-01-31,2018-02-28,2,8.0,14497.0,2305.02,0,61.0,False,,False,,,,
Midway-Sunset,040302427700,Unspecified,K280,Chevron U.S.A. Inc.,Active,1,2018-04-30,2018-06-30,3,12.0,23354.0,3713.29,0,62.0,False,,False,,,,
Midway-Sunset,040302427700,Unspecified,K280,Chevron U.S.A. Inc.,Active,2,2018-08-31,2018-08-31,1,3.0,4947.0,786.57,0,61.0,False,,False,,,,
Midway-Sunset,040302427700,Unspecified,K280,Chevron U.S.A. Inc.,Active,3,2018-10-31,2019-02-28,3,10.0,20634.0,3280.81,0,122.0,False,,False,,,,
Midway-Sunset,040302427700,Unspecified,K280,Chevron U.S.A. Inc.,Active,4,2019-06-30,2019-06-30,1,3.0,6250.0,993.75,0,123.0,False,,False,,,,
Midway-Sunset,040302427700,Unspecified,K280,Chevron U.S.A. Inc.,Active,5,2019-10-31,2019-10-31,1,3.0,6052.0,962.27,0,61.0,False,,False,,,,
Midway-Sunset,040302427700,Unspecified,K280,Chevron U.S.A. Inc.,Active,6,2019-12-31,2019-12-31,1,3.0,8253.0,1312.23,0,60.0,False,,False,,,,
Midway-Sunset,040302427700,Unspecified,K280,Chevron U.S.A. Inc.,Active,7,2020-02-29,2020-02-29,1,3.0,6510.0,1035.09,0,92.0,False,,False,,,,
Midway-Sunset,040302427700,Unspecified,K280,Chevron U.S.A. Inc.,Active,8,2020-05-31,2020-08-31,4,11.0,23669.0,3763.37,0,212.0,False,,False,,,,
Midway-Sunset,040302427700,Unspecified,K280,Chevron U.S.A. Inc.,Active,9,2021-03-31,2021-06-30,4,17.0,12004.0,1908.64,0,62.0,False,,False,,,,
Midway-Sunset,040302427700,Unspecified,K280,Chevron U.S.A. Inc.,Active,10,2021-08-31,2021-12-31,5,11.0,7165.0,1139.24,0,,True,,False,,,,
Midway-Sunset,040302427800,Unspecified,K290,Chevron U.S.A. Inc.,Active,0,2018-01-31,2019-02-28,3,10.0,17920.0,2849.28,0,153.0,False,,False,,,,
Midway-Sunset,040302427800,Unspecified,K290,Chevron U.S.A. Inc.,Active,1,2019-07-31,2019-10-31,2,8.0,15890.0,2526.51,0,61.0,False,,False,,,,
Midway-Sunset,040302427800,Unspecified,K290,Chevron U.S.A. Inc.,Active,2,2019-12-31,2019-12-31,1,3.0,8082.0,1285.04,0,60.0,False,,False,,,,
Midway-Sunset,040302427800,Unspecified,K290,Chevron U.S.A. Inc.,Active,3,2020-02-29,2020-02-29,1,3.0,6533.0,1038.75,0,92.0,False,,False,,,,
Midway-Sunset,040302427800,Unspecified,K290,Chevron U.S.A. Inc.,Active,4,2020-05-31,2020-05-31,1,3.0,6538.0,1039.54,0,61.0,False,,False,,,,
Midway-Sunset,040302427800,Unspecified,K290,Chevron U.S.A. Inc.,Active,5,2020-07-31,2021-02-28,8,37.0,64444.0,10246.6,0,61.0,False,,False,,,,
Midway-Sunset,040302427800,Unspecified,K290,Chevron U.S.A. Inc.,Active,6,2021-04-30,2021-12-31,9,38.0,25509.0,4055.93,0,,True,,False,,,,
Midway-Sunset,040302428200,Unspecified,L270,Chevron U.S.A. Inc.,Active,0,2019-02-28,2019-06-30,4,10.0,20737.0,3297.18,0,397.0,False,,False,,,,
Midway-Sunset,040302428200,Unspecified,L270,Chevron U.S.A. Inc.,Active,1,2020-07-31,2020-08-31,2,4.0,6987.0,1110.93,0,242.0,False,,False,,,,
Midway-Sunset,040302428200,Unspecified,L270,Chevron U.S.A. Inc.,Active,2,2021-04-30,2021-12-31,9,50.0,32628.0,5187.85,0,,True,,False,,,,
Midway-Sunset,040302429000,Lilly Fee,G-2E,Aera Energy LLC,Active,0,2021-08-31,2021-08-31,1,7.0,7480.0,1189.32,0,,True,,False,,,,
Midway-Sunset,040302438500,Cates,4-3,Aera Energy LLC,Idle,0,2018-01-31,2018-01-31,1,7.0,8514.0,1353.73,0,,True,,False,,,,
Midway-Sunset,040302452200,Berry & Ewing,535H,"Berry Petroleum Company, LLC",Active,0,2018-02-28,2018-03-31,2,20.0,33571.0,5337.79,0,,True,,False,,,,
Midway-Sunset,040302453000,Unspecified,499R,Chevron U.S.A. Inc.,Active,0,2018-01-31,2018-01-31,1,9.0,8516.0,1354.04,0,,True,,False,,,,
Midway-Sunset,040302453200,Formax East,220H,"Berry Petroleum Company, LLC",Active,0,2018-04-30,2021-02-28,4,61.0,82307.0,13086.81,0,,True,,False,,,,
Midway-Sunset,040302465700,Formax West,Z-3,"Berry Petroleum Company, LLC",Active,0,2018-05-31,2018-05-31,1,17.0,5161.0,820.6,0,,True,,False,,,,
Midway-Sunset,040302472300,Unspecified,927,Chevron U.S.A. Inc.,Idle,0,2018-01-31,2018-01-31,1,1.0,449.0,71.39,0,,True,,False,,,,
Midway-Sunset,040302475100,Pan,25,"Berry Petroleum Company, LLC",Active,0,2018-10-31,2018-10-31,1,1.0,706.0,112.25,0,,True,,False,,,,
Midway-Sunset,040302475400,Fairfield,354,"Berry Petroleum Company, LLC",Active,0,2021-02-28,2021-02-28,1,5.0,324.0,51.52,0,,True,,False,,,,
Midway-Sunset,040302478600,Birch,25,"TRC Operating Company, Inc.",Active,0,2018-01-31,2020-04-30,15,63.0,30222.0,4805.3,0,184.0,False,,False,,,,
Midway-Sunset,040302478600,Birch,25,"TRC Operating Company, Inc.",Active,1,2020-10-31,2021-10-31,13,62.0,35343.0,5619.54,0,,True,,False,,,,
Midway-Sunset,040302478700,Birch,26,"TRC Operating Company, Inc.",Active,0,2018-01-31,2020-04-30,15,76.0,36302.0,5772.02,0,92.0,False,,False,,,,
Midway-Sunset,040302478700,Birch,26,"TRC Operating Company, Inc.",Active,1,2020-07-31,2020-07-31,1,8.0,3947.0,627.57,0,61.0,False,,False,,,,
Midway-Sunset,040302478700,Birch,26,"TRC Operating Company, Inc.",Active,2,2020-09-30,2021-01-31,5,28.0,14659.0,2330.78,0,59.0,False,,False,,,,
Midway-Sunset,040302478700,Birch,26,"TRC Operating Company, Inc.",Active,3,2021-03-31,2021-12-31,10,48.0,29213.0,4644.87,0,,True,,False,,,,
Midway-Sunset,040302479100,Cypress,38-1,"TRC Operating Company, Inc.",Active,0,2018-01-31,2020-11-30,21,123.0,62326.0,9909.83,0,,True,,False,,,,
Midway-Sunset,040302487400,Finley-Johnson-Fox,451,Aera Energy LLC,Active,0,2021-04-30,2021-09-30,2,24.0,19237.0,3058.68,0,,True,,False,,,,
Midway-Sunset,040302491600,E & M,384,Sentinel Peak Resources California LLC,Idle,0,2018-02-28,2018-03-31,2,18.0,15522.0,2468.0,0,,True,,False,,,,
Midway-Sunset,040302491700,E & M,385,Sentinel Peak Resources California LLC,Active,0,2018-02-28,2018-05-31,4,17.0,12711.0,2021.05,0,61.0,False,,False,,,,
Midway-Sunset,040302491700,E & M,385,Sentinel Peak Resources California LLC,Active,1,2018-07-31,2018-08-31,2,7.0,5823.0,925.86,0,91.0,False,,False,,,,
Midway-Sunset,040302491700,E & M,385,Sentinel Peak Resources California LLC,Active,2,2018-11-30,2018-11-30,1,6.0,5380.0,855.42,0,90.0,False,,False,,,,
Midway-Sunset,040302491700,E & M,385,Sentinel Peak Resources California LLC,Active,3,2019-02-28,2019-03-31,2,5.0,5478.0,871.0,0,61.0,False,,False,,,,
Midway-Sunset,040302491700,E & M,385,Sentinel Peak Resources California LLC,Active,4,2019-05-31,2019-05-31,1,4.0,3618.0,575.26,0,61.0,False,,False,,,,
Midway-Sunset,040302491700,E & M,385,Sentinel Peak Resources California LLC,Active,5,2019-07-31,2019-07-31,1,3.0,3491.0,555.07,0,213.0,False,,False,,,,
Midway-Sunset,040302491700,E & M,385,Sentinel Peak Resources California LLC,Active,6,2020-02-29,2020-03-31,2,19.0,13959.0,2219.48,0,306.0,False,,False,,,,
Midway-Sunset,040302491700,E & M,385,Sentinel Peak Resources California LLC,Active,7,2021-01-31,2021-04-30,4,29.0,17874.0,2841.97,0,245.0,False,,False,,,,
Midway-Sunset,040302491700,E & M,385,Sentinel Peak Resources California LLC,Active,8,2021-12-31,2021-12-31,1,6.0,2298.0,365.38,0,,True,,False,,,,
Midway-Sunset,040302492600,Metson,G117-24,Aera Energy LLC,Active,0,2021-06-30,2021-06-30,1,8.0,6017.0,956.7,0,,True,,False,,,,
Midway-Sunset,040302492700,Metson,H111-24,Aera Energy LLC,Idle,0,2018-01-31,2018-01-31,1,4.0,4486.0,713.27,0,,True,,False,,,,
Midway-Sunset,040302500700,Unspecified,H280,Chevron U.S.A. Inc.,Active,0,2018-02-28,2018-02-28,1,7.0,12424.0,1975.42,0,61.0,False,,False,,,,
Midway-Sunset,040302500700,Unspecified,H280,Chevron U.S.A. Inc.,Active,1,2018-04-30,2018-04-30,1,3.0,5313.0,844.77,0,61.0,False,,False,,,,
Midway-Sunset,040302500700,Unspecified,H280,Chevron U.S.A. Inc.,Active,2,2018-06-30,2018-09-30,4,13.0,23106.0,3673.85,0,182.0,False,,False,,,,
Midway-Sunset,040302500700,Unspecified,H280,Chevron U.S.A. Inc.,Active,3,2019-03-31,2019-03-31,1,3.0,6237.0,991.68,0,91.0,False,,False,,,,
Midway-Sunset,040302500700,Unspecified,H280,Chevron U.S.A. Inc.,Active,4,2019-06-30,2019-06-30,1,3.0,5764.0,916.48,0,153.0,False,,False,,,,
Midway-Sunset,040302500700,Unspecified,H280,Chevron U.S.A. Inc.,Active,5,2019-11-30,2019-11-30,1,3.0,7577.0,1204.74,0,91.0,False,,False,,,,
Midway-Sunset,040302500700,Unspecified,H280,Chevron U.S.A. Inc.,Active,6,2020-02-29,2020-02-29,1,3.0,6443.0,1024.44,0,245.0,False,,False,,,,
Midway-Sunset,040302500700,Unspecified,H280,Chevron U.S.A. Inc.,Active,7,2020-10-31,2020-10-31,1,3.0,7093.0,1127.79,0,212.0,False,,False,,,,
Midway-Sunset,040302500700,Unspecified,H280,Chevron U.S.A. Inc.,Active,8,2021-05-31,2021-08-31,4,21.0,13518.0,2149.36,0,61.0,False,,False,,,,
Midway-Sunset,040302500700,Unspecified,H280,Chevron U.S.A. Inc.,Active,9,2021-10-31,2021-10-31,1,4.0,3885.0,617.72,0,61.0,False,,False,,,,
Midway-Sunset,040302500700,Unspecified,H280,Chevron U.S.A. Inc.,Active,10,2021-12-31,2021-12-31,1,7.0,3176.0,504.98,0,,True,,False,,,,
Midway-Sunset,040302502200,,4725,Chevron U.S.A. Inc.,Active,0,2018-02-28,2018-02-28,1,4.0,3711.0,590.05,0,426.0,False,,False,,,,
Midway-Sunset,040302502200,,4725,Chevron U.S.A. Inc.,Active,1,2019-04-30,2019-06-30,2,11.0,10592.0,1684.13,0,,True,,False,,,,
Midway-Sunset,040302516500,Unspecified,776R,Chevron U.S.A. Inc.,Active,0,2019-04-30,2019-04-30,1,3.0,1980.0,314.82,0,184.0,False,,False,,,,
Midway-Sunset,040302516500,Unspecified,776R,Chevron U.S.A. Inc.,Active,1,2019-10-31,2019-10-31,1,5.0,3998.0,635.68,0,486.0,False,,False,,,,
Midway-Sunset,040302516500,Unspecified,776R,Chevron U.S.A. Inc.,Active,2,2021-02-28,2021-02-28,1,5.0,5309.0,844.13,0,,True,,False,,,,
Midway-Sunset,040302524100,Birch,3R,"TRC Operating Company, Inc.",Active,0,2018-01-31,2019-02-28,10,43.0,18920.0,3008.28,0,337.0,False,,False,,,,
Midway-Sunset,040302524100,Birch,3R,"TRC Operating Company, Inc.",Active,1,2020-01-31,2021-12-31,22,99.0,54541.0,8672.02,0,,True,,False,,,,
Midway-Sunset,040302526800,Bull,26-1,"TRC Operating Company, Inc.",Active,0,2018-01-31,2018-08-31,7,24.0,9008.0,1432.27,0,122.0,False,,False,,,,
Midway-Sunset,040302526800,Bull,26-1,"TRC Operating Company, Inc.",Active,1,2018-12-31,2019-03-31,3,12.0,4975.0,791.02,0,,True,,False,,,,
Midway-Sunset,040302535500,Unspecified,538,Chevron U.S.A. Inc.,Active,0,2019-11-30,2019-11-30,1,5.0,3820.0,607.38,0,456.0,False,,False,,,,
Midway-Sunset,040302535500,Unspecified,538,Chevron U.S.A. Inc.,Active,1,2021-02-28,2021-02-28,1,5.0,5247.0,834.27,0,,True,,False,,,,
Midway-Sunset,040302540600,Unspecified,864,Chevron U.S.A. Inc.,Active,0,2018-01-31,2018-01-31,1,4.0,3138.0,498.94,0,,True,,False,,,,
Midway-Sunset,040302556700,Dickinson Trust,1-170,Aera Energy LLC,Active,0,2018-01-31,2018-01-31,1,10.0,9607.0,1527.51,0,,True,,False,,,,
Midway-Sunset,040302569800,Cherokee,501C,"Seneca Resources Company, LLC",Active,0,2021-08-31,2021-08-31,1,13.0,4952.0,787.37,0,,True,,False,,,,
Midway-Sunset,040302570000,Cherokee,510C,"Seneca Resources Company, LLC",Active,0,2021-06-30,2021-06-30,1,13.0,5186.0,824.57,0,62.0,False,,False,,,,
Midway-Sunset,040302570000,Cherokee,510C,"Seneca Resources Company, LLC",Active,1,2021-08-31,2021-11-30,4,30.0,12021.0,1911.34,0,,True,,False,,,,
Midway-Sunset,040302570100,Cherokee,511C,"Seneca Resources Company, LLC",Active,0,2021-06-30,2021-10-31,5,37.0,14246.0,2265.11,0,,True,,False,,,,
Midway-Sunset,040302570900,Cherokee,534C,"Seneca Resources Company, LLC",Active,0,2021-06-30,2021-07-31,2,14.0,5273.0,838.41,0,,True,,False,,,,
Midway-Sunset,040302571300,M & M,510,"Seneca Resources Company, LLC",Active,0,2018-01-31,2018-01-31,1,10.0,4000.0,636.0,0,424.0,False,,False,,,,
Midway-Sunset,040302571300,M & M,510,"Seneca Resources Company, LLC",Active,1,2019-03-31,2019-04-30,2,12.0,6000.0,954.0,0,945.0,False,,False,,,,
Midway-Sunset,040302571300,M & M,510,"Seneca Resources Company, LLC",Active,2,2021-11-30,2021-11-30,1,19.0,8691.0,1381.87,0,,True,,False,,,,
Midway-Sunset,040302572100,M & M,70R,"Seneca Resources Company, LLC",Active,0,2021-06-30,2021-06-30,1,2.0,1100.0,174.9,0,,True,,False,,,,
Midway-Sunset,040302572300,M & M,85R,"Seneca Resources Company, LLC",Active,0,2019-06-30,2019-06-30,1,22.0,11710.0,1861.89,0,92.0,False,,False,,,,
Midway-Sunset,040302572300,M & M,85R,"Seneca Resources Company, LLC",Active,1,2019-09-30,2019-09-30,1,6.0,3174.0,504.67,0,,True,,False,,,,
Midway-Sunset,040302572400,M & M,128R,"Seneca Resources Company, LLC",Active,0,2021-06-30,2021-07-31,2,14.0,7700.0,1224.3,0,,True,,False,,,,
Midway-Sunset,040302572900,Hondo Peerless,124R,"Seneca Resources Company, LLC",Active,0,2021-11-30,2021-11-30,1,14.0,5750.0,914.25,0,,True,,False,,,,
Midway-Sunset,040302573900,Unspecified,95R,Chevron U.S.A. Inc.,Active,0,2020-01-31,2020-01-31,1,4.0,2660.0,422.94,0,60.0,False,,False,,,,
Midway-Sunset,040302573900,Unspecified,95R,Chevron U.S.A. Inc.,Active,1,2020-03-31,2020-03-31,1,4.0,3046.0,484.31,0,,True,,False,,,,
Midway-Sunset,040302629500,B-40,715H,"Berry Petroleum Company, LLC",Active,0,2021-05-31,2021-07-31,3,66.0,59681.0,9489.28,0,,True,,False,,,,
Midway-Sunset,040302631200,Tumbador-USL,G-0354,Chevron U.S.A. Inc.,Active,0,2019-10-31,2019-10-31,1,1.0,148.0,23.53,0,,True,,False,,,,
Midway-Sunset,040302631300,Tumbador-USL,G-0374,Chevron U.S.A. Inc.,Active,0,2019-07-31,2019-07-31,1,4.0,3170.0,504.03,0,,True,,False,,,,
Midway-Sunset,040302631900,Berry & Ewing,605H,"Berry Petroleum Company, LLC",Active,0,2018-04-30,2018-05-31,2,26.0,34541.0,5492.02,0,,True,,False,,,,
Midway-Sunset,040302632100,Pan,33,"Berry Petroleum Company, LLC",Active,0,2018-03-31,2020-12-31,2,14.0,12304.0,1956.34,0,,True,,False,,,,
Midway-Sunset,040302632800,Amber,200,Chevron U.S.A. Inc.,Active,0,2020-03-31,2020-03-31,1,4.0,4405.0,700.39,0,,True,,False,,,,
Midway-Sunset,040302633100,Unspecified,H330,Chevron U.S.A. Inc.,Active,0,2018-01-31,2020-02-29,21,95.0,189209.0,30084.23,0,92.0,False,,False,,,,
Midway-Sunset,040302633100,Unspecified,H330,Chevron U.S.A. Inc.,Active,1,2020-05-31,2021-03-31,11,57.0,96665.0,15369.74,0,91.0,False,,False,,,,
Midway-Sunset,040302633100,Unspecified,H330,Chevron U.S.A. Inc.,Active,2,2021-06-30,2021-12-31,7,45.0,35181.0,5593.78,0,,True,,False,,,,
Midway-Sunset,040302633800,Unspecified,M270,Chevron U.S.A. Inc.,Active,0,2020-09-30,2020-09-30,1,3.0,6980.0,1109.82,0,212.0,False,,False,,,,
Midway-Sunset,040302633800,Unspecified,M270,Chevron U.S.A. Inc.,Active,1,2021-04-30,2021-09-30,6,31.0,22277.0,3542.04,0,61.0,False,,False,,,,
Midway-Sunset,040302633800,Unspecified,M270,Chevron U.S.A. Inc.,Active,2,2021-11-30,2021-12-31,2,12.0,5672.0,901.85,0,,True,,False,,,,
Midway-Sunset,040302634200,Section 31D,595H,"Berry Petroleum Company, LLC",Active,0,2018-01-31,2018-01-31,1,16.0,23902.0,3800.42,0,,True,,False,,,,
Midway-Sunset,040302657800,E & M,375,Sentinel Peak Resources California LLC,Active,0,2018-02-28,2018-03-31,2,13.0,12022.0,1911.5,0,,True,,False,,,,
Midway-Sunset,040302657900,E & M,376,Sentinel Peak Resources California LLC,Idle,0,2018-02-28,2019-02-28,13,146.0,130784.0,20794.66,0,92.0,False,,False,,,,
Midway-Sunset,040302657900,E & M,376,Sentinel Peak Resources California LLC,Idle,1,2019-05-31,2019-05-31,1,3.0,3668.0,583.21,0,61.0,False,,False,,,,
Midway-Sunset,040302657900,E & M,376,Sentinel Peak Resources California LLC,Idle,2,2019-07-31,2019-07-31,1,2.0,2110.0,335.49,0,,True,,False,,,,
Midway-Sunset,040302661000,Unspecified,G300,Chevron U.S.A. Inc.,Active,0,2018-01-31,2018-02-28,2,5.0,7183.0,1142.1,0,396.0,False,,False,,,,
Midway-Sunset,040302661000,Unspecified,G300,Chevron U.S.A. Inc.,Active,1,2019-03-31,2019-11-30,6,20.0,45059.0,7164.38,0,62.0,False,,False,,,,
Midway-Sunset,040302661000,Unspecified,G300,Chevron U.S.A. Inc.,Active,2,2020-01-31,2020-01-31,1,3.0,7181.0,1141.78,0,121.0,False,,False,,,,
Midway-Sunset,040302661000,Unspecified,G300,Chevron U.S.A. Inc.,Active,3,2020-05-31,2020-05-31,1,4.0,9415.0,1496.99,0,153.0,False,,False,,,,
Midway-Sunset,040302661000,Unspecified,G300,Chevron U.S.A. Inc.,Active,4,2020-10-31,2020-12-31,3,10.0,15438.0,2454.64,0,151.0,False,,False,,,,
Midway-Sunset,040302661000,Unspecified,G300,Chevron U.S.A. Inc.,Active,5,2021-05-31,2021-08-31,4,17.0,11852.0,1884.47,0,,True,,False,,,,
Midway-Sunset,040302663900,Finley-Hausen-I,347,Aera Energy LLC,Active,0,2021-01-31,2021-08-31,3,27.0,19651.0,3124.51,0,,True,,False,,,,
Midway-Sunset,040302675300,Unspecified,354R,Chevron U.S.A. Inc.,Active,0,2019-02-28,2019-02-28,1,4.0,2683.0,426.6,0,,True,,False,,,,
Midway-Sunset,040302682900,Unspecified,492,Chevron U.S.A. Inc.,Active,0,2018-01-31,2018-01-31,1,4.0,3286.0,522.47,0,,True,,False,,,,
Midway-Sunset,040302689900,Unspecified,K570,Chevron U.S.A. Inc.,Active,0,2018-01-31,2018-03-31,3,14.0,5093.0,809.79,0,214.0,False,,False,,,,
Midway-Sunset,040302689900,Unspecified,K570,Chevron U.S.A. Inc.,Active,1,2018-10-31,2019-10-31,8,40.0,16558.0,2632.72,0,121.0,False,,False,,,,
Midway-Sunset,040302689900,Unspecified,K570,Chevron U.S.A. Inc.,Active,2,2020-02-29,2020-08-31,6,27.0,10935.0,1738.66,0,91.0,False,,False,,,,
Midway-Sunset,040302689900,Unspecified,K570,Chevron U.S.A. Inc.,Active,3,2020-11-30,2021-01-31,3,11.0,12444.0,1978.6,0,59.0,False,,False,,,,
Midway-Sunset,040302689900,Unspecified,K570,Chevron U.S.A. Inc.,Active,4,2021-03-31,2021-10-31,8,47.0,34554.0,5494.09,0,61.0,False,,False,,,,
Midway-Sunset,040302689900,Unspecified,K570,Chevron U.S.A. Inc.,Active,5,2021-12-31,2021-12-31,1,6.0,1616.0,256.94,0,,True,,False,,,,
Midway-Sunset,040302730100,Unspecified,G-7415,Chevron U.S.A. Inc.,Active,0,2019-07-31,2019-07-31,1,5.0,4265.0,678.13,0,305.0,False,,False,,,,
Midway-Sunset,040302730100,Unspecified,G-7415,Chevron U.S.A. Inc.,Active,1,2020-05-31,2020-05-31,1,5.0,5471.0,869.89,0,,True,,False,,,,
Midway-Sunset,040302732100,Tumbador,0401,Chevron U.S.A. Inc.,Active,0,2019-07-31,2019-07-31,1,6.0,5289.0,840.95,0,,True,,False,,,,
Midway-Sunset,040302734300,Maxwell,414,Aera Energy LLC,Active,0,2021-03-31,2021-09-30,2,22.0,19001.0,3021.16,0,,True,,False,,,,
Midway-Sunset,040302747800,Cherokee,506C,"Seneca Resources Company, LLC",Active,0,2021-10-31,2021-10-31,1,13.0,5425.0,862.58,0,,True,,False,,,,
Midway-Sunset,040302747900,Cherokee,507C,"Seneca Resources Company, LLC",Active,0,2021-09-30,2021-10-31,2,11.0,4302.0,684.02,0,,True,,False,,,,
Midway-Sunset,040302748200,Cherokee,516C,"Seneca Resources Company, LLC",Active,0,2019-11-30,2019-11-30,1,6.0,2390.0,380.01,0,,True,,False,,,,
Midway-Sunset,040302748300,Cherokee,518C,"Seneca Resources Company, LLC",Active,0,2021-06-30,2021-06-30,1,13.0,4807.0,764.31,0,62.0,False,,False,,,,
Midway-Sunset,040302748300,Cherokee,518C,"Seneca Resources Company, LLC",Active,1,2021-08-31,2021-08-31,1,13.0,4952.0,787.37,0,61.0,False,,False,,,,
Midway-Sunset,040302748300,Cherokee,518C,"Seneca Resources Company, LLC",Active,2,2021-10-31,2021-10-31,1,14.0,5565.0,884.84,0,,True,,False,,,,
Midway-Sunset,040302748400,Cherokee,522C,"Seneca Resources Company, LLC",Active,0,2021-11-30,2021-11-30,1,14.0,6115.0,972.28,0,,True,,False,,,,
Midway-Sunset,040302748700,Cherokee,533C,"Seneca Resources Company, LLC",Active,0,2021-10-31,2021-10-31,1,9.0,3654.0,580.99,0,,True,,False,,,,
Midway-Sunset,040302748800,Cherokee,536C,"Seneca Resources Company, LLC",Active,0,2019-12-31,2020-01-31,2,27.0,11193.0,1779.69,0,,True,,False,,,,
Midway-Sunset,040302749200,M & M,514,"Seneca Resources Company, LLC",Active,0,2021-05-31,2021-06-30,2,14.0,7000.0,1113.0,0,,True,,False,,,,
Midway-Sunset,040302753300,Cypress,17-1,"TRC Operating Company, Inc.",Active,0,2018-01-31,2019-03-31,11,24.0,8345.0,1326.86,0,,True,,False,,,,
Midway-Sunset,040302761900,,B-23,"Seneca Resources Company, LLC",Active,0,2018-01-31,2018-01-31,1,2.0,945.0,150.25,0,,True,,False,,,,
Midway-Sunset,040302765500,,4651,Chevron U.S.A. Inc.,Idle,0,2019-06-30,2019-06-30,1,6.0,5876.0,934.28,0,,True,,False,,,,
Midway-Sunset,040302765600,,4687,Chevron U.S.A. Inc.,Active,0,2019-04-30,2019-04-30,1,5.0,4777.0,759.54,0,,True,,False,,,,
Midway-Sunset,040302771700,Cherokee,538C,"Seneca Resources Company, LLC",Active,0,2018-01-31,2018-01-31,1,10.0,4000.0,636.0,0,,True,,False,,,,
Midway-Sunset,040302774500,Unspecified,K610,Chevron U.S.A. Inc.,Active,0,2018-02-28,2019-10-31,7,34.0,15526.0,2468.63,0,61.0,False,,False,,,,
Midway-Sunset,040302774500,Unspecified,K610,Chevron U.S.A. Inc.,Active,1,2019-12-31,2020-05-31,5,24.0,10397.0,1653.12,0,61.0,False,,False,,,,
Midway-Sunset,040302774500,Unspecified,K610,Chevron U.S.A. Inc.,Active,2,2020-07-31,2020-07-31,1,3.0,1083.0,172.2,0,273.0,False,,False,,,,
Midway-Sunset,040302774500,Unspecified,K610,Chevron U.S.A. Inc.,Active,3,2021-04-30,2021-12-31,9,43.0,24288.0,3861.79,0,,True,,False,,,,
Midway-Sunset,040302774600,Unspecified,K620,Chevron U.S.A. Inc.,Active,0,2018-01-31,2021-10-31,30,168.0,102385.0,16279.22,0,61.0,False,,False,,,,
Midway-Sunset,040302774600,Unspecified,K620,Chevron U.S.A. Inc.,Active,1,2021-12-31,2021-12-31,1,3.0,1018.0,161.86,0,,True,,False,,,,
Midway-Sunset,040302774700,Unspecified,K630,Chevron U.S.A. Inc.,Active,0,2018-01-31,2021-12-31,33,201.0,117592.0,18697.13,0,,True,,False,,,,
Midway-Sunset,040302774800,Unspecified,L610,Chevron U.S.A. Inc.,Active,0,2018-01-31,2020-07-31,16,68.0,31445.0,4999.76,0,61.0,False,,False,,,,
Midway-Sunset,040302774800,Unspecified,L610,Chevron U.S.A. Inc.,Active,1,2020-09-30,2021-10-31,14,78.0,63893.0,10158.99,0,61.0,False,,False,,,,
Midway-Sunset,040302774800,Unspecified,L610,Chevron U.S.A. Inc.,Active,2,2021-12-31,2021-12-31,1,10.0,2528.0,401.95,0,,True,,False,,,,
Midway-Sunset,040302775000,Unspecified,L630,Chevron U.S.A. Inc.,Active,0,2018-01-31,2021-12-31,33,192.0,117503.0,18682.98,0,,True,,False,,,,
Midway-Sunset,040302775100,,L570,Chevron U.S.A. Inc.,Active,0,2019-02-28,2019-04-30,3,17.0,7854.0,1248.79,0,184.0,False,,False,,,,
Midway-Sunset,040302775100,,L570,Chevron U.S.A. Inc.,Active,1,2019-10-31,2020-01-31,4,12.0,4939.0,785.3,0,121.0,False,,False,,,,
Midway-Sunset,040302775100,,L570,Chevron U.S.A. Inc.,Active,2,2020-05-31,2020-07-31,3,15.0,6301.0,1001.86,0,184.0,False,,False,,,,
Midway-Sunset,040302775100,,L570,Chevron U.S.A. Inc.,Active,3,2021-01-31,2021-12-31,12,77.0,52805.0,8396.0,0,,True,,False,,,,
Midway-Sunset,040302775200,,M570,Chevron U.S.A. Inc.,Active,0,2018-02-28,2018-05-31,4,17.0,5236.0,832.52,0,61.0,False,,False,,,,
Midway-Sunset,040302775200,,M570,Chevron U.S.A. Inc.,Active,1,2018-07-31,2018-07-31,1,3.0,697.0,110.82,0,457.0,False,,False,,,,
Midway-Sunset,040302775200,,M570,Chevron U.S.A. Inc.,Active,2,2019-10-31,2020-01-31,4,10.0,4369.0,694.67,0,60.0,False,,False,,,,
Midway-Sunset,040302775200,,M570,Chevron U.S.A. Inc.,Active,3,2020-03-31,2020-08-31,5,14.0,4718.0,750.16,0,181.0,False,,False,,,,
Midway-Sunset,040302775200,,M570,Chevron U.S.A. Inc.,Active,4,2021-02-28,2021-02-28,1,2.0,1809.0,287.63,0,92.0,False,,False,,,,
Midway-Sunset,040302775200,,M570,Chevron U.S.A. Inc.,Active,5,2021-05-31,2021-08-31,4,24.0,16328.0,2596.15,0,,True,,False,,,,
Midway-Sunset,040302779300,Cherokee,504C,"Seneca Resources Company, LLC",Active,0,2021-10-31,2021-11-30,2,14.0,5875.0,934.12,0,,True,,False,,,,
Midway-Sunset,040302779400,Cherokee,531C,"Seneca Resources Company, LLC",Active,0,2021-11-30,2021-11-30,1,14.0,6115.0,972.28,0,,True,,False,,,,
Midway-Sunset,040302779500,Cherokee,532C,"Seneca Resources Company, LLC",Active,0,2019-10-31,2019-11-30,2,21.0,9013.0,1433.07,0,,True,,False,,,,
Midway-Sunset,040302786400,Tumbador,341,Chevron U.S.A. Inc.,Active,0,2019-07-31,2019-07-31,1,4.0,3228.0,513.25,0,,True,,False,,,,
Midway-Sunset,040302792600,Unspecified,404R,Chevron U.S.A. Inc.,Active,0,2018-02-28,2018-02-28,1,1.0,450.0,71.55,0,,True,,False,,,,
Midway-Sunset,040302795500,USL,G-5222,Chevron U.S.A. Inc.,Active,0,2019-03-31,2019-03-31,1,6.0,5978.0,950.5,0,641.0,False,,False,,,,
Midway-Sunset,040302795500,USL,G-5222,Chevron U.S.A. Inc.,Active,1,2020-12-31,2020-12-31,1,6.0,4221.0,671.14,0,,True,,False,,,,
Midway-Sunset,040302818000,Anchor,80-14E,Aera Energy LLC,Active,0,2021-06-30,2021-06-30,1,8.0,5949.0,945.89,0,,True,,False,,,,
Midway-Sunset,040302822100,Unspecified,456,Chevron U.S.A. Inc.,Active,0,2019-07-31,2019-07-31,1,6.0,5112.0,812.81,0,,True,,False,,,,
Midway-Sunset,040302822700,Unspecified,484,Chevron U.S.A. Inc.,Active,0,2020-11-30,2020-11-30,1,4.0,3565.0,566.84,0,,True,,False,,,,
Midway-Sunset,040302831800,Unspecified,G290,Chevron U.S.A. Inc.,Active,0,2018-01-31,2018-07-31,7,25.0,41738.0,6636.34,0,61.0,False,,False,,,,
Midway-Sunset,040302831800,Unspecified,G290,Chevron U.S.A. Inc.,Active,1,2018-09-30,2019-02-28,4,18.0,38064.0,6052.18,0,61.0,False,,False,,,,
Midway-Sunset,040302831800,Unspecified,G290,Chevron U.S.A. Inc.,Active,2,2019-04-30,2019-04-30,1,3.0,6969.0,1108.07,0,92.0,False,,False,,,,
Midway-Sunset,040302831800,Unspecified,G290,Chevron U.S.A. Inc.,Active,3,2019-07-31,2019-11-30,3,15.0,33468.0,5321.41,0,62.0,False,,False,,,,
Midway-Sunset,040302831800,Unspecified,G290,Chevron U.S.A. Inc.,Active,4,2020-01-31,2020-01-31,1,6.0,13171.0,2094.19,0,60.0,False,,False,,,,
Midway-Sunset,040302831800,Unspecified,G290,Chevron U.S.A. Inc.,Active,5,2020-03-31,2020-05-31,2,6.0,12595.0,2002.61,0,61.0,False,,False,,,,
Midway-Sunset,040302831800,Unspecified,G290,Chevron U.S.A. Inc.,Active,6,2020-07-31,2020-07-31,1,4.0,9560.0,1520.04,0,273.0,False,,False,,,,
Midway-Sunset,040302831800,Unspecified,G290,Chevron U.S.A. Inc.,Active,7,2021-04-30,2021-05-31,2,14.0,9250.0,1470.75,0,61.0,False,,False,,,,
Midway-Sunset,040302831800,Unspecified,G290,Chevron U.S.A. Inc.,Active,8,2021-07-31,2021-07-31,1,4.0,2820.0,448.38,0,61.0,False,,False,,,,
Midway-Sunset,040302831800,Unspecified,G290,Chevron U.S.A. Inc.,Active,9,2021-09-30,2021-09-30,1,4.0,3934.0,625.51,0,61.0,False,,False,,,,
Midway-Sunset,040302831800,Unspecified,G290,Chevron U.S.A. Inc.,Active,10,2021-11-30,2021-12-31,2,10.0,8812.0,1401.11,0,,True,,False,,,,
Midway-Sunset,040302831900,Unspecified,H290R,Chevron U.S.A. Inc.,Active,0,2018-01-31,2018-01-31,1,4.0,6608.0,1050.67,0,424.0,False,,False,,,,
Midway-Sunset,040302831900,Unspecified,H290R,Chevron U.S.A. Inc.,Active,1,2019-03-31,2019-03-31,1,3.0,6030.0,958.77,0,91.0,False,,False,,,,
Midway-Sunset,040302831900,Unspecified,H290R,Chevron U.S.A. Inc.,Active,2,2019-06-30,2019-06-30,1,3.0,6002.0,954.32,0,123.0,False,,False,,,,
Midway-Sunset,040302831900,Unspecified,H290R,Chevron U.S.A. Inc.,Active,3,2019-10-31,2019-10-31,1,4.0,9290.0,1477.11,0,792.0,False,,False,,,,
Midway-Sunset,040302831900,Unspecified,H290R,Chevron U.S.A. Inc.,Active,4,2021-12-31,2021-12-31,1,3.0,2351.0,373.81,0,,True,,False,,,,
Midway-Sunset,040302832000,Unspecified,H300R,Chevron U.S.A. Inc.,Active,0,2018-01-31,2019-02-28,2,11.0,21254.0,3379.39,0,61.0,False,,False,,,,
Midway-Sunset,040302832000,Unspecified,H300R,Chevron U.S.A. Inc.,Active,1,2019-04-30,2019-06-30,2,6.0,14345.0,2280.86,0,123.0,False,,False,,,,
Midway-Sunset,040302832000,Unspecified,H300R,Chevron U.S.A. Inc.,Active,2,2019-10-31,2019-12-31,3,7.0,18184.0,2891.26,0,213.0,False,,False,,,,
Midway-Sunset,040302832000,Unspecified,H300R,Chevron U.S.A. Inc.,Active,3,2020-07-31,2020-09-30,3,11.0,27913.0,4438.17,0,273.0,False,,False,,,,
Midway-Sunset,040302832000,Unspecified,H300R,Chevron U.S.A. Inc.,Active,4,2021-06-30,2021-12-31,7,43.0,26852.0,4269.47,0,,True,,False,,,,
Midway-Sunset,040302835600,Unspecified,J280R,Chevron U.S.A. Inc.,Active,0,2018-01-31,2019-03-31,4,12.0,21054.0,3347.59,0,122.0,False,,False,,,,
Midway-Sunset,040302835600,Unspecified,J280R,Chevron U.S.A. Inc.,Active,1,2019-07-31,2019-10-31,2,9.0,17713.0,2816.37,0,61.0,False,,False,,,,
Midway-Sunset,040302835600,Unspecified,J280R,Chevron U.S.A. Inc.,Active,2,2019-12-31,2019-12-31,1,3.0,8511.0,1353.25,0,60.0,False,,False,,,,
Midway-Sunset,040302835600,Unspecified,J280R,Chevron U.S.A. Inc.,Active,3,2020-02-29,2020-07-31,5,12.0,25037.0,3980.88,0,61.0,False,,False,,,,
Midway-Sunset,040302835600,Unspecified,J280R,Chevron U.S.A. Inc.,Active,4,2020-09-30,2021-03-31,7,38.0,55588.0,8838.49,0,91.0,False,,False,,,,
Midway-Sunset,040302835600,Unspecified,J280R,Chevron U.S.A. Inc.,Active,5,2021-06-30,2021-12-31,7,39.0,25058.0,3984.22,0,,True,,False,,,,
Midway-Sunset,040302839600,15A,524,"Seneca Resources Company, LLC",Active,0,2021-06-30,2021-06-30,1,13.0,6500.0,1033.5,0,,True,,False,,,,
Midway-Sunset,040302839900,M & M,519,"Seneca Resources Company, LLC",Active,0,2018-01-31,2018-01-31,1,6.0,2400.0,381.6,0,,True,,False,,,,
Midway-Sunset,040302840000,M & M,523,"Seneca Resources Company, LLC",Active,0,2021-05-31,2021-05-31,1,7.0,3500.0,556.5,0,,True,,False,,,,
Midway-Sunset,040302841400,Unspecified,G-2601,Chevron U.S.A. Inc.,Active,0,2021-01-31,2021-01-31,1,1.0,543.0,86.34,0,,True,,False,,,,
Midway-Sunset,040302843700,Cherokee,545C,"Seneca Resources Company, LLC",Active,0,2019-08-31,2019-09-30,2,20.0,8656.0,1376.3,0,,True,,False,,,,
Midway-Sunset,040302843800,Cherokee,546C,"Seneca Resources Company, LLC",Active,0,2021-07-31,2021-08-31,2,14.0,5487.0,872.43,0,,True,,False,,,,
Midway-Sunset,040302843900,Cherokee,548C,"Seneca Resources Company, LLC",Active,0,2018-01-31,2018-01-31,1,6.0,2400.0,381.6,0,,True,,False,,,,
Midway-Sunset,040302844000,Cherokee,552C,"Seneca Resources Company, LLC",Active,0,2021-10-31,2021-10-31,1,9.0,3654.0,580.99,0,,True,,False,,,,
Midway-Sunset,040302850900,Wier,21-9,Aera Energy LLC,Active,0,2021-08-31,2021-08-31,1,11.0,10220.0,1624.98,0,,True,,False,,,,
Midway-Sunset,040302851400,Maxwell,827,Aera Energy LLC,Active,0,2018-01-31,2019-10-31,5,21.0,22408.0,3562.87,0,,True,,False,,,,
Midway-Sunset,040302863700,Bull,43,"TRC Operating Company, Inc.",Active,0,2018-01-31,2018-03-31,2,12.0,5320.0,845.88,0,61.0,False,,False,,,,
Midway-Sunset,040302863700,Bull,43,"TRC Operating Company, Inc.",Active,1,2018-05-31,2018-08-31,4,16.0,6456.0,1026.5,0,122.0,False,,False,,,,
Midway-Sunset,040302863700,Bull,43,"TRC Operating Company, Inc.",Active,2,2018-12-31,2021-12-31,26,109.0,58281.0,9266.68,0,,True,,False,,,,
Midway-Sunset,040302863800,Bull,44,"TRC Operating Company, Inc.",Active,0,2018-01-31,2018-05-31,4,20.0,9147.0,1454.37,0,61.0,False,,False,,,,
Midway-Sunset,040302863800,Bull,44,"TRC Operating Company, Inc.",Active,1,2018-07-31,2020-01-31,7,32.0,14909.0,2370.53,0,274.0,False,,False,,,,
Midway-Sunset,040302863800,Bull,44,"TRC Operating Company, Inc.",Active,2,2020-10-31,2020-10-31,1,6.0,2728.0,433.75,0,61.0,False,,False,,,,
Midway-Sunset,040302863800,Bull,44,"TRC Operating Company, Inc.",Active,3,2020-12-31,2021-01-31,2,8.0,4318.0,686.56,0,59.0,False,,False,,,,
Midway-Sunset,040302863800,Bull,44,"TRC Operating Company, Inc.",Active,4,2021-03-31,2021-08-31,6,20.0,12019.0,1911.02,0,61.0,False,,False,,,,
Midway-Sunset,040302863800,Bull,44,"TRC Operating Company, Inc.",Active,5,2021-10-31,2021-12-31,3,12.0,7824.0,1244.02,0,,True,,False,,,,
Midway-Sunset,040302864000,Bull,46,"TRC Operating Company, Inc.",Active,0,2018-01-31,2018-01-31,1,1.0,337.0,53.58,0,89.0,False,,False,,,,
Midway-Sunset,040302864000,Bull,46,"TRC Operating Company, Inc.",Active,1,2018-04-30,2018-05-31,2,4.0,1924.0,305.92,0,61.0,False,,False,,,,
Midway-Sunset,040302864000,Bull,46,"TRC Operating Company, Inc.",Active,2,2018-07-31,2019-03-31,6,24.0,11236.0,1786.52,0,335.0,False,,False,,,,
Midway-Sunset,040302864000,Bull,46,"TRC Operating Company, Inc.",Active,3,2020-02-29,2021-01-31,11,56.0,28383.0,4512.9,0,59.0,False,,False,,,,
Midway-Sunset,040302864000,Bull,46,"TRC Operating Company, Inc.",Active,4,2021-03-31,2021-12-31,10,43.0,26788.0,4259.29,0,,True,,False,,,,
Midway-Sunset,040302864100,Bull,58,"TRC Operating Company, Inc.",Active,0,2020-12-31,2021-05-31,6,42.0,13300.0,2114.7,0,61.0,False,,False,,,,
Midway-Sunset,040302864100,Bull,58,"TRC Operating Company, Inc.",Active,1,2021-07-31,2021-07-31,1,3.0,1640.0,260.76,0,61.0,False,,False,,,,
Midway-Sunset,040302864100,Bull,58,"TRC Operating Company, Inc.",Active,2,2021-09-30,2021-10-31,2,8.0,4556.0,724.4,0,61.0,False,,False,,,,
Midway-Sunset,040302864100,Bull,58,"TRC Operating Company, Inc.",Active,3,2021-12-31,2021-12-31,1,4.0,2430.0,386.37,0,,True,,False,,,,
Midway-Sunset,040302864200,Bull,36,"TRC Operating Company, Inc.",Active,0,2018-03-31,2018-03-31,1,4.0,1882.0,299.24,0,61.0,False,,False,,,,
Midway-Sunset,040302864200,Bull,36,"TRC Operating Company, Inc.",Active,1,2018-05-31,2018-05-31,1,4.0,1521.0,241.84,0,92.0,False,,False,,,,
Midway-Sunset,040302864200,Bull,36,"TRC Operating Company, Inc.",Active,2,2018-08-31,2018-08-31,1,4.0,2017.0,320.7,0,181.0,False,,False,,,,
Midway-Sunset,040302864200,Bull,36,"TRC Operating Company, Inc.",Active,3,2019-02-28,2019-02-28,1,4.0,1868.0,297.01,0,427.0,False,,False,,,,
Midway-Sunset,040302864200,Bull,36,"TRC Operating Company, Inc.",Active,4,2020-04-30,2021-12-31,20,92.0,51707.0,8221.41,0,,True,,False,,,,
Midway-Sunset,040302864400,Bull,52,"TRC Operating Company, Inc.",Active,0,2018-05-31,2021-10-31,29,127.0,64832.0,10308.29,0,61.0,False,,False,,,,
Midway-Sunset,040302864400,Bull,52,"TRC Operating Company, Inc.",Active,1,2021-12-31,2021-12-31,1,6.0,3746.0,595.61,0,,True,,False,,,,
Midway-Sunset,040302864500,Cypress,51,"TRC Operating Company, Inc.",Active,0,2018-01-31,2018-04-30,3,12.0,5402.0,858.92,0,92.0,False,,False,,,,
Midway-Sunset,040302864500,Cypress,51,"TRC Operating Company, Inc.",Active,1,2018-07-31,2018-07-31,1,4.0,1766.0,280.79,0,61.0,False,,False,,,,
Midway-Sunset,040302864500,Cypress,51,"TRC Operating Company, Inc.",Active,2,2018-09-30,2018-09-30,1,4.0,2034.0,323.41,0,151.0,False,,False,,,,
Midway-Sunset,040302864500,Cypress,51,"TRC Operating Company, Inc.",Active,3,2019-02-28,2019-02-28,1,3.0,1411.0,224.35,0,337.0,False,,False,,,,
Midway-Sunset,040302864500,Cypress,51,"TRC Operating Company, Inc.",Active,4,2020-01-31,2020-09-30,8,32.0,15659.0,2489.78,0,92.0,False,,False,,,,
Midway-Sunset,040302864500,Cypress,51,"TRC Operating Company, Inc.",Active,5,2020-12-31,2021-03-31,4,12.0,6223.0,989.46,0,61.0,False,,False,,,,
Midway-Sunset,040302864500,Cypress,51,"TRC Operating Company, Inc.",Active,6,2021-05-31,2021-05-31,1,4.0,2431.0,386.53,0,,True,,False,,,,
Midway-Sunset,040302868801,Unspecified,9249,"Seneca Resources Company, LLC",Active,0,2021-05-31,2021-06-30,2,14.0,4187.0,665.73,0,,True,,False,,,,
Midway-Sunset,040302869001,Unspecified,9553,"Seneca Resources Company, LLC",Active,0,2021-10-31,2021-11-30,2,18.0,5364.0,852.88,0,,True,,False,,,,
Midway-Sunset,040302869200,Unspecified,9560,"Seneca Resources Company, LLC",Active,0,2020-08-31,2020-10-31,3,24.0,6980.0,1109.82,0,92.0,False,,False,,,,
Midway-Sunset,040302869200,Unspecified,9560,"Seneca Resources Company, LLC",Active,1,2021-01-31,2021-02-28,2,21.0,6300.0,1001.7,0,61.0,False,,False,,,,
Midway-Sunset,040302869200,Unspecified,9560,"Seneca Resources Company, LLC",Active,2,2021-04-30,2021-05-31,2,13.0,3900.0,620.1,0,92.0,False,,False,,,,
Midway-Sunset,040302869200,Unspecified,9560,"Seneca Resources Company, LLC",Active,3,2021-08-31,2021-08-31,1,14.0,4149.0,659.69,0,,True,,False,,,,
Midway-Sunset,040302871000,Finley-Johnson-Fox,465R,Aera Energy LLC,Active,0,2021-04-30,2021-05-31,2,12.0,9946.0,1581.41,0,,True,,False,,,,
Midway-Sunset,040302879400,Unspecified,683R,Chevron U.S.A. Inc.,Idle,0,2018-02-28,2018-02-28,1,4.0,2921.0,464.44,0,,True,,False,,,,
Midway-Sunset,040302882700,Bull,53,"TRC Operating Company, Inc.",Active,0,2018-03-31,2018-04-30,2,6.0,2373.0,377.31,0,61.0,False,,False,,,,
Midway-Sunset,040302882700,Bull,53,"TRC Operating Company, Inc.",Active,1,2018-06-30,2018-07-31,2,8.0,3413.0,542.67,0,61.0,False,,False,,,,
Midway-Sunset,040302882700,Bull,53,"TRC Operating Company, Inc.",Active,2,2018-09-30,2020-02-29,6,24.0,11069.0,1759.97,0,61.0,False,,False,,,,
Midway-Sunset,040302882700,Bull,53,"TRC Operating Company, Inc.",Active,3,2020-04-30,2020-11-30,7,35.0,17273.0,2746.41,0,62.0,False,,False,,,,
Midway-Sunset,040302882700,Bull,53,"TRC Operating Company, Inc.",Active,4,2021-01-31,2021-01-31,1,4.0,1948.0,309.73,0,59.0,False,,False,,,,
Midway-Sunset,040302882700,Bull,53,"TRC Operating Company, Inc.",Active,5,2021-03-31,2021-04-30,2,12.0,6662.0,1059.26,0,61.0,False,,False,,,,
Midway-Sunset,040302882700,Bull,53,"TRC Operating Company, Inc.",Active,6,2021-06-30,2021-09-30,4,20.0,12422.0,1975.1,0,61.0,False,,False,,,,
Midway-Sunset,040302882700,Bull,53,"TRC Operating Company, Inc.",Active,7,2021-11-30,2021-12-31,2,12.0,7469.0,1187.57,0,,True,,False,,,,
Midway-Sunset,040302882900,Cypress,61,"TRC Operating Company, Inc.",Active,0,2018-03-31,2018-03-31,1,4.0,1755.0,279.05,0,61.0,False,,False,,,,
Midway-Sunset,040302882900,Cypress,61,"TRC Operating Company, Inc.",Active,1,2018-05-31,2018-05-31,1,4.0,1576.0,250.58,0,61.0,False,,False,,,,
Midway-Sunset,040302882900,Cypress,61,"TRC Operating Company, Inc.",Active,2,2018-07-31,2018-07-31,1,4.0,1894.0,301.15,0,212.0,False,,False,,,,
Midway-Sunset,040302882900,Cypress,61,"TRC Operating Company, Inc.",Active,3,2019-02-28,2020-03-31,5,16.0,8156.0,1296.8,0,426.0,False,,False,,,,
Midway-Sunset,040302882900,Cypress,61,"TRC Operating Company, Inc.",Active,4,2021-05-31,2021-05-31,1,4.0,2546.0,404.81,0,214.0,False,,False,,,,
Midway-Sunset,040302882900,Cypress,61,"TRC Operating Company, Inc.",Active,5,2021-12-31,2021-12-31,1,4.0,2339.0,371.9,0,,True,,False,,,,
Midway-Sunset,040302886300,Moco 35,WM-384C,Aera Energy LLC,Active,0,2021-05-31,2021-05-31,1,9.0,7237.0,1150.68,0,,True,,False,,,,
Midway-Sunset,040302886500,Cypress,52,"TRC Operating Company, Inc.",Active,0,2018-01-31,2020-03-31,14,60.0,27672.0,4399.85,0,426.0,False,,False,,,,
Midway-Sunset,040302886500,Cypress,52,"TRC Operating Company, Inc.",Active,1,2021-05-31,2021-10-31,6,24.0,15004.0,2385.64,0,61.0,False,,False,,,,
Midway-Sunset,040302886500,Cypress,52,"TRC Operating Company, Inc.",Active,2,2021-12-31,2021-12-31,1,8.0,4926.0,783.23,0,,True,,False,,,,
Midway-Sunset,040302886600,Cypress,60,"TRC Operating Company, Inc.",Active,0,2018-01-31,2018-01-31,1,3.0,1360.0,216.24,0,89.0,False,,False,,,,
Midway-Sunset,040302886600,Cypress,60,"TRC Operating Company, Inc.",Active,1,2018-04-30,2018-04-30,1,4.0,1846.0,293.51,0,61.0,False,,False,,,,
Midway-Sunset,040302886600,Cypress,60,"TRC Operating Company, Inc.",Active,2,2018-06-30,2018-12-31,5,11.0,5128.0,815.35,0,90.0,False,,False,,,,
Midway-Sunset,040302886600,Cypress,60,"TRC Operating Company, Inc.",Active,3,2019-03-31,2019-03-31,1,4.0,2120.0,337.08,0,335.0,False,,False,,,,
Midway-Sunset,040302886600,Cypress,60,"TRC Operating Company, Inc.",Active,4,2020-02-29,2020-07-31,5,18.0,8627.0,1371.69,0,61.0,False,,False,,,,
Midway-Sunset,040302886600,Cypress,60,"TRC Operating Company, Inc.",Active,5,2020-09-30,2020-11-30,3,11.0,5637.0,896.28,0,62.0,False,,False,,,,
Midway-Sunset,040302886600,Cypress,60,"TRC Operating Company, Inc.",Active,6,2021-01-31,2021-01-31,1,3.0,1322.0,210.2,0,89.0,False,,False,,,,
Midway-Sunset,040302886600,Cypress,60,"TRC Operating Company, Inc.",Active,7,2021-04-30,2021-12-31,9,32.0,19699.0,3132.14,0,,True,,False,,,,
Midway-Sunset,040302886700,Cypress,62,"TRC Operating Company, Inc.",Active,0,2018-06-30,2018-06-30,1,4.0,1418.0,225.46,0,62.0,False,,False,,,,
Midway-Sunset,040302886700,Cypress,62,"TRC Operating Company, Inc.",Active,1,2018-08-31,2020-01-31,6,21.0,9268.0,1473.61,0,90.0,False,,False,,,,
Midway-Sunset,040302886700,Cypress,62,"TRC Operating Company, Inc.",Active,2,2020-04-30,2020-06-30,2,8.0,4059.0,645.38,0,62.0,False,,False,,,,
Midway-Sunset,040302886700,Cypress,62,"TRC Operating Company, Inc.",Active,3,2020-08-31,2020-08-31,1,4.0,2080.0,330.72,0,61.0,False,,False,,,,
Midway-Sunset,040302886700,Cypress,62,"TRC Operating Company, Inc.",Active,4,2020-10-31,2020-10-31,1,8.0,3780.0,601.02,0,61.0,False,,False,,,,
Midway-Sunset,040302886700,Cypress,62,"TRC Operating Company, Inc.",Active,5,2020-12-31,2021-01-31,2,8.0,4395.0,698.81,0,89.0,False,,False,,,,
Midway-Sunset,040302886700,Cypress,62,"TRC Operating Company, Inc.",Active,6,2021-04-30,2021-05-31,2,8.0,5120.0,814.08,0,61.0,False,,False,,,,
Midway-Sunset,040302886700,Cypress,62,"TRC Operating Company, Inc.",Active,7,2021-07-31,2021-11-30,5,18.0,11172.0,1776.35,0,,True,,False,,,,
Midway-Sunset,040302886800,Strip,35,"TRC Operating Company, Inc.",Active,0,2018-01-31,2018-05-31,4,16.0,7128.0,1133.35,0,61.0,False,,False,,,,
Midway-Sunset,040302886800,Strip,35,"TRC Operating Company, Inc.",Active,1,2018-07-31,2020-01-31,7,26.0,12125.0,1927.88,0,213.0,False,,False,,,,
Midway-Sunset,040302886800,Strip,35,"TRC Operating Company, Inc.",Active,2,2020-08-31,2020-11-30,4,16.0,7863.0,1250.22,0,62.0,False,,False,,,,
Midway-Sunset,040302886800,Strip,35,"TRC Operating Company, Inc.",Active,3,2021-01-31,2021-01-31,1,3.0,1605.0,255.19,0,150.0,False,,False,,,,
Midway-Sunset,040302886800,Strip,35,"TRC Operating Company, Inc.",Active,4,2021-06-30,2021-06-30,1,4.0,2453.0,390.03,0,62.0,False,,False,,,,
Midway-Sunset,040302886800,Strip,35,"TRC Operating Company, Inc.",Active,5,2021-08-31,2021-11-30,4,16.0,9817.0,1560.9,0,,True,,False,,,,
Midway-Sunset,040302887900,Hondo Peerless,221,"Seneca Resources Company, LLC",Active,0,2020-12-31,2021-01-31,2,21.0,9289.0,1476.95,0,,True,,False,,,,
Midway-Sunset,040302888100,Hondo Peerless,14R,"Seneca Resources Company, LLC",Active,0,2021-10-31,2021-10-31,1,14.0,6418.0,1020.46,0,,True,,False,,,,
Midway-Sunset,040302888600,Cherokee,39CR,"Seneca Resources Company, LLC",Active,0,2018-01-31,2018-01-31,1,7.0,3850.0,612.15,0,,True,,False,,,,
Midway-Sunset,040302888700,Cherokee,129CR,"Seneca Resources Company, LLC",Active,0,2021-11-30,2021-11-30,1,14.0,6941.0,1103.62,0,,True,,False,,,,
Midway-Sunset,040302893900,M & M,143R,"Seneca Resources Company, LLC",Active,0,2018-01-31,2018-07-31,6,137.0,75900.0,12068.1,0,1127.0,False,,False,,,,
Midway-Sunset,040302893900,M & M,143R,"Seneca Resources Company, LLC",Active,1,2021-08-31,2021-08-31,1,13.0,7141.0,1135.42,0,,True,,False,,,,
Midway-Sunset,040302894400,Unspecified,476R,Chevron U.S.A. Inc.,Active,0,2018-02-28,2018-02-28,1,5.0,4199.0,667.64,0,671.0,False,,False,,,,
Midway-Sunset,040302894400,Unspecified,476R,Chevron U.S.A. Inc.,Active,1,2019-12-31,2019-12-31,1,5.0,3864.0,614.38,0,274.0,False,,False,,,,
Midway-Sunset,040302894400,Unspecified,476R,Chevron U.S.A. Inc.,Active,2,2020-09-30,2020-09-30,1,5.0,4476.0,711.68,0,,True,,False,,,,
Midway-Sunset,040302894500,Unspecified,G310,Chevron U.S.A. Inc.,Active,0,2018-01-31,2018-02-28,2,7.0,10596.0,1684.76,0,,True,,False,,,,
Midway-Sunset,040302894600,Unspecified,L300,Chevron U.S.A. Inc.,Active,0,2018-01-31,2019-03-31,4,15.0,29375.0,4670.62,0,91.0,False,,False,,,,
Midway-Sunset,040302894600,Unspecified,L300,Chevron U.S.A. Inc.,Active,1,2019-06-30,2019-07-31,2,8.0,17881.0,2843.08,0,122.0,False,,False,,,,
Midway-Sunset,040302894600,Unspecified,L300,Chevron U.S.A. Inc.,Active,2,2019-11-30,2019-11-30,1,3.0,7630.0,1213.17,0,62.0,False,,False,,,,
Midway-Sunset,040302894600,Unspecified,L300,Chevron U.S.A. Inc.,Active,3,2020-01-31,2020-06-30,5,22.0,51599.0,8204.24,0,457.0,False,,False,,,,
Midway-Sunset,040302894600,Unspecified,L300,Chevron U.S.A. Inc.,Active,4,2021-09-30,2021-10-31,2,7.0,6533.0,1038.75,0,,True,,False,,,,
Midway-Sunset,040302894700,Unspecified,M310,Chevron U.S.A. Inc.,Active,0,2018-01-31,2021-03-31,24,145.0,267794.0,42579.25,0,61.0,False,,False,,,,
Midway-Sunset,040302894700,Unspecified,M310,Chevron U.S.A. Inc.,Active,1,2021-05-31,2021-12-31,8,49.0,35516.0,5647.04,0,,True,,False,,,,
Midway-Sunset,040302895100,Unspecified,N290,Chevron U.S.A. Inc.,Active,0,2018-01-31,2020-07-31,16,75.0,160609.0,25536.83,0,243.0,False,,False,,,,
Midway-Sunset,040302895100,Unspecified,N290,Chevron U.S.A. Inc.,Active,1,2021-03-31,2021-12-31,10,53.0,34505.0,5486.3,0,,True,,False,,,,
Midway-Sunset,040302895300,Unspecified,Q180,Chevron U.S.A. Inc.,Active,0,2018-02-28,2019-02-28,2,4.0,6149.0,977.69,0,122.0,False,,False,,,,
Midway-Sunset,040302895300,Unspecified,Q180,Chevron U.S.A. Inc.,Active,1,2019-06-30,2019-11-30,4,19.0,41570.0,6609.63,0,91.0,False,,False,,,,
Midway-Sunset,040302895300,Unspecified,Q180,Chevron U.S.A. Inc.,Active,2,2020-02-29,2020-03-31,2,9.0,18571.0,2952.79,0,,True,,False,,,,
Midway-Sunset,040302895400,Unspecified,Q230,Chevron U.S.A. Inc.,Active,0,2018-01-31,2020-05-31,13,51.0,106142.0,16876.58,0,,True,,False,,,,
Midway-Sunset,040302900100,Ethel D,421,"Berry Petroleum Company, LLC",Active,0,2021-09-30,2021-11-30,3,46.0,7351.0,1168.81,0,,True,,False,,,,
Midway-Sunset,040302908400,E & M,D-08,Sentinel Peak Resources California LLC,Active,0,2018-02-28,2018-03-31,2,13.0,7531.0,1197.43,0,1310.0,False,,False,,,,
Midway-Sunset,040302908400,E & M,D-08,Sentinel Peak Resources California LLC,Active,1,2021-10-31,2021-10-31,1,2.0,363.0,57.72,0,,True,,False,,,,
Midway-Sunset,040302912900,Cherokee,550C,"Seneca Resources Company, LLC",Active,0,2020-03-31,2020-03-31,1,12.0,5300.0,842.7,0,518.0,False,,False,,,,
Midway-Sunset,040302912900,Cherokee,550C,"Seneca Resources Company, LLC",Active,1,2021-08-31,2021-10-31,3,29.0,11363.0,1806.72,0,,True,,False,,,,
Midway-Sunset,040302929000,Ethel D,422,"Berry Petroleum Company, LLC",Idle,0,2018-04-30,2019-01-31,2,26.0,20788.0,3305.29,0,,True,,False,,,,
Midway-Sunset,040302931300,Unspecified,872,Chevron U.S.A. Inc.,Active,0,2018-02-28,2018-02-28,1,5.0,4169.0,662.87,0,487.0,False,,False,,,,
Midway-Sunset,040302931300,Unspecified,872,Chevron U.S.A. Inc.,Active,1,2019-06-30,2019-06-30,1,4.0,3006.0,477.95,0,,True,,False,,,,
Midway-Sunset,040302931400,Unspecified,873,Chevron U.S.A. Inc.,Active,0,2019-04-30,2019-04-30,1,3.0,1870.0,297.33,0,,True,,False,,,,
Midway-Sunset,040302931900,Cherokee,551C,"Seneca Resources Company, LLC",Active,0,2021-09-30,2021-10-31,2,11.0,4302.0,684.02,0,,True,,False,,,,
Midway-Sunset,040302950200,15A,525,"Seneca Resources Company, LLC",Active,0,2018-01-31,2018-01-31,1,14.0,5600.0,890.4,0,,True,,False,,,,
Midway-Sunset,040302955800,Dickinson Trust,1-175,Aera Energy LLC,Active,0,2018-01-31,2021-09-30,3,27.0,22259.0,3539.18,0,,True,,False,,,,
Midway-Sunset,040302956400,Marvic,25,Aera Energy LLC,Active,0,2021-01-31,2021-01-31,1,9.0,9397.0,1494.12,0,,True,,False,,,,
Midway-Sunset,040302960100,Amber,167R,Chevron U.S.A. Inc.,Active,0,2020-01-31,2020-01-31,1,5.0,6842.0,1087.88,0,,True,,False,,,,
Midway-Sunset,040302960600,Hillside,710H,"Berry Petroleum Company, LLC",Idle,0,2018-04-30,2018-05-31,2,33.0,43216.0,6871.34,0,,True,,False,,,,
Midway-Sunset,040302962500,Virginia,65B,Chevron U.S.A. Inc.,Active,0,2020-03-31,2020-03-31,1,5.0,3584.0,569.86,0,183.0,False,,False,,,,
Midway-Sunset,040302962500,Virginia,65B,Chevron U.S.A. Inc.,Active,1,2020-09-30,2020-09-30,1,5.0,3706.0,589.25,0,182.0,False,,False,,,,
Midway-Sunset,040302962500,Virginia,65B,Chevron U.S.A. Inc.,Active,2,2021-03-31,2021-03-31,1,4.0,1835.0,291.76,0,,True,,False,,,,
Midway-Sunset,040302962700,Keene,60,Sentinel Peak Resources California LLC,Active,0,2018-02-28,2018-03-31,2,7.0,6253.0,994.23,0,,True,,False,,,,
Midway-Sunset,040302962800,Keene,61,Sentinel Peak Resources California LLC,Active,0,2018-02-28,2018-03-31,2,6.0,6173.0,981.51,0,,True,,False,,,,
Midway-Sunset,040302962900,Keene,62,Sentinel Peak Resources California LLC,Active,0,2018-02-28,2018-03-31,2,10.0,6423.0,1021.26,0,,True,,False,,,,
Midway-Sunset,040302963000,Keene,63,Sentinel Peak Resources California LLC,Active,0,2018-02-28,2018-03-31,2,6.0,5027.0,799.29,0,,True,,False,,,,
Midway-Sunset,040302964200,Keene,57,Sentinel Peak Resources California LLC,Active,0,2018-02-28,2018-02-28,1,3.0,1823.0,289.86,0,396.0,False,,False,,,,
Midway-Sunset,040302964200,Keene,57,Sentinel Peak Resources California LLC,Active,1,2019-03-31,2019-04-30,2,6.0,4695.0,746.5,0,489.0,False,,False,,,,
Midway-Sunset,040302964200,Keene,57,Sentinel Peak Resources California LLC,Active,2,2020-08-31,2020-08-31,1,3.0,1115.0,177.28,0,122.0,False,,False,,,,
Midway-Sunset,040302964200,Keene,57,Sentinel Peak Resources California LLC,Active,3,2020-12-31,2021-11-30,12,48.0,18726.0,2977.43,0,,True,,False,,,,
Midway-Sunset,040302964300,Keene,58,Sentinel Peak Resources California LLC,Active,0,2018-03-31,2018-03-31,1,6.0,2872.0,456.65,0,,True,,False,,,,
Midway-Sunset,040302964500,Keene,64,Sentinel Peak Resources California LLC,Active,0,2018-02-28,2018-03-31,2,8.0,3973.0,631.71,0,,True,,False,,,,
Midway-Sunset,040302964600,Keene,65,Sentinel Peak Resources California LLC,Active,0,2018-02-28,2018-03-31,2,8.0,4323.0,687.36,0,,True,,False,,,,
Midway-Sunset,040302964700,Keene,66,Sentinel Peak Resources California LLC,Active,0,2018-02-28,2018-02-28,1,3.0,1626.0,258.53,0,61.0,False,,False,,,,
Midway-Sunset,040302964700,Keene,66,Sentinel Peak Resources California LLC,Active,1,2018-04-30,2018-05-31,2,7.0,5130.0,815.67,0,61.0,False,,False,,,,
Midway-Sunset,040302964700,Keene,66,Sentinel Peak Resources California LLC,Active,2,2018-07-31,2019-01-31,7,21.0,15303.0,2433.18,0,89.0,False,,False,,,,
Midway-Sunset,040302964700,Keene,66,Sentinel Peak Resources California LLC,Active,3,2019-04-30,2019-04-30,1,3.0,3085.0,490.51,0,92.0,False,,False,,,,
Midway-Sunset,040302964700,Keene,66,Sentinel Peak Resources California LLC,Active,4,2019-07-31,2019-07-31,1,2.0,1983.0,315.3,0,335.0,False,,False,,,,
Midway-Sunset,040302964700,Keene,66,Sentinel Peak Resources California LLC,Active,5,2020-06-30,2021-01-31,8,32.0,8646.0,1374.71,0,,True,,False,,,,
Midway-Sunset,040302965000,South Cerritos,23,Sentinel Peak Resources California LLC,Active,0,2018-03-31,2018-03-31,1,2.0,1572.0,249.95,0,,True,,False,,,,
Midway-Sunset,040302969300,Kelly,16,Sentinel Peak Resources California LLC,Active,0,2018-03-31,2018-03-31,1,6.0,3200.0,508.8,0,822.0,False,,False,,,,
Midway-Sunset,040302969300,Kelly,16,Sentinel Peak Resources California LLC,Active,1,2020-06-30,2020-09-30,4,18.0,7507.0,1193.61,0,,True,,False,,,,
Midway-Sunset,040302969800,Kelly,20,Sentinel Peak Resources California LLC,Plugged,0,2018-02-28,2018-05-31,4,24.0,13316.0,2117.24,0,61.0,False,,False,,,,
Midway-Sunset,040302969800,Kelly,20,Sentinel Peak Resources California LLC,Plugged,1,2018-07-31,2018-10-31,4,12.0,8164.0,1298.08,0,,True,,False,,,,
Midway-Sunset,040302969900,Kelly,17,Sentinel Peak Resources California LLC,Active,0,2018-02-28,2018-03-31,2,11.0,6310.0,1003.29,0,822.0,False,,False,,,,
Midway-Sunset,040302969900,Kelly,17,Sentinel Peak Resources California LLC,Active,1,2020-06-30,2020-07-31,2,6.0,2345.0,372.86,0,61.0,False,,False,,,,
Midway-Sunset,040302969900,Kelly,17,Sentinel Peak Resources California LLC,Active,2,2020-09-30,2021-04-30,8,27.0,10743.0,1708.14,0,61.0,False,,False,,,,
Midway-Sunset,040302969900,Kelly,17,Sentinel Peak Resources California LLC,Active,3,2021-06-30,2021-12-31,7,51.0,36457.0,5796.66,0,,True,,False,,,,
Midway-Sunset,040302970000,Kelly,18,Sentinel Peak Resources California LLC,Active,0,2018-03-31,2018-03-31,1,3.0,1185.0,188.41,0,,True,,False,,,,
Midway-Sunset,040302976300,Berry & Ewing,663SH,"Berry Petroleum Company, LLC",Active,0,2018-10-31,2018-11-30,2,21.0,27184.0,4322.26,0,,True,,False,,,,
Midway-Sunset,040302976400,Berry & Ewing,668SH,"Berry Petroleum Company, LLC",Active,0,2018-02-28,2018-10-31,3,42.0,69161.0,10996.6,0,,True,,False,,,,
Midway-Sunset,040302987100,Virginia,65A,Chevron U.S.A. Inc.,Idle,0,2020-02-29,2020-02-29,1,4.0,2628.0,417.85,0,,True,,False,,,,
Midway-Sunset,040302987300,Virginia,76B,Chevron U.S.A. Inc.,Active,0,2018-02-28,2018-02-28,1,2.0,1.0,0.16,0,,True,,False,,,,
Midway-Sunset,040302987301,Virginia,76B,Chevron U.S.A. Inc.,Active,0,2020-09-30,2020-09-30,1,2.0,824.0,131.02,0,365.0,False,,False,,,,
Midway-Sunset,040302987301,Virginia,76B,Chevron U.S.A. Inc.,Active,1,2021-09-30,2021-09-30,1,5.0,2506.0,398.45,0,,True,,False,,,,
Midway-Sunset,040302988400,Unspecified,53A,Chevron U.S.A. Inc.,Active,0,2019-10-31,2019-10-31,1,5.0,3458.0,549.82,0,,True,,False,,,,
Midway-Sunset,040302990100,Formax West,K-6T,"Berry Petroleum Company, LLC",Active,0,2018-10-31,2021-04-30,4,49.0,19696.0,3131.66,0,,True,,False,,,,
Midway-Sunset,040302997900,Finley-Johnson-Fox,487R,Aera Energy LLC,Active,0,2021-07-31,2021-12-31,2,12.0,9506.0,1511.45,0,,True,,False,,,,
Midway-Sunset,040302999100,Finley-Johnson-Fox,453R,Aera Energy LLC,Active,0,2021-07-31,2021-07-31,1,12.0,9805.0,1559.0,0,,True,,False,,,,
Midway-Sunset,040303001400,Ethel D,46R,"Berry Petroleum Company, LLC",Active,0,2021-07-31,2021-09-30,2,50.0,27171.0,4320.19,0,,True,,False,,,,
Midway-Sunset,040303005200,Fairfield Fee D,195,"Berry Petroleum Company, LLC",Active,0,2018-06-30,2018-06-30,1,2.0,300.0,47.7,0,,True,,False,,,,
Midway-Sunset,040303005500,Unspecified,459,Chevron U.S.A. Inc.,Active,0,2020-01-31,2020-01-31,1,4.0,2807.0,446.31,0,,True,,False,,,,
Midway-Sunset,040303005600,Unspecified,469,Chevron U.S.A. Inc.,Active,0,2018-02-28,2018-02-28,1,6.0,5416.0,861.14,0,,True,,False,,,,
Midway-Sunset,040303006300,Unspecified,616,Chevron U.S.A. Inc.,Active,0,2020-02-29,2020-02-29,1,6.0,4526.0,719.63,0,184.0,False,,False,,,,
Midway-Sunset,040303006300,Unspecified,616,Chevron U.S.A. Inc.,Active,1,2020-08-31,2020-09-30,2,5.0,4512.0,717.41,0,,True,,False,,,,
Midway-Sunset,040303007600,Pan,152,"Berry Petroleum Company, LLC",Active,0,2018-05-31,2018-05-31,1,2.0,1200.0,190.8,0,,True,,False,,,,
Midway-Sunset,040303018300,E & M,210L,Sentinel Peak Resources California LLC,Active,0,2018-03-31,2018-03-31,1,3.0,1609.0,255.83,0,,True,,False,,,,
Midway-Sunset,040303018400,E & M,216L,Sentinel Peak Resources California LLC,Active,0,2018-02-28,2018-03-31,2,11.0,6447.0,1025.07,0,91.0,False,,False,,,,
Midway-Sunset,040303018400,E & M,216L,Sentinel Peak Resources California LLC,Active,1,2018-06-30,2018-07-31,2,11.0,5330.0,847.47,0,61.0,False,,False,,,,
Midway-Sunset,040303018400,E & M,216L,Sentinel Peak Resources California LLC,Active,2,2018-09-30,2018-09-30,1,6.0,4406.0,700.55,0,61.0,False,,False,,,,
Midway-Sunset,040303018400,E & M,216L,Sentinel Peak Resources California LLC,Active,3,2018-11-30,2019-02-28,4,20.0,14307.0,2274.81,0,61.0,False,,False,,,,
Midway-Sunset,040303018400,E & M,216L,Sentinel Peak Resources California LLC,Active,4,2019-04-30,2019-07-31,4,20.0,15057.0,2394.06,0,184.0,False,,False,,,,
Midway-Sunset,040303018400,E & M,216L,Sentinel Peak Resources California LLC,Active,5,2020-01-31,2020-03-31,3,18.0,10472.0,1665.05,0,306.0,False,,False,,,,
Midway-Sunset,040303018400,E & M,216L,Sentinel Peak Resources California LLC,Active,6,2021-01-31,2021-12-31,12,66.0,32767.0,5209.95,0,,True,,False,,,,
Midway-Sunset,040303018500,E & M,200N,Sentinel Peak Resources California LLC,Active,0,2018-03-31,2018-03-31,1,6.0,3134.0,498.31,0,,True,,False,,,,
Midway-Sunset,040303023200,,A-27,"Seneca Resources Company, LLC",Active,0,2018-01-31,2018-01-31,1,4.0,1654.0,262.99,0,,True,,False,,,,
Midway-Sunset,040303024600,E & M,216K,Sentinel Peak Resources California LLC,Active,0,2018-03-31,2018-03-31,1,2.0,1597.0,253.92,0,,True,,False,,,,
Midway-Sunset,040303024700,E & M,218K,Sentinel Peak Resources California LLC,Active,0,2018-02-28,2018-02-28,1,6.0,5241.0,833.32,0,122.0,False,,False,,,,
Midway-Sunset,040303024700,E & M,218K,Sentinel Peak Resources California LLC,Active,1,2018-06-30,2018-08-31,3,11.0,6996.0,1112.36,0,91.0,False,,False,,,,
Midway-Sunset,040303024700,E & M,218K,Sentinel Peak Resources California LLC,Active,2,2018-11-30,2019-01-31,3,16.0,10711.0,1703.05,0,59.0,False,,False,,,,
Midway-Sunset,040303024700,E & M,218K,Sentinel Peak Resources California LLC,Active,3,2019-03-31,2019-04-30,2,12.0,8589.0,1365.65,0,92.0,False,,False,,,,
Midway-Sunset,040303024700,E & M,218K,Sentinel Peak Resources California LLC,Active,4,2019-07-31,2019-07-31,1,8.0,6661.0,1059.1,0,184.0,False,,False,,,,
Midway-Sunset,040303024700,E & M,218K,Sentinel Peak Resources California LLC,Active,5,2020-01-31,2020-01-31,1,5.0,3489.0,554.75,0,60.0,False,,False,,,,
Midway-Sunset,040303024700,E & M,218K,Sentinel Peak Resources California LLC,Active,6,2020-03-31,2020-03-31,1,4.0,2527.0,401.79,0,306.0,False,,False,,,,
Midway-Sunset,040303024700,E & M,218K,Sentinel Peak Resources California LLC,Active,7,2021-01-31,2021-03-31,3,12.0,9408.0,1495.87,0,,True,,False,,,,
Midway-Sunset,040303024900,E & M,212L,Sentinel Peak Resources California LLC,Active,0,2018-02-28,2018-03-31,2,12.0,6602.0,1049.72,0,,True,,False,,,,
Midway-Sunset,040303025100,E & M,202M,Sentinel Peak Resources California LLC,Active,0,2018-03-31,2018-03-31,1,6.0,3023.0,480.66,0,,True,,False,,,,
Midway-Sunset,040303058000,E & M,208K,Sentinel Peak Resources California LLC,Active,0,2018-03-31,2018-03-31,1,6.0,3616.0,574.94,0,,True,,False,,,,
Midway-Sunset,040303058100,E & M,210K,Sentinel Peak Resources California LLC,Active,0,2018-03-31,2018-03-31,1,2.0,1140.0,181.26,0,,True,,False,,,,
Midway-Sunset,040303058300,E & M,208M,Sentinel Peak Resources California LLC,Active,0,2018-02-28,2018-02-28,1,6.0,3470.0,551.73,0,92.0,False,,False,,,,
Midway-Sunset,040303058300,E & M,208M,Sentinel Peak Resources California LLC,Active,1,2018-05-31,2018-05-31,1,7.0,3495.0,555.71,0,61.0,False,,False,,,,
Midway-Sunset,040303058300,E & M,208M,Sentinel Peak Resources California LLC,Active,2,2018-07-31,2018-07-31,1,6.0,3236.0,514.52,0,61.0,False,,False,,,,
Midway-Sunset,040303058300,E & M,208M,Sentinel Peak Resources California LLC,Active,3,2018-09-30,2019-07-31,11,123.0,85818.0,13645.06,0,213.0,False,,False,,,,
Midway-Sunset,040303058300,E & M,208M,Sentinel Peak Resources California LLC,Active,4,2020-02-29,2020-02-29,1,4.0,2702.0,429.62,0,337.0,False,,False,,,,
Midway-Sunset,040303058300,E & M,208M,Sentinel Peak Resources California LLC,Active,5,2021-01-31,2021-10-31,10,51.0,28917.0,4597.8,0,,True,,False,,,,
Midway-Sunset,040303058700,Pan,135,"Berry Petroleum Company, LLC",Active,0,2018-05-31,2018-06-30,2,24.0,18648.0,2965.03,0,,True,,False,,,,
Midway-Sunset,040303058800,Pan,142,"Berry Petroleum Company, LLC",Active,0,2018-01-31,2020-02-29,4,91.0,74106.0,11782.85,0,,True,,False,,,,
Midway-Sunset,040303071400,,4650,Chevron U.S.A. Inc.,Active,0,2019-04-30,2019-04-30,1,4.0,3508.0,557.77,0,550.0,False,,False,,,,
Midway-Sunset,040303071400,,4650,Chevron U.S.A. Inc.,Active,1,2020-10-31,2020-10-31,1,1.0,217.0,34.5,0,,True,,False,,,,
Midway-Sunset,040303086100,Unspecified,G-LL100,Chevron U.S.A. Inc.,Active,0,2019-11-30,2019-11-30,1,5.0,6162.0,979.76,0,366.0,False,,False,,,,
Midway-Sunset,040303086100,Unspecified,G-LL100,Chevron U.S.A. Inc.,Active,1,2020-11-30,2020-12-31,2,6.0,4396.0,698.96,0,,True,,False,,,,
Midway-Sunset,040303096200,E & M,206J,Sentinel Peak Resources California LLC,Active,0,2018-02-28,2018-02-28,1,6.0,3781.0,601.18,0,,True,,False,,,,
Midway-Sunset,040303096800,E & M,204M,Sentinel Peak Resources California LLC,Active,0,2018-02-28,2018-03-31,2,10.0,5372.0,854.15,0,,True,,False,,,,
Midway-Sunset,040303101900,Ethel D,424,"Berry Petroleum Company, LLC",Active,0,2018-06-30,2021-01-31,4,38.0,27062.0,4302.86,0,,True,,False,,,,
Midway-Sunset,040303102000,Ethel D,425,"Berry Petroleum Company, LLC",Active,0,2021-07-31,2021-09-30,2,36.0,9722.0,1545.8,0,,True,,False,,,,
Midway-Sunset,040303110000,Moco 34,T-396D,Aera Energy LLC,Active,0,2021-10-31,2021-10-31,1,7.0,5803.0,922.68,0,,True,,False,,,,
Midway-Sunset,040303118500,Pan,172,"Berry Petroleum Company, LLC",Idle,0,2018-06-30,2019-01-31,7,96.0,50188.0,7979.89,0,,True,,False,,,,
Midway-Sunset,040303144000,MBS,5-4B,Aera Energy LLC,Active,0,2018-01-31,2021-03-31,2,22.0,14146.0,2249.21,0,,True,,False,,,,
Midway-Sunset,040303177000,Unspecified,G-11HR,Chevron U.S.A. Inc.,Active,0,2019-06-30,2019-06-30,1,6.0,5962.0,947.96,0,244.0,False,,False,,,,
Midway-Sunset,040303177000,Unspecified,G-11HR,Chevron U.S.A. Inc.,Active,1,2020-02-29,2020-02-29,1,4.0,4151.0,660.01,0,,True,,False,,,,
Midway-Sunset,040303180300,Pru,TP66B,Aera Energy LLC,Active,0,2021-04-30,2021-04-30,1,4.0,3413.0,542.67,0,,True,,False,,,,
Midway-Sunset,040303180400,Pru,TP45C,Aera Energy LLC,Active,0,2021-02-28,2021-11-30,3,15.0,11452.0,1820.87,0,,True,,False,,,,
Midway-Sunset,040303197000,M & M,105R,"Seneca Resources Company, LLC",Active,0,2019-12-31,2020-01-31,2,24.0,13140.0,2089.26,0,,True,,False,,,,
Midway-Sunset,040303202700,Ethel D,426,"Berry Petroleum Company, LLC",Active,0,2018-09-30,2018-10-31,2,13.0,12125.0,1927.88,0,,True,,False,,,,
Midway-Sunset,040303202800,Ethel D,427,"Berry Petroleum Company, LLC",Active,0,2018-03-31,2020-12-31,2,19.0,16980.0,2699.82,0,,True,,False,,,,
Midway-Sunset,040303206000,E & M,206M,Sentinel Peak Resources California LLC,Active,0,2018-03-31,2018-03-31,1,2.0,984.0,156.46,0,,True,,False,,,,
Midway-Sunset,040303214400,Exeter-BAOC,136M,Aera Energy LLC,Active,0,2021-05-31,2021-11-30,3,23.0,19897.0,3163.62,0,,True,,False,,,,
Midway-Sunset,040303220900,Cherokee,560C,"Seneca Resources Company, LLC",Active,0,2021-12-31,2021-12-31,1,11.0,5291.0,841.27,0,,True,,False,,,,
Midway-Sunset,040303229900,Alpine,390H,"Berry Petroleum Company, LLC",Active,0,2018-05-31,2020-08-31,4,96.0,108928.0,17319.55,0,,True,,False,,,,
Midway-Sunset,040303230000,Hopkins,420H,"Berry Petroleum Company, LLC",Active,0,2018-07-31,2018-09-30,3,51.0,92784.0,14752.66,0,,True,,False,,,,
Midway-Sunset,040303230100,Section 31D,460H,"Berry Petroleum Company, LLC",Active,0,2021-01-31,2021-04-30,4,85.0,130196.0,20701.16,0,,True,,False,,,,
Midway-Sunset,040303230200,Section 31D,485H,"Berry Petroleum Company, LLC",Active,0,2018-01-31,2020-09-30,3,75.0,75491.0,12003.07,0,,True,,False,,,,
Midway-Sunset,040303231100,Unspecified,G270,Chevron U.S.A. Inc.,Active,0,2018-01-31,2019-11-30,8,32.0,66768.0,10616.11,0,62.0,False,,False,,,,
Midway-Sunset,040303231100,Unspecified,G270,Chevron U.S.A. Inc.,Active,1,2020-01-31,2020-03-31,3,10.0,23483.0,3733.8,0,,True,,False,,,,
Midway-Sunset,040303231200,Unspecified,G280,Chevron U.S.A. Inc.,Plugged,0,2018-01-31,2019-03-31,4,15.0,29065.0,4621.34,0,,True,,False,,,,
Midway-Sunset,040303252700,Metson,H100-24,Aera Energy LLC,Idle,0,2018-01-31,2018-04-30,3,14.0,16206.0,2576.75,0,,True,,False,,,,
Midway-Sunset,040303273100,Birch,27,"TRC Operating Company, Inc.",Active,0,2018-01-31,2019-02-28,10,41.0,17875.0,2842.12,0,337.0,False,,False,,,,
Midway-Sunset,040303273100,Birch,27,"TRC Operating Company, Inc.",Active,1,2020-01-31,2020-01-31,1,4.0,1873.0,297.81,0,60.0,False,,False,,,,
Midway-Sunset,040303273100,Birch,27,"TRC Operating Company, Inc.",Active,2,2020-03-31,2020-08-31,5,20.0,10250.0,1629.75,0,91.0,False,,False,,,,
Midway-Sunset,040303273100,Birch,27,"TRC Operating Company, Inc.",Active,3,2020-11-30,2021-04-30,6,20.0,10721.0,1704.64,0,61.0,False,,False,,,,
Midway-Sunset,040303273100,Birch,27,"TRC Operating Company, Inc.",Active,4,2021-06-30,2021-08-31,3,12.0,7577.0,1204.74,0,61.0,False,,False,,,,
Midway-Sunset,040303273100,Birch,27,"TRC Operating Company, Inc.",Active,5,2021-10-31,2021-12-31,3,12.0,7600.0,1208.4,0,,True,,False,,,,
Midway-Sunset,040303273200,Birch,28,"TRC Operating Company, Inc.",Active,0,2018-01-31,2018-07-31,6,24.0,10840.0,1723.56,0,61.0,False,,False,,,,
Midway-Sunset,040303273200,Birch,28,"TRC Operating Company, Inc.",Active,1,2018-09-30,2020-04-30,8,36.0,17820.0,2833.38,0,92.0,False,,False,,,,
Midway-Sunset,040303273200,Birch,28,"TRC Operating Company, Inc.",Active,2,2020-07-31,2021-04-30,10,44.0,22814.0,3627.43,0,61.0,False,,False,,,,
Midway-Sunset,040303273200,Birch,28,"TRC Operating Company, Inc.",Active,3,2021-06-30,2021-12-31,7,29.0,18047.0,2869.47,0,,True,,False,,,,
Midway-Sunset,040303273300,Bull,33,"TRC Operating Company, Inc.",Active,0,2018-01-31,2018-04-30,3,9.0,3883.0,617.4,0,92.0,False,,False,,,,
Midway-Sunset,040303273300,Bull,33,"TRC Operating Company, Inc.",Active,1,2018-07-31,2018-07-31,1,4.0,1799.0,286.04,0,61.0,False,,False,,,,
Midway-Sunset,040303273300,Bull,33,"TRC Operating Company, Inc.",Active,2,2018-09-30,2018-09-30,1,8.0,4118.0,654.76,0,,True,,False,,,,
Midway-Sunset,040303273400,Bull,39,"TRC Operating Company, Inc.",Active,0,2018-04-30,2018-06-30,3,9.0,3422.0,544.1,0,62.0,False,,False,,,,
Midway-Sunset,040303273400,Bull,39,"TRC Operating Company, Inc.",Active,1,2018-08-31,2018-08-31,1,4.0,1088.0,172.99,0,122.0,False,,False,,,,
Midway-Sunset,040303273400,Bull,39,"TRC Operating Company, Inc.",Active,2,2018-12-31,2019-03-31,3,10.0,4624.0,735.22,0,366.0,False,,False,,,,
Midway-Sunset,040303273400,Bull,39,"TRC Operating Company, Inc.",Active,3,2020-03-31,2020-03-31,1,4.0,1838.0,292.24,0,214.0,False,,False,,,,
Midway-Sunset,040303273400,Bull,39,"TRC Operating Company, Inc.",Active,4,2020-10-31,2020-10-31,1,4.0,1743.0,277.14,0,212.0,False,,False,,,,
Midway-Sunset,040303273400,Bull,39,"TRC Operating Company, Inc.",Active,5,2021-05-31,2021-05-31,1,4.0,2523.0,401.16,0,61.0,False,,False,,,,
Midway-Sunset,040303273400,Bull,39,"TRC Operating Company, Inc.",Active,6,2021-07-31,2021-07-31,1,4.0,2624.0,417.22,0,61.0,False,,False,,,,
Midway-Sunset,040303273400,Bull,39,"TRC Operating Company, Inc.",Active,7,2021-09-30,2021-11-30,3,10.0,6117.0,972.6,0,,True,,False,,,,
Midway-Sunset,040303273500,Bull,40,"TRC Operating Company, Inc.",Active,0,2018-05-31,2018-05-31,1,4.0,1528.0,242.95,0,61.0,False,,False,,,,
Midway-Sunset,040303273500,Bull,40,"TRC Operating Company, Inc.",Active,1,2018-07-31,2019-03-31,6,20.0,9675.0,1538.33,0,335.0,False,,False,,,,
Midway-Sunset,040303273500,Bull,40,"TRC Operating Company, Inc.",Active,2,2020-02-29,2020-04-30,3,9.0,4156.0,660.8,0,92.0,False,,False,,,,
Midway-Sunset,040303273500,Bull,40,"TRC Operating Company, Inc.",Active,3,2020-07-31,2020-09-30,3,12.0,5584.0,887.86,0,61.0,False,,False,,,,
Midway-Sunset,040303273500,Bull,40,"TRC Operating Company, Inc.",Active,4,2020-11-30,2020-11-30,1,4.0,2143.0,340.74,0,62.0,False,,False,,,,
Midway-Sunset,040303273500,Bull,40,"TRC Operating Company, Inc.",Active,5,2021-01-31,2021-01-31,1,4.0,2039.0,324.2,0,59.0,False,,False,,,,
Midway-Sunset,040303273500,Bull,40,"TRC Operating Company, Inc.",Active,6,2021-03-31,2021-03-31,1,4.0,2190.0,348.21,0,61.0,False,,False,,,,
Midway-Sunset,040303273500,Bull,40,"TRC Operating Company, Inc.",Active,7,2021-05-31,2021-06-30,2,8.0,4860.0,772.74,0,62.0,False,,False,,,,
Midway-Sunset,040303273500,Bull,40,"TRC Operating Company, Inc.",Active,8,2021-08-31,2021-08-31,1,4.0,2553.0,405.93,0,61.0,False,,False,,,,
Midway-Sunset,040303273500,Bull,40,"TRC Operating Company, Inc.",Active,9,2021-10-31,2021-10-31,1,4.0,2439.0,387.8,0,61.0,False,,False,,,,
Midway-Sunset,040303273500,Bull,40,"TRC Operating Company, Inc.",Active,10,2021-12-31,2021-12-31,1,4.0,2672.0,424.85,0,,True,,False,,,,
Midway-Sunset,040303273600,Bull,41,"TRC Operating Company, Inc.",Active,0,2018-01-31,2018-01-31,1,4.0,1846.0,293.51,0,89.0,False,,False,,,,
Midway-Sunset,040303273600,Bull,41,"TRC Operating Company, Inc.",Active,1,2018-04-30,2018-07-31,4,16.0,6524.0,1037.32,0,61.0,False,,False,,,,
Midway-Sunset,040303273600,Bull,41,"TRC Operating Company, Inc.",Active,2,2018-09-30,2019-03-31,4,17.0,7943.0,1262.94,0,335.0,False,,False,,,,
Midway-Sunset,040303273600,Bull,41,"TRC Operating Company, Inc.",Active,3,2020-02-29,2020-12-31,10,40.0,20073.0,3191.61,0,59.0,False,,False,,,,
Midway-Sunset,040303273600,Bull,41,"TRC Operating Company, Inc.",Active,4,2021-02-28,2021-11-30,10,39.0,23013.0,3659.07,0,,True,,False,,,,
Midway-Sunset,040303273800,Bull,47,"TRC Operating Company, Inc.",Active,0,2018-01-31,2018-05-31,4,16.0,7053.0,1121.43,0,61.0,False,,False,,,,
Midway-Sunset,040303273800,Bull,47,"TRC Operating Company, Inc.",Active,1,2018-07-31,2018-08-31,2,8.0,3501.0,556.66,0,122.0,False,,False,,,,
Midway-Sunset,040303273800,Bull,47,"TRC Operating Company, Inc.",Active,2,2018-12-31,2021-01-31,15,64.0,32360.0,5145.24,0,59.0,False,,False,,,,
Midway-Sunset,040303273800,Bull,47,"TRC Operating Company, Inc.",Active,3,2021-03-31,2021-12-31,10,49.0,29783.0,4735.5,0,,True,,False,,,,
Midway-Sunset,040303273900,Bull,48,"TRC Operating Company, Inc.",Active,0,2018-01-31,2018-06-30,5,17.0,7411.0,1178.35,0,62.0,False,,False,,,,
Midway-Sunset,040303273900,Bull,48,"TRC Operating Company, Inc.",Active,1,2018-08-31,2019-02-28,4,13.0,5620.0,893.58,0,366.0,False,,False,,,,
Midway-Sunset,040303273900,Bull,48,"TRC Operating Company, Inc.",Active,2,2020-02-29,2021-12-31,22,100.0,56052.0,8912.27,0,,True,,False,,,,
Midway-Sunset,040303274000,Bull,49,"TRC Operating Company, Inc.",Active,0,2018-01-31,2018-05-31,4,16.0,7293.0,1159.59,0,61.0,False,,False,,,,
Midway-Sunset,040303274000,Bull,49,"TRC Operating Company, Inc.",Active,1,2018-07-31,2019-03-31,6,28.0,13455.0,2139.35,0,335.0,False,,False,,,,
Midway-Sunset,040303274000,Bull,49,"TRC Operating Company, Inc.",Active,2,2020-02-29,2020-08-31,6,28.0,14104.0,2242.54,0,61.0,False,,False,,,,
Midway-Sunset,040303274000,Bull,49,"TRC Operating Company, Inc.",Active,3,2020-10-31,2021-12-31,15,68.0,39462.0,6274.46,0,,True,,False,,,,
Midway-Sunset,040303274100,Bull,54,"TRC Operating Company, Inc.",Active,0,2018-01-31,2018-08-31,7,27.0,11974.0,1903.87,0,122.0,False,,False,,,,
Midway-Sunset,040303274100,Bull,54,"TRC Operating Company, Inc.",Active,1,2018-12-31,2020-03-31,6,24.0,11897.0,1891.62,0,153.0,False,,False,,,,
Midway-Sunset,040303274100,Bull,54,"TRC Operating Company, Inc.",Active,2,2020-08-31,2021-01-31,6,27.0,12944.0,2058.1,0,59.0,False,,False,,,,
Midway-Sunset,040303274100,Bull,54,"TRC Operating Company, Inc.",Active,3,2021-03-31,2021-12-31,10,48.0,28830.0,4583.97,0,,True,,False,,,,
Midway-Sunset,040303274200,Bull,55,"TRC Operating Company, Inc.",Active,0,2018-01-31,2021-01-31,23,102.0,49787.0,7916.13,0,59.0,False,,False,,,,
Midway-Sunset,040303274200,Bull,55,"TRC Operating Company, Inc.",Active,1,2021-03-31,2021-03-31,1,1.0,46.0,7.31,0,91.0,False,,False,,,,
Midway-Sunset,040303274200,Bull,55,"TRC Operating Company, Inc.",Active,2,2021-06-30,2021-12-31,7,36.0,22462.0,3571.46,0,,True,,False,,,,
Midway-Sunset,040303274400,Bull,61,"TRC Operating Company, Inc.",Active,0,2018-01-31,2018-04-30,3,8.0,3642.0,579.08,0,61.0,False,,False,,,,
Midway-Sunset,040303274400,Bull,61,"TRC Operating Company, Inc.",Active,1,2018-06-30,2018-06-30,1,4.0,1645.0,261.56,0,62.0,False,,False,,,,
Midway-Sunset,040303274400,Bull,61,"TRC Operating Company, Inc.",Active,2,2018-08-31,2018-08-31,1,4.0,1933.0,307.35,0,212.0,False,,False,,,,
Midway-Sunset,040303274400,Bull,61,"TRC Operating Company, Inc.",Active,3,2019-03-31,2019-03-31,1,4.0,1887.0,300.03,0,,True,,False,,,,
Midway-Sunset,040303274500,Cypress,57,"TRC Operating Company, Inc.",Active,0,2018-01-31,2018-04-30,3,14.0,6353.0,1010.13,0,61.0,False,,False,,,,
Midway-Sunset,040303274500,Cypress,57,"TRC Operating Company, Inc.",Active,1,2018-06-30,2018-08-31,3,11.0,4624.0,735.22,0,122.0,False,,False,,,,
Midway-Sunset,040303274500,Cypress,57,"TRC Operating Company, Inc.",Active,2,2018-12-31,2018-12-31,1,4.0,1728.0,274.75,0,90.0,False,,False,,,,
Midway-Sunset,040303274500,Cypress,57,"TRC Operating Company, Inc.",Active,3,2019-03-31,2020-02-29,3,12.0,5623.0,894.06,0,61.0,False,,False,,,,
Midway-Sunset,040303274500,Cypress,57,"TRC Operating Company, Inc.",Active,4,2020-04-30,2020-06-30,2,8.0,3895.0,619.31,0,62.0,False,,False,,,,
Midway-Sunset,040303274500,Cypress,57,"TRC Operating Company, Inc.",Active,5,2020-08-31,2021-03-31,8,30.0,14138.0,2247.94,0,61.0,False,,False,,,,
Midway-Sunset,040303274500,Cypress,57,"TRC Operating Company, Inc.",Active,6,2021-05-31,2021-12-31,8,32.0,20027.0,3184.29,0,,True,,False,,,,
Midway-Sunset,040303275400,USL,340N,Sentinel Peak Resources California LLC,Active,0,2018-03-31,2018-03-31,1,2.0,301.0,47.86,0,,True,,False,,,,
Midway-Sunset,040303280100,Unspecified,412,Chevron U.S.A. Inc.,Active,0,2018-02-28,2018-02-28,1,6.0,4971.0,790.39,0,731.0,False,,False,,,,
Midway-Sunset,040303280100,Unspecified,412,Chevron U.S.A. Inc.,Active,1,2020-02-29,2020-02-29,1,7.0,5332.0,847.79,0,,True,,False,,,,
Midway-Sunset,040303280200,Unspecified,413,Chevron U.S.A. Inc.,Active,0,2019-12-31,2019-12-31,1,4.0,2730.0,434.07,0,,True,,False,,,,
Midway-Sunset,040303284200,Unspecified,F260,Chevron U.S.A. Inc.,Active,0,2018-01-31,2019-10-31,7,52.0,110025.0,17493.97,0,92.0,False,,False,,,,
Midway-Sunset,040303284200,Unspecified,F260,Chevron U.S.A. Inc.,Active,1,2020-01-31,2020-01-31,1,4.0,7312.0,1162.61,0,60.0,False,,False,,,,
Midway-Sunset,040303284200,Unspecified,F260,Chevron U.S.A. Inc.,Active,2,2020-03-31,2021-12-31,21,140.0,175493.0,27903.39,0,,True,,False,,,,
Midway-Sunset,040303284300,Unspecified,F270,Chevron U.S.A. Inc.,Active,0,2018-01-31,2018-02-28,2,10.0,17839.0,2836.4,0,92.0,False,,False,,,,
Midway-Sunset,040303284300,Unspecified,F270,Chevron U.S.A. Inc.,Active,1,2018-05-31,2020-08-31,22,102.0,219438.0,34890.64,0,61.0,False,,False,,,,
Midway-Sunset,040303284300,Unspecified,F270,Chevron U.S.A. Inc.,Active,2,2020-10-31,2021-01-31,4,20.0,29812.0,4740.11,0,89.0,False,,False,,,,
Midway-Sunset,040303284300,Unspecified,F270,Chevron U.S.A. Inc.,Active,3,2021-04-30,2021-12-31,9,48.0,29740.0,4728.66,0,,True,,False,,,,
Midway-Sunset,040303284700,Unspecified,K300R,Chevron U.S.A. Inc.,Active,0,2018-01-31,2019-03-31,3,9.0,16154.0,2568.49,0,122.0,False,,False,,,,
Midway-Sunset,040303284700,Unspecified,K300R,Chevron U.S.A. Inc.,Active,1,2019-07-31,2021-04-30,19,82.0,134591.0,21399.97,0,61.0,False,,False,,,,
Midway-Sunset,040303284700,Unspecified,K300R,Chevron U.S.A. Inc.,Active,2,2021-06-30,2021-12-31,7,51.0,35970.0,5719.23,0,,True,,False,,,,
Midway-Sunset,040303294900,Unspecified,G-EE130,Chevron U.S.A. Inc.,Active,0,2018-02-28,2018-02-28,1,6.0,6183.0,983.1,0,671.0,False,,False,,,,
Midway-Sunset,040303294900,Unspecified,G-EE130,Chevron U.S.A. Inc.,Active,1,2019-12-31,2019-12-31,1,6.0,8889.0,1413.35,0,,True,,False,,,,
Midway-Sunset,040303295200,Unspecified,G-GG110,Chevron U.S.A. Inc.,Active,0,2020-03-31,2020-03-31,1,6.0,7400.0,1176.6,0,183.0,False,,False,,,,
Midway-Sunset,040303295200,Unspecified,G-GG110,Chevron U.S.A. Inc.,Active,1,2020-09-30,2020-09-30,1,6.0,4731.0,752.23,0,123.0,False,,False,,,,
Midway-Sunset,040303295200,Unspecified,G-GG110,Chevron U.S.A. Inc.,Active,2,2021-01-31,2021-02-28,2,5.0,3653.0,580.83,0,,True,,False,,,,
Midway-Sunset,040303295300,Unspecified,G-GG120,Chevron U.S.A. Inc.,Active,0,2019-02-28,2019-02-28,1,1.0,544.0,86.5,0,275.0,False,,False,,,,
Midway-Sunset,040303295300,Unspecified,G-GG120,Chevron U.S.A. Inc.,Active,1,2019-11-30,2019-11-30,1,8.0,11117.0,1767.6,0,213.0,False,,False,,,,
Midway-Sunset,040303295300,Unspecified,G-GG120,Chevron U.S.A. Inc.,Active,2,2020-06-30,2020-06-30,1,6.0,6591.0,1047.97,0,,True,,False,,,,
Midway-Sunset,040303295700,Unspecified,G-HH160,Chevron U.S.A. Inc.,Active,0,2020-01-31,2020-01-31,1,6.0,8534.0,1356.91,0,,True,,False,,,,
Midway-Sunset,040303295800,Unspecified,G-JJ100,Chevron U.S.A. Inc.,Active,0,2019-11-30,2019-12-31,2,8.0,11129.0,1769.51,0,397.0,False,,False,,,,
Midway-Sunset,040303295800,Unspecified,G-JJ100,Chevron U.S.A. Inc.,Active,1,2021-01-31,2021-01-31,1,6.0,4992.0,793.73,0,,True,,False,,,,
Midway-Sunset,040303303300,Cypress,1601,Chevron U.S.A. Inc.,Idle,0,2018-02-28,2018-02-28,1,4.0,905.0,143.9,0,,True,,False,,,,
Midway-Sunset,040303327600,Hillside,700H,"Berry Petroleum Company, LLC",Idle,0,2018-04-30,2018-05-31,2,33.0,43216.0,6871.34,0,,True,,False,,,,
Midway-Sunset,040303327700,Catfish,418H,"Berry Petroleum Company, LLC",Active,0,2018-07-31,2020-12-31,5,92.0,145386.0,23116.37,0,,True,,False,,,,
Midway-Sunset,040303327800,Hopkins,415H,"Berry Petroleum Company, LLC",Active,0,2018-02-28,2021-03-31,5,90.0,97674.0,15530.17,0,,True,,False,,,,
Midway-Sunset,040303327900,Hopkins,901H,"Berry Petroleum Company, LLC",Active,0,2018-03-31,2021-02-28,4,61.0,90461.0,14383.3,0,,True,,False,,,,
Midway-Sunset,040303331200,Section 31D,495H,"Berry Petroleum Company, LLC",Active,0,2018-03-31,2021-07-31,6,120.0,183776.0,29220.38,0,,True,,False,,,,
Midway-Sunset,040303331300,Section 31D,515H,"Berry Petroleum Company, LLC",Active,0,2021-01-31,2021-02-28,2,37.0,62343.0,9912.54,0,,True,,False,,,,
Midway-Sunset,040303331400,Section 31D,600H,"Berry Petroleum Company, LLC",Idle,0,2018-01-31,2018-01-31,1,10.0,15806.0,2513.15,0,,True,,False,,,,
Midway-Sunset,040303331500,Catfish,295H,"Berry Petroleum Company, LLC",Active,0,2021-02-28,2021-10-31,3,35.0,22348.0,3553.33,0,,True,,False,,,,
Midway-Sunset,040303331600,Catfish,694H,"Berry Petroleum Company, LLC",Active,0,2018-01-31,2021-12-31,9,211.0,256670.0,40810.53,0,,True,,False,,,,
Midway-Sunset,040303331700,B.B.&O.,693H,"Berry Petroleum Company, LLC",Idle,0,2018-02-28,2018-03-31,2,21.0,35713.0,5678.37,0,,True,,False,,,,
Midway-Sunset,040303331800,B.B.&O.,900H,"Berry Petroleum Company, LLC",Idle,0,2018-01-31,2018-02-28,2,24.0,40995.0,6518.2,0,,True,,False,,,,
Midway-Sunset,040303355600,USL,G-5H,Chevron U.S.A. Inc.,Active,0,2020-08-31,2020-08-31,1,6.0,5707.0,907.41,0,,True,,False,,,,
Midway-Sunset,040303357400,Combined,428,Chevron U.S.A. Inc.,Active,0,2020-03-31,2020-03-31,1,4.0,4350.0,691.65,0,,True,,False,,,,
Midway-Sunset,040303362500,36M,3H,Chevron U.S.A. Inc.,Active,0,2019-11-30,2019-11-30,1,5.0,6183.0,983.1,0,,True,,False,,,,
Midway-Sunset,040303363400,Reardon,330K,Sentinel Peak Resources California LLC,Active,0,2018-03-31,2021-10-31,3,19.0,6404.0,1018.24,0,,True,,False,,,,
Midway-Sunset,040303363500,Reardon,330L,Sentinel Peak Resources California LLC,Active,0,2018-02-28,2018-03-31,2,6.0,2341.0,372.22,0,,True,,False,,,,
Midway-Sunset,040303363600,Reardon,328M,Sentinel Peak Resources California LLC,Active,0,2018-02-28,2018-03-31,2,13.0,6590.0,1047.81,0,,True,,False,,,,
Midway-Sunset,040303363700,Reardon,330M,Sentinel Peak Resources California LLC,Active,0,2018-02-28,2019-07-31,18,117.0,102547.0,16304.97,0,184.0,False,,False,,,,
Midway-Sunset,040303363700,Reardon,330M,Sentinel Peak Resources California LLC,Active,1,2020-01-31,2020-03-31,3,25.0,10084.0,1603.36,0,306.0,False,,False,,,,
Midway-Sunset,040303363700,Reardon,330M,Sentinel Peak Resources California LLC,Active,2,2021-01-31,2021-01-31,1,4.0,1270.0,201.93,0,59.0,False,,False,,,,
Midway-Sunset,040303363700,Reardon,330M,Sentinel Peak Resources California LLC,Active,3,2021-03-31,2021-05-31,3,22.0,12035.0,1913.57,0,61.0,False,,False,,,,
Midway-Sunset,040303363700,Reardon,330M,Sentinel Peak Resources California LLC,Active,4,2021-07-31,2021-11-30,5,20.0,5211.0,828.55,0,,True,,False,,,,
Midway-Sunset,040303364100,,28R,Chevron U.S.A. Inc.,Active,0,2020-01-31,2020-02-29,2,6.0,8420.0,1338.78,0,306.0,False,,False,,,,
Midway-Sunset,040303364100,,28R,Chevron U.S.A. Inc.,Active,1,2020-12-31,2020-12-31,1,5.0,3749.0,596.09,0,,True,,False,,,,
Midway-Sunset,040303364500,Magee,348K,Sentinel Peak Resources California LLC,Active,0,2018-03-31,2018-03-31,1,4.0,1130.0,179.67,0,,True,,False,,,,
Midway-Sunset,040303365000,Alberta,149-T,Aera Energy LLC,Active,0,2021-09-30,2021-09-30,1,4.0,3331.0,529.63,0,,True,,False,,,,
Midway-Sunset,040303365600,Finley-Johnson-Fox,495T,Aera Energy LLC,Active,0,2021-05-31,2021-05-31,1,9.0,7018.0,1115.86,0,,True,,False,,,,
Midway-Sunset,040303366700,Finley-Hausen-I,333R,Aera Energy LLC,Active,0,2021-04-30,2021-09-30,2,19.0,14671.0,2332.69,0,,True,,False,,,,
Midway-Sunset,040303366900,Finley-Johnson-Fox,446,Aera Energy LLC,Active,0,2021-05-31,2021-09-30,2,18.0,15912.0,2530.01,0,,True,,False,,,,
Midway-Sunset,040303370300,Ethel D,431,"Berry Petroleum Company, LLC",Active,0,2018-01-31,2018-01-31,1,10.0,9122.0,1450.4,0,,True,,False,,,,
Midway-Sunset,040303370700,Ethel D,435,"Berry Petroleum Company, LLC",Active,0,2018-10-31,2018-11-30,2,4.0,3396.0,539.96,0,,True,,False,,,,
Midway-Sunset,040303370900,Ethel D,510,"Berry Petroleum Company, LLC",Active,0,2018-01-31,2019-04-30,3,33.0,29773.0,4733.91,0,,True,,False,,,,
Midway-Sunset,040303375300,Reardon,328H,Sentinel Peak Resources California LLC,Active,0,2018-02-28,2018-03-31,2,13.0,10419.0,1656.62,0,,True,,False,,,,
Midway-Sunset,040303375500,Reardon,324J,Sentinel Peak Resources California LLC,Active,0,2018-02-28,2018-03-31,2,15.0,16926.0,2691.23,0,,True,,False,,,,
Midway-Sunset,040303375600,Reardon,330J,Sentinel Peak Resources California LLC,Active,0,2018-02-28,2018-03-31,2,18.0,5605.0,891.2,0,,True,,False,,,,
Midway-Sunset,040303375700,Reardon,324K,Sentinel Peak Resources California LLC,Active,0,2018-02-28,2018-03-31,2,54.0,1984.0,315.46,0,,True,,False,,,,
Midway-Sunset,040303375800,Reardon,328K,Sentinel Peak Resources California LLC,Active,0,2018-02-28,2018-03-31,2,9.0,10103.0,1606.38,0,91.0,False,,False,,,,
Midway-Sunset,040303375800,Reardon,328K,Sentinel Peak Resources California LLC,Active,1,2018-06-30,2018-09-30,4,60.0,16085.0,2557.51,0,61.0,False,,False,,,,
Midway-Sunset,040303375800,Reardon,328K,Sentinel Peak Resources California LLC,Active,2,2018-11-30,2018-12-31,2,13.0,9762.0,1552.16,0,59.0,False,,False,,,,
Midway-Sunset,040303375800,Reardon,328K,Sentinel Peak Resources California LLC,Active,3,2019-02-28,2019-02-28,1,8.0,5653.0,898.83,0,61.0,False,,False,,,,
Midway-Sunset,040303375800,Reardon,328K,Sentinel Peak Resources California LLC,Active,4,2019-04-30,2019-04-30,1,5.0,3484.0,553.96,0,61.0,False,,False,,,,
Midway-Sunset,040303375800,Reardon,328K,Sentinel Peak Resources California LLC,Active,5,2019-06-30,2019-06-30,1,10.0,7698.0,1223.98,0,244.0,False,,False,,,,
Midway-Sunset,040303375800,Reardon,328K,Sentinel Peak Resources California LLC,Active,6,2020-02-29,2020-03-31,2,11.0,7007.0,1114.11,0,306.0,False,,False,,,,
Midway-Sunset,040303375800,Reardon,328K,Sentinel Peak Resources California LLC,Active,7,2021-01-31,2021-01-31,1,5.0,2192.0,348.53,0,,True,,False,,,,
Midway-Sunset,040303375900,Reardon,318L,Sentinel Peak Resources California LLC,Active,0,2018-03-31,2018-03-31,1,8.0,4723.0,750.96,0,,True,,False,,,,
Midway-Sunset,040303376000,Reardon,324L,Sentinel Peak Resources California LLC,Active,0,2018-02-28,2018-03-31,2,11.0,8914.0,1417.33,0,,True,,False,,,,
Midway-Sunset,040303376100,Reardon,318M,Sentinel Peak Resources California LLC,Active,0,2018-02-28,2018-02-28,1,5.0,4140.0,658.26,0,,True,,False,,,,
Midway-Sunset,040303376200,Reardon,324M,Sentinel Peak Resources California LLC,Active,0,2018-03-31,2018-03-31,1,5.0,3245.0,515.96,0,,True,,False,,,,
Midway-Sunset,040303377100,Reardon,332J,Sentinel Peak Resources California LLC,Active,0,2018-02-28,2018-03-31,2,9.0,9568.0,1521.31,0,,True,,False,,,,
Midway-Sunset,040303379300,Pan,I-35,"Berry Petroleum Company, LLC",Active,0,2018-03-31,2018-03-31,1,11.0,7427.0,1180.89,0,,True,,False,,,,
Midway-Sunset,040303379700,Pan,I-54,"Berry Petroleum Company, LLC",Idle,0,2018-01-31,2018-03-31,3,74.0,51825.0,8240.17,0,,True,,False,,,,
Midway-Sunset,040303379800,Pan,I-55,"Berry Petroleum Company, LLC",Active,0,2018-01-31,2020-12-31,8,102.0,68514.0,10893.73,0,,True,,False,,,,
Midway-Sunset,040303388800,Belgian,22-20,"Berry Petroleum Company, LLC",Active,0,2018-02-28,2021-12-31,22,133.0,37298.0,5930.38,0,,True,,False,,,,
Midway-Sunset,040303389200,Belgian,24-18,"Berry Petroleum Company, LLC",Active,0,2018-01-31,2021-12-31,21,135.0,24514.0,3897.73,0,,True,,False,,,,
Midway-Sunset,040303389300,Belgian,24-20,"Berry Petroleum Company, LLC",Active,0,2018-01-31,2021-12-31,46,375.0,95414.0,15170.83,0,,True,,False,,,,
Midway-Sunset,040303389400,Severini,20-26,"Berry Petroleum Company, LLC",Active,0,2021-03-31,2021-12-31,8,30.0,19262.0,3062.66,0,,True,,False,,,,
Midway-Sunset,040303389700,Belgian,23-17,"Berry Petroleum Company, LLC",Plugged,0,2018-01-31,2018-01-31,1,4.0,591.0,93.97,0,,True,,False,,,,
Midway-Sunset,040303389800,Belgian,23-19,"Berry Petroleum Company, LLC",Active,0,2018-01-31,2021-12-31,21,125.0,30142.0,4792.58,0,,True,,False,,,,
Midway-Sunset,040303409000,Severini,22-28,"Berry Petroleum Company, LLC",Active,0,2021-03-31,2021-12-31,10,59.0,29520.0,4693.68,0,,True,,False,,,,
Midway-Sunset,040303409300,Belgian,27-19,"Berry Petroleum Company, LLC",Active,0,2018-01-31,2021-12-31,44,295.0,65368.0,10393.51,0,,True,,False,,,,
Midway-Sunset,040303442100,Belgian,26-20,"Berry Petroleum Company, LLC",Active,0,2018-01-31,2021-11-30,21,132.0,41932.0,6667.19,0,,True,,False,,,,
Midway-Sunset,040303445600,Maxwell,836,Aera Energy LLC,Active,0,2021-05-31,2021-12-31,3,17.0,13743.0,2185.14,0,,True,,False,,,,
Midway-Sunset,040303445700,Maxwell,837,Aera Energy LLC,Active,0,2021-05-31,2021-05-31,1,8.0,6026.0,958.13,0,,True,,False,,,,
Midway-Sunset,040303473500,Hillside,40P,"Berry Petroleum Company, LLC",Idle,0,2018-06-30,2018-07-31,2,45.0,51973.0,8263.71,0,,True,,False,,,,
Midway-Sunset,040303479900,B.B.&O.,1008H,"Berry Petroleum Company, LLC",Active,0,2018-06-30,2021-03-31,5,87.0,148745.0,23650.46,0,,True,,False,,,,
Midway-Sunset,040303480500,Section 31D,1003H,"Berry Petroleum Company, LLC",Active,0,2018-04-30,2021-11-30,5,100.0,128893.0,20493.99,0,,True,,False,,,,
Midway-Sunset,040303480600,Section 31D,1004H,"Berry Petroleum Company, LLC",Active,0,2018-04-30,2018-04-30,1,15.0,17550.0,2790.45,0,,True,,False,,,,
Midway-Sunset,040303482500,Section 31D,1011H,"Berry Petroleum Company, LLC",Active,0,2018-07-31,2018-09-30,3,50.0,90990.0,14467.41,0,,True,,False,,,,
Midway-Sunset,040303518400,Belgian,25-19R,"Berry Petroleum Company, LLC",Active,0,2018-01-31,2021-12-31,44,320.0,105530.0,16779.27,0,,True,,False,,,,
Midway-Sunset,040303521200,Exeter-BAOC,130M,Aera Energy LLC,Active,0,2021-08-31,2021-08-31,1,10.0,9044.0,1438.0,0,,True,,False,,,,
Midway-Sunset,040303525600,15A,M107,"Seneca Resources Company, LLC",Active,0,2020-12-31,2021-01-31,2,22.0,6600.0,1049.4,0,,True,,False,,,,
Midway-Sunset,040303528100,Ethel D,570,"Berry Petroleum Company, LLC",Active,0,2021-04-30,2021-07-31,4,111.0,45855.0,7290.94,0,,True,,False,,,,
Midway-Sunset,040303528300,Ethel D,574,"Berry Petroleum Company, LLC",Active,0,2021-04-30,2021-07-31,4,110.0,42103.0,6694.38,0,,True,,False,,,,
Midway-Sunset,040303529600,Ethel D,531,"Berry Petroleum Company, LLC",Active,0,2018-10-31,2018-10-31,1,14.0,12901.0,2051.26,0,,True,,False,,,,
Midway-Sunset,040303529700,Ethel D,533,"Berry Petroleum Company, LLC",Active,0,2021-09-30,2021-09-30,1,19.0,14195.0,2257.01,0,,True,,False,,,,
Midway-Sunset,040303529800,Ethel D,535,"Berry Petroleum Company, LLC",Active,0,2021-02-28,2021-12-31,4,79.0,28091.0,4466.47,0,,True,,False,,,,
Midway-Sunset,040303529900,Ethel D,541,"Berry Petroleum Company, LLC",Active,0,2018-03-31,2018-04-30,2,14.0,12067.0,1918.65,0,,True,,False,,,,
Midway-Sunset,040303530000,Ethel D,543,"Berry Petroleum Company, LLC",Idle,0,2018-01-31,2018-02-28,2,20.0,16828.0,2675.65,0,,True,,False,,,,
Midway-Sunset,040303530300,Ethel D,555,"Berry Petroleum Company, LLC",Active,0,2018-04-30,2018-05-31,2,14.0,15557.0,2473.56,0,,True,,False,,,,
Midway-Sunset,040303531300,M & M,545,"Seneca Resources Company, LLC",Active,0,2021-05-31,2021-06-30,2,6.0,3000.0,477.0,0,,True,,False,,,,
Midway-Sunset,040303533500,Western Minerals NCT-2,601,Holmes Western Oil Corporation,Active,0,2018-02-28,2018-02-28,1,16.0,7810.0,1241.79,0,,True,,False,,,,
Midway-Sunset,040303537100,Pan,I-64,"Berry Petroleum Company, LLC",Active,0,2018-04-30,2018-05-31,2,15.0,11375.0,1808.62,0,,True,,False,,,,
Midway-Sunset,040303537200,Pan,I-65,"Berry Petroleum Company, LLC",Idle,0,2018-05-31,2018-06-30,2,24.0,21622.0,3437.9,0,,True,,False,,,,
Midway-Sunset,040303537300,Pan,I-74,"Berry Petroleum Company, LLC",Idle,0,2018-06-30,2018-10-31,5,69.0,7806.0,1241.15,0,,True,,False,,,,
Midway-Sunset,040303545500,Belgian,31-12,"Berry Petroleum Company, LLC",Idle,0,2018-08-31,2018-11-30,4,26.0,17668.0,2809.21,0,,True,,False,,,,
Midway-Sunset,040303551700,Unspecified,K530,Chevron U.S.A. Inc.,Active,0,2018-01-31,2018-03-31,3,12.0,4193.0,666.69,0,122.0,False,,False,,,,
Midway-Sunset,040303551700,Unspecified,K530,Chevron U.S.A. Inc.,Active,1,2018-07-31,2018-07-31,1,3.0,728.0,115.75,0,92.0,False,,False,,,,
Midway-Sunset,040303551700,Unspecified,K530,Chevron U.S.A. Inc.,Active,2,2018-10-31,2020-03-31,13,64.0,25293.0,4021.59,0,91.0,False,,False,,,,
Midway-Sunset,040303551700,Unspecified,K530,Chevron U.S.A. Inc.,Active,3,2020-06-30,2020-06-30,1,4.0,1716.0,272.84,0,243.0,False,,False,,,,
Midway-Sunset,040303551700,Unspecified,K530,Chevron U.S.A. Inc.,Active,4,2021-02-28,2021-05-31,4,15.0,11256.0,1789.7,0,92.0,False,,False,,,,
Midway-Sunset,040303551700,Unspecified,K530,Chevron U.S.A. Inc.,Active,5,2021-08-31,2021-08-31,1,3.0,2083.0,331.2,0,61.0,False,,False,,,,
Midway-Sunset,040303551700,Unspecified,K530,Chevron U.S.A. Inc.,Active,6,2021-10-31,2021-12-31,3,13.0,7357.0,1169.76,0,,True,,False,,,,
Midway-Sunset,040303551800,Unspecified,K540,Chevron U.S.A. Inc.,Active,0,2019-02-28,2020-06-30,12,64.0,28168.0,4478.71,0,62.0,False,,False,,,,
Midway-Sunset,040303551800,Unspecified,K540,Chevron U.S.A. Inc.,Active,1,2020-08-31,2020-09-30,2,14.0,5481.0,871.48,0,396.0,False,,False,,,,
Midway-Sunset,040303551800,Unspecified,K540,Chevron U.S.A. Inc.,Active,2,2021-10-31,2021-12-31,3,19.0,7763.0,1234.32,0,,True,,False,,,,
Midway-Sunset,040303551900,Unspecified,K550,Chevron U.S.A. Inc.,Active,0,2018-02-28,2018-03-31,2,4.0,918.0,145.96,0,122.0,False,,False,,,,
Midway-Sunset,040303551900,Unspecified,K550,Chevron U.S.A. Inc.,Active,1,2018-07-31,2018-07-31,1,3.0,704.0,111.94,0,61.0,False,,False,,,,
Midway-Sunset,040303551900,Unspecified,K550,Chevron U.S.A. Inc.,Active,2,2018-09-30,2019-06-30,7,26.0,9077.0,1443.24,0,123.0,False,,False,,,,
Midway-Sunset,040303551900,Unspecified,K550,Chevron U.S.A. Inc.,Active,3,2019-10-31,2021-03-31,17,78.0,51470.0,8183.73,0,,True,,False,,,,
Midway-Sunset,040303552000,Unspecified,L520,Chevron U.S.A. Inc.,Active,0,2019-06-30,2021-05-31,21,148.0,88744.0,14110.3,0,92.0,False,,False,,,,
Midway-Sunset,040303552000,Unspecified,L520,Chevron U.S.A. Inc.,Active,1,2021-08-31,2021-12-31,5,28.0,11616.0,1846.94,0,,True,,False,,,,
Midway-Sunset,040303552200,Unspecified,L550,Chevron U.S.A. Inc.,Active,0,2018-01-31,2019-12-31,10,42.0,20048.0,3187.63,0,60.0,False,,False,,,,
Midway-Sunset,040303552200,Unspecified,L550,Chevron U.S.A. Inc.,Active,1,2020-02-29,2020-07-31,5,16.0,6628.0,1053.85,0,212.0,False,,False,,,,
Midway-Sunset,040303552200,Unspecified,L550,Chevron U.S.A. Inc.,Active,2,2021-02-28,2021-12-31,11,65.0,42212.0,6711.71,0,,True,,False,,,,
Midway-Sunset,040303552300,Unspecified,L560,Chevron U.S.A. Inc.,Active,0,2018-02-28,2018-03-31,2,8.0,2517.0,400.2,0,153.0,False,,False,,,,
Midway-Sunset,040303552300,Unspecified,L560,Chevron U.S.A. Inc.,Active,1,2018-08-31,2018-09-30,2,7.0,1898.0,301.78,0,61.0,False,,False,,,,
Midway-Sunset,040303552300,Unspecified,L560,Chevron U.S.A. Inc.,Active,2,2018-11-30,2019-12-31,9,42.0,16053.0,2552.43,0,60.0,False,,False,,,,
Midway-Sunset,040303552300,Unspecified,L560,Chevron U.S.A. Inc.,Active,3,2020-02-29,2020-03-31,2,8.0,3849.0,611.99,0,91.0,False,,False,,,,
Midway-Sunset,040303552300,Unspecified,L560,Chevron U.S.A. Inc.,Active,4,2020-06-30,2020-06-30,1,3.0,1098.0,174.58,0,62.0,False,,False,,,,
Midway-Sunset,040303552300,Unspecified,L560,Chevron U.S.A. Inc.,Active,5,2020-08-31,2021-12-31,17,104.0,75750.0,12044.25,0,,True,,False,,,,
Midway-Sunset,040303552400,Unspecified,M550,Chevron U.S.A. Inc.,Active,0,2019-10-31,2020-01-31,4,12.0,4955.0,787.85,0,516.0,False,,False,,,,
Midway-Sunset,040303552400,Unspecified,M550,Chevron U.S.A. Inc.,Active,1,2021-06-30,2021-08-31,3,21.0,13830.0,2198.97,0,61.0,False,,False,,,,
Midway-Sunset,040303552400,Unspecified,M550,Chevron U.S.A. Inc.,Active,2,2021-10-31,2021-12-31,3,14.0,3471.0,551.89,0,,True,,False,,,,
Midway-Sunset,040303552500,Unspecified,M560,Chevron U.S.A. Inc.,Active,0,2019-02-28,2019-07-31,5,28.0,12437.0,1977.48,0,122.0,False,,False,,,,
Midway-Sunset,040303552500,Unspecified,M560,Chevron U.S.A. Inc.,Active,1,2019-11-30,2019-12-31,2,6.0,2423.0,385.26,0,152.0,False,,False,,,,
Midway-Sunset,040303552500,Unspecified,M560,Chevron U.S.A. Inc.,Active,2,2020-05-31,2020-05-31,1,3.0,1283.0,204.0,0,245.0,False,,False,,,,
Midway-Sunset,040303552500,Unspecified,M560,Chevron U.S.A. Inc.,Active,3,2021-01-31,2021-12-31,12,60.0,44329.0,7048.31,0,,True,,False,,,,
Midway-Sunset,040303552600,Unspecified,N550,Chevron U.S.A. Inc.,Active,0,2018-01-31,2018-03-31,3,8.0,2678.0,425.8,0,122.0,False,,False,,,,
Midway-Sunset,040303552600,Unspecified,N550,Chevron U.S.A. Inc.,Active,1,2018-07-31,2018-07-31,1,3.0,460.0,73.14,0,457.0,False,,False,,,,
Midway-Sunset,040303552600,Unspecified,N550,Chevron U.S.A. Inc.,Active,2,2019-10-31,2019-10-31,1,2.0,729.0,115.91,0,92.0,False,,False,,,,
Midway-Sunset,040303552600,Unspecified,N550,Chevron U.S.A. Inc.,Active,3,2020-01-31,2020-02-29,2,4.0,1405.0,223.4,0,153.0,False,,False,,,,
Midway-Sunset,040303552600,Unspecified,N550,Chevron U.S.A. Inc.,Active,4,2020-07-31,2020-07-31,1,2.0,526.0,83.63,0,61.0,False,,False,,,,
Midway-Sunset,040303552600,Unspecified,N550,Chevron U.S.A. Inc.,Active,5,2020-09-30,2020-09-30,1,2.0,514.0,81.73,0,243.0,False,,False,,,,
Midway-Sunset,040303552600,Unspecified,N550,Chevron U.S.A. Inc.,Active,6,2021-05-31,2021-06-30,2,3.0,973.0,154.71,0,62.0,False,,False,,,,
Midway-Sunset,040303552600,Unspecified,N550,Chevron U.S.A. Inc.,Active,7,2021-08-31,2021-12-31,5,29.0,14297.0,2273.22,0,,True,,False,,,,
Midway-Sunset,040303554100,,M600,Chevron U.S.A. Inc.,Active,0,2018-01-31,2021-11-30,41,222.0,130835.0,20802.76,0,,True,,False,,,,
Midway-Sunset,040303554300,,N570,Chevron U.S.A. Inc.,Active,0,2018-01-31,2020-05-31,14,58.0,25199.0,4006.64,0,395.0,False,,False,,,,
Midway-Sunset,040303554300,,N570,Chevron U.S.A. Inc.,Active,1,2021-06-30,2021-12-31,7,45.0,22041.0,3504.52,0,,True,,False,,,,
Midway-Sunset,040303554400,,N600,Chevron U.S.A. Inc.,Active,0,2018-01-31,2020-01-31,11,53.0,25613.0,4072.47,0,,True,,False,,,,
Midway-Sunset,040303554500,Unspecified,N630,Chevron U.S.A. Inc.,Active,0,2018-02-28,2020-07-31,15,78.0,34420.0,5472.78,0,304.0,False,,False,,,,
Midway-Sunset,040303554500,Unspecified,N630,Chevron U.S.A. Inc.,Active,1,2021-05-31,2021-12-31,8,60.0,35781.0,5689.18,0,,True,,False,,,,
Midway-Sunset,040303554600,Unspecified,N640,Chevron U.S.A. Inc.,Active,0,2018-01-31,2018-11-30,11,62.0,32507.0,5168.61,0,212.0,False,,False,,,,
Midway-Sunset,040303554600,Unspecified,N640,Chevron U.S.A. Inc.,Active,1,2019-06-30,2020-06-30,10,63.0,27845.0,4427.36,0,62.0,False,,False,,,,
Midway-Sunset,040303554600,Unspecified,N640,Chevron U.S.A. Inc.,Active,2,2020-08-31,2021-04-30,9,69.0,51907.0,8253.21,0,123.0,False,,False,,,,
Midway-Sunset,040303554600,Unspecified,N640,Chevron U.S.A. Inc.,Active,3,2021-08-31,2021-12-31,5,25.0,15157.0,2409.96,0,,True,,False,,,,
Midway-Sunset,040303559400,Unspecified,K600,Chevron U.S.A. Inc.,Active,0,2018-01-31,2020-09-30,27,127.0,56028.0,8908.45,0,61.0,False,,False,,,,
Midway-Sunset,040303559400,Unspecified,K600,Chevron U.S.A. Inc.,Active,1,2020-11-30,2021-12-31,14,84.0,65239.0,10373.0,0,,True,,False,,,,
Midway-Sunset,040303559500,Unspecified,K640,Chevron U.S.A. Inc.,Active,0,2018-01-31,2020-08-31,26,157.0,71048.0,11296.63,0,122.0,False,,False,,,,
Midway-Sunset,040303559500,Unspecified,K640,Chevron U.S.A. Inc.,Active,1,2020-12-31,2021-12-31,13,93.0,68459.0,10884.98,0,,True,,False,,,,
Midway-Sunset,040303559600,Unspecified,K650,Chevron U.S.A. Inc.,Active,0,2018-01-31,2020-09-30,18,124.0,54814.0,8715.43,0,,True,,False,,,,
Midway-Sunset,040303559700,Unspecified,L650,Chevron U.S.A. Inc.,Active,0,2018-01-31,2019-10-31,8,53.0,25226.0,4010.93,0,121.0,False,,False,,,,
Midway-Sunset,040303559700,Unspecified,L650,Chevron U.S.A. Inc.,Active,1,2020-02-29,2020-12-31,10,41.0,20787.0,3305.13,0,120.0,False,,False,,,,
Midway-Sunset,040303559700,Unspecified,L650,Chevron U.S.A. Inc.,Active,2,2021-04-30,2021-12-31,9,60.0,36130.0,5744.67,0,,True,,False,,,,
Midway-Sunset,040303559800,Unspecified,M610,Chevron U.S.A. Inc.,Active,0,2018-01-31,2021-12-31,42,212.0,120782.0,19204.34,0,,True,,False,,,,
Midway-Sunset,040303559900,Unspecified,M620,Chevron U.S.A. Inc.,Idle,0,2018-01-31,2019-11-30,9,43.0,19485.0,3098.12,0,,True,,False,,,,
Midway-Sunset,040303560100,Unspecified,M640,Chevron U.S.A. Inc.,Active,0,2018-01-31,2021-09-30,39,223.0,127903.0,20336.58,0,61.0,False,,False,,,,
Midway-Sunset,040303560100,Unspecified,M640,Chevron U.S.A. Inc.,Active,1,2021-11-30,2021-12-31,2,10.0,3973.0,631.71,0,,True,,False,,,,
Midway-Sunset,040303560200,Unspecified,M650,Chevron U.S.A. Inc.,Active,0,2018-01-31,2021-12-31,33,221.0,128375.0,20411.62,0,,True,,False,,,,
Midway-Sunset,040303560300,Unspecified,L540,Chevron U.S.A. Inc.,Active,0,2019-02-28,2020-01-31,9,45.0,20584.0,3272.86,0,60.0,False,,False,,,,
Midway-Sunset,040303560300,Unspecified,L540,Chevron U.S.A. Inc.,Active,1,2020-03-31,2020-05-31,2,7.0,3249.0,516.59,0,61.0,False,,False,,,,
Midway-Sunset,040303560300,Unspecified,L540,Chevron U.S.A. Inc.,Active,2,2020-07-31,2020-07-31,1,3.0,1085.0,172.52,0,61.0,False,,False,,,,
Midway-Sunset,040303560300,Unspecified,L540,Chevron U.S.A. Inc.,Active,3,2020-09-30,2021-12-31,16,99.0,76499.0,12163.34,0,,True,,False,,,,
Midway-Sunset,040303561000,Unspecified,K520,Chevron U.S.A. Inc.,Active,0,2020-01-31,2020-01-31,1,3.0,1295.0,205.91,0,60.0,False,,False,,,,
Midway-Sunset,040303561000,Unspecified,K520,Chevron U.S.A. Inc.,Active,1,2020-03-31,2020-07-31,4,19.0,7589.0,1206.65,0,273.0,False,,False,,,,
Midway-Sunset,040303561000,Unspecified,K520,Chevron U.S.A. Inc.,Active,2,2021-04-30,2021-09-30,6,43.0,28487.0,4529.43,0,61.0,False,,False,,,,
Midway-Sunset,040303561000,Unspecified,K520,Chevron U.S.A. Inc.,Active,3,2021-11-30,2021-12-31,2,13.0,2942.0,467.78,0,,True,,False,,,,
Midway-Sunset,040303565500,Unspecified,G-7513,Chevron U.S.A. Inc.,Active,0,2018-02-28,2018-02-28,1,5.0,4897.0,778.62,0,731.0,False,,False,,,,
Midway-Sunset,040303565500,Unspecified,G-7513,Chevron U.S.A. Inc.,Active,1,2020-02-29,2020-03-31,2,6.0,6586.0,1047.17,0,,True,,False,,,,
Midway-Sunset,040303565600,Unspecified,G-7517,Chevron U.S.A. Inc.,Active,0,2019-06-30,2019-06-30,1,6.0,5506.0,875.45,0,,True,,False,,,,
Midway-Sunset,040303566400,Unspecified,G-7215,Chevron U.S.A. Inc.,Active,0,2020-10-31,2020-10-31,1,5.0,3507.0,557.61,0,,True,,False,,,,
Midway-Sunset,040303566500,Unspecified,G-7411,Chevron U.S.A. Inc.,Active,0,2019-12-31,2019-12-31,1,6.0,8526.0,1355.63,0,,True,,False,,,,
Midway-Sunset,040303568700,Unspecified,6461,"Seneca Resources Company, LLC",Active,0,2021-01-31,2021-01-31,1,14.0,4197.0,667.32,0,59.0,False,,False,,,,
Midway-Sunset,040303568700,Unspecified,6461,"Seneca Resources Company, LLC",Active,1,2021-03-31,2021-03-31,1,16.0,4768.0,758.11,0,183.0,False,,False,,,,
Midway-Sunset,040303568700,Unspecified,6461,"Seneca Resources Company, LLC",Active,2,2021-09-30,2021-09-30,1,14.0,3989.0,634.25,0,,True,,False,,,,
Midway-Sunset,040303568800,Unspecified,6864,"Seneca Resources Company, LLC",Active,0,2019-03-31,2019-04-30,2,13.0,3900.0,620.1,0,642.0,False,,False,,,,
Midway-Sunset,040303568800,Unspecified,6864,"Seneca Resources Company, LLC",Active,1,2021-01-31,2021-03-31,3,35.0,10497.0,1669.02,0,153.0,False,,False,,,,
Midway-Sunset,040303568800,Unspecified,6864,"Seneca Resources Company, LLC",Active,2,2021-08-31,2021-09-30,2,14.0,3975.0,632.02,0,92.0,False,,False,,,,
Midway-Sunset,040303568800,Unspecified,6864,"Seneca Resources Company, LLC",Active,3,2021-12-31,2021-12-31,1,9.0,2652.0,421.67,0,,True,,False,,,,
Midway-Sunset,040303568900,Unspecified,7862,"Seneca Resources Company, LLC",Active,0,2019-01-31,2019-02-28,2,11.0,7213.0,1146.87,0,427.0,False,,False,,,,
Midway-Sunset,040303568900,Unspecified,7862,"Seneca Resources Company, LLC",Active,1,2020-04-30,2020-04-30,1,7.0,2037.0,323.88,0,276.0,False,,False,,,,
Midway-Sunset,040303568900,Unspecified,7862,"Seneca Resources Company, LLC",Active,2,2021-01-31,2021-02-28,2,13.0,3900.0,620.1,0,306.0,False,,False,,,,
Midway-Sunset,040303568900,Unspecified,7862,"Seneca Resources Company, LLC",Active,3,2021-12-31,2021-12-31,1,13.0,3684.0,585.76,0,,True,,False,,,,
Midway-Sunset,040303569100,Unspecified,8471,"Seneca Resources Company, LLC",Active,0,2019-03-31,2019-03-31,1,18.0,5400.0,858.6,0,641.0,False,,False,,,,
Midway-Sunset,040303569100,Unspecified,8471,"Seneca Resources Company, LLC",Active,1,2020-12-31,2020-12-31,1,14.0,4181.0,664.78,0,212.0,False,,False,,,,
Midway-Sunset,040303569100,Unspecified,8471,"Seneca Resources Company, LLC",Active,2,2021-07-31,2021-07-31,1,14.0,4200.0,667.8,0,,True,,False,,,,
Midway-Sunset,040303569500,Unspecified,9271,"Seneca Resources Company, LLC",Active,0,2020-09-30,2021-01-31,4,45.0,12341.0,1962.22,0,181.0,False,,False,,,,
Midway-Sunset,040303569500,Unspecified,9271,"Seneca Resources Company, LLC",Active,1,2021-07-31,2021-08-31,2,14.0,4164.0,662.08,0,,True,,False,,,,
Midway-Sunset,040303573600,Lucky Boy,1023H,"Berry Petroleum Company, LLC",Active,0,2018-10-31,2021-01-31,4,53.0,79060.0,12570.54,0,,True,,False,,,,
Midway-Sunset,040303573700,Hopkins,417H,"Berry Petroleum Company, LLC",Active,0,2018-01-31,2021-09-30,3,31.0,48996.0,7790.36,0,,True,,False,,,,
Midway-Sunset,040303573800,36T,2H,Chevron U.S.A. Inc.,Active,0,2019-03-31,2019-03-31,1,4.0,3698.0,587.98,0,244.0,False,,False,,,,
Midway-Sunset,040303573800,36T,2H,Chevron U.S.A. Inc.,Active,1,2019-11-30,2019-11-30,1,4.0,4991.0,793.57,0,,True,,False,,,,
Midway-Sunset,040303586400,Moco 34,T-364D,Aera Energy LLC,Active,0,2021-08-31,2021-11-30,3,12.0,8995.0,1430.2,0,,True,,False,,,,
Midway-Sunset,040303589000,Hopkins,416H,"Berry Petroleum Company, LLC",Active,0,2020-12-31,2020-12-31,1,17.0,21737.0,3456.18,0,,True,,False,,,,
Midway-Sunset,040303592600,Ethel D,582,"Berry Petroleum Company, LLC",Active,0,2018-04-30,2018-05-31,2,7.0,9719.0,1545.32,0,,True,,False,,,,
Midway-Sunset,040303592800,Ethel D,584,"Berry Petroleum Company, LLC",Active,0,2021-02-28,2021-02-28,1,17.0,12736.0,2025.02,0,,True,,False,,,,
Midway-Sunset,040303592900,Ethel D,585,"Berry Petroleum Company, LLC",Active,0,2018-03-31,2018-11-30,2,18.0,16000.0,2544.0,0,,True,,False,,,,
Midway-Sunset,040303594900,15A,M109,"Seneca Resources Company, LLC",Active,0,2021-09-30,2021-10-31,2,11.0,3300.0,524.7,0,,True,,False,,,,
Midway-Sunset,040303596100,Bull,50,"TRC Operating Company, Inc.",Active,0,2018-01-31,2020-06-30,16,62.0,30827.0,4901.49,0,62.0,False,,False,,,,
Midway-Sunset,040303596100,Bull,50,"TRC Operating Company, Inc.",Active,1,2020-08-31,2020-08-31,1,4.0,2051.0,326.11,0,61.0,False,,False,,,,
Midway-Sunset,040303596100,Bull,50,"TRC Operating Company, Inc.",Active,2,2020-10-31,2021-01-31,4,12.0,6492.0,1032.23,0,59.0,False,,False,,,,
Midway-Sunset,040303596100,Bull,50,"TRC Operating Company, Inc.",Active,3,2021-03-31,2021-03-31,1,4.0,2186.0,347.57,0,61.0,False,,False,,,,
Midway-Sunset,040303596100,Bull,50,"TRC Operating Company, Inc.",Active,4,2021-05-31,2021-07-31,3,12.0,7609.0,1209.83,0,61.0,False,,False,,,,
Midway-Sunset,040303596100,Bull,50,"TRC Operating Company, Inc.",Active,5,2021-09-30,2021-10-31,2,8.0,5113.0,812.97,0,61.0,False,,False,,,,
Midway-Sunset,040303596100,Bull,50,"TRC Operating Company, Inc.",Active,6,2021-12-31,2021-12-31,1,4.0,2575.0,409.43,0,,True,,False,,,,
Midway-Sunset,040303596200,Bull,51,"TRC Operating Company, Inc.",Active,0,2018-01-31,2018-01-31,1,4.0,2064.0,328.18,0,89.0,False,,False,,,,
Midway-Sunset,040303596200,Bull,51,"TRC Operating Company, Inc.",Active,1,2018-04-30,2018-12-31,7,32.0,16245.0,2582.95,0,425.0,False,,False,,,,
Midway-Sunset,040303596200,Bull,51,"TRC Operating Company, Inc.",Active,2,2020-02-29,2020-04-30,3,12.0,5784.0,919.66,0,92.0,False,,False,,,,
Midway-Sunset,040303596200,Bull,51,"TRC Operating Company, Inc.",Active,3,2020-07-31,2021-05-31,11,39.0,20840.0,3313.56,0,61.0,False,,False,,,,
Midway-Sunset,040303596200,Bull,51,"TRC Operating Company, Inc.",Active,4,2021-07-31,2021-11-30,5,16.0,9942.0,1580.78,0,,True,,False,,,,
Midway-Sunset,040303596300,Bull,56,"TRC Operating Company, Inc.",Active,0,2018-01-31,2018-12-31,9,43.0,21541.0,3425.02,0,90.0,False,,False,,,,
Midway-Sunset,040303596300,Bull,56,"TRC Operating Company, Inc.",Active,1,2019-03-31,2020-01-31,2,8.0,4010.0,637.59,0,60.0,False,,False,,,,
Midway-Sunset,040303596300,Bull,56,"TRC Operating Company, Inc.",Active,2,2020-03-31,2020-09-30,6,20.0,9429.0,1499.21,0,61.0,False,,False,,,,
Midway-Sunset,040303596300,Bull,56,"TRC Operating Company, Inc.",Active,3,2020-11-30,2021-06-30,8,27.0,15423.0,2452.26,0,62.0,False,,False,,,,
Midway-Sunset,040303596300,Bull,56,"TRC Operating Company, Inc.",Active,4,2021-08-31,2021-10-31,3,7.0,4307.0,684.81,0,61.0,False,,False,,,,
Midway-Sunset,040303596300,Bull,56,"TRC Operating Company, Inc.",Active,5,2021-12-31,2021-12-31,1,4.0,2286.0,363.47,0,,True,,False,,,,
Midway-Sunset,040303596400,Cypress,53,"TRC Operating Company, Inc.",Active,0,2018-01-31,2018-12-31,9,45.0,23361.0,3714.4,0,90.0,False,,False,,,,
Midway-Sunset,040303596400,Cypress,53,"TRC Operating Company, Inc.",Active,1,2019-03-31,2019-03-31,1,4.0,2004.0,318.64,0,457.0,False,,False,,,,
Midway-Sunset,040303596400,Cypress,53,"TRC Operating Company, Inc.",Active,2,2020-06-30,2020-06-30,1,3.0,1368.0,217.51,0,62.0,False,,False,,,,
Midway-Sunset,040303596400,Cypress,53,"TRC Operating Company, Inc.",Active,3,2020-08-31,2020-09-30,2,8.0,3646.0,579.71,0,61.0,False,,False,,,,
Midway-Sunset,040303596400,Cypress,53,"TRC Operating Company, Inc.",Active,4,2020-11-30,2020-11-30,1,4.0,2282.0,362.84,0,62.0,False,,False,,,,
Midway-Sunset,040303596400,Cypress,53,"TRC Operating Company, Inc.",Active,5,2021-01-31,2021-01-31,1,4.0,2089.0,332.15,0,89.0,False,,False,,,,
Midway-Sunset,040303596400,Cypress,53,"TRC Operating Company, Inc.",Active,6,2021-04-30,2021-04-30,1,4.0,1906.0,303.05,0,123.0,False,,False,,,,
Midway-Sunset,040303596400,Cypress,53,"TRC Operating Company, Inc.",Active,7,2021-08-31,2021-08-31,1,4.0,2513.0,399.57,0,,True,,False,,,,
Midway-Sunset,040303596500,Cypress,54,"TRC Operating Company, Inc.",Active,0,2018-01-31,2018-08-31,7,36.0,18060.0,2871.54,0,122.0,False,,False,,,,
Midway-Sunset,040303596500,Cypress,54,"TRC Operating Company, Inc.",Active,1,2018-12-31,2019-02-28,2,8.0,4110.0,653.49,0,397.0,False,,False,,,,
Midway-Sunset,040303596500,Cypress,54,"TRC Operating Company, Inc.",Active,2,2020-03-31,2020-03-31,1,4.0,1865.0,296.54,0,91.0,False,,False,,,,
Midway-Sunset,040303596500,Cypress,54,"TRC Operating Company, Inc.",Active,3,2020-06-30,2020-06-30,1,4.0,2025.0,321.98,0,92.0,False,,False,,,,
Midway-Sunset,040303596500,Cypress,54,"TRC Operating Company, Inc.",Active,4,2020-09-30,2020-09-30,1,2.0,653.0,103.83,0,92.0,False,,False,,,,
Midway-Sunset,040303596500,Cypress,54,"TRC Operating Company, Inc.",Active,5,2020-12-31,2020-12-31,1,4.0,1945.0,309.25,0,181.0,False,,False,,,,
Midway-Sunset,040303596500,Cypress,54,"TRC Operating Company, Inc.",Active,6,2021-06-30,2021-06-30,1,4.0,2593.0,412.29,0,184.0,False,,False,,,,
Midway-Sunset,040303596500,Cypress,54,"TRC Operating Company, Inc.",Active,7,2021-12-31,2021-12-31,1,4.0,2018.0,320.86,0,,True,,False,,,,
Midway-Sunset,040303596700,Cypress,56,"TRC Operating Company, Inc.",Active,0,2018-01-31,2018-05-31,4,28.0,14367.0,2284.35,0,92.0,False,,False,,,,
Midway-Sunset,040303596700,Cypress,56,"TRC Operating Company, Inc.",Active,1,2018-08-31,2018-09-30,2,8.0,4201.0,667.96,0,151.0,False,,False,,,,
Midway-Sunset,040303596700,Cypress,56,"TRC Operating Company, Inc.",Active,2,2019-02-28,2020-12-31,13,56.0,27307.0,4341.81,0,59.0,False,,False,,,,
Midway-Sunset,040303596700,Cypress,56,"TRC Operating Company, Inc.",Active,3,2021-02-28,2021-04-30,3,12.0,6711.0,1067.05,0,61.0,False,,False,,,,
Midway-Sunset,040303596700,Cypress,56,"TRC Operating Company, Inc.",Active,4,2021-06-30,2021-07-31,2,10.0,5941.0,944.62,0,61.0,False,,False,,,,
Midway-Sunset,040303596700,Cypress,56,"TRC Operating Company, Inc.",Active,5,2021-09-30,2021-10-31,2,12.0,7679.0,1220.96,0,61.0,False,,False,,,,
Midway-Sunset,040303596700,Cypress,56,"TRC Operating Company, Inc.",Active,6,2021-12-31,2021-12-31,1,4.0,2672.0,424.85,0,,True,,False,,,,
Midway-Sunset,040303596800,Cypress,58,"TRC Operating Company, Inc.",Active,0,2018-03-31,2020-04-30,14,52.0,26160.0,4159.44,0,92.0,False,,False,,,,
Midway-Sunset,040303596800,Cypress,58,"TRC Operating Company, Inc.",Active,1,2020-07-31,2020-09-30,3,8.0,4066.0,646.49,0,61.0,False,,False,,,,
Midway-Sunset,040303596800,Cypress,58,"TRC Operating Company, Inc.",Active,2,2020-11-30,2020-11-30,1,4.0,2121.0,337.24,0,62.0,False,,False,,,,
Midway-Sunset,040303596800,Cypress,58,"TRC Operating Company, Inc.",Active,3,2021-01-31,2021-01-31,1,4.0,2037.0,323.88,0,59.0,False,,False,,,,
Midway-Sunset,040303596800,Cypress,58,"TRC Operating Company, Inc.",Active,4,2021-03-31,2021-03-31,1,4.0,2270.0,360.93,0,61.0,False,,False,,,,
Midway-Sunset,040303596800,Cypress,58,"TRC Operating Company, Inc.",Active,5,2021-05-31,2021-05-31,1,4.0,2410.0,383.19,0,92.0,False,,False,,,,
Midway-Sunset,040303596800,Cypress,58,"TRC Operating Company, Inc.",Active,6,2021-08-31,2021-08-31,1,4.0,2444.0,388.6,0,,True,,False,,,,
Midway-Sunset,040303596900,Cypress,59,"TRC Operating Company, Inc.",Active,0,2018-01-31,2018-12-31,9,40.0,20592.0,3274.13,0,90.0,False,,False,,,,
Midway-Sunset,040303596900,Cypress,59,"TRC Operating Company, Inc.",Active,1,2019-03-31,2019-03-31,1,4.0,1957.0,311.16,0,335.0,False,,False,,,,
Midway-Sunset,040303596900,Cypress,59,"TRC Operating Company, Inc.",Active,2,2020-02-29,2020-04-30,3,12.0,5480.0,871.32,0,92.0,False,,False,,,,
Midway-Sunset,040303596900,Cypress,59,"TRC Operating Company, Inc.",Active,3,2020-07-31,2020-07-31,1,4.0,1990.0,316.41,0,61.0,False,,False,,,,
Midway-Sunset,040303596900,Cypress,59,"TRC Operating Company, Inc.",Active,4,2020-09-30,2020-11-30,3,8.0,4102.0,652.22,0,62.0,False,,False,,,,
Midway-Sunset,040303596900,Cypress,59,"TRC Operating Company, Inc.",Active,5,2021-01-31,2021-01-31,1,4.0,1919.0,305.12,0,59.0,False,,False,,,,
Midway-Sunset,040303596900,Cypress,59,"TRC Operating Company, Inc.",Active,6,2021-03-31,2021-05-31,3,8.0,4463.0,709.62,0,,True,,False,,,,
Midway-Sunset,040303599900,B.B.&O.,1024H,"Berry Petroleum Company, LLC",Active,0,2020-12-31,2020-12-31,1,14.0,19862.0,3158.06,0,,True,,False,,,,
Midway-Sunset,040303600100,Formax East,1025H,"Berry Petroleum Company, LLC",Active,0,2021-10-31,2021-12-31,3,87.0,77862.0,12380.06,0,,True,,False,,,,
Midway-Sunset,040303600200,Formax East,1035H,"Berry Petroleum Company, LLC",Active,0,2018-02-28,2021-05-31,4,41.0,50730.0,8066.07,0,,True,,False,,,,
Midway-Sunset,040303605300,Safe Fee,22A,Chevron U.S.A. Inc.,Active,0,2019-10-31,2019-10-31,1,5.0,3538.0,562.54,0,121.0,False,,False,,,,
Midway-Sunset,040303605300,Safe Fee,22A,Chevron U.S.A. Inc.,Active,1,2020-02-29,2020-02-29,1,4.0,2719.0,432.32,0,,True,,False,,,,
Midway-Sunset,040303622100,Severini,19-27,"Berry Petroleum Company, LLC",Active,0,2021-03-31,2021-12-31,8,24.0,16207.0,2576.91,0,,True,,False,,,,
Midway-Sunset,040303638100,Cherokee,563C,"Seneca Resources Company, LLC",Active,0,2019-11-30,2019-12-31,2,24.0,9646.0,1533.71,0,,True,,False,,,,
Midway-Sunset,040303638400,Unspecified,J262,Chevron U.S.A. Inc.,Active,0,2018-01-31,2018-02-28,2,7.0,11547.0,1835.97,0,,True,,False,,,,
Midway-Sunset,040303639100,Moco 35,WM-391,Aera Energy LLC,Active,0,2021-11-30,2021-11-30,1,8.0,6021.0,957.34,0,,True,,False,,,,
Midway-Sunset,040303643800,Western Minerals NCT-2,605,Holmes Western Oil Corporation,Active,0,2018-02-28,2018-03-31,2,15.0,4534.0,720.91,0,,True,,False,,,,
Midway-Sunset,040303645600,Bolivar,104,Aera Energy LLC,Active,0,2018-01-31,2019-12-31,4,30.0,22878.0,3637.6,0,,True,,False,,,,
Midway-Sunset,040303646800,Unspecified,G320,Chevron U.S.A. Inc.,Active,0,2018-01-31,2019-11-30,9,44.0,94567.0,15036.15,0,62.0,False,,False,,,,
Midway-Sunset,040303646800,Unspecified,G320,Chevron U.S.A. Inc.,Active,1,2020-01-31,2020-06-30,5,14.0,32491.0,5166.07,0,92.0,False,,False,,,,
Midway-Sunset,040303646800,Unspecified,G320,Chevron U.S.A. Inc.,Active,2,2020-09-30,2020-09-30,1,3.0,6980.0,1109.82,0,243.0,False,,False,,,,
Midway-Sunset,040303646800,Unspecified,G320,Chevron U.S.A. Inc.,Active,3,2021-05-31,2021-06-30,2,6.0,2663.0,423.42,0,62.0,False,,False,,,,
Midway-Sunset,040303646800,Unspecified,G320,Chevron U.S.A. Inc.,Active,4,2021-08-31,2021-12-31,5,19.0,12583.0,2000.7,0,,True,,False,,,,
Midway-Sunset,040303647000,Unspecified,H282,Chevron U.S.A. Inc.,Active,0,2018-01-31,2019-02-28,3,6.0,10643.0,1692.24,0,153.0,False,,False,,,,
Midway-Sunset,040303647000,Unspecified,H282,Chevron U.S.A. Inc.,Active,1,2019-07-31,2019-07-31,1,3.0,5520.0,877.68,0,153.0,False,,False,,,,
Midway-Sunset,040303647000,Unspecified,H282,Chevron U.S.A. Inc.,Active,2,2019-12-31,2020-02-29,3,8.0,22269.0,3540.77,0,92.0,False,,False,,,,
Midway-Sunset,040303647000,Unspecified,H282,Chevron U.S.A. Inc.,Active,3,2020-05-31,2020-05-31,1,6.0,12413.0,1973.67,0,92.0,False,,False,,,,
Midway-Sunset,040303647000,Unspecified,H282,Chevron U.S.A. Inc.,Active,4,2020-08-31,2021-12-31,17,101.0,111492.0,17727.23,0,,True,,False,,,,
Midway-Sunset,040303647100,Unspecified,H292,Chevron U.S.A. Inc.,Active,0,2018-01-31,2019-02-28,3,11.0,19344.0,3075.7,0,153.0,False,,False,,,,
Midway-Sunset,040303647100,Unspecified,H292,Chevron U.S.A. Inc.,Active,1,2019-07-31,2019-10-31,2,6.0,12033.0,1913.25,0,92.0,False,,False,,,,
Midway-Sunset,040303647100,Unspecified,H292,Chevron U.S.A. Inc.,Active,2,2020-01-31,2020-01-31,1,4.0,9785.0,1555.82,0,60.0,False,,False,,,,
Midway-Sunset,040303647100,Unspecified,H292,Chevron U.S.A. Inc.,Active,3,2020-03-31,2020-03-31,1,4.0,9527.0,1514.79,0,91.0,False,,False,,,,
Midway-Sunset,040303647100,Unspecified,H292,Chevron U.S.A. Inc.,Active,4,2020-06-30,2020-06-30,1,3.0,6468.0,1028.41,0,184.0,False,,False,,,,
Midway-Sunset,040303647100,Unspecified,H292,Chevron U.S.A. Inc.,Active,5,2020-12-31,2021-01-31,2,10.0,10813.0,1719.27,0,59.0,False,,False,,,,
Midway-Sunset,040303647100,Unspecified,H292,Chevron U.S.A. Inc.,Active,6,2021-03-31,2021-10-31,8,29.0,21183.0,3368.1,0,61.0,False,,False,,,,
Midway-Sunset,040303647100,Unspecified,H292,Chevron U.S.A. Inc.,Active,7,2021-12-31,2021-12-31,1,4.0,1557.0,247.56,0,,True,,False,,,,
Midway-Sunset,040303647200,Unspecified,H320,Chevron U.S.A. Inc.,Active,0,2018-01-31,2018-02-28,2,6.0,10562.0,1679.36,0,518.0,False,,False,,,,
Midway-Sunset,040303647200,Unspecified,H320,Chevron U.S.A. Inc.,Active,1,2019-07-31,2020-02-29,6,17.0,39616.0,6298.94,0,92.0,False,,False,,,,
Midway-Sunset,040303647200,Unspecified,H320,Chevron U.S.A. Inc.,Active,2,2020-05-31,2020-05-31,1,3.0,6375.0,1013.62,0,61.0,False,,False,,,,
Midway-Sunset,040303647200,Unspecified,H320,Chevron U.S.A. Inc.,Active,3,2020-07-31,2020-07-31,1,3.0,6147.0,977.37,0,273.0,False,,False,,,,
Midway-Sunset,040303647200,Unspecified,H320,Chevron U.S.A. Inc.,Active,4,2021-04-30,2021-07-31,4,17.0,11551.0,1836.61,0,153.0,False,,False,,,,
Midway-Sunset,040303647200,Unspecified,H320,Chevron U.S.A. Inc.,Active,5,2021-12-31,2021-12-31,1,3.0,1188.0,188.89,0,,True,,False,,,,
Midway-Sunset,040303647300,Unspecified,H310R,Chevron U.S.A. Inc.,Active,0,2018-01-31,2018-02-28,2,7.0,11059.0,1758.38,0,426.0,False,,False,,,,
Midway-Sunset,040303647300,Unspecified,H310R,Chevron U.S.A. Inc.,Active,1,2019-04-30,2019-04-30,1,3.0,6614.0,1051.63,0,92.0,False,,False,,,,
Midway-Sunset,040303647300,Unspecified,H310R,Chevron U.S.A. Inc.,Active,2,2019-07-31,2020-05-31,8,26.0,63137.0,10038.78,0,153.0,False,,False,,,,
Midway-Sunset,040303647300,Unspecified,H310R,Chevron U.S.A. Inc.,Active,3,2020-10-31,2020-12-31,3,9.0,13180.0,2095.62,0,90.0,False,,False,,,,
Midway-Sunset,040303647300,Unspecified,H310R,Chevron U.S.A. Inc.,Active,4,2021-03-31,2021-03-31,1,3.0,2513.0,399.57,0,91.0,False,,False,,,,
Midway-Sunset,040303647300,Unspecified,H310R,Chevron U.S.A. Inc.,Active,5,2021-06-30,2021-07-31,2,10.0,6735.0,1070.87,0,92.0,False,,False,,,,
Midway-Sunset,040303647300,Unspecified,H310R,Chevron U.S.A. Inc.,Active,6,2021-10-31,2021-11-30,2,8.0,7035.0,1118.57,0,,True,,False,,,,
Midway-Sunset,040303647500,Unspecified,J300R,Chevron U.S.A. Inc.,Active,0,2018-01-31,2019-02-28,2,6.0,9952.0,1582.37,0,61.0,False,,False,,,,
Midway-Sunset,040303647500,Unspecified,J300R,Chevron U.S.A. Inc.,Active,1,2019-04-30,2019-06-30,2,6.0,12753.0,2027.73,0,123.0,False,,False,,,,
Midway-Sunset,040303647500,Unspecified,J300R,Chevron U.S.A. Inc.,Active,2,2019-10-31,2020-01-31,4,12.0,28542.0,4538.18,0,60.0,False,,False,,,,
Midway-Sunset,040303647500,Unspecified,J300R,Chevron U.S.A. Inc.,Active,3,2020-03-31,2020-03-31,1,4.0,9486.0,1508.27,0,91.0,False,,False,,,,
Midway-Sunset,040303647500,Unspecified,J300R,Chevron U.S.A. Inc.,Active,4,2020-06-30,2020-06-30,1,3.0,6718.0,1068.16,0,,True,,False,,,,
Midway-Sunset,040303647900,Unspecified,K280R,Chevron U.S.A. Inc.,Active,0,2018-01-31,2018-02-28,2,7.0,11624.0,1848.22,0,426.0,False,,False,,,,
Midway-Sunset,040303647900,Unspecified,K280R,Chevron U.S.A. Inc.,Active,1,2019-04-30,2019-06-30,2,6.0,12631.0,2008.33,0,123.0,False,,False,,,,
Midway-Sunset,040303647900,Unspecified,K280R,Chevron U.S.A. Inc.,Active,2,2019-10-31,2019-10-31,1,4.0,9942.0,1580.78,0,92.0,False,,False,,,,
Midway-Sunset,040303647900,Unspecified,K280R,Chevron U.S.A. Inc.,Active,3,2020-01-31,2020-01-31,1,3.0,6621.0,1052.74,0,60.0,False,,False,,,,
Midway-Sunset,040303647900,Unspecified,K280R,Chevron U.S.A. Inc.,Active,4,2020-03-31,2020-03-31,1,5.0,9442.0,1501.28,0,91.0,False,,False,,,,
Midway-Sunset,040303647900,Unspecified,K280R,Chevron U.S.A. Inc.,Active,5,2020-06-30,2020-06-30,1,2.0,3686.0,586.07,0,62.0,False,,False,,,,
Midway-Sunset,040303647900,Unspecified,K280R,Chevron U.S.A. Inc.,Active,6,2020-08-31,2020-08-31,1,3.0,6966.0,1107.59,0,61.0,False,,False,,,,
Midway-Sunset,040303647900,Unspecified,K280R,Chevron U.S.A. Inc.,Active,7,2020-10-31,2021-02-28,5,31.0,45139.0,7177.1,0,,True,,False,,,,
Midway-Sunset,040303650600,Bolivar,303,Aera Energy LLC,Idle,0,2018-01-31,2018-01-31,1,10.0,7822.0,1243.7,0,,True,,False,,,,
Midway-Sunset,040303669800,Birch,11R,"TRC Operating Company, Inc.",Active,0,2018-01-31,2021-06-30,23,91.0,43172.0,6864.35,0,,True,,False,,,,
Midway-Sunset,040303669900,Bull,7R,"TRC Operating Company, Inc.",Active,0,2018-01-31,2021-01-31,23,100.0,46766.0,7435.79,0,59.0,False,,False,,,,
Midway-Sunset,040303669900,Bull,7R,"TRC Operating Company, Inc.",Active,1,2021-03-31,2021-05-31,3,15.0,8207.0,1304.91,0,61.0,False,,False,,,,
Midway-Sunset,040303669900,Bull,7R,"TRC Operating Company, Inc.",Active,2,2021-07-31,2021-12-31,6,28.0,17838.0,2836.24,0,,True,,False,,,,
Midway-Sunset,040303670000,Bull,22R,"TRC Operating Company, Inc.",Active,0,2018-01-31,2020-07-31,17,74.0,32359.0,5145.08,0,61.0,False,,False,,,,
Midway-Sunset,040303670000,Bull,22R,"TRC Operating Company, Inc.",Active,1,2020-09-30,2021-12-31,16,74.0,38948.0,6192.73,0,,True,,False,,,,
Midway-Sunset,040303670100,Bull,28R,"TRC Operating Company, Inc.",Active,0,2018-01-31,2019-03-31,11,45.0,20343.0,3234.54,0,396.0,False,,False,,,,
Midway-Sunset,040303670100,Bull,28R,"TRC Operating Company, Inc.",Active,1,2020-04-30,2020-04-30,1,4.0,1925.0,306.07,0,123.0,False,,False,,,,
Midway-Sunset,040303670100,Bull,28R,"TRC Operating Company, Inc.",Active,2,2020-08-31,2020-11-30,4,16.0,8807.0,1400.31,0,62.0,False,,False,,,,
Midway-Sunset,040303670100,Bull,28R,"TRC Operating Company, Inc.",Active,3,2021-01-31,2021-03-31,3,12.0,6087.0,967.83,0,61.0,False,,False,,,,
Midway-Sunset,040303670100,Bull,28R,"TRC Operating Company, Inc.",Active,4,2021-05-31,2021-05-31,1,4.0,2532.0,402.59,0,61.0,False,,False,,,,
Midway-Sunset,040303670100,Bull,28R,"TRC Operating Company, Inc.",Active,5,2021-07-31,2021-07-31,1,3.0,1857.0,295.26,0,,True,,False,,,,
Midway-Sunset,040303670200,Bull,29R,"TRC Operating Company, Inc.",Active,0,2018-12-31,2021-01-31,15,65.0,32691.0,5197.87,0,59.0,False,,False,,,,
Midway-Sunset,040303670200,Bull,29R,"TRC Operating Company, Inc.",Active,1,2021-03-31,2021-06-30,4,16.0,9172.0,1458.35,0,62.0,False,,False,,,,
Midway-Sunset,040303670200,Bull,29R,"TRC Operating Company, Inc.",Active,2,2021-08-31,2021-12-31,5,20.0,12042.0,1914.68,0,,True,,False,,,,
Midway-Sunset,040303670300,Bull,30R,"TRC Operating Company, Inc.",Active,0,2018-01-31,2021-01-31,23,101.0,44815.0,7125.59,0,59.0,False,,False,,,,
Midway-Sunset,040303670300,Bull,30R,"TRC Operating Company, Inc.",Active,1,2021-03-31,2021-09-30,7,32.0,18767.0,2983.95,0,61.0,False,,False,,,,
Midway-Sunset,040303670300,Bull,30R,"TRC Operating Company, Inc.",Active,2,2021-11-30,2021-12-31,2,11.0,6907.0,1098.21,0,,True,,False,,,,
Midway-Sunset,040303670500,Bull,34R,"TRC Operating Company, Inc.",Active,0,2018-01-31,2018-01-31,1,7.0,1504.0,239.14,0,120.0,False,,False,,,,
Midway-Sunset,040303670500,Bull,34R,"TRC Operating Company, Inc.",Active,1,2018-05-31,2018-07-31,3,7.0,1617.0,257.1,0,,True,,False,,,,
Midway-Sunset,040303670600,Birch,12R,"TRC Operating Company, Inc.",Active,0,2018-01-31,2018-09-30,8,33.0,14117.0,2244.6,0,182.0,False,,False,,,,
Midway-Sunset,040303670600,Birch,12R,"TRC Operating Company, Inc.",Active,1,2019-03-31,2020-03-31,4,20.0,9664.0,1536.58,0,122.0,False,,False,,,,
Midway-Sunset,040303670600,Birch,12R,"TRC Operating Company, Inc.",Active,2,2020-07-31,2021-06-30,12,54.0,30231.0,4806.73,0,62.0,False,,False,,,,
Midway-Sunset,040303670600,Birch,12R,"TRC Operating Company, Inc.",Active,3,2021-08-31,2021-12-31,5,20.0,12462.0,1981.46,0,,True,,False,,,,
Midway-Sunset,040303691300,,B-29,"Seneca Resources Company, LLC",Active,0,2018-01-31,2018-01-31,1,28.0,12874.0,2046.97,0,,True,,False,,,,
Midway-Sunset,040303691600,Unspecified,97X-8,"Seneca Resources Company, LLC",Active,0,2021-10-31,2021-11-30,2,14.0,4401.0,699.76,0,,True,,False,,,,
Midway-Sunset,040303693600,Unspecified,N620,Chevron U.S.A. Inc.,Active,0,2018-01-31,2019-10-31,8,48.0,23265.0,3699.14,0,335.0,False,,False,,,,
Midway-Sunset,040303693600,Unspecified,N620,Chevron U.S.A. Inc.,Active,1,2020-09-30,2021-12-31,16,103.0,76227.0,12120.09,0,,True,,False,,,,
Midway-Sunset,040303693700,,N610,Chevron U.S.A. Inc.,Active,0,2018-01-31,2021-12-31,42,252.0,140904.0,22403.74,0,,True,,False,,,,
Midway-Sunset,040303693800,Unspecified,M540,Chevron U.S.A. Inc.,Active,0,2019-10-31,2020-05-31,7,17.0,6993.0,1111.89,0,122.0,False,,False,,,,
Midway-Sunset,040303693800,Unspecified,M540,Chevron U.S.A. Inc.,Active,1,2020-09-30,2021-05-31,8,58.0,47194.0,7503.85,0,92.0,False,,False,,,,
Midway-Sunset,040303693800,Unspecified,M540,Chevron U.S.A. Inc.,Active,2,2021-08-31,2021-12-31,5,32.0,21103.0,3355.38,0,,True,,False,,,,
Midway-Sunset,040303698100,Unspecified,660,Chevron U.S.A. Inc.,Idle,0,2018-01-31,2018-01-31,1,6.0,5299.0,842.54,0,,True,,False,,,,
Midway-Sunset,040303702300,Unspecified,49R,Chevron U.S.A. Inc.,Active,0,2020-01-31,2020-01-31,1,4.0,2559.0,406.88,0,,True,,False,,,,
Midway-Sunset,040303719100,Unspecified,163,Chevron U.S.A. Inc.,Active,0,2018-01-31,2018-01-31,1,5.0,3979.0,632.66,0,,True,,False,,,,
Midway-Sunset,040303719200,Unspecified,165,Chevron U.S.A. Inc.,Active,0,2018-01-31,2018-01-31,1,5.0,4359.0,693.08,0,,True,,False,,,,
Midway-Sunset,040303721100,,1018H,"Berry Petroleum Company, LLC",Idle,0,2018-06-30,2018-07-31,2,41.0,88133.0,14013.15,0,,True,,False,,,,
Midway-Sunset,040303722900,Sunset B,506,Holmes Western Oil Corporation,Active,0,2018-02-28,2018-02-28,1,14.0,7757.0,1233.36,0,184.0,False,,False,,,,
Midway-Sunset,040303722900,Sunset B,506,Holmes Western Oil Corporation,Active,1,2018-08-31,2018-09-30,2,20.0,8810.0,1400.79,0,243.0,False,,False,,,,
Midway-Sunset,040303722900,Sunset B,506,Holmes Western Oil Corporation,Active,2,2019-05-31,2019-05-31,1,15.0,8333.0,1324.95,0,335.0,False,,False,,,,
Midway-Sunset,040303722900,Sunset B,506,Holmes Western Oil Corporation,Active,3,2020-04-30,2020-04-30,1,14.0,4692.0,746.03,0,365.0,False,,False,,,,
Midway-Sunset,040303722900,Sunset B,506,Holmes Western Oil Corporation,Active,4,2021-04-30,2021-05-31,2,31.0,10721.0,1704.64,0,,True,,False,,,,
Midway-Sunset,040303725300,Magee,348H,Sentinel Peak Resources California LLC,Active,0,2018-02-28,2018-03-31,2,10.0,5279.0,839.36,0,61.0,False,,False,,,,
Midway-Sunset,040303725300,Magee,348H,Sentinel Peak Resources California LLC,Active,1,2018-05-31,2018-08-31,4,48.0,11537.0,1834.38,0,91.0,False,,False,,,,
Midway-Sunset,040303725300,Magee,348H,Sentinel Peak Resources California LLC,Active,2,2018-11-30,2019-01-31,3,15.0,8625.0,1371.38,0,89.0,False,,False,,,,
Midway-Sunset,040303725300,Magee,348H,Sentinel Peak Resources California LLC,Active,3,2019-04-30,2019-07-31,4,19.0,10010.0,1591.59,0,184.0,False,,False,,,,
Midway-Sunset,040303725300,Magee,348H,Sentinel Peak Resources California LLC,Active,4,2020-01-31,2020-03-31,3,18.0,4443.0,706.44,0,334.0,False,,False,,,,
Midway-Sunset,040303725300,Magee,348H,Sentinel Peak Resources California LLC,Active,5,2021-02-28,2021-04-30,3,17.0,6078.0,966.4,0,123.0,False,,False,,,,
Midway-Sunset,040303725300,Magee,348H,Sentinel Peak Resources California LLC,Active,6,2021-08-31,2021-12-31,5,23.0,5110.0,812.49,0,,True,,False,,,,
Midway-Sunset,040303725500,Reardon,316J,Sentinel Peak Resources California LLC,Active,0,2018-02-28,2018-03-31,2,6.0,4950.0,787.05,0,,True,,False,,,,
Midway-Sunset,040303725900,Western,21-12,Aera Energy LLC,Active,0,2021-03-31,2021-12-31,2,25.0,22762.0,3619.16,0,,True,,False,,,,
Midway-Sunset,040303726600,Maricopa S,24,Holmes Western Oil Corporation,Active,0,2018-02-28,2018-02-28,1,11.0,6489.0,1031.75,0,,True,,False,,,,
Midway-Sunset,040303728500,Unspecified,112R,Chevron U.S.A. Inc.,Active,0,2019-02-28,2019-02-28,1,2.0,337.0,53.58,0,,True,,False,,,,
Midway-Sunset,040303737800,Unspecified,9-14R,"Berry Petroleum Company, LLC",Active,0,2018-04-30,2018-10-31,3,27.0,19701.0,3132.46,0,,True,,False,,,,
Midway-Sunset,040303753000,Alberta,343-T,Aera Energy LLC,Active,0,2021-04-30,2021-08-31,2,16.0,14630.0,2326.17,0,,True,,False,,,,
Midway-Sunset,040303753300,Shale,431-T,Aera Energy LLC,Active,0,2021-02-28,2021-07-31,2,13.0,10952.0,1741.37,0,,True,,False,,,,
Midway-Sunset,040303763000,15A,M117,"Seneca Resources Company, LLC",Active,0,2021-04-30,2021-05-31,2,13.0,3900.0,620.1,0,214.0,False,,False,,,,
Midway-Sunset,040303763000,15A,M117,"Seneca Resources Company, LLC",Active,1,2021-12-31,2021-12-31,1,4.0,1128.0,179.35,0,,True,,False,,,,
Midway-Sunset,040303763100,15A,M118,"Seneca Resources Company, LLC",Active,0,2021-02-28,2021-02-28,1,12.0,3600.0,572.4,0,,True,,False,,,,
Midway-Sunset,040303763400,15A,M121,"Seneca Resources Company, LLC",Active,0,2019-08-31,2019-08-31,1,19.0,5700.0,906.3,0,335.0,False,,False,,,,
Midway-Sunset,040303763400,15A,M121,"Seneca Resources Company, LLC",Active,1,2020-07-31,2020-08-31,2,22.0,6600.0,1049.4,0,,True,,False,,,,
Midway-Sunset,040303764900,Ethel D,592,"Berry Petroleum Company, LLC",Active,0,2018-09-30,2018-10-31,2,23.0,17217.0,2737.5,0,,True,,False,,,,
Midway-Sunset,040303765300,Cherokee,564C,"Seneca Resources Company, LLC",Active,0,2018-01-31,2018-01-31,1,10.0,4000.0,636.0,0,,True,,False,,,,
Midway-Sunset,040303776200,Finley-Hausen-I,115T,Aera Energy LLC,Active,0,2018-01-31,2018-01-31,1,3.0,2305.0,366.5,0,,True,,False,,,,
Midway-Sunset,040303799600,Unspecified,48R,Chevron U.S.A. Inc.,Idle,0,2018-01-31,2018-01-31,1,4.0,3204.0,509.44,0,,True,,False,,,,
Midway-Sunset,040303800300,Pru,347,Aera Energy LLC,Active,0,2021-03-31,2021-03-31,1,6.0,4637.0,737.28,0,,True,,False,,,,
Midway-Sunset,040303800400,Pru,TP57D,Aera Energy LLC,Active,0,2021-03-31,2021-08-31,2,11.0,9416.0,1497.14,0,,True,,False,,,,
Midway-Sunset,040303800900,Kendon,TP-72A,Aera Energy LLC,Active,0,2021-03-31,2021-09-30,3,12.0,9753.0,1550.73,0,,True,,False,,,,
Midway-Sunset,040303807600,B.B.&O.,1050H,"Berry Petroleum Company, LLC",Active,0,2018-05-31,2021-01-31,4,53.0,95079.0,15117.56,0,,True,,False,,,,
Midway-Sunset,040303809500,USL,G-79R,Chevron U.S.A. Inc.,Active,0,2020-11-30,2020-11-30,1,4.0,2650.0,421.35,0,,True,,False,,,,
Midway-Sunset,040303811000,Section 31D,1065H,"Berry Petroleum Company, LLC",Active,0,2018-03-31,2021-07-31,5,104.0,113944.0,18117.1,0,,True,,False,,,,
Midway-Sunset,040303811100,Section 31D,1020H,"Berry Petroleum Company, LLC",Active,0,2018-10-31,2021-02-28,4,57.0,75692.0,12035.03,0,,True,,False,,,,
Midway-Sunset,040303817000,Formax West,480H,"Berry Petroleum Company, LLC",Active,0,2021-02-28,2021-02-28,1,9.0,2932.0,466.19,0,,True,,False,,,,
Midway-Sunset,040303819700,Finley-Johnson-Fox,205T,Aera Energy LLC,Active,0,2018-01-31,2018-01-31,1,6.0,4989.0,793.25,0,,True,,False,,,,
Midway-Sunset,040303819900,Finley-Johnson-Fox,220T,Aera Energy LLC,Active,0,2021-01-31,2021-07-31,3,18.0,12739.0,2025.5,0,,True,,False,,,,
Midway-Sunset,040303825600,Maxwell,840,Aera Energy LLC,Active,0,2021-01-31,2021-02-28,2,8.0,8282.0,1316.84,0,,True,,False,,,,
Midway-Sunset,040303825700,Maxwell,G-75,Aera Energy LLC,Active,0,2018-01-31,2021-06-30,8,51.0,47050.0,7480.95,0,,True,,False,,,,
Midway-Sunset,040303825800,Maxwell,J-1,Aera Energy LLC,Active,0,2021-01-31,2021-02-28,2,12.0,6843.0,1088.04,0,,True,,False,,,,
Midway-Sunset,040303825900,B-40,1110H,"Berry Petroleum Company, LLC",Active,0,2021-03-31,2021-03-31,1,13.0,12484.0,1984.96,0,,True,,False,,,,
Midway-Sunset,040303826000,Section 31D,1060H,"Berry Petroleum Company, LLC",Active,0,2018-02-28,2018-02-28,1,11.0,18565.0,2951.84,0,,True,,False,,,,
Midway-Sunset,040303826200,Maxwell,M-65,Aera Energy LLC,Active,0,2021-07-31,2021-10-31,2,16.0,13906.0,2211.05,0,,True,,False,,,,
Midway-Sunset,040303827800,Marvic,40,Aera Energy LLC,Active,0,2021-01-31,2021-01-31,1,9.0,9399.0,1494.44,0,,True,,False,,,,
Midway-Sunset,040303828200,Marvic,45,Aera Energy LLC,Active,0,2021-04-30,2021-04-30,1,13.0,11239.0,1787.0,0,,True,,False,,,,
Midway-Sunset,040303829800,Pru,353,Aera Energy LLC,Active,0,2021-07-31,2021-07-31,1,7.0,5948.0,945.73,0,,True,,False,,,,
Midway-Sunset,040303845100,Catfish,1105H,"Berry Petroleum Company, LLC",Active,0,2021-01-31,2021-12-31,5,127.0,149405.0,23755.4,0,,True,,False,,,,
Midway-Sunset,040303847600,Kendon,813,Aera Energy LLC,Active,0,2021-06-30,2021-06-30,1,6.0,5586.0,888.17,0,,True,,False,,,,
Midway-Sunset,040303873600,Lilly Fee,C-2A,Aera Energy LLC,Active,0,2021-09-30,2021-09-30,1,9.0,8004.0,1272.64,0,,True,,False,,,,
Midway-Sunset,040303873700,Lilly Fee,TP-84A,Aera Energy LLC,Active,0,2021-06-30,2021-06-30,1,7.0,6856.0,1090.1,0,,True,,False,,,,
Midway-Sunset,040303874000,Lilly Fee,TP-96A,Aera Energy LLC,Active,0,2021-07-31,2021-07-31,1,5.0,5516.0,877.04,0,,True,,False,,,,
Midway-Sunset,040303874400,Lilly Fee,A-2A,Aera Energy LLC,Active,0,2021-04-30,2021-04-30,1,7.0,6599.0,1049.24,0,,True,,False,,,,
Midway-Sunset,040303874500,Lilly Fee,B-4A,Aera Energy LLC,Active,0,2021-05-31,2021-05-31,1,8.0,7106.0,1129.85,0,,True,,False,,,,
Midway-Sunset,040303874600,Lilly Fee,TP-75A,Aera Energy LLC,Active,0,2021-02-28,2021-07-31,2,11.0,11087.0,1762.83,0,,True,,False,,,,
Midway-Sunset,040303884300,Moco 34,T-386C,Aera Energy LLC,Active,0,2021-06-30,2021-06-30,1,9.0,9212.0,1464.71,0,,True,,False,,,,
Midway-Sunset,040303890900,Moco 34,MBC-124,Aera Energy LLC,Active,0,2021-02-28,2021-03-31,2,7.0,5723.0,909.96,0,,True,,False,,,,
Midway-Sunset,040303891200,Moco 34,MBC-143C,Aera Energy LLC,Active,0,2021-05-31,2021-05-31,1,7.0,6116.0,972.44,0,,True,,False,,,,
Midway-Sunset,040303897600,Anderson-Goodwin,A5,Aera Energy LLC,Active,0,2021-08-31,2021-08-31,1,10.0,9032.0,1436.09,0,,True,,False,,,,
Midway-Sunset,040303897700,Neely,P6,Aera Energy LLC,Active,0,2021-07-31,2021-08-31,2,14.0,12652.0,2011.67,0,,True,,False,,,,
Midway-Sunset,040303904000,Metson,M118-24,Aera Energy LLC,Active,0,2021-02-28,2021-02-28,1,8.0,6385.0,1015.22,0,,True,,False,,,,
Midway-Sunset,040303907400,Alpine,1150H,"Berry Petroleum Company, LLC",Active,0,2018-02-28,2021-12-31,5,93.0,149173.0,23718.51,0,,True,,False,,,,
Midway-Sunset,040303907700,Edwards Fee,1125H,"Berry Petroleum Company, LLC",Idle,0,2018-06-30,2019-03-31,4,87.0,153003.0,24327.48,0,,True,,False,,,,
Midway-Sunset,040303910600,Catfish,1100H,"Berry Petroleum Company, LLC",Active,0,2020-12-31,2021-01-31,2,24.0,33703.0,5358.78,0,,True,,False,,,,
Midway-Sunset,040303910700,Catfish,1140H,"Berry Petroleum Company, LLC",Active,0,2018-06-30,2018-07-31,2,44.0,93270.0,14829.93,0,,True,,False,,,,
Midway-Sunset,040303915100,Shale,465T,Aera Energy LLC,Active,0,2021-05-31,2021-10-31,2,17.0,14395.0,2288.8,0,,True,,False,,,,
Midway-Sunset,040303916600,Shale,420T,Aera Energy LLC,Active,0,2018-01-31,2018-01-31,1,8.0,7441.0,1183.12,0,,True,,False,,,,
Midway-Sunset,040303916700,Shale,422T,Aera Energy LLC,Active,0,2021-06-30,2021-06-30,1,6.0,5264.0,836.98,0,,True,,False,,,,
Midway-Sunset,040303916800,Shale,462T,Aera Energy LLC,Active,0,2018-01-31,2019-01-31,3,17.0,16833.0,2676.45,0,,True,,False,,,,
Midway-Sunset,040303923700,Moco 35,WI-273A,Aera Energy LLC,Active,0,2021-01-31,2021-01-31,1,9.0,8007.0,1273.11,0,,True,,False,,,,
Midway-Sunset,040303923800,Moco 35,WI-274N,Aera Energy LLC,Active,0,2021-06-30,2021-06-30,1,9.0,9355.0,1487.44,0,,True,,False,,,,
Midway-Sunset,040303927600,Moco 35,WI-284G,Aera Energy LLC,Active,0,2021-04-30,2021-04-30,1,9.0,7603.0,1208.88,0,,True,,False,,,,
Midway-Sunset,040303927800,Bull,19R,"TRC Operating Company, Inc.",Active,0,2018-01-31,2020-03-31,14,62.0,26646.0,4236.71,0,153.0,False,,False,,,,
Midway-Sunset,040303927800,Bull,19R,"TRC Operating Company, Inc.",Active,1,2020-08-31,2021-12-31,17,80.0,43682.0,6945.44,0,,True,,False,,,,
Midway-Sunset,040303928000,Birch,15R,"TRC Operating Company, Inc.",Active,0,2018-01-31,2018-04-30,3,12.0,5647.0,897.87,0,61.0,False,,False,,,,
Midway-Sunset,040303928000,Birch,15R,"TRC Operating Company, Inc.",Active,1,2018-06-30,2018-12-31,5,20.0,8139.0,1294.1,0,90.0,False,,False,,,,
Midway-Sunset,040303928000,Birch,15R,"TRC Operating Company, Inc.",Active,2,2019-03-31,2021-01-31,13,62.0,29212.0,4644.71,0,89.0,False,,False,,,,
Midway-Sunset,040303928000,Birch,15R,"TRC Operating Company, Inc.",Active,3,2021-04-30,2021-11-30,8,36.0,21861.0,3475.9,0,,True,,False,,,,
Midway-Sunset,040303928100,Cypress,14R,"TRC Operating Company, Inc.",Active,0,2018-01-31,2018-12-31,9,26.0,10068.0,1600.81,0,90.0,False,,False,,,,
Midway-Sunset,040303928100,Cypress,14R,"TRC Operating Company, Inc.",Active,1,2019-03-31,2020-01-31,2,3.0,755.0,120.05,0,90.0,False,,False,,,,
Midway-Sunset,040303928100,Cypress,14R,"TRC Operating Company, Inc.",Active,2,2020-04-30,2020-04-30,1,1.0,281.0,44.68,0,,True,,False,,,,
Midway-Sunset,040303928200,Cypress,30R,"TRC Operating Company, Inc.",Active,0,2018-01-31,2018-04-30,3,16.0,8477.0,1347.84,0,61.0,False,,False,,,,
Midway-Sunset,040303928200,Cypress,30R,"TRC Operating Company, Inc.",Active,1,2018-06-30,2018-08-31,3,13.0,6172.0,981.35,0,122.0,False,,False,,,,
Midway-Sunset,040303928200,Cypress,30R,"TRC Operating Company, Inc.",Active,2,2018-12-31,2020-10-31,12,54.0,27413.0,4358.67,0,,True,,False,,,,
Midway-Sunset,040303937200,Ethel D,440,"Berry Petroleum Company, LLC",Active,0,2018-05-31,2018-05-31,1,14.0,16228.0,2580.25,0,,True,,False,,,,
Midway-Sunset,040303938800,Finley-Johnson-Fox,230T,Aera Energy LLC,Active,0,2021-06-30,2021-11-30,2,15.0,12758.0,2028.52,0,,True,,False,,,,
Midway-Sunset,040303938900,Finley-Johnson-Fox,233T,Aera Energy LLC,Active,0,2018-01-31,2018-01-31,1,8.0,6748.0,1072.93,0,,True,,False,,,,
Midway-Sunset,040303939000,Finley-Hausen-I,126T,Aera Energy LLC,Active,0,2021-12-31,2021-12-31,1,5.0,5150.0,818.85,0,,True,,False,,,,
Midway-Sunset,040303939600,Finley-Johnson-Fox,255T,Aera Energy LLC,Active,0,2021-03-31,2021-03-31,1,8.0,6284.0,999.16,0,,True,,False,,,,
Midway-Sunset,040303939800,Finley-Johnson-Fox,265T,Aera Energy LLC,Idle,0,2018-01-31,2018-01-31,1,8.0,6718.0,1068.16,0,,True,,False,,,,
Midway-Sunset,040303940200,Finley-Hausen-II,802T,Aera Energy LLC,Active,0,2021-01-31,2021-07-31,2,15.0,10718.0,1704.16,0,,True,,False,,,,
Midway-Sunset,040303940300,Finley-Hausen-II,746T,Aera Energy LLC,Active,0,2021-04-30,2021-12-31,5,26.0,21371.0,3397.99,0,,True,,False,,,,
Midway-Sunset,040303941000,Finley-Hausen-II,811T,Aera Energy LLC,Active,0,2018-01-31,2018-01-31,1,1.0,388.0,61.69,0,,True,,False,,,,
Midway-Sunset,040303944600,Moco 35,MBC-89B,Aera Energy LLC,Active,0,2021-01-31,2021-01-31,1,21.0,4341.0,690.22,0,,True,,False,,,,
Midway-Sunset,040303946800,Hoyt,19,"Seneca Resources Company, LLC",Active,0,2019-08-31,2019-08-31,1,18.0,9176.0,1458.98,0,639.0,False,,False,,,,
Midway-Sunset,040303946800,Hoyt,19,"Seneca Resources Company, LLC",Active,1,2021-05-31,2021-05-31,1,7.0,2595.0,412.61,0,122.0,False,,False,,,,
Midway-Sunset,040303946800,Hoyt,19,"Seneca Resources Company, LLC",Active,2,2021-09-30,2021-09-30,1,11.0,4745.0,754.46,0,,True,,False,,,,
Midway-Sunset,040303948100,Hoyt,18,"Seneca Resources Company, LLC",Active,0,2021-05-31,2021-05-31,1,8.0,3405.0,541.39,0,122.0,False,,False,,,,
Midway-Sunset,040303948100,Hoyt,18,"Seneca Resources Company, LLC",Active,1,2021-09-30,2021-12-31,4,49.0,21744.0,3457.3,0,,True,,False,,,,
Midway-Sunset,040303948400,Hoyt,17,"Seneca Resources Company, LLC",Active,0,2020-02-29,2020-02-29,1,10.0,4898.0,778.78,0,337.0,False,,False,,,,
Midway-Sunset,040303948400,Hoyt,17,"Seneca Resources Company, LLC",Active,1,2021-01-31,2021-01-31,1,12.0,5859.0,931.58,0,,True,,False,,,,
Midway-Sunset,040303948500,Hoyt,16,"Seneca Resources Company, LLC",Active,0,2019-10-31,2019-10-31,1,12.0,6000.0,954.0,0,366.0,False,,False,,,,
Midway-Sunset,040303948500,Hoyt,16,"Seneca Resources Company, LLC",Active,1,2020-10-31,2020-12-31,2,35.0,15361.0,2442.4,0,59.0,False,,False,,,,
Midway-Sunset,040303948500,Hoyt,16,"Seneca Resources Company, LLC",Active,2,2021-02-28,2021-03-31,2,7.0,3395.0,539.81,0,61.0,False,,False,,,,
Midway-Sunset,040303948500,Hoyt,16,"Seneca Resources Company, LLC",Active,3,2021-05-31,2021-05-31,1,7.0,2871.0,456.49,0,,True,,False,,,,
Midway-Sunset,040303957000,Exeter Fee,311T,Aera Energy LLC,Active,0,2021-07-31,2021-08-31,2,8.0,6335.0,1007.26,0,,True,,False,,,,
Midway-Sunset,040303957200,Exeter Fee,346T,Aera Energy LLC,Active,0,2021-06-30,2021-10-31,2,16.0,14402.0,2289.92,0,,True,,False,,,,
Midway-Sunset,040303957400,Exeter Fee,376T,Aera Energy LLC,Active,0,2021-07-31,2021-12-31,3,13.0,10848.0,1724.83,0,,True,,False,,,,
Midway-Sunset,040303960200,National USL,6-2S,Aera Energy LLC,Active,0,2021-01-31,2021-11-30,4,26.0,20362.0,3237.56,0,,True,,False,,,,
Midway-Sunset,040303960500,Maxwell,842,Aera Energy LLC,Active,0,2021-04-30,2021-08-31,2,16.0,14048.0,2233.63,0,,True,,False,,,,
Midway-Sunset,040303960700,Maxwell,844,Aera Energy LLC,Active,0,2021-04-30,2021-08-31,2,14.0,12154.0,1932.49,0,,True,,False,,,,
Midway-Sunset,040303960900,Maxwell,G-55,Aera Energy LLC,Active,0,2021-03-31,2021-07-31,2,15.0,13115.0,2085.28,0,,True,,False,,,,
Midway-Sunset,040303961000,Maxwell,J-105,Aera Energy LLC,Active,0,2018-01-31,2021-09-30,3,25.0,26801.0,4261.36,0,,True,,False,,,,
Midway-Sunset,040303972900,Unspecified,L531,Chevron U.S.A. Inc.,Active,0,2019-02-28,2020-02-29,10,42.0,19490.0,3098.91,0,92.0,False,,False,,,,
Midway-Sunset,040303972900,Unspecified,L531,Chevron U.S.A. Inc.,Active,1,2020-05-31,2020-05-31,1,3.0,1283.0,204.0,0,92.0,False,,False,,,,
Midway-Sunset,040303972900,Unspecified,L531,Chevron U.S.A. Inc.,Active,2,2020-08-31,2020-08-31,1,3.0,982.0,156.14,0,122.0,False,,False,,,,
Midway-Sunset,040303972900,Unspecified,L531,Chevron U.S.A. Inc.,Active,3,2020-12-31,2021-01-31,2,12.0,14642.0,2328.08,0,59.0,False,,False,,,,
Midway-Sunset,040303972900,Unspecified,L531,Chevron U.S.A. Inc.,Active,4,2021-03-31,2021-12-31,10,61.0,43753.0,6956.73,0,,True,,False,,,,
Midway-Sunset,040303974000,Kendon,721,Aera Energy LLC,Active,0,2021-03-31,2021-03-31,1,11.0,7460.0,1186.14,0,,True,,False,,,,
Midway-Sunset,040303974100,Kendon,814NAT,Aera Energy LLC,Active,0,2018-01-31,2019-10-31,3,21.0,15605.0,2481.2,0,,True,,False,,,,
Midway-Sunset,040303974500,15A,M122,"Seneca Resources Company, LLC",Active,0,2021-01-31,2021-01-31,1,13.0,3900.0,620.1,0,,True,,False,,,,
Midway-Sunset,040303974800,,A-30,"Seneca Resources Company, LLC",Active,0,2018-01-31,2018-01-31,1,28.0,12874.0,2046.97,0,,True,,False,,,,
Midway-Sunset,040303975000,Unspecified,282J-19,"Seneca Resources Company, LLC",Active,0,2021-06-30,2021-06-30,1,11.0,3627.0,576.69,0,,True,,False,,,,
Midway-Sunset,040303975100,Unspecified,282K-19,"Seneca Resources Company, LLC",Active,0,2018-01-31,2018-01-31,1,2.0,845.0,134.35,0,1155.0,False,,False,,,,
Midway-Sunset,040303975100,Unspecified,282K-19,"Seneca Resources Company, LLC",Active,1,2021-03-31,2021-04-30,2,7.0,2313.0,367.77,0,214.0,False,,False,,,,
Midway-Sunset,040303975100,Unspecified,282K-19,"Seneca Resources Company, LLC",Active,2,2021-11-30,2021-12-31,2,16.0,5380.0,855.42,0,,True,,False,,,,
Midway-Sunset,040303975400,Unspecified,282N-19,"Seneca Resources Company, LLC",Active,0,2018-01-31,2018-01-31,1,20.0,9617.0,1529.1,0,334.0,False,,False,,,,
Midway-Sunset,040303975400,Unspecified,282N-19,"Seneca Resources Company, LLC",Active,1,2018-12-31,2019-01-31,2,20.0,7973.0,1267.71,0,578.0,False,,False,,,,
Midway-Sunset,040303975400,Unspecified,282N-19,"Seneca Resources Company, LLC",Active,2,2020-08-31,2020-08-31,1,7.0,1890.0,300.51,0,365.0,False,,False,,,,
Midway-Sunset,040303975400,Unspecified,282N-19,"Seneca Resources Company, LLC",Active,3,2021-08-31,2021-09-30,2,14.0,4873.0,774.81,0,,True,,False,,,,
Midway-Sunset,040303978000,Unspecified,G-18H,Chevron U.S.A. Inc.,Active,0,2019-07-31,2019-07-31,1,4.0,3339.0,530.9,0,458.0,False,,False,,,,
Midway-Sunset,040303978000,Unspecified,G-18H,Chevron U.S.A. Inc.,Active,1,2020-10-31,2020-10-31,1,6.0,4411.0,701.35,0,,True,,False,,,,
Midway-Sunset,040303978400,Tumbador,23FP3H,Chevron U.S.A. Inc.,Active,0,2019-03-31,2019-03-31,1,8.0,8563.0,1361.52,0,275.0,False,,False,,,,
Midway-Sunset,040303978400,Tumbador,23FP3H,Chevron U.S.A. Inc.,Active,1,2019-12-31,2019-12-31,1,4.0,5036.0,800.72,0,,True,,False,,,,
Midway-Sunset,040303980100,Sunset B,405,Holmes Western Oil Corporation,Active,0,2018-02-28,2018-02-28,1,7.0,2941.0,467.62,0,,True,,False,,,,
Midway-Sunset,040303981900,Pan,K-22,"Berry Petroleum Company, LLC",Active,0,2018-05-31,2019-01-31,2,45.0,28972.0,4606.55,0,,True,,False,,,,
Midway-Sunset,040303982000,Pan,K-28,"Berry Petroleum Company, LLC",Active,0,2018-03-31,2018-03-31,1,13.0,11937.0,1897.98,0,,True,,False,,,,
Midway-Sunset,040303983900,Ethel D,457,"Berry Petroleum Company, LLC",Active,0,2020-12-31,2021-07-31,2,30.0,16296.0,2591.06,0,,True,,False,,,,
Midway-Sunset,040303984000,Ethel D,593,"Berry Petroleum Company, LLC",Active,0,2018-06-30,2018-06-30,1,14.0,12339.0,1961.9,0,,True,,False,,,,
Midway-Sunset,040303984100,Ethel D,594,"Berry Petroleum Company, LLC",Active,0,2020-12-31,2020-12-31,1,1.0,736.0,117.02,0,,True,,False,,,,
Midway-Sunset,040303984200,Ethel D,595,"Berry Petroleum Company, LLC",Active,0,2018-05-31,2018-05-31,1,8.0,6933.0,1102.35,0,,True,,False,,,,
Midway-Sunset,040303984400,Ethel D,597,"Berry Petroleum Company, LLC",Active,0,2018-01-31,2018-09-30,2,22.0,20107.0,3197.01,0,,True,,False,,,,
Midway-Sunset,040303984500,Ethel D,598,"Berry Petroleum Company, LLC",Active,0,2021-09-30,2021-09-30,1,2.0,1192.0,189.53,0,,True,,False,,,,
Midway-Sunset,040303984600,Ethel D,599,"Berry Petroleum Company, LLC",Active,0,2021-04-30,2021-06-30,3,62.0,13475.0,2142.53,0,,True,,False,,,,
Midway-Sunset,040303985600,Wier,800,Aera Energy LLC,Active,0,2018-01-31,2018-01-31,1,8.0,4313.0,685.77,0,,True,,False,,,,
Midway-Sunset,040303987700,Shale,421T,Aera Energy LLC,Active,0,2018-01-31,2021-12-31,2,16.0,14929.0,2373.71,0,,True,,False,,,,
Midway-Sunset,040303989900,Pan,M-30,"Berry Petroleum Company, LLC",Active,0,2018-05-31,2018-06-30,2,12.0,8255.0,1312.55,0,,True,,False,,,,
Midway-Sunset,040303998500,USL,G-2323,Chevron U.S.A. Inc.,Active,0,2019-06-30,2019-06-30,1,4.0,3547.0,563.97,0,458.0,False,,False,,,,
Midway-Sunset,040303998500,USL,G-2323,Chevron U.S.A. Inc.,Active,1,2020-09-30,2020-09-30,1,5.0,3815.0,606.59,0,,True,,False,,,,
Midway-Sunset,040303998600,USL,G-4105,Chevron U.S.A. Inc.,Active,0,2019-06-30,2019-06-30,1,5.0,4620.0,734.58,0,,True,,False,,,,
Midway-Sunset,040303998800,Tumbador-USL,G-372,Chevron U.S.A. Inc.,Active,0,2019-10-31,2019-10-31,1,5.0,5931.0,943.03,0,,True,,False,,,,
Midway-Sunset,040304005000,Exeter-BAOC,139M,Aera Energy LLC,Active,0,2021-06-30,2021-06-30,1,15.0,12478.0,1984.0,0,,True,,False,,,,
Midway-Sunset,040304011600,Unspecified,G-7229,Chevron U.S.A. Inc.,Active,0,2019-06-30,2019-07-31,2,6.0,5795.0,921.4,0,427.0,False,,False,,,,
Midway-Sunset,040304011600,Unspecified,G-7229,Chevron U.S.A. Inc.,Active,1,2020-09-30,2020-09-30,1,6.0,4675.0,743.33,0,,True,,False,,,,
Midway-Sunset,040304028400,Kendon,TP-51A,Aera Energy LLC,Active,0,2021-11-30,2021-12-31,2,10.0,9344.0,1485.7,0,,True,,False,,,,
Midway-Sunset,040304028500,Kendon,TP-61A,Aera Energy LLC,Active,0,2021-01-31,2021-07-31,2,16.0,15975.0,2540.03,0,,True,,False,,,,
Midway-Sunset,040304028600,Kendon,TP-71A,Aera Energy LLC,Active,0,2021-04-30,2021-05-31,2,11.0,8391.0,1334.17,0,,True,,False,,,,
Midway-Sunset,040304028800,Kendon,TP-92A,Aera Energy LLC,Active,0,2018-01-31,2018-01-31,1,1.0,1302.0,207.02,0,,True,,False,,,,
Midway-Sunset,040304029700,Alpine,1170H,"Berry Petroleum Company, LLC",Active,0,2018-09-30,2018-10-31,2,25.0,43361.0,6894.4,0,,True,,False,,,,
Midway-Sunset,040304029800,Big Ten,1180H,"Berry Petroleum Company, LLC",Active,0,2018-09-30,2020-12-31,3,39.0,58706.0,9334.25,0,,True,,False,,,,
Midway-Sunset,040304030000,Catfish,1175H,"Berry Petroleum Company, LLC",Active,0,2018-05-31,2021-02-28,5,60.0,80552.0,12807.77,0,,True,,False,,,,
Midway-Sunset,040304034500,Moco 35,MBC-289D,Aera Energy LLC,Active,0,2021-10-31,2021-10-31,1,8.0,6904.0,1097.74,0,,True,,False,,,,
Midway-Sunset,040304034600,Moco 35,MBC-299C,Aera Energy LLC,Active,0,2018-01-31,2021-06-30,3,30.0,21610.0,3435.99,0,,True,,False,,,,
Midway-Sunset,040304034900,Moco 35,MBC-391,Aera Energy LLC,Active,0,2021-01-31,2021-01-31,1,5.0,3822.0,607.7,0,,True,,False,,,,
Midway-Sunset,040304035100,Moco 35,MBC-394,Aera Energy LLC,Active,0,2021-03-31,2021-08-31,2,15.0,15401.0,2448.76,0,,True,,False,,,,
Midway-Sunset,040304036300,Hondo Peerless,SI-35H,"Seneca Resources Company, LLC",Active,0,2018-01-31,2018-06-30,5,150.0,33392.0,5309.33,0,31.0,False,,False,,,,
Midway-Sunset,040304036300,Hondo Peerless,SI-35H,"Seneca Resources Company, LLC",Active,1,2018-07-31,2021-01-31,30,858.0,217759.0,34623.68,0,,True,,False,,,,
Midway-Sunset,040304038000,Keene,69,Sentinel Peak Resources California LLC,Active,0,2018-02-28,2021-12-31,7,33.0,25284.0,4020.16,0,,True,,False,,,,
Midway-Sunset,040304038300,Williams,22,Sentinel Peak Resources California LLC,Active,0,2018-02-28,2018-03-31,2,9.0,7574.0,1204.27,0,,True,,False,,,,
Midway-Sunset,040304038500,Williams,24,Sentinel Peak Resources California LLC,Active,0,2018-02-28,2018-09-30,8,27.0,24554.0,3904.09,0,92.0,False,,False,,,,
Midway-Sunset,040304038500,Williams,24,Sentinel Peak Resources California LLC,Active,1,2018-12-31,2019-03-31,4,18.0,16400.0,2607.6,0,122.0,False,,False,,,,
Midway-Sunset,040304038500,Williams,24,Sentinel Peak Resources California LLC,Active,2,2019-07-31,2019-07-31,1,2.0,1983.0,315.3,0,184.0,False,,False,,,,
Midway-Sunset,040304038500,Williams,24,Sentinel Peak Resources California LLC,Active,3,2020-01-31,2020-02-29,2,10.0,6174.0,981.67,0,61.0,False,,False,,,,
Midway-Sunset,040304038500,Williams,24,Sentinel Peak Resources California LLC,Active,4,2020-04-30,2020-04-30,1,3.0,1219.0,193.82,0,92.0,False,,False,,,,
Midway-Sunset,040304038500,Williams,24,Sentinel Peak Resources California LLC,Active,5,2020-07-31,2020-09-30,3,15.0,6362.0,1011.56,0,61.0,False,,False,,,,
Midway-Sunset,040304038500,Williams,24,Sentinel Peak Resources California LLC,Active,6,2020-11-30,2020-12-31,2,6.0,2811.0,446.95,0,,True,,False,,,,
Midway-Sunset,040304042700,Moco 34,MBC-178C,Aera Energy LLC,Active,0,2018-01-31,2018-01-31,1,9.0,4215.0,670.19,0,,True,,False,,,,
Midway-Sunset,040304043100,Moco 34,MBC-199,Aera Energy LLC,Active,0,2018-01-31,2021-04-30,2,13.0,13332.0,2119.79,0,,True,,False,,,,
Midway-Sunset,040304044100,Pru,TP-35A,Aera Energy LLC,Active,0,2021-04-30,2021-09-30,2,14.0,13725.0,2182.28,0,,True,,False,,,,
Midway-Sunset,040304044400,Pru,TP-44A,Aera Energy LLC,Active,0,2021-05-31,2021-05-31,1,9.0,7650.0,1216.35,0,,True,,False,,,,
Midway-Sunset,040304044500,Pru,TP-45A,Aera Energy LLC,Active,0,2021-03-31,2021-07-31,2,10.0,9140.0,1453.26,0,,True,,False,,,,
Midway-Sunset,040304046100,Lilly Fee,TP-106D,Aera Energy LLC,Active,0,2021-03-31,2021-03-31,1,4.0,3125.0,496.88,0,,True,,False,,,,
Midway-Sunset,040304046200,Lilly Fee,TP-107A,Aera Energy LLC,Active,0,2021-05-31,2021-05-31,1,9.0,6360.0,1011.24,0,,True,,False,,,,
Midway-Sunset,040304046300,Lilly Fee,TP-108A,Aera Energy LLC,Active,0,2021-03-31,2021-03-31,1,5.0,4201.0,667.96,0,,True,,False,,,,
Midway-Sunset,040304046500,Lilly Fee,TP-115A,Aera Energy LLC,Active,0,2021-07-31,2021-08-31,2,5.0,5315.0,845.09,0,,True,,False,,,,
Midway-Sunset,040304047400,Monarch,185,Chevron U.S.A. Inc.,Active,0,2018-01-31,2018-01-31,1,7.0,4968.0,789.91,0,,True,,False,,,,
Midway-Sunset,040304047600,Monarch,194,Chevron U.S.A. Inc.,Active,0,2019-11-30,2019-11-30,1,5.0,3643.0,579.24,0,,True,,False,,,,
Midway-Sunset,040304064000,Hondo Peerless,247,"Seneca Resources Company, LLC",Active,0,2020-12-31,2020-12-31,1,3.0,1344.0,213.7,0,304.0,False,,False,,,,
Midway-Sunset,040304064000,Hondo Peerless,247,"Seneca Resources Company, LLC",Active,1,2021-10-31,2021-10-31,1,14.0,6418.0,1020.46,0,,True,,False,,,,
Midway-Sunset,040304069900,Berry & Ewing,1195H,"Berry Petroleum Company, LLC",Active,0,2021-09-30,2021-11-30,3,65.0,97901.0,15566.26,0,,True,,False,,,,
Midway-Sunset,040304070100,Hopkins,1190H,"Berry Petroleum Company, LLC",Active,0,2018-02-28,2021-12-31,5,79.0,114712.0,18239.21,0,,True,,False,,,,
Midway-Sunset,040304076100,Ethel D,610,"Berry Petroleum Company, LLC",Active,0,2018-09-30,2018-10-31,2,14.0,12984.0,2064.46,0,,True,,False,,,,
Midway-Sunset,040304076400,Ethel D,607,"Berry Petroleum Company, LLC",Active,0,2018-02-28,2018-03-31,2,14.0,11926.0,1896.23,0,,True,,False,,,,
Midway-Sunset,040304076500,Ethel D,609,"Berry Petroleum Company, LLC",Idle,0,2018-06-30,2018-07-31,2,14.0,12272.0,1951.25,0,,True,,False,,,,
Midway-Sunset,040304076800,Ethel D,606,"Berry Petroleum Company, LLC",Active,0,2018-10-31,2018-10-31,1,13.0,11917.0,1894.8,0,,True,,False,,,,
Midway-Sunset,040304089200,Heard & Painter,58,Aera Energy LLC,Active,0,2021-04-30,2021-12-31,3,29.0,17321.0,2754.04,0,,True,,False,,,,
Midway-Sunset,040304089400,Heard & Painter,60,Aera Energy LLC,Active,0,2021-05-31,2021-05-31,1,11.0,11032.0,1754.09,0,,True,,False,,,,
Midway-Sunset,040304093000,Unspecified,39-17,"Berry Petroleum Company, LLC",Active,0,2018-01-31,2021-12-31,23,151.0,62952.0,10009.37,0,,True,,False,,,,
Midway-Sunset,040304093200,Unspecified,50-26,"Berry Petroleum Company, LLC",Idle,0,2018-01-31,2018-09-30,9,89.0,25314.0,4024.93,0,,True,,False,,,,
Midway-Sunset,040304102000,Ethel D,459,"Berry Petroleum Company, LLC",Active,0,2018-10-31,2018-11-30,2,7.0,11022.0,1752.5,0,,True,,False,,,,
Midway-Sunset,040304102100,Ethel D,460,"Berry Petroleum Company, LLC",Active,0,2018-03-31,2018-03-31,1,12.0,9108.0,1448.17,0,,True,,False,,,,
Midway-Sunset,040304105600,Exeter Fee,48M,Aera Energy LLC,Idle,0,2018-01-31,2018-01-31,1,10.0,8665.0,1377.74,0,,True,,False,,,,
Midway-Sunset,040304106000,Exeter Fee,59M,Aera Energy LLC,Active,0,2021-01-31,2021-01-31,1,5.0,5291.0,841.27,0,,True,,False,,,,
Midway-Sunset,040304116300,Unspecified,F285,Chevron U.S.A. Inc.,Active,0,2018-01-31,2020-07-31,25,130.0,45650.0,7258.35,0,61.0,False,,False,,,,
Midway-Sunset,040304116300,Unspecified,F285,Chevron U.S.A. Inc.,Active,1,2020-09-30,2020-09-30,1,4.0,1213.0,192.87,0,,True,,False,,,,
Midway-Sunset,040304116400,Unspecified,G275,Chevron U.S.A. Inc.,Active,0,2018-01-31,2021-02-28,23,160.0,43837.0,6970.08,0,245.0,False,,False,,,,
Midway-Sunset,040304116400,Unspecified,G275,Chevron U.S.A. Inc.,Active,1,2021-10-31,2021-12-31,3,21.0,18413.0,2927.67,0,,True,,False,,,,
Midway-Sunset,040304116700,Unspecified,H305,Chevron U.S.A. Inc.,Active,0,2018-01-31,2018-02-28,2,17.0,6425.0,1021.58,0,426.0,False,,False,,,,
Midway-Sunset,040304116700,Unspecified,H305,Chevron U.S.A. Inc.,Active,1,2019-04-30,2019-06-30,2,6.0,1732.0,275.39,0,123.0,False,,False,,,,
Midway-Sunset,040304116700,Unspecified,H305,Chevron U.S.A. Inc.,Active,2,2019-10-31,2019-11-30,2,12.0,4351.0,691.81,0,62.0,False,,False,,,,
Midway-Sunset,040304116700,Unspecified,H305,Chevron U.S.A. Inc.,Active,3,2020-01-31,2020-02-29,2,6.0,1874.0,297.97,0,92.0,False,,False,,,,
Midway-Sunset,040304116700,Unspecified,H305,Chevron U.S.A. Inc.,Active,4,2020-05-31,2020-05-31,1,3.0,770.0,122.43,0,92.0,False,,False,,,,
Midway-Sunset,040304116700,Unspecified,H305,Chevron U.S.A. Inc.,Active,5,2020-08-31,2020-09-30,2,14.0,4066.0,646.49,0,426.0,False,,False,,,,
Midway-Sunset,040304116700,Unspecified,H305,Chevron U.S.A. Inc.,Active,6,2021-11-30,2021-12-31,2,8.0,8563.0,1361.52,0,,True,,False,,,,
Midway-Sunset,040304116800,Unspecified,L305,Chevron U.S.A. Inc.,Active,0,2018-01-31,2018-02-28,2,7.0,2313.0,367.77,0,61.0,False,,False,,,,
Midway-Sunset,040304116800,Unspecified,L305,Chevron U.S.A. Inc.,Active,1,2018-04-30,2019-02-28,9,35.0,12959.0,2060.48,0,61.0,False,,False,,,,
Midway-Sunset,040304116800,Unspecified,L305,Chevron U.S.A. Inc.,Active,2,2019-04-30,2020-09-30,14,50.0,16006.0,2544.95,0,365.0,False,,False,,,,
Midway-Sunset,040304116800,Unspecified,L305,Chevron U.S.A. Inc.,Active,3,2021-09-30,2021-12-31,4,28.0,13113.0,2084.97,0,,True,,False,,,,
Midway-Sunset,040304122500,Moco 35,WIM-263,Aera Energy LLC,Active,0,2021-08-31,2021-08-31,1,7.0,6902.0,1097.42,0,,True,,False,,,,
Midway-Sunset,040304127500,,M590,Chevron U.S.A. Inc.,Active,0,2018-01-31,2019-07-31,7,27.0,11878.0,1888.6,0,122.0,False,,False,,,,
Midway-Sunset,040304127500,,M590,Chevron U.S.A. Inc.,Active,1,2019-11-30,2020-02-29,4,14.0,6258.0,995.02,0,92.0,False,,False,,,,
Midway-Sunset,040304127500,,M590,Chevron U.S.A. Inc.,Active,2,2020-05-31,2020-12-31,8,31.0,15914.0,2530.33,0,151.0,False,,False,,,,
Midway-Sunset,040304127500,,M590,Chevron U.S.A. Inc.,Active,3,2021-05-31,2021-09-30,5,32.0,23171.0,3684.19,0,61.0,False,,False,,,,
Midway-Sunset,040304127500,,M590,Chevron U.S.A. Inc.,Active,4,2021-11-30,2021-12-31,2,11.0,4161.0,661.6,0,,True,,False,,,,
Midway-Sunset,040304127600,,N580,Chevron U.S.A. Inc.,Active,0,2019-11-30,2020-02-29,4,17.0,7432.0,1181.69,0,92.0,False,,False,,,,
Midway-Sunset,040304127600,,N580,Chevron U.S.A. Inc.,Active,1,2020-05-31,2021-01-31,9,40.0,23859.0,3793.58,0,59.0,False,,False,,,,
Midway-Sunset,040304127600,,N580,Chevron U.S.A. Inc.,Active,2,2021-03-31,2021-03-31,1,3.0,2613.0,415.47,0,61.0,False,,False,,,,
Midway-Sunset,040304127600,,N580,Chevron U.S.A. Inc.,Active,3,2021-05-31,2021-12-31,8,57.0,33436.0,5316.32,0,,True,,False,,,,
Midway-Sunset,040304127700,,N590,Chevron U.S.A. Inc.,Active,0,2018-01-31,2019-04-30,14,72.0,34114.0,5424.13,0,,True,,False,,,,
Midway-Sunset,040304129600,Lockwood,4Q,Aera Energy LLC,Active,0,2018-01-31,2018-01-31,1,1.0,502.0,79.82,0,,True,,False,,,,
Midway-Sunset,040304133400,Fairfield,357,"Berry Petroleum Company, LLC",Active,0,2020-12-31,2020-12-31,1,15.0,1055.0,167.75,0,,True,,False,,,,
Midway-Sunset,040304137900,Unspecified,K580,Chevron U.S.A. Inc.,Active,0,2018-01-31,2019-03-31,4,21.0,9742.0,1548.98,0,91.0,False,,False,,,,
Midway-Sunset,040304137900,Unspecified,K580,Chevron U.S.A. Inc.,Active,1,2019-06-30,2021-03-31,19,97.0,60605.0,9636.19,0,61.0,False,,False,,,,
Midway-Sunset,040304137900,Unspecified,K580,Chevron U.S.A. Inc.,Active,2,2021-05-31,2021-12-31,8,48.0,25120.0,3994.08,0,,True,,False,,,,
Midway-Sunset,040304138000,Unspecified,L590,Chevron U.S.A. Inc.,Active,0,2018-01-31,2019-06-30,5,19.0,9695.0,1541.51,0,123.0,False,,False,,,,
Midway-Sunset,040304138000,Unspecified,L590,Chevron U.S.A. Inc.,Active,1,2019-10-31,2020-05-31,7,28.0,12224.0,1943.62,0,61.0,False,,False,,,,
Midway-Sunset,040304138000,Unspecified,L590,Chevron U.S.A. Inc.,Active,2,2020-07-31,2020-07-31,1,3.0,1106.0,175.85,0,92.0,False,,False,,,,
Midway-Sunset,040304138000,Unspecified,L590,Chevron U.S.A. Inc.,Active,3,2020-10-31,2021-05-31,8,34.0,29386.0,4672.37,0,61.0,False,,False,,,,
Midway-Sunset,040304138000,Unspecified,L590,Chevron U.S.A. Inc.,Active,4,2021-07-31,2021-10-31,4,25.0,19094.0,3035.95,0,61.0,False,,False,,,,
Midway-Sunset,040304138000,Unspecified,L590,Chevron U.S.A. Inc.,Active,5,2021-12-31,2021-12-31,1,4.0,1390.0,221.01,0,,True,,False,,,,
Midway-Sunset,040304138100,Unspecified,L600,Chevron U.S.A. Inc.,Active,0,2018-01-31,2020-08-31,26,102.0,45290.0,7201.11,0,91.0,False,,False,,,,
Midway-Sunset,040304138100,Unspecified,L600,Chevron U.S.A. Inc.,Active,1,2020-11-30,2021-09-30,11,43.0,35289.0,5610.95,0,61.0,False,,False,,,,
Midway-Sunset,040304138100,Unspecified,L600,Chevron U.S.A. Inc.,Active,2,2021-11-30,2021-11-30,1,7.0,3068.0,487.81,0,,True,,False,,,,
Midway-Sunset,040304138200,,L580,Chevron U.S.A. Inc.,Active,0,2018-01-31,2020-02-29,8,28.0,12835.0,2040.77,0,92.0,False,,False,,,,
Midway-Sunset,040304138200,,L580,Chevron U.S.A. Inc.,Active,1,2020-05-31,2020-05-31,1,3.0,1359.0,216.08,0,61.0,False,,False,,,,
Midway-Sunset,040304138200,,L580,Chevron U.S.A. Inc.,Active,2,2020-07-31,2020-07-31,1,3.0,1098.0,174.58,0,92.0,False,,False,,,,
Midway-Sunset,040304138200,,L580,Chevron U.S.A. Inc.,Active,3,2020-10-31,2021-12-31,15,87.0,62835.0,9990.76,0,,True,,False,,,,
Midway-Sunset,040304138300,,M580,Chevron U.S.A. Inc.,Active,0,2019-02-28,2020-03-31,11,39.0,16791.0,2669.77,0,456.0,False,,False,,,,
Midway-Sunset,040304138300,,M580,Chevron U.S.A. Inc.,Active,1,2021-06-30,2021-12-31,7,34.0,20728.0,3295.75,0,,True,,False,,,,
Midway-Sunset,040304142700,Moco 35,MBC-395,Aera Energy LLC,Active,0,2021-09-30,2021-09-30,1,6.0,5716.0,908.84,0,,True,,False,,,,
Midway-Sunset,040304144500,Finley-Johnson-Fox,339,Aera Energy LLC,Active,0,2018-01-31,2021-08-31,8,71.0,51142.0,8131.58,0,,True,,False,,,,
Midway-Sunset,040304145500,Finley-Hausen-I,127R,Aera Energy LLC,Active,0,2018-01-31,2018-01-31,1,5.0,3885.0,617.72,0,,True,,False,,,,
Midway-Sunset,040304148300,Maxwell,847,Aera Energy LLC,Active,0,2021-03-31,2021-08-31,3,17.0,13705.0,2179.1,0,,True,,False,,,,
Midway-Sunset,040304148500,Maxwell,849,Aera Energy LLC,Active,0,2021-02-28,2021-02-28,1,8.0,6880.0,1093.92,0,,True,,False,,,,
Midway-Sunset,040304148600,Maxwell,850,Aera Energy LLC,Active,0,2021-01-31,2021-11-30,4,20.0,18275.0,2905.72,0,,True,,False,,,,
Midway-Sunset,040304148700,Maxwell,851,Aera Energy LLC,Active,0,2021-07-31,2021-07-31,1,9.0,7573.0,1204.11,0,,True,,False,,,,
Midway-Sunset,040304148800,Maxwell,852,Aera Energy LLC,Active,0,2021-05-31,2021-06-30,2,8.0,6639.0,1055.6,0,,True,,False,,,,
Midway-Sunset,040304148900,Maxwell,L-95,Aera Energy LLC,Active,0,2021-07-31,2021-08-31,2,9.0,7325.0,1164.67,0,,True,,False,,,,
Midway-Sunset,040304149200,Maxwell,N-45,Aera Energy LLC,Active,0,2018-01-31,2018-07-31,3,23.0,21901.0,3482.26,0,,True,,False,,,,
Midway-Sunset,040304149300,Maxwell,H-55,Aera Energy LLC,Active,0,2018-01-31,2021-08-31,2,22.0,22252.0,3538.07,0,,True,,False,,,,
Midway-Sunset,040304149500,Maxwell,H-95,Aera Energy LLC,Active,0,2018-01-31,2021-12-31,5,27.0,30506.0,4850.45,0,,True,,False,,,,
Midway-Sunset,040304149600,Maxwell,J-35,Aera Energy LLC,Active,0,2021-05-31,2021-12-31,2,9.0,7472.0,1188.05,0,,True,,False,,,,
Midway-Sunset,040304149700,Maxwell,J-55,Aera Energy LLC,Active,0,2018-01-31,2021-10-31,3,18.0,14720.0,2340.48,0,,True,,False,,,,
Midway-Sunset,040304149800,Maxwell,J-65,Aera Energy LLC,Active,0,2021-12-31,2021-12-31,1,8.0,7718.0,1227.16,0,,True,,False,,,,
Midway-Sunset,040304149900,Maxwell,J-75,Aera Energy LLC,Active,0,2021-05-31,2021-12-31,2,16.0,13309.0,2116.13,0,,True,,False,,,,
Midway-Sunset,040304150000,Maxwell,J-85,Aera Energy LLC,Active,0,2021-02-28,2021-08-31,2,16.0,14729.0,2341.91,0,,True,,False,,,,
Midway-Sunset,040304150100,Maxwell,J-95,Aera Energy LLC,Active,0,2018-01-31,2021-04-30,5,37.0,38970.0,6196.23,0,,True,,False,,,,
Midway-Sunset,040304150200,Maxwell,L-75,Aera Energy LLC,Active,0,2018-01-31,2021-09-30,8,54.0,56557.0,8992.56,0,,True,,False,,,,
Midway-Sunset,040304155400,Unspecified,K590,Chevron U.S.A. Inc.,Active,0,2018-01-31,2019-07-31,7,39.0,19152.0,3045.17,0,305.0,False,,False,,,,
Midway-Sunset,040304155400,Unspecified,K590,Chevron U.S.A. Inc.,Active,1,2020-05-31,2020-10-31,6,29.0,10521.0,1672.84,0,,True,,False,,,,
Midway-Sunset,040304160700,Unspecified,54C,Chevron U.S.A. Inc.,Active,0,2020-01-31,2020-01-31,1,6.0,4491.0,714.07,0,,True,,False,,,,
Midway-Sunset,040304167900,Unspecified,43B,Chevron U.S.A. Inc.,Active,0,2019-10-31,2019-10-31,1,4.0,3067.0,487.65,0,,True,,False,,,,
Midway-Sunset,040304168700,Sec. 25,44BW,Chevron U.S.A. Inc.,Active,0,2020-07-31,2020-07-31,1,1.0,47.0,7.47,0,,True,,False,,,,
Midway-Sunset,040304169300,Sec. 25,54BW,Chevron U.S.A. Inc.,Active,0,2020-07-31,2020-07-31,1,4.0,3191.0,507.37,0,61.0,False,,False,,,,
Midway-Sunset,040304169300,Sec. 25,54BW,Chevron U.S.A. Inc.,Active,1,2020-09-30,2020-09-30,1,2.0,731.0,116.23,0,,True,,False,,,,
Midway-Sunset,040304171300,Southwestern,51-41,"Berry Petroleum Company, LLC",Idle,0,2018-01-31,2019-01-31,11,82.0,13693.0,2177.19,0,,True,,False,,,,
Midway-Sunset,040304175400,Southwestern,55-47,"Berry Petroleum Company, LLC",Active,0,2018-01-31,2019-01-31,9,30.0,22000.0,3498.0,0,,True,,False,,,,
Midway-Sunset,040304175500,Southwestern,56-48,"Berry Petroleum Company, LLC",Active,0,2018-01-31,2019-01-31,10,41.0,28340.0,4506.06,0,,True,,False,,,,
Midway-Sunset,040304177500,Fairfield,356,"Berry Petroleum Company, LLC",Active,0,2018-03-31,2018-04-30,2,14.0,9875.0,1570.12,0,,True,,False,,,,
Midway-Sunset,040304178700,Metson,346HZ-24,Aera Energy LLC,Active,0,2018-01-31,2021-11-30,5,33.0,30969.0,4924.07,0,,True,,False,,,,
Midway-Sunset,040304178800,Metson,B102A-24,Aera Energy LLC,Active,0,2018-01-31,2021-12-31,10,135.0,113697.0,18077.82,0,,True,,False,,,,
Midway-Sunset,040304184000,Southwestern,40-44,"Berry Petroleum Company, LLC",Active,0,2018-01-31,2018-11-30,11,79.0,25381.0,4035.58,0,,True,,False,,,,
Midway-Sunset,040304187600,Ethel D,467,"Berry Petroleum Company, LLC",Active,0,2021-09-30,2021-10-31,2,17.0,13834.0,2199.61,0,,True,,False,,,,
Midway-Sunset,040304188000,Ethel D,471,"Berry Petroleum Company, LLC",Active,0,2018-06-30,2018-06-30,1,14.0,19054.0,3029.59,0,,True,,False,,,,
Midway-Sunset,040304188400,Ethel D,617,"Berry Petroleum Company, LLC",Active,0,2018-05-31,2021-11-30,4,56.0,34132.0,5426.99,0,,True,,False,,,,
Midway-Sunset,040304198300,Unspecified,30R,Chevron U.S.A. Inc.,Active,0,2018-01-31,2018-01-31,1,4.0,3198.0,508.48,0,,True,,False,,,,
Midway-Sunset,040304205300,Berry & Ewing,1220H,"Berry Petroleum Company, LLC",Active,0,2021-02-28,2021-10-31,3,38.0,53325.0,8478.67,0,,True,,False,,,,
Midway-Sunset,040304205500,Alpine,1225H,"Berry Petroleum Company, LLC",Active,0,2018-02-28,2021-01-31,4,67.0,102667.0,16324.05,0,,True,,False,,,,
Midway-Sunset,040304205600,GP,1215H,"Berry Petroleum Company, LLC",Active,0,2018-03-31,2021-10-31,7,111.0,149130.0,23711.67,0,,True,,False,,,,
Midway-Sunset,040304207800,Finley-Hausen-I,136T,Aera Energy LLC,Active,0,2021-02-28,2021-02-28,1,8.0,6672.0,1060.85,0,,True,,False,,,,
Midway-Sunset,040304208500,Finley-Johnson-Fox,264T,Aera Energy LLC,Active,0,2021-02-28,2021-02-28,1,7.0,5293.0,841.59,0,,True,,False,,,,
Midway-Sunset,040304208700,Finley-Hausen-II,731T,Aera Energy LLC,Active,0,2018-01-31,2018-01-31,1,2.0,1484.0,235.96,0,,True,,False,,,,
Midway-Sunset,040304208800,Finley-Hausen-II,754T,Aera Energy LLC,Active,0,2021-05-31,2021-11-30,2,15.0,13869.0,2205.17,0,,True,,False,,,,
Midway-Sunset,040304208900,Finley-Hausen-II,800T,Aera Energy LLC,Active,0,2018-01-31,2018-01-31,1,8.0,6560.0,1043.04,0,,True,,False,,,,
Midway-Sunset,040304209100,Finley-Hausen-II,841T,Aera Energy LLC,Active,0,2021-02-28,2021-09-30,3,16.0,13076.0,2079.08,0,,True,,False,,,,
Midway-Sunset,040304211600,Anderson-Goodwin,E104,Aera Energy LLC,Active,0,2021-05-31,2021-05-31,1,11.0,9202.0,1463.12,0,,True,,False,,,,
Midway-Sunset,040304228500,,B-33,"Seneca Resources Company, LLC",Active,0,2018-01-31,2018-01-31,1,4.0,1654.0,262.99,0,120.0,False,,False,,,,
Midway-Sunset,040304228500,,B-33,"Seneca Resources Company, LLC",Active,1,2018-05-31,2018-05-31,1,14.0,4919.0,782.12,0,,True,,False,,,,
Midway-Sunset,040304228600,,B-34,"Seneca Resources Company, LLC",Active,0,2018-01-31,2018-01-31,1,2.0,945.0,150.25,0,,True,,False,,,,
Midway-Sunset,040304228900,Unspecified,97X-9,"Seneca Resources Company, LLC",Active,0,2018-01-31,2018-01-31,1,26.0,12429.0,1976.21,0,,True,,False,,,,
Midway-Sunset,040304229000,Unspecified,251T,"Seneca Resources Company, LLC",Active,0,2020-04-30,2020-04-30,1,11.0,3668.0,583.21,0,184.0,False,,False,,,,
Midway-Sunset,040304229000,Unspecified,251T,"Seneca Resources Company, LLC",Active,1,2020-10-31,2020-10-31,1,13.0,3923.0,623.76,0,181.0,False,,False,,,,
Midway-Sunset,040304229000,Unspecified,251T,"Seneca Resources Company, LLC",Active,2,2021-04-30,2021-04-30,1,11.0,3882.0,617.24,0,,True,,False,,,,
Midway-Sunset,040304229300,Unspecified,272H,"Seneca Resources Company, LLC",Active,0,2019-09-30,2019-10-31,2,20.0,7507.0,1193.61,0,152.0,False,,False,,,,
Midway-Sunset,040304229300,Unspecified,272H,"Seneca Resources Company, LLC",Active,1,2020-03-31,2020-03-31,1,18.0,5827.0,926.49,0,122.0,False,,False,,,,
Midway-Sunset,040304229300,Unspecified,272H,"Seneca Resources Company, LLC",Active,2,2020-07-31,2020-08-31,2,21.0,6393.0,1016.49,0,153.0,False,,False,,,,
Midway-Sunset,040304229300,Unspecified,272H,"Seneca Resources Company, LLC",Active,3,2021-01-31,2021-01-31,1,13.0,3951.0,628.21,0,303.0,False,,False,,,,
Midway-Sunset,040304229300,Unspecified,272H,"Seneca Resources Company, LLC",Active,4,2021-11-30,2021-12-31,2,16.0,5380.0,855.42,0,,True,,False,,,,
Midway-Sunset,040304229900,Unspecified,252E-20,"Seneca Resources Company, LLC",Active,0,2018-01-31,2018-01-31,1,26.0,12429.0,1976.21,0,,True,,False,,,,
Midway-Sunset,040304230200,Unspecified,252L-20,"Seneca Resources Company, LLC",Active,0,2020-09-30,2020-09-30,1,28.0,8947.0,1422.57,0,,True,,False,,,,
Midway-Sunset,040304230300,Unspecified,252M-20,"Seneca Resources Company, LLC",Active,0,2021-03-31,2021-03-31,1,11.0,3556.0,565.4,0,,True,,False,,,,
Midway-Sunset,040304230500,Unspecified,252O-20,"Seneca Resources Company, LLC",Active,0,2021-04-30,2021-04-30,1,11.0,3604.0,573.04,0,,True,,False,,,,
Midway-Sunset,040304242000,Shale,453T,Aera Energy LLC,Active,0,2021-05-31,2021-06-30,2,7.0,5947.0,945.57,0,,True,,False,,,,
Midway-Sunset,040304245800,Ethel D,SLV-1,"Berry Petroleum Company, LLC",Active,0,2018-04-30,2018-08-31,3,21.0,13243.0,2105.64,0,,True,,False,,,,
Midway-Sunset,040304245900,Ethel D,SLV-3,"Berry Petroleum Company, LLC",Active,0,2018-06-30,2018-07-31,2,14.0,8605.0,1368.19,0,,True,,False,,,,
Midway-Sunset,040304246000,Ethel D,OS-1,"Berry Petroleum Company, LLC",Active,0,2018-04-30,2018-11-30,4,39.0,21600.0,3434.4,0,,True,,False,,,,
Midway-Sunset,040304257800,Formax West,P-2T,"Berry Petroleum Company, LLC",Active,0,2021-03-31,2021-04-30,2,23.0,12439.0,1977.8,0,,True,,False,,,,
Midway-Sunset,040304258000,Formax West,P-17T,"Berry Petroleum Company, LLC",Active,0,2018-04-30,2018-04-30,1,14.0,8530.0,1356.27,0,,True,,False,,,,
Midway-Sunset,040304258100,Fairfield,45-61,"Berry Petroleum Company, LLC",Idle,0,2018-01-31,2018-09-30,8,40.0,48487.0,7709.43,0,,True,,False,,,,
Midway-Sunset,040304259300,Unspecified,71A,Chevron U.S.A. Inc.,Active,0,2020-01-31,2020-01-31,1,4.0,2603.0,413.88,0,,True,,False,,,,
Midway-Sunset,040304264200,Monarch,165,Chevron U.S.A. Inc.,Active,0,2019-11-30,2019-11-30,1,5.0,3452.0,548.87,0,,True,,False,,,,
Midway-Sunset,040304279200,Unspecified,G-3118,Chevron U.S.A. Inc.,Active,0,2019-02-28,2019-02-28,1,4.0,4418.0,702.46,0,703.0,False,,False,,,,
Midway-Sunset,040304279200,Unspecified,G-3118,Chevron U.S.A. Inc.,Active,1,2021-01-31,2021-01-31,1,5.0,4026.0,640.13,0,,True,,False,,,,
Midway-Sunset,040304279300,Unspecified,G-7231,Chevron U.S.A. Inc.,Active,0,2019-06-30,2019-07-31,2,6.0,5686.0,904.07,0,,True,,False,,,,
Midway-Sunset,040304284400,Combined,1103,Chevron U.S.A. Inc.,Active,0,2020-07-31,2020-07-31,1,4.0,3362.0,534.56,0,,True,,False,,,,
Midway-Sunset,040304286000,Pan,K-20,"Berry Petroleum Company, LLC",Active,0,2018-10-31,2018-10-31,1,12.0,15056.0,2393.9,0,,True,,False,,,,
Midway-Sunset,040304294600,Nevada,266A,Aera Energy LLC,Active,0,2021-05-31,2021-06-30,2,9.0,9072.0,1442.45,0,,True,,False,,,,
Midway-Sunset,040304294700,Nevada,266B,Aera Energy LLC,Active,0,2018-01-31,2018-01-31,1,9.0,8100.0,1287.9,0,,True,,False,,,,
Midway-Sunset,040304300800,Unspecified,867,Chevron U.S.A. Inc.,Active,0,2019-02-28,2019-02-28,1,2.0,979.0,155.66,0,,True,,False,,,,
Midway-Sunset,040304301100,National USL,5-2S,Aera Energy LLC,Active,0,2021-03-31,2021-03-31,1,11.0,7364.0,1170.88,0,,True,,False,,,,
Midway-Sunset,040304301200,National USL,8-5S,Aera Energy LLC,Active,0,2018-01-31,2021-11-30,4,30.0,27981.0,4448.98,0,,True,,False,,,,
Midway-Sunset,040304318600,Unspecified,52-28,"Berry Petroleum Company, LLC",Active,0,2018-01-31,2021-12-31,42,327.0,142188.0,22607.89,0,,True,,False,,,,
Midway-Sunset,040304331000,Combined,1105,Chevron U.S.A. Inc.,Active,0,2020-05-31,2020-05-31,1,5.0,4796.0,762.56,0,,True,,False,,,,
Midway-Sunset,040304342100,Unspecified,242I,"Seneca Resources Company, LLC",Active,0,2020-09-30,2020-09-30,1,6.0,1844.0,293.2,0,304.0,False,,False,,,,
Midway-Sunset,040304342100,Unspecified,242I,"Seneca Resources Company, LLC",Active,1,2021-07-31,2021-08-31,2,21.0,7215.0,1147.18,0,,True,,False,,,,
Midway-Sunset,040304342200,Globe Unit,3-5T,Aera Energy LLC,Active,0,2018-01-31,2021-11-30,9,82.0,42784.0,6802.66,0,,True,,False,,,,
Midway-Sunset,040304342300,Globe Unit,3-8T,Aera Energy LLC,Active,0,2021-05-31,2021-12-31,3,25.0,12129.0,1928.51,0,,True,,False,,,,
Midway-Sunset,040304342400,Globe Unit,3-10T,Aera Energy LLC,Active,0,2018-01-31,2021-10-31,10,87.0,49315.0,7841.09,0,,True,,False,,,,
Midway-Sunset,040304342500,Globe Unit,3-12T,Aera Energy LLC,Active,0,2018-01-31,2021-08-31,3,21.0,14783.0,2350.5,0,,True,,False,,,,
Midway-Sunset,040304342600,Globe Unit,4-8T,Aera Energy LLC,Active,0,2021-05-31,2021-12-31,3,31.0,13416.0,2133.14,0,,True,,False,,,,
Midway-Sunset,040304342700,Globe Unit,4-9T,Aera Energy LLC,Active,0,2018-01-31,2021-07-31,9,82.0,39056.0,6209.9,0,,True,,False,,,,
Midway-Sunset,040304343500,Exeter Fee,312T,Aera Energy LLC,Active,0,2021-07-31,2021-11-30,3,13.0,11783.0,1873.5,0,,True,,False,,,,
Midway-Sunset,040304343900,Exeter Fee,354T,Aera Energy LLC,Active,0,2021-05-31,2021-05-31,1,7.0,5230.0,831.57,0,,True,,False,,,,
Midway-Sunset,040304347200,Formax East,1215H,"Berry Petroleum Company, LLC",Active,0,2021-05-31,2021-07-31,3,87.0,117022.0,18606.5,0,,True,,False,,,,
Midway-Sunset,040304347300,,1230H,"Berry Petroleum Company, LLC",Active,0,2021-04-30,2021-05-31,2,34.0,31798.0,5055.88,0,,True,,False,,,,
Midway-Sunset,040304362600,Keene,72,Sentinel Peak Resources California LLC,Active,0,2018-02-28,2018-02-28,1,4.0,3418.0,543.46,0,,True,,False,,,,
Midway-Sunset,040304362800,Keene,74,Sentinel Peak Resources California LLC,Active,0,2018-03-31,2018-03-31,1,4.0,2729.0,433.91,0,,True,,False,,,,
Midway-Sunset,040304362900,Keene,76,Sentinel Peak Resources California LLC,Active,0,2018-02-28,2018-05-31,4,19.0,14709.0,2338.73,0,61.0,False,,False,,,,
Midway-Sunset,040304362900,Keene,76,Sentinel Peak Resources California LLC,Active,1,2018-07-31,2018-09-30,3,17.0,12948.0,2058.73,0,61.0,False,,False,,,,
Midway-Sunset,040304362900,Keene,76,Sentinel Peak Resources California LLC,Active,2,2018-11-30,2019-02-28,4,21.0,17926.0,2850.23,0,61.0,False,,False,,,,
Midway-Sunset,040304362900,Keene,76,Sentinel Peak Resources California LLC,Active,3,2019-04-30,2019-05-31,2,7.0,5117.0,813.6,0,245.0,False,,False,,,,
Midway-Sunset,040304362900,Keene,76,Sentinel Peak Resources California LLC,Active,4,2020-01-31,2020-01-31,1,8.0,4448.0,707.23,0,60.0,False,,False,,,,
Midway-Sunset,040304362900,Keene,76,Sentinel Peak Resources California LLC,Active,5,2020-03-31,2020-03-31,1,5.0,2077.0,330.24,0,275.0,False,,False,,,,
Midway-Sunset,040304362900,Keene,76,Sentinel Peak Resources California LLC,Active,6,2020-12-31,2020-12-31,1,3.0,931.0,148.03,0,59.0,False,,False,,,,
Midway-Sunset,040304362900,Keene,76,Sentinel Peak Resources California LLC,Active,7,2021-02-28,2021-02-28,1,3.0,1347.0,214.17,0,122.0,False,,False,,,,
Midway-Sunset,040304362900,Keene,76,Sentinel Peak Resources California LLC,Active,8,2021-06-30,2021-12-31,7,42.0,30909.0,4914.53,0,,True,,False,,,,
Midway-Sunset,040304363000,Keene,77,Sentinel Peak Resources California LLC,Active,0,2018-03-31,2018-03-31,1,3.0,2238.0,355.84,0,,True,,False,,,,
Midway-Sunset,040304363200,Keene,79,Sentinel Peak Resources California LLC,PluggedOnly,0,2018-02-28,2018-03-31,2,6.0,4500.0,715.5,0,,True,,False,,,,
Midway-Sunset,040304363300,Kelly,21,Sentinel Peak Resources California LLC,Active,0,2018-02-28,2018-07-31,6,13.0,10632.0,1690.49,0,122.0,False,,False,,,,
Midway-Sunset,040304363300,Kelly,21,Sentinel Peak Resources California LLC,Active,1,2018-11-30,2018-12-31,2,5.0,4739.0,753.5,0,90.0,False,,False,,,,
Midway-Sunset,040304363300,Kelly,21,Sentinel Peak Resources California LLC,Active,2,2019-03-31,2019-04-30,2,6.0,5221.0,830.14,0,61.0,False,,False,,,,
Midway-Sunset,040304363300,Kelly,21,Sentinel Peak Resources California LLC,Active,3,2019-06-30,2019-07-31,2,5.0,3224.0,512.62,0,184.0,False,,False,,,,
Midway-Sunset,040304363300,Kelly,21,Sentinel Peak Resources California LLC,Active,4,2020-01-31,2020-01-31,1,4.0,2686.0,427.07,0,151.0,False,,False,,,,
Midway-Sunset,040304363300,Kelly,21,Sentinel Peak Resources California LLC,Active,5,2020-06-30,2020-07-31,2,6.0,3236.0,514.52,0,92.0,False,,False,,,,
Midway-Sunset,040304363300,Kelly,21,Sentinel Peak Resources California LLC,Active,6,2020-10-31,2020-10-31,1,6.0,2360.0,375.24,0,61.0,False,,False,,,,
Midway-Sunset,040304363300,Kelly,21,Sentinel Peak Resources California LLC,Active,7,2020-12-31,2021-04-30,5,30.0,10889.0,1731.35,0,61.0,False,,False,,,,
Midway-Sunset,040304363300,Kelly,21,Sentinel Peak Resources California LLC,Active,8,2021-06-30,2021-06-30,1,6.0,2836.0,450.92,0,62.0,False,,False,,,,
Midway-Sunset,040304363300,Kelly,21,Sentinel Peak Resources California LLC,Active,9,2021-08-31,2021-12-31,5,33.0,12065.0,1918.34,0,,True,,False,,,,
Midway-Sunset,040304363400,Kelly,22,Sentinel Peak Resources California LLC,Active,0,2018-02-28,2018-02-28,1,1.0,650.0,103.35,0,214.0,False,,False,,,,
Midway-Sunset,040304363400,Kelly,22,Sentinel Peak Resources California LLC,Active,1,2018-09-30,2018-10-31,2,6.0,5710.0,907.89,0,,True,,False,,,,
Midway-Sunset,040304363500,South Cerritos,32,Sentinel Peak Resources California LLC,Active,0,2018-02-28,2018-03-31,2,11.0,7852.0,1248.47,0,,True,,False,,,,
Midway-Sunset,040304363700,Williams,26,Sentinel Peak Resources California LLC,Active,0,2018-03-31,2018-03-31,1,7.0,4380.0,696.42,0,,True,,False,,,,
Midway-Sunset,040304370600,Kendon,TP-50A,Aera Energy LLC,Active,0,2021-05-31,2021-05-31,1,6.0,5291.0,841.27,0,,True,,False,,,,
Midway-Sunset,040304370700,Kendon,TP-80A,Aera Energy LLC,Active,0,2021-07-31,2021-07-31,1,5.0,5516.0,877.04,0,,True,,False,,,,
Midway-Sunset,040304370900,National USL,TP-49A,Aera Energy LLC,Active,0,2021-03-31,2021-04-30,2,5.0,3451.0,548.71,0,,True,,False,,,,
Midway-Sunset,040304371000,National USL,TP-59A,Aera Energy LLC,Active,0,2021-06-30,2021-06-30,1,9.0,8268.0,1314.61,0,,True,,False,,,,
Midway-Sunset,040304371100,National USL,TP-60A,Aera Energy LLC,Active,0,2021-06-30,2021-06-30,1,6.0,5645.0,897.56,0,,True,,False,,,,
Midway-Sunset,040304371200,National USL,TP-69A,Aera Energy LLC,Active,0,2018-01-31,2021-05-31,2,17.0,15869.0,2523.17,0,,True,,False,,,,
Midway-Sunset,040304377700,Pru,TP57C,Aera Energy LLC,Active,0,2021-06-30,2021-06-30,1,8.0,7794.0,1239.25,0,,True,,False,,,,
Midway-Sunset,040304377900,Pru,TP79A,Aera Energy LLC,Active,0,2021-06-30,2021-06-30,1,5.0,4398.0,699.28,0,,True,,False,,,,
Midway-Sunset,040304398400,Moco 34,MBC-141C,Aera Energy LLC,Active,0,2021-02-28,2021-07-31,2,9.0,8548.0,1359.13,0,,True,,False,,,,
Midway-Sunset,040304398500,Moco 34,MBC-141D,Aera Energy LLC,Active,0,2021-06-30,2021-06-30,1,9.0,8229.0,1308.41,0,,True,,False,,,,
Midway-Sunset,040304398600,Moco 34,MBC-142B,Aera Energy LLC,Active,0,2021-08-31,2021-09-30,2,7.0,6249.0,993.59,0,,True,,False,,,,
Midway-Sunset,040304398700,Moco 34,MBC-166B,Aera Energy LLC,Active,0,2021-09-30,2021-09-30,1,7.0,7167.0,1139.55,0,,True,,False,,,,
Midway-Sunset,040304405700,Fairfield,372,"Berry Petroleum Company, LLC",Active,0,2018-05-31,2018-05-31,1,4.0,3430.0,545.37,0,,True,,False,,,,
Midway-Sunset,040304405800,Fairfield,373,"Berry Petroleum Company, LLC",Active,0,2021-11-30,2021-12-31,2,40.0,17867.0,2840.85,0,,True,,False,,,,
Midway-Sunset,040304405900,Fairfield,374,"Berry Petroleum Company, LLC",Active,0,2018-01-31,2018-01-31,1,15.0,11813.0,1878.27,0,,True,,False,,,,
Midway-Sunset,040304406000,Fairfield,375,"Berry Petroleum Company, LLC",Active,0,2021-02-28,2021-03-31,2,6.0,5634.0,895.81,0,,True,,False,,,,
Midway-Sunset,040304406200,Fairfield,377,"Berry Petroleum Company, LLC",Active,0,2018-05-31,2021-01-31,2,21.0,10153.0,1614.33,0,,True,,False,,,,
Midway-Sunset,040304406300,Fairfield,378,"Berry Petroleum Company, LLC",Active,0,2018-02-28,2018-03-31,2,13.0,10717.0,1704.0,0,,True,,False,,,,
Midway-Sunset,040304406500,Fairfield,380,"Berry Petroleum Company, LLC",Active,0,2021-03-31,2021-03-31,1,3.0,1692.0,269.03,0,,True,,False,,,,
Midway-Sunset,040304406600,Fairfield,381,"Berry Petroleum Company, LLC",Active,0,2018-06-30,2018-06-30,1,15.0,10934.0,1738.51,0,,True,,False,,,,
Midway-Sunset,040304406900,Fairfield,384,"Berry Petroleum Company, LLC",Active,0,2018-04-30,2021-01-31,4,51.0,14849.0,2360.99,0,,True,,False,,,,
Midway-Sunset,040304407000,Fairfield,385,"Berry Petroleum Company, LLC",Active,0,2018-04-30,2018-05-31,2,14.0,9855.0,1566.94,0,,True,,False,,,,
Midway-Sunset,040304447000,Marvic,300,Aera Energy LLC,Active,0,2021-07-31,2021-10-31,3,24.0,22063.0,3508.02,0,,True,,False,,,,
Midway-Sunset,040304449600,Monarch,246,Chevron U.S.A. Inc.,Active,0,2018-02-28,2018-02-28,1,2.0,1388.0,220.69,0,,True,,False,,,,
Midway-Sunset,040304451100,Monarch,198,Chevron U.S.A. Inc.,Active,0,2019-10-31,2019-10-31,1,4.0,2700.0,429.3,0,,True,,False,,,,
Midway-Sunset,040304451200,Monarch,199,Chevron U.S.A. Inc.,Active,0,2020-02-29,2020-03-31,2,5.0,3628.0,576.85,0,,True,,False,,,,
Midway-Sunset,040304451300,Monarch,200,Chevron U.S.A. Inc.,Active,0,2020-03-31,2020-03-31,1,4.0,2755.0,438.05,0,,True,,False,,,,
Midway-Sunset,040304451600,Monarch,265,Chevron U.S.A. Inc.,Active,0,2020-05-31,2020-05-31,1,4.0,2537.0,403.38,0,,True,,False,,,,
Midway-Sunset,040304451800,Monarch,276,Chevron U.S.A. Inc.,Active,0,2019-10-31,2019-11-30,2,5.0,3548.0,564.13,0,,True,,False,,,,
Midway-Sunset,040304479800,Lilly Fee,B-3C,Aera Energy LLC,Active,0,2021-03-31,2021-03-31,1,8.0,5405.0,859.39,0,,True,,False,,,,
Midway-Sunset,040304479900,Lilly Fee,B-5A,Aera Energy LLC,Active,0,2021-04-30,2021-05-31,2,13.0,10247.0,1629.27,0,,True,,False,,,,
Midway-Sunset,040304480000,Lilly Fee,C-1C,Aera Energy LLC,Active,0,2021-05-31,2021-05-31,1,9.0,7819.0,1243.22,0,,True,,False,,,,
Midway-Sunset,040304480700,Moco 34,MBC-200B,Aera Energy LLC,Active,0,2021-10-31,2021-11-30,2,9.0,6728.0,1069.75,0,,True,,False,,,,
Midway-Sunset,040304480900,Kendon,419,Aera Energy LLC,Active,0,2021-03-31,2021-06-30,2,11.0,9438.0,1500.64,0,,True,,False,,,,
Midway-Sunset,040304481200,Maxwell,855,Aera Energy LLC,Active,0,2021-01-31,2021-01-31,1,8.0,7847.0,1247.67,0,,True,,False,,,,
Midway-Sunset,040304481300,Maxwell,856,Aera Energy LLC,Active,0,2018-01-31,2021-06-30,7,39.0,34496.0,5484.86,0,,True,,False,,,,
Midway-Sunset,040304481400,Maxwell,857,Aera Energy LLC,Active,0,2021-02-28,2021-06-30,2,16.0,14694.0,2336.35,0,,True,,False,,,,
Midway-Sunset,040304481600,Maxwell,859,Aera Energy LLC,Active,0,2018-01-31,2019-12-31,5,45.0,42153.0,6702.33,0,,True,,False,,,,
Midway-Sunset,040304481700,Maxwell,860,Aera Energy LLC,Active,0,2021-03-31,2021-12-31,4,25.0,21506.0,3419.45,0,,True,,False,,,,
Midway-Sunset,040304481800,Maxwell,861,Aera Energy LLC,Active,0,2021-05-31,2021-05-31,1,8.0,6156.0,978.8,0,,True,,False,,,,
Midway-Sunset,040304482000,Maxwell,F-35,Aera Energy LLC,Active,0,2021-08-31,2021-08-31,1,7.0,6654.0,1057.99,0,,True,,False,,,,
Midway-Sunset,040304482100,Maxwell,G-2R,Aera Energy LLC,Active,0,2021-04-30,2021-10-31,3,15.0,13457.0,2139.66,0,,True,,False,,,,
Midway-Sunset,040304482300,Maxwell,I-65,Aera Energy LLC,Active,0,2021-03-31,2021-09-30,2,16.0,12519.0,1990.52,0,,True,,False,,,,
Midway-Sunset,040304482400,Maxwell,L-65,Aera Energy LLC,Active,0,2021-07-31,2021-11-30,2,16.0,14274.0,2269.57,0,,True,,False,,,,
Midway-Sunset,040304483100,Main Camp,C-3,"Berry Petroleum Company, LLC",Active,0,2021-04-30,2021-04-30,1,14.0,7883.0,1253.4,0,,True,,False,,,,
Midway-Sunset,040304484400,Main Camp,G-4,"Berry Petroleum Company, LLC",Active,0,2018-05-31,2018-05-31,1,13.0,10353.0,1646.13,0,,True,,False,,,,
Midway-Sunset,040304484600,Main Camp,G-6,"Berry Petroleum Company, LLC",Active,0,2021-10-31,2021-11-30,2,8.0,6359.0,1011.08,0,,True,,False,,,,
Midway-Sunset,040304500600,Fairfield Fee D,I-94,"Berry Petroleum Company, LLC",Active,0,2018-09-30,2018-10-31,2,14.0,6936.0,1102.82,0,,True,,False,,,,
Midway-Sunset,040304500800,Pan,63,"Berry Petroleum Company, LLC",Idle,0,2018-06-30,2018-10-31,5,69.0,7806.0,1241.15,0,,True,,False,,,,
Midway-Sunset,040304501600,Pan,I-62,"Berry Petroleum Company, LLC",Active,0,2018-10-31,2018-10-31,1,14.0,13552.0,2154.77,0,,True,,False,,,,
Midway-Sunset,040304501700,Pan,I-71,"Berry Petroleum Company, LLC",Active,0,2018-10-31,2019-01-31,3,32.0,24325.0,3867.68,0,,True,,False,,,,
Midway-Sunset,040304501800,Pan,I-72,"Berry Petroleum Company, LLC",Active,0,2018-06-30,2018-11-30,6,96.0,19694.0,3131.35,0,,True,,False,,,,
Midway-Sunset,040304501900,Pan,I-73,"Berry Petroleum Company, LLC",Idle,0,2018-10-31,2019-03-31,3,37.0,33138.0,5268.94,0,,True,,False,,,,
Midway-Sunset,040304502000,Pan,I-82,"Berry Petroleum Company, LLC",Active,0,2018-10-31,2018-11-30,2,14.0,13209.0,2100.23,0,,True,,False,,,,
Midway-Sunset,040304505000,Pan,42R,"Berry Petroleum Company, LLC",Active,0,2018-10-31,2018-10-31,1,7.0,4778.0,759.7,0,,True,,False,,,,
Midway-Sunset,040304505100,Pan,I-45R,"Berry Petroleum Company, LLC",Active,0,2018-04-30,2018-05-31,2,15.0,13424.0,2134.42,0,,True,,False,,,,
Midway-Sunset,040304511500,Southwestern,61-55,"Berry Petroleum Company, LLC",Active,0,2018-02-28,2021-11-30,19,71.0,57535.0,9148.07,0,,True,,False,,,,
Midway-Sunset,040304513000,Williams,27,Sentinel Peak Resources California LLC,Active,0,2018-02-28,2018-03-31,2,9.0,5716.0,908.84,0,1037.0,False,,False,,,,
Midway-Sunset,040304513000,Williams,27,Sentinel Peak Resources California LLC,Active,1,2021-01-31,2021-01-31,1,3.0,1496.0,237.86,0,,True,,False,,,,
Midway-Sunset,040304513200,South Cerritos,34,Sentinel Peak Resources California LLC,Active,0,2018-03-31,2018-03-31,1,3.0,2081.0,330.88,0,,True,,False,,,,
Midway-Sunset,040304513300,South Cerritos,35,Sentinel Peak Resources California LLC,Active,0,2018-02-28,2018-03-31,2,5.0,4342.0,690.38,0,,True,,False,,,,
Midway-Sunset,040304513400,South Cerritos,36,Sentinel Peak Resources California LLC,Active,0,2018-02-28,2018-06-30,5,25.0,20100.0,3195.9,0,62.0,False,,False,,,,
Midway-Sunset,040304513400,South Cerritos,36,Sentinel Peak Resources California LLC,Active,1,2018-08-31,2018-08-31,1,6.0,3957.0,629.16,0,91.0,False,,False,,,,
Midway-Sunset,040304513400,South Cerritos,36,Sentinel Peak Resources California LLC,Active,2,2018-11-30,2018-11-30,1,5.0,5348.0,850.33,0,90.0,False,,False,,,,
Midway-Sunset,040304513400,South Cerritos,36,Sentinel Peak Resources California LLC,Active,3,2019-02-28,2019-03-31,2,9.0,8968.0,1425.91,0,91.0,False,,False,,,,
Midway-Sunset,040304513400,South Cerritos,36,Sentinel Peak Resources California LLC,Active,4,2019-06-30,2019-07-31,2,5.0,3621.0,575.74,0,244.0,False,,False,,,,
Midway-Sunset,040304513400,South Cerritos,36,Sentinel Peak Resources California LLC,Active,5,2020-03-31,2020-03-31,1,1.0,334.0,53.11,0,306.0,False,,False,,,,
Midway-Sunset,040304513400,South Cerritos,36,Sentinel Peak Resources California LLC,Active,6,2021-01-31,2021-01-31,1,3.0,1341.0,213.22,0,,True,,False,,,,
Midway-Sunset,040304513500,Keene,81,Sentinel Peak Resources California LLC,Active,0,2018-02-28,2018-03-31,2,7.0,4793.0,762.09,0,61.0,False,,False,,,,
Midway-Sunset,040304513500,Keene,81,Sentinel Peak Resources California LLC,Active,1,2018-05-31,2018-06-30,2,6.0,4692.0,746.03,0,123.0,False,,False,,,,
Midway-Sunset,040304513500,Keene,81,Sentinel Peak Resources California LLC,Active,2,2018-10-31,2018-10-31,1,4.0,4096.0,651.26,0,92.0,False,,False,,,,
Midway-Sunset,040304513500,Keene,81,Sentinel Peak Resources California LLC,Active,3,2019-01-31,2019-04-30,4,12.0,10671.0,1696.69,0,92.0,False,,False,,,,
Midway-Sunset,040304513500,Keene,81,Sentinel Peak Resources California LLC,Active,4,2019-07-31,2019-07-31,1,2.0,1832.0,291.29,0,184.0,False,,False,,,,
Midway-Sunset,040304513500,Keene,81,Sentinel Peak Resources California LLC,Active,5,2020-01-31,2020-03-31,3,7.0,2430.0,386.37,0,153.0,False,,False,,,,
Midway-Sunset,040304513500,Keene,81,Sentinel Peak Resources California LLC,Active,6,2020-08-31,2020-08-31,1,3.0,1142.0,181.58,0,61.0,False,,False,,,,
Midway-Sunset,040304513500,Keene,81,Sentinel Peak Resources California LLC,Active,7,2020-10-31,2021-08-31,11,38.0,15575.0,2476.43,0,61.0,False,,False,,,,
Midway-Sunset,040304513500,Keene,81,Sentinel Peak Resources California LLC,Active,8,2021-10-31,2021-12-31,3,15.0,6578.0,1045.9,0,,True,,False,,,,
Midway-Sunset,040304513700,Keene,84,Sentinel Peak Resources California LLC,Idle,0,2018-02-28,2018-07-31,6,29.0,23744.0,3775.3,0,61.0,False,,False,,,,
Midway-Sunset,040304513700,Keene,84,Sentinel Peak Resources California LLC,Idle,1,2018-09-30,2018-12-31,4,21.0,21765.0,3460.64,0,,True,,False,,,,
Midway-Sunset,040304514600,Southwestern,59-61,"Berry Petroleum Company, LLC",Active,0,2018-01-31,2021-12-31,21,92.0,87728.0,13948.75,0,,True,,False,,,,
Midway-Sunset,040304514700,Southwestern,59-63,"Berry Petroleum Company, LLC",Active,0,2018-01-31,2021-12-31,23,143.0,93359.0,14844.08,0,,True,,False,,,,
Midway-Sunset,040304515000,Southwestern,61-63,"Berry Petroleum Company, LLC",Active,0,2018-01-31,2021-12-31,23,97.0,96564.0,15353.68,0,,True,,False,,,,
Midway-Sunset,040304515100,Southwestern,62-60,"Berry Petroleum Company, LLC",Active,0,2018-01-31,2021-12-31,23,125.0,116347.0,18499.17,0,,True,,False,,,,
Midway-Sunset,040304515200,Southwestern,62-62,"Berry Petroleum Company, LLC",Active,0,2018-01-31,2021-12-31,25,254.0,285345.0,45369.86,0,,True,,False,,,,
Midway-Sunset,040304524300,Unspecified,38-16,"Berry Petroleum Company, LLC",Active,0,2018-01-31,2021-12-31,16,106.0,37016.0,5885.54,0,,True,,False,,,,
Midway-Sunset,040304524400,Unspecified,42-20,"Berry Petroleum Company, LLC",Active,0,2018-01-31,2021-12-31,23,157.0,80205.0,12752.59,0,,True,,False,,,,
Midway-Sunset,040304529500,Unspecified,4-7R,Chevron U.S.A. Inc.,Active,0,2019-10-31,2019-10-31,1,5.0,3644.0,579.4,0,,True,,False,,,,
Midway-Sunset,040304530600,,1235H,"Berry Petroleum Company, LLC",Active,0,2018-05-31,2021-12-31,15,292.0,329100.0,52326.9,0,,True,,False,,,,
Midway-Sunset,040304533100,Keene,83,Sentinel Peak Resources California LLC,Active,0,2018-02-28,2018-03-31,2,7.0,5621.0,893.74,0,61.0,False,,False,,,,
Midway-Sunset,040304533100,Keene,83,Sentinel Peak Resources California LLC,Active,1,2018-05-31,2018-05-31,1,4.0,2579.0,410.06,0,61.0,False,,False,,,,
Midway-Sunset,040304533100,Keene,83,Sentinel Peak Resources California LLC,Active,2,2018-07-31,2018-08-31,2,5.0,3836.0,609.92,0,61.0,False,,False,,,,
Midway-Sunset,040304533100,Keene,83,Sentinel Peak Resources California LLC,Active,3,2018-10-31,2019-01-31,4,7.0,7091.0,1127.47,0,59.0,False,,False,,,,
Midway-Sunset,040304533100,Keene,83,Sentinel Peak Resources California LLC,Active,4,2019-03-31,2019-03-31,1,4.0,3158.0,502.12,0,61.0,False,,False,,,,
Midway-Sunset,040304533100,Keene,83,Sentinel Peak Resources California LLC,Active,5,2019-05-31,2019-06-30,2,5.0,4965.0,789.44,0,215.0,False,,False,,,,
Midway-Sunset,040304533100,Keene,83,Sentinel Peak Resources California LLC,Active,6,2020-01-31,2020-03-31,3,8.0,4492.0,714.23,0,122.0,False,,False,,,,
Midway-Sunset,040304533100,Keene,83,Sentinel Peak Resources California LLC,Active,7,2020-07-31,2021-02-28,8,30.0,12427.0,1975.89,0,61.0,False,,False,,,,
Midway-Sunset,040304533100,Keene,83,Sentinel Peak Resources California LLC,Active,8,2021-04-30,2021-04-30,1,6.0,2638.0,419.44,0,61.0,False,,False,,,,
Midway-Sunset,040304533100,Keene,83,Sentinel Peak Resources California LLC,Active,9,2021-06-30,2021-12-31,7,39.0,16166.0,2570.39,0,,True,,False,,,,
Midway-Sunset,040304538100,Ethel D,OS-6,"Berry Petroleum Company, LLC",Active,0,2018-03-31,2019-03-31,3,40.0,19870.0,3159.33,0,,True,,False,,,,
Midway-Sunset,040304538200,Metson,344HZ-24,Aera Energy LLC,Active,0,2021-04-30,2021-11-30,5,30.0,19473.0,3096.21,0,,True,,False,,,,
Midway-Sunset,040304538300,Metson,356HZ-24,Aera Energy LLC,Active,0,2021-02-28,2021-12-31,6,46.0,30664.0,4875.58,0,,True,,False,,,,
Midway-Sunset,040304538600,Metson,370HZ-24,Aera Energy LLC,Active,0,2021-01-31,2021-12-31,5,34.0,28282.0,4496.84,0,,True,,False,,,,
Midway-Sunset,040304539500,Metson,G119-24,Aera Energy LLC,Active,0,2021-09-30,2021-09-30,1,8.0,7171.0,1140.19,0,,True,,False,,,,
Midway-Sunset,040304539700,Metson,H201-24,Aera Energy LLC,Idle,0,2018-01-31,2018-01-31,1,6.0,7070.0,1124.13,0,,True,,False,,,,
Midway-Sunset,040304542200,Ethel D,623,"Berry Petroleum Company, LLC",Idle,0,2018-03-31,2018-04-30,2,14.0,13592.0,2161.13,0,,True,,False,,,,
Midway-Sunset,040304542400,Ethel D,625,"Berry Petroleum Company, LLC",Active,0,2018-04-30,2018-04-30,1,14.0,11611.0,1846.15,0,,True,,False,,,,
Midway-Sunset,040304542800,Ethel D,SLV-2,"Berry Petroleum Company, LLC",Active,0,2018-04-30,2018-04-30,1,14.0,7940.0,1262.46,0,,True,,False,,,,
Midway-Sunset,040304542900,Ethel D,SLV-4,"Berry Petroleum Company, LLC",Active,0,2018-04-30,2018-05-31,2,14.0,7826.0,1244.33,0,,True,,False,,,,
Midway-Sunset,040304543000,Ethel D,SLV-5,"Berry Petroleum Company, LLC",Active,0,2018-03-31,2021-12-31,5,90.0,42053.0,6686.43,0,,True,,False,,,,
Midway-Sunset,040304543100,Ethel D,SLV-6,"Berry Petroleum Company, LLC",Active,0,2020-12-31,2020-12-31,1,28.0,14080.0,2238.72,0,,True,,False,,,,
Midway-Sunset,040304543600,Ethel D,499,"Berry Petroleum Company, LLC",Active,0,2018-04-30,2020-08-31,3,51.0,18597.0,2956.92,0,,True,,False,,,,
Midway-Sunset,040304543700,Ethel D,700,"Berry Petroleum Company, LLC",Active,0,2021-03-31,2021-03-31,1,9.0,5858.0,931.42,0,,True,,False,,,,
Midway-Sunset,040304549200,Ethel D,486,"Berry Petroleum Company, LLC",Active,0,2018-05-31,2018-06-30,2,14.0,11073.0,1760.61,0,,True,,False,,,,
Midway-Sunset,040304549400,Ethel D,493,"Berry Petroleum Company, LLC",Active,0,2018-06-30,2018-07-31,2,14.0,11664.0,1854.58,0,,True,,False,,,,
Midway-Sunset,040304551900,Unspecified,242F-20,"Seneca Resources Company, LLC",Active,0,2020-05-31,2020-06-30,2,35.0,12725.0,2023.28,0,304.0,False,,False,,,,
Midway-Sunset,040304551900,Unspecified,242F-20,"Seneca Resources Company, LLC",Active,1,2021-04-30,2021-05-31,2,6.0,2100.0,333.9,0,,True,,False,,,,
Midway-Sunset,040304552000,Unspecified,242G-20,"Seneca Resources Company, LLC",Active,0,2019-12-31,2020-01-31,2,23.0,9187.0,1460.73,0,516.0,False,,False,,,,
Midway-Sunset,040304552000,Unspecified,242G-20,"Seneca Resources Company, LLC",Active,1,2021-06-30,2021-06-30,1,15.0,5020.0,798.18,0,,True,,False,,,,
Midway-Sunset,040304552100,Unspecified,242J-20,"Seneca Resources Company, LLC",Active,0,2018-01-31,2018-01-31,1,9.0,4088.0,649.99,0,393.0,False,,False,,,,
Midway-Sunset,040304552100,Unspecified,242J-20,"Seneca Resources Company, LLC",Active,1,2019-02-28,2019-02-28,1,10.0,3898.0,619.78,0,611.0,False,,False,,,,
Midway-Sunset,040304552100,Unspecified,242J-20,"Seneca Resources Company, LLC",Active,2,2020-10-31,2020-10-31,1,5.0,1641.0,260.92,0,,True,,False,,,,
Midway-Sunset,040304552600,Southwestern,48-41,"Berry Petroleum Company, LLC",Idle,0,2018-01-31,2018-11-30,10,44.0,22921.0,3644.44,0,,True,,False,,,,
Midway-Sunset,040304552800,Southwestern,49-42,"Berry Petroleum Company, LLC",Active,0,2018-01-31,2018-11-30,11,58.0,30687.0,4879.23,0,,True,,False,,,,
Midway-Sunset,040304554800,Unspecified,38-22,"Berry Petroleum Company, LLC",Active,0,2018-01-31,2020-09-30,17,140.0,35775.0,5688.23,0,,True,,False,,,,
Midway-Sunset,040304557200,Hondo Peerless,27R,"Seneca Resources Company, LLC",Active,0,2021-12-31,2021-12-31,1,4.0,1810.0,287.79,0,,True,,False,,,,
Midway-Sunset,040304557400,Hondo Peerless,238,"Seneca Resources Company, LLC",Active,0,2018-01-31,2018-05-31,4,104.0,57750.0,9182.25,0,214.0,False,,False,,,,
Midway-Sunset,040304557400,Hondo Peerless,238,"Seneca Resources Company, LLC",Active,1,2018-12-31,2019-01-31,2,25.0,13750.0,2186.25,0,89.0,False,,False,,,,
Midway-Sunset,040304557400,Hondo Peerless,238,"Seneca Resources Company, LLC",Active,2,2019-04-30,2019-07-31,4,87.0,45123.0,7174.56,0,519.0,False,,False,,,,
Midway-Sunset,040304557400,Hondo Peerless,238,"Seneca Resources Company, LLC",Active,3,2020-12-31,2021-01-31,2,31.0,13606.0,2163.35,0,,True,,False,,,,
Midway-Sunset,040304559900,B & R,503,"Seneca Resources Company, LLC",Active,0,2020-06-30,2020-07-31,2,18.0,7621.0,1211.74,0,,True,,False,,,,
Midway-Sunset,040304568100,Monarch,191,Chevron U.S.A. Inc.,Active,0,2020-02-29,2020-02-29,1,4.0,2651.0,421.51,0,153.0,False,,False,,,,
Midway-Sunset,040304568100,Monarch,191,Chevron U.S.A. Inc.,Active,1,2020-07-31,2020-07-31,1,4.0,2580.0,410.22,0,92.0,False,,False,,,,
Midway-Sunset,040304568100,Monarch,191,Chevron U.S.A. Inc.,Active,2,2020-10-31,2020-11-30,2,4.0,2581.0,410.38,0,274.0,False,,False,,,,
Midway-Sunset,040304568100,Monarch,191,Chevron U.S.A. Inc.,Active,3,2021-08-31,2021-08-31,1,5.0,3471.0,551.89,0,,True,,False,,,,
Midway-Sunset,040304568200,Monarch,192,Chevron U.S.A. Inc.,Active,0,2019-12-31,2019-12-31,1,4.0,2783.0,442.5,0,91.0,False,,False,,,,
Midway-Sunset,040304568200,Monarch,192,Chevron U.S.A. Inc.,Active,1,2020-03-31,2020-03-31,1,4.0,2721.0,432.64,0,,True,,False,,,,
Midway-Sunset,040304568400,Monarch,206,Chevron U.S.A. Inc.,Active,0,2019-11-30,2019-11-30,1,4.0,2740.0,435.66,0,,True,,False,,,,
Midway-Sunset,040304568800,Monarch,217,Chevron U.S.A. Inc.,Active,0,2019-11-30,2019-12-31,2,5.0,3627.0,576.69,0,,True,,False,,,,
Midway-Sunset,040304569100,Monarch,260,Chevron U.S.A. Inc.,Active,0,2019-12-31,2019-12-31,1,4.0,2782.0,442.34,0,,True,,False,,,,
Midway-Sunset,040304569300,Monarch,262,Chevron U.S.A. Inc.,Active,0,2019-12-31,2019-12-31,1,5.0,3950.0,628.05,0,,True,,False,,,,
Midway-Sunset,040304569400,Monarch,263,Chevron U.S.A. Inc.,Active,0,2020-01-31,2020-01-31,1,4.0,2742.0,435.98,0,,True,,False,,,,
Midway-Sunset,040304569600,Monarch,270,Chevron U.S.A. Inc.,Active,0,2020-01-31,2020-01-31,1,4.0,2763.0,439.32,0,,True,,False,,,,
Midway-Sunset,040304569700,Monarch,271,Chevron U.S.A. Inc.,Active,0,2019-11-30,2019-11-30,1,5.0,3592.0,571.13,0,,True,,False,,,,
Midway-Sunset,040304569800,Monarch,272,Chevron U.S.A. Inc.,Active,0,2020-05-31,2020-05-31,1,4.0,2572.0,408.95,0,,True,,False,,,,
Midway-Sunset,040304569900,Monarch,273,Chevron U.S.A. Inc.,Active,0,2020-02-29,2020-02-29,1,4.0,2662.0,423.26,0,,True,,False,,,,
Midway-Sunset,040304570000,Monarch,274,Chevron U.S.A. Inc.,Active,0,2019-02-28,2019-02-28,1,4.0,2748.0,436.93,0,,True,,False,,,,
Midway-Sunset,040304570100,Monarch,288,Chevron U.S.A. Inc.,Active,0,2020-05-31,2020-05-31,1,2.0,1320.0,209.88,0,,True,,False,,,,
Midway-Sunset,040304570200,Monarch,289,Chevron U.S.A. Inc.,Active,0,2020-05-31,2020-05-31,1,4.0,2545.0,404.66,0,,True,,False,,,,
Midway-Sunset,040304570300,Monarch,294,Chevron U.S.A. Inc.,Active,0,2020-02-29,2020-02-29,1,4.0,2715.0,431.69,0,,True,,False,,,,
Midway-Sunset,040304570400,Monarch,295,Chevron U.S.A. Inc.,Idle,0,2019-10-31,2019-10-31,1,5.0,3626.0,576.53,0,,True,,False,,,,
Midway-Sunset,040304570600,Monarch,344,Chevron U.S.A. Inc.,Active,0,2019-12-31,2019-12-31,1,5.0,3664.0,582.58,0,,True,,False,,,,
Midway-Sunset,040304570700,Monarch,353,Chevron U.S.A. Inc.,Active,0,2019-12-31,2019-12-31,1,4.0,2695.0,428.5,0,,True,,False,,,,
Midway-Sunset,040304571100,Main Camp,E-2,"Berry Petroleum Company, LLC",Active,0,2018-02-28,2018-03-31,2,10.0,7425.0,1180.58,0,,True,,False,,,,
Midway-Sunset,040304571500,Main Camp,G-2,"Berry Petroleum Company, LLC",Active,0,2018-01-31,2018-02-28,2,12.0,8626.0,1371.53,0,,True,,False,,,,
Midway-Sunset,040304580500,15A,M125,"Seneca Resources Company, LLC",Active,0,2019-12-31,2020-01-31,2,28.0,8367.0,1330.35,0,121.0,False,,False,,,,
Midway-Sunset,040304580500,15A,M125,"Seneca Resources Company, LLC",Active,1,2020-05-31,2020-05-31,1,19.0,5700.0,906.3,0,518.0,False,,False,,,,
Midway-Sunset,040304580500,15A,M125,"Seneca Resources Company, LLC",Active,2,2021-10-31,2021-10-31,1,14.0,4200.0,667.8,0,,True,,False,,,,
Midway-Sunset,040304580600,15A,M126,"Seneca Resources Company, LLC",Active,0,2018-01-31,2018-01-31,1,6.0,2700.0,429.3,0,,True,,False,,,,
Midway-Sunset,040304580800,15A,M124,"Seneca Resources Company, LLC",Active,0,2020-01-31,2020-01-31,1,17.0,5076.0,807.08,0,486.0,False,,False,,,,
Midway-Sunset,040304580800,15A,M124,"Seneca Resources Company, LLC",Active,1,2021-05-31,2021-06-30,2,16.0,4800.0,763.2,0,,True,,False,,,,
Midway-Sunset,040304593000,Southwestern,60-60,"Berry Petroleum Company, LLC",Active,0,2018-01-31,2021-12-31,36,159.0,218519.0,34744.52,0,,True,,False,,,,
Midway-Sunset,040304615000,Shale,443-T,Aera Energy LLC,Active,0,2021-06-30,2021-12-31,2,16.0,15218.0,2419.66,0,,True,,False,,,,
Midway-Sunset,040304615100,Finley-Hausen-II,FS805T,Aera Energy LLC,Active,0,2021-02-28,2021-02-28,1,10.0,9511.0,1512.25,0,,True,,False,,,,
Midway-Sunset,040304629700,Belgian,34-22R,"Berry Petroleum Company, LLC",Idle,0,2018-01-31,2018-06-30,6,41.0,40352.0,6415.97,0,,True,,False,,,,
Midway-Sunset,040304630600,Finley-Hausen-II,262T,Aera Energy LLC,Active,0,2018-01-31,2021-09-30,3,23.0,17481.0,2779.48,0,,True,,False,,,,
Midway-Sunset,040304630700,Finley-Hausen-II,263AT,Aera Energy LLC,Active,0,2018-01-31,2018-01-31,1,9.0,7264.0,1154.98,0,,True,,False,,,,
Midway-Sunset,040304630800,Finley-Hausen-II,700T,Aera Energy LLC,Active,0,2021-03-31,2021-08-31,3,17.0,13536.0,2152.22,0,,True,,False,,,,
Midway-Sunset,040304630900,Finley-Hausen-II,720T,Aera Energy LLC,Active,0,2018-01-31,2018-01-31,1,8.0,6455.0,1026.35,0,,True,,False,,,,
Midway-Sunset,040304631000,Finley-Hausen-II,734T,Aera Energy LLC,Active,0,2021-03-31,2021-03-31,1,8.0,6402.0,1017.92,0,,True,,False,,,,
Midway-Sunset,040304631100,Finley-Hausen-II,740T,Aera Energy LLC,Active,0,2021-02-28,2021-12-31,3,24.0,21151.0,3363.01,0,,True,,False,,,,
Midway-Sunset,040304631300,Finley-Hausen-II,752T,Aera Energy LLC,Active,0,2021-05-31,2021-12-31,3,15.0,13169.0,2093.87,0,,True,,False,,,,
Midway-Sunset,040304631400,Finley-Hausen-II,810T,Aera Energy LLC,Active,0,2021-01-31,2021-01-31,1,12.0,6536.0,1039.22,0,,True,,False,,,,
Midway-Sunset,040304631900,Finley-Hausen-II,852T,Aera Energy LLC,Active,0,2021-07-31,2021-07-31,1,8.0,6384.0,1015.06,0,,True,,False,,,,
Midway-Sunset,040304632000,Finley-Johnson-Fox,245T,Aera Energy LLC,Active,0,2021-08-31,2021-08-31,1,13.0,5969.0,949.07,0,,True,,False,,,,
Midway-Sunset,040304632700,Unspecified,45-29,"Berry Petroleum Company, LLC",Active,0,2018-01-31,2021-12-31,19,173.0,72629.0,11548.01,0,,True,,False,,,,
Midway-Sunset,040304648600,B & R,175,"Seneca Resources Company, LLC",Active,0,2020-02-29,2020-03-31,2,22.0,10322.0,1641.2,0,334.0,False,,False,,,,
Midway-Sunset,040304648600,B & R,175,"Seneca Resources Company, LLC",Active,1,2021-02-28,2021-02-28,1,12.0,5709.0,907.73,0,,True,,False,,,,
Midway-Sunset,040304655600,Southwestern,40-33,"Berry Petroleum Company, LLC",Active,0,2018-01-31,2019-10-31,21,110.0,81902.0,13022.42,0,,True,,False,,,,
Midway-Sunset,040304655800,Southwestern,41-36,"Berry Petroleum Company, LLC",Idle,0,2018-01-31,2018-04-30,4,20.0,11106.0,1765.85,0,,True,,False,,,,
Midway-Sunset,040304656000,Southwestern,43-40,"Berry Petroleum Company, LLC",Active,0,2018-01-31,2018-11-30,11,57.0,45133.0,7176.15,0,,True,,False,,,,
Midway-Sunset,040304659900,Western Minerals NCT-2,157,Holmes Western Oil Corporation,Active,0,2018-02-28,2018-02-28,1,13.0,6104.0,970.54,0,,True,,False,,,,
Midway-Sunset,040304669300,Unspecified,42-24,"Berry Petroleum Company, LLC",Plugged,0,2018-01-31,2021-04-30,25,141.0,21310.0,3388.29,0,,True,,False,,,,
Midway-Sunset,040304669500,Unspecified,43-23,"Berry Petroleum Company, LLC",Active,0,2018-01-31,2018-11-30,10,72.0,37107.0,5900.01,0,,True,,False,,,,
Midway-Sunset,040304669600,Unspecified,39-19,"Berry Petroleum Company, LLC",Active,0,2018-01-31,2019-03-31,10,54.0,25705.0,4087.1,0,,True,,False,,,,
Midway-Sunset,040304670800,Unspecified,272G,"Seneca Resources Company, LLC",Active,0,2018-01-31,2018-01-31,1,26.0,12429.0,1976.21,0,699.0,False,,False,,,,
Midway-Sunset,040304670800,Unspecified,272G,"Seneca Resources Company, LLC",Active,1,2019-12-31,2019-12-31,1,15.0,5699.0,906.14,0,152.0,False,,False,,,,
Midway-Sunset,040304670800,Unspecified,272G,"Seneca Resources Company, LLC",Active,2,2020-05-31,2020-06-30,2,35.0,12725.0,2023.28,0,215.0,False,,False,,,,
Midway-Sunset,040304670800,Unspecified,272G,"Seneca Resources Company, LLC",Active,3,2021-01-31,2021-02-28,2,13.0,3120.0,496.08,0,245.0,False,,False,,,,
Midway-Sunset,040304670800,Unspecified,272G,"Seneca Resources Company, LLC",Active,4,2021-10-31,2021-10-31,1,14.0,4510.0,717.09,0,,True,,False,,,,
Midway-Sunset,040304672600,Belgian,27-21R,"Berry Petroleum Company, LLC",Active,0,2018-01-31,2021-12-31,43,292.0,74105.0,11782.69,0,,True,,False,,,,
Midway-Sunset,040304672700,Belgian,29-21R,"Berry Petroleum Company, LLC",Active,0,2018-01-31,2018-11-30,10,55.0,29895.0,4753.31,0,,True,,False,,,,
Midway-Sunset,040304672900,Belgian,33-23R,"Berry Petroleum Company, LLC",Idle,0,2018-01-31,2018-08-31,8,57.0,25713.0,4088.37,0,,True,,False,,,,
Midway-Sunset,040304673800,Unspecified,40-30,"Berry Petroleum Company, LLC",Idle,0,2018-01-31,2018-04-30,4,40.0,27091.0,4307.47,0,,True,,False,,,,
Midway-Sunset,040304673900,Unspecified,42-28,"Berry Petroleum Company, LLC",Active,0,2018-01-31,2021-12-31,20,175.0,56534.0,8988.91,0,,True,,False,,,,
Midway-Sunset,040304674000,Unspecified,43-27,"Berry Petroleum Company, LLC",Plugged,0,2018-01-31,2018-03-31,3,23.0,4572.0,726.95,0,,True,,False,,,,
Midway-Sunset,040304674100,Unspecified,43-29,"Berry Petroleum Company, LLC",Active,0,2018-01-31,2021-12-31,44,351.0,155488.0,24722.59,0,,True,,False,,,,
Midway-Sunset,040304674200,Unspecified,44-28,"Berry Petroleum Company, LLC",Plugged,0,2018-01-31,2018-03-31,3,17.0,3467.0,551.25,0,,True,,False,,,,
Midway-Sunset,040304674400,Unspecified,45-31,"Berry Petroleum Company, LLC",Active,0,2018-01-31,2021-12-31,20,143.0,59784.0,9505.66,0,,True,,False,,,,
Midway-Sunset,040304674500,Unspecified,46-30,"Berry Petroleum Company, LLC",Plugged,0,2018-01-31,2018-03-31,3,28.0,11392.0,1811.33,0,,True,,False,,,,
Midway-Sunset,040304674900,Unspecified,48-32,"Berry Petroleum Company, LLC",Idle,0,2018-01-31,2018-01-31,1,11.0,5853.0,930.63,0,,True,,False,,,,
Midway-Sunset,040304675000,Unspecified,41-29,"Berry Petroleum Company, LLC",Active,0,2018-01-31,2021-12-31,22,212.0,61084.0,9712.36,0,,True,,False,,,,
Midway-Sunset,040304675200,Unspecified,42-30,"Berry Petroleum Company, LLC",Active,0,2018-01-31,2021-12-31,45,463.0,134376.0,21365.78,0,,True,,False,,,,
Midway-Sunset,040304678400,Unspecified,40-22,"Berry Petroleum Company, LLC",Plugged,0,2018-01-31,2018-10-31,6,28.0,6763.0,1075.32,0,,True,,False,,,,
Midway-Sunset,040304678500,Unspecified,41-21,"Berry Petroleum Company, LLC",Plugged,0,2018-01-31,2018-03-31,3,24.0,11768.0,1871.11,0,,True,,False,,,,
Midway-Sunset,040304678600,Unspecified,41-23,"Berry Petroleum Company, LLC",Plugged,0,2018-01-31,2018-02-28,2,8.0,4083.0,649.2,0,,True,,False,,,,
Midway-Sunset,040304678700,Unspecified,42-22,"Berry Petroleum Company, LLC",Plugged,0,2018-01-31,2018-03-31,3,26.0,13326.0,2118.83,0,,True,,False,,,,
Midway-Sunset,040304678800,Unspecified,43-25,"Berry Petroleum Company, LLC",Idle,0,2018-01-31,2018-05-31,5,41.0,5702.0,906.62,0,,True,,False,,,,
Midway-Sunset,040304678900,Unspecified,44-22,"Berry Petroleum Company, LLC",Active,0,2018-01-31,2021-12-31,45,311.0,357263.0,56804.82,0,,True,,False,,,,
Midway-Sunset,040304679000,Unspecified,44-24,"Berry Petroleum Company, LLC",Plugged,0,2018-01-31,2018-03-31,3,27.0,13399.0,2130.44,0,,True,,False,,,,
Midway-Sunset,040304679100,Unspecified,44-26,"Berry Petroleum Company, LLC",Active,0,2018-01-31,2020-02-29,24,195.0,124854.0,19851.79,0,,True,,False,,,,
Midway-Sunset,040304679200,Unspecified,45-23,"Berry Petroleum Company, LLC",Active,0,2018-01-31,2021-12-31,20,134.0,131517.0,20911.2,0,,True,,False,,,,
Midway-Sunset,040304679300,Unspecified,45-25,"Berry Petroleum Company, LLC",Active,0,2018-01-31,2020-03-31,22,162.0,118484.0,18838.96,0,,True,,False,,,,
Midway-Sunset,040304679400,Unspecified,45-27,"Berry Petroleum Company, LLC",Active,0,2018-01-31,2021-10-31,15,76.0,43951.0,6988.21,0,,True,,False,,,,
Midway-Sunset,040304679500,Unspecified,46-24,"Berry Petroleum Company, LLC",Active,0,2018-01-31,2018-06-30,6,53.0,29426.0,4678.73,0,,True,,False,,,,
Midway-Sunset,040304679600,Unspecified,46-26,"Berry Petroleum Company, LLC",Active,0,2018-01-31,2021-07-31,17,115.0,41223.0,6554.46,0,,True,,False,,,,
Midway-Sunset,040304679700,Unspecified,46-28,"Berry Petroleum Company, LLC",Active,0,2018-01-31,2020-12-31,28,180.0,120908.0,19224.37,0,151.0,False,,False,,,,
Midway-Sunset,040304679700,Unspecified,46-28,"Berry Petroleum Company, LLC",Active,1,2021-05-31,2021-08-31,4,10.0,14164.0,2252.08,0,,True,,False,,,,
Midway-Sunset,040304679800,Unspecified,47-27,"Berry Petroleum Company, LLC",Active,0,2018-01-31,2021-10-31,37,248.0,230662.0,36675.26,0,,True,,False,,,,
Midway-Sunset,040304679900,Unspecified,47-29,"Berry Petroleum Company, LLC",Active,0,2018-01-31,2021-02-28,36,287.0,206518.0,32836.36,0,92.0,False,,False,,,,
Midway-Sunset,040304679900,Unspecified,47-29,"Berry Petroleum Company, LLC",Active,1,2021-05-31,2021-08-31,4,16.0,15104.0,2401.54,0,,True,,False,,,,
Midway-Sunset,040304680000,Unspecified,48-28,"Berry Petroleum Company, LLC",Idle,0,2018-01-31,2018-11-30,11,101.0,61134.0,9720.31,0,,True,,False,,,,
Midway-Sunset,040304683500,Unspecified,36-28,"Berry Petroleum Company, LLC",Active,0,2018-01-31,2018-11-30,10,79.0,41716.0,6632.84,0,,True,,False,,,,
Midway-Sunset,040304683600,Unspecified,37-19,"Berry Petroleum Company, LLC",PluggedOnly,0,2018-01-31,2018-04-30,4,82.0,32029.0,5092.61,0,,True,,False,,,,
Midway-Sunset,040304683700,Unspecified,37-25,"Berry Petroleum Company, LLC",Plugged,0,2018-01-31,2018-06-30,6,55.0,35373.0,5624.31,0,,True,,False,,,,
Midway-Sunset,040304684000,Unspecified,38-26,"Berry Petroleum Company, LLC",Active,0,2018-01-31,2021-02-28,10,58.0,45440.0,7224.96,0,,True,,False,,,,
Midway-Sunset,040304684100,Unspecified,38-28,"Berry Petroleum Company, LLC",Idle,0,2018-01-31,2018-07-31,7,210.0,22408.0,3562.87,0,,True,,False,,,,
Midway-Sunset,040304684200,Unspecified,39-21,"Berry Petroleum Company, LLC",Active,0,2018-01-31,2018-09-30,9,53.0,5878.0,934.6,0,,True,,False,,,,
Midway-Sunset,040304684300,Unspecified,39-27,"Berry Petroleum Company, LLC",Active,0,2018-01-31,2021-02-28,35,274.0,118527.0,18845.79,0,,True,,False,,,,
Midway-Sunset,040304684400,Unspecified,39-29,"Berry Petroleum Company, LLC",Active,0,2018-01-31,2021-02-28,35,237.0,241619.0,38417.42,0,,True,,False,,,,
Midway-Sunset,040304684500,Unspecified,40-18,"Berry Petroleum Company, LLC",Active,0,2018-01-31,2021-12-31,46,344.0,135087.0,21478.83,0,,True,,False,,,,
Midway-Sunset,040304684600,Unspecified,40-20,"Berry Petroleum Company, LLC",Active,0,2018-01-31,2018-10-31,10,252.0,98676.0,15689.48,0,1065.0,False,,False,,,,
Midway-Sunset,040304684600,Unspecified,40-20,"Berry Petroleum Company, LLC",Active,1,2021-09-30,2021-12-31,4,26.0,8432.0,1340.69,0,,True,,False,,,,
Midway-Sunset,040304684800,Unspecified,41-19,"Berry Petroleum Company, LLC",Active,0,2018-01-31,2021-12-31,21,123.0,45482.0,7231.64,0,,True,,False,,,,
Midway-Sunset,040304684900,Unspecified,48-30,"Berry Petroleum Company, LLC",Plugged,0,2018-01-31,2018-08-31,6,36.0,9252.0,1471.07,0,,True,,False,,,,
Midway-Sunset,040304685000,Unspecified,49-31,"Berry Petroleum Company, LLC",Plugged,0,2018-01-31,2018-03-31,3,22.0,4956.0,788.0,0,,True,,False,,,,
Midway-Sunset,040304685100,Unspecified,49-33,"Berry Petroleum Company, LLC",Active,0,2018-01-31,2021-12-31,41,315.0,122128.0,19418.35,0,,True,,False,,,,
Midway-Sunset,040304686300,Unspecified,35-25,"Berry Petroleum Company, LLC",Idle,0,2018-01-31,2018-09-30,9,84.0,24576.0,3907.58,0,,True,,False,,,,
Midway-Sunset,040304686400,Unspecified,36-22,"Berry Petroleum Company, LLC",Active,0,2018-01-31,2021-12-31,18,181.0,44207.0,7028.91,0,,True,,False,,,,
Midway-Sunset,040304686500,Unspecified,36-24,"Berry Petroleum Company, LLC",Active,0,2018-01-31,2021-01-31,13,115.0,23906.0,3801.05,0,,True,,False,,,,
Midway-Sunset,040304686600,Unspecified,38-24,"Berry Petroleum Company, LLC",Idle,0,2018-01-31,2018-11-30,11,100.0,16717.0,2658.0,0,,True,,False,,,,
Midway-Sunset,040304686800,Unspecified,37-23,"Berry Petroleum Company, LLC",Active,0,2018-01-31,2021-12-31,46,378.0,185110.0,29432.49,0,,True,,False,,,,
Midway-Sunset,040304686900,Unspecified,37-27,"Berry Petroleum Company, LLC",Active,0,2018-01-31,2021-02-28,35,285.0,341724.0,54334.12,0,,True,,False,,,,
Midway-Sunset,040304687000,Unspecified,37-29,"Berry Petroleum Company, LLC",Idle,0,2018-01-31,2019-07-31,14,115.0,87467.0,13907.25,0,,True,,False,,,,
Midway-Sunset,040304687100,Unspecified,39-23,"Berry Petroleum Company, LLC",Active,0,2018-01-31,2021-12-31,10,64.0,26475.0,4209.52,0,,True,,False,,,,
Midway-Sunset,040304687200,Unspecified,39-25,"Berry Petroleum Company, LLC",Active,0,2018-01-31,2020-05-31,27,272.0,107202.0,17045.12,0,,True,,False,,,,
Midway-Sunset,040304687400,Unspecified,40-26,"Berry Petroleum Company, LLC",Idle,0,2018-01-31,2018-10-31,10,86.0,13672.0,2173.85,0,,True,,False,,,,
Midway-Sunset,040304687500,Unspecified,41-25,"Berry Petroleum Company, LLC",Active,0,2018-01-31,2021-03-31,15,130.0,28613.0,4549.47,0,,True,,False,,,,
Midway-Sunset,040304687600,Unspecified,41-27,"Berry Petroleum Company, LLC",Idle,0,2018-01-31,2018-10-31,10,80.0,33531.0,5331.43,0,,True,,False,,,,
Midway-Sunset,040304687700,Unspecified,42-26,"Berry Petroleum Company, LLC",Active,0,2018-01-31,2021-12-31,13,120.0,23056.0,3665.9,0,,True,,False,,,,
Midway-Sunset,040304692200,Belgian,28-22R,"Berry Petroleum Company, LLC",Idle,0,2018-01-31,2018-11-30,11,82.0,37763.0,6004.32,0,,True,,False,,,,
Midway-Sunset,040304693600,Unspecified,39-15,"Berry Petroleum Company, LLC",Active,0,2021-05-31,2021-12-31,7,39.0,20766.0,3301.79,0,,True,,False,,,,
Midway-Sunset,040304693800,Unspecified,40-16,"Berry Petroleum Company, LLC",Active,0,2018-01-31,2021-12-31,30,211.0,79841.0,12694.72,0,,True,,False,,,,
Midway-Sunset,040304694100,Unspecified,41-17,"Berry Petroleum Company, LLC",Active,0,2018-01-31,2021-12-31,23,133.0,69693.0,11081.19,0,,True,,False,,,,
Midway-Sunset,040304694200,Unspecified,42-18,"Berry Petroleum Company, LLC",Active,0,2018-01-31,2021-03-31,13,87.0,33472.0,5322.05,0,,True,,False,,,,
Midway-Sunset,040304696700,Leutholtz A,263,Holmes Western Oil Corporation,Active,0,2018-02-28,2018-03-31,2,33.0,4869.0,774.17,0,,True,,False,,,,
Midway-Sunset,040304704800,Govt,132,Holmes Western Oil Corporation,Active,0,2018-02-28,2018-02-28,1,25.0,9768.0,1553.11,0,337.0,False,,False,,,,
Midway-Sunset,040304704800,Govt,132,Holmes Western Oil Corporation,Active,1,2019-01-31,2019-02-28,2,29.0,8355.0,1328.44,0,245.0,False,,False,,,,
Midway-Sunset,040304704800,Govt,132,Holmes Western Oil Corporation,Active,2,2019-10-31,2019-11-30,2,15.0,9638.0,1532.44,0,456.0,False,,False,,,,
Midway-Sunset,040304704800,Govt,132,Holmes Western Oil Corporation,Active,3,2021-02-28,2021-03-31,2,35.0,11617.0,1847.1,0,,True,,False,,,,
Midway-Sunset,040304745800,Belgian,35-23R,"Berry Petroleum Company, LLC",Idle,0,2018-01-31,2018-01-31,1,4.0,1106.0,175.85,0,,True,,False,,,,
Midway-Sunset,040304776200,Reardon,320K,Sentinel Peak Resources California LLC,Active,0,2018-02-28,2018-03-31,2,16.0,13041.0,2073.52,0,,True,,False,,,,
Midway-Sunset,040304776300,Reardon,320M,Sentinel Peak Resources California LLC,Active,0,2018-02-28,2021-12-31,4,18.0,10187.0,1619.73,0,,True,,False,,,,
Midway-Sunset,040304776400,Reardon,318K,Sentinel Peak Resources California LLC,Active,0,2018-02-28,2018-03-31,2,9.0,6714.0,1067.53,0,,True,,False,,,,
Midway-Sunset,040304776500,Reardon,328G,Sentinel Peak Resources California LLC,Active,0,2018-02-28,2018-02-28,1,5.0,3520.0,559.68,0,,True,,False,,,,
Midway-Sunset,040304776600,Reardon,330H,Sentinel Peak Resources California LLC,Active,0,2018-02-28,2018-02-28,1,6.0,4827.0,767.49,0,61.0,False,,False,,,,
Midway-Sunset,040304776600,Reardon,330H,Sentinel Peak Resources California LLC,Active,1,2018-04-30,2018-05-31,2,12.0,7551.0,1200.61,0,61.0,False,,False,,,,
Midway-Sunset,040304776600,Reardon,330H,Sentinel Peak Resources California LLC,Active,2,2018-07-31,2018-12-31,6,32.0,25863.0,4112.22,0,59.0,False,,False,,,,
Midway-Sunset,040304776600,Reardon,330H,Sentinel Peak Resources California LLC,Active,3,2019-02-28,2019-03-31,2,10.0,9485.0,1508.12,0,61.0,False,,False,,,,
Midway-Sunset,040304776600,Reardon,330H,Sentinel Peak Resources California LLC,Active,4,2019-05-31,2019-05-31,1,9.0,6894.0,1096.15,0,61.0,False,,False,,,,
Midway-Sunset,040304776600,Reardon,330H,Sentinel Peak Resources California LLC,Active,5,2019-07-31,2019-07-31,1,4.0,4181.0,664.78,0,184.0,False,,False,,,,
Midway-Sunset,040304776600,Reardon,330H,Sentinel Peak Resources California LLC,Active,6,2020-01-31,2020-03-31,3,16.0,12554.0,1996.09,0,306.0,False,,False,,,,
Midway-Sunset,040304776600,Reardon,330H,Sentinel Peak Resources California LLC,Active,7,2021-01-31,2021-12-31,12,104.0,57204.0,9095.44,0,,True,,False,,,,
Midway-Sunset,040304776800,Reardon,332G,Sentinel Peak Resources California LLC,Active,0,2018-03-31,2018-03-31,1,1.0,482.0,76.64,0,,True,,False,,,,
Midway-Sunset,040304776900,Magee,348L,Sentinel Peak Resources California LLC,Active,0,2018-02-28,2018-07-31,6,25.0,11106.0,1765.85,0,92.0,False,,False,,,,
Midway-Sunset,040304776900,Magee,348L,Sentinel Peak Resources California LLC,Active,1,2018-10-31,2019-07-31,10,48.0,25511.0,4056.25,0,184.0,False,,False,,,,
Midway-Sunset,040304776900,Magee,348L,Sentinel Peak Resources California LLC,Active,2,2020-01-31,2020-03-31,3,14.0,3687.0,586.23,0,306.0,False,,False,,,,
Midway-Sunset,040304776900,Magee,348L,Sentinel Peak Resources California LLC,Active,3,2021-01-31,2021-05-31,5,12.0,2422.0,385.1,0,92.0,False,,False,,,,
Midway-Sunset,040304776900,Magee,348L,Sentinel Peak Resources California LLC,Active,4,2021-08-31,2021-08-31,1,2.0,242.0,38.48,0,61.0,False,,False,,,,
Midway-Sunset,040304776900,Magee,348L,Sentinel Peak Resources California LLC,Active,5,2021-10-31,2021-10-31,1,2.0,234.0,37.21,0,,True,,False,,,,
Midway-Sunset,040304777000,Magee,350L,Sentinel Peak Resources California LLC,Active,0,2018-02-28,2018-07-31,6,34.0,13442.0,2137.28,0,122.0,False,,False,,,,
Midway-Sunset,040304777000,Magee,350L,Sentinel Peak Resources California LLC,Active,1,2018-11-30,2019-07-31,9,57.0,22677.0,3605.64,0,184.0,False,,False,,,,
Midway-Sunset,040304777000,Magee,350L,Sentinel Peak Resources California LLC,Active,2,2020-01-31,2020-01-31,1,6.0,1408.0,223.87,0,425.0,False,,False,,,,
Midway-Sunset,040304777000,Magee,350L,Sentinel Peak Resources California LLC,Active,3,2021-03-31,2021-04-30,2,9.0,1717.0,273.0,0,92.0,False,,False,,,,
Midway-Sunset,040304777000,Magee,350L,Sentinel Peak Resources California LLC,Active,4,2021-07-31,2021-07-31,1,2.0,287.0,45.63,0,61.0,False,,False,,,,
Midway-Sunset,040304777000,Magee,350L,Sentinel Peak Resources California LLC,Active,5,2021-09-30,2021-10-31,2,10.0,2224.0,353.62,0,,True,,False,,,,
Midway-Sunset,040304785400,Moco 35,WM-266B,Aera Energy LLC,Active,0,2021-03-31,2021-08-31,2,11.0,9762.0,1552.16,0,,True,,False,,,,
Midway-Sunset,040304785900,Moco 34,WIM-360B,Aera Energy LLC,Active,0,2021-03-31,2021-11-30,4,27.0,21319.0,3389.72,0,,True,,False,,,,
Midway-Sunset,040304786000,Moco 34,WIM-370A,Aera Energy LLC,Active,0,2021-03-31,2021-04-30,2,9.0,6922.0,1100.6,0,,True,,False,,,,
Midway-Sunset,040304786900,Monarch,245,Chevron U.S.A. Inc.,Active,0,2020-01-31,2020-01-31,1,4.0,2672.0,424.85,0,,True,,False,,,,
Midway-Sunset,040304787000,Monarch,247,Chevron U.S.A. Inc.,Idle,0,2020-01-31,2020-01-31,1,4.0,2720.0,432.48,0,,True,,False,,,,
Midway-Sunset,040304787200,Monarch,252,Chevron U.S.A. Inc.,Active,0,2020-03-31,2020-03-31,1,1.0,426.0,67.73,0,122.0,False,,False,,,,
Midway-Sunset,040304787200,Monarch,252,Chevron U.S.A. Inc.,Active,1,2020-07-31,2020-07-31,1,4.0,2516.0,400.04,0,,True,,False,,,,
Midway-Sunset,040304787300,Monarch,253,Chevron U.S.A. Inc.,Active,0,2020-03-31,2020-03-31,1,4.0,2621.0,416.74,0,122.0,False,,False,,,,
Midway-Sunset,040304787300,Monarch,253,Chevron U.S.A. Inc.,Active,1,2020-07-31,2020-07-31,1,4.0,2506.0,398.45,0,,True,,False,,,,
Midway-Sunset,040304787600,Monarch,259,Chevron U.S.A. Inc.,Active,0,2020-10-31,2020-10-31,1,4.0,2626.0,417.53,0,334.0,False,,False,,,,
Midway-Sunset,040304787600,Monarch,259,Chevron U.S.A. Inc.,Active,1,2021-09-30,2021-09-30,1,3.0,1738.0,276.34,0,,True,,False,,,,
Midway-Sunset,040304787900,Monarch,286,Chevron U.S.A. Inc.,Active,0,2020-02-29,2020-02-29,1,4.0,2733.0,434.55,0,,True,,False,,,,
Midway-Sunset,040304788100,Monarch,351,Chevron U.S.A. Inc.,Active,0,2020-03-31,2020-03-31,1,4.0,2593.0,412.29,0,,True,,False,,,,
Midway-Sunset,040304788300,Monarch,544,Chevron U.S.A. Inc.,Active,0,2019-03-31,2019-03-31,1,5.0,3606.0,573.35,0,,True,,False,,,,
Midway-Sunset,040304835600,Belgian,21-19,"Berry Petroleum Company, LLC",Active,0,2018-01-31,2021-12-31,44,327.0,222469.0,35372.57,0,,True,,False,,,,
Midway-Sunset,040304835700,Belgian,23-15,"Berry Petroleum Company, LLC",Active,0,2018-01-31,2021-10-31,18,141.0,24864.0,3953.38,0,,True,,False,,,,
Midway-Sunset,040304842700,Belgian,18-20,"Berry Petroleum Company, LLC",Active,0,2018-01-31,2020-12-31,34,318.0,233092.0,37061.63,0,,True,,False,,,,
Midway-Sunset,040304842800,Belgian,19-21,"Berry Petroleum Company, LLC",Active,0,2018-01-31,2021-12-31,42,310.0,212916.0,33853.64,0,,True,,False,,,,
Midway-Sunset,040304842900,Belgian,21-21,"Berry Petroleum Company, LLC",Idle,0,2018-01-31,2018-05-31,5,141.0,31616.0,5026.94,0,,True,,False,,,,
Midway-Sunset,040304843100,Formax West,P-4T,"Berry Petroleum Company, LLC",Active,0,2018-04-30,2018-05-31,2,11.0,7467.0,1187.25,0,,True,,False,,,,
Midway-Sunset,040304843400,Fairfield,60-76,"Berry Petroleum Company, LLC",Active,0,2020-12-31,2021-11-30,7,28.0,30960.0,4922.64,0,,True,,False,,,,
Midway-Sunset,040304843500,Fairfield,62-70,"Berry Petroleum Company, LLC",Active,0,2020-12-31,2021-12-31,11,52.0,101284.0,16104.16,0,,True,,False,,,,
Midway-Sunset,040304850400,Southwestern,41-38,"Berry Petroleum Company, LLC",Active,0,2018-01-31,2019-09-30,17,93.0,79111.0,12578.65,0,,True,,False,,,,
Midway-Sunset,040304850500,Southwestern,42-33,"Berry Petroleum Company, LLC",Idle,0,2018-01-31,2018-04-30,4,20.0,9782.0,1555.34,0,,True,,False,,,,
Midway-Sunset,040304850900,Southwestern,43-36,"Berry Petroleum Company, LLC",Idle,0,2018-01-31,2018-04-30,4,20.0,9628.0,1530.85,0,,True,,False,,,,
Midway-Sunset,040304851100,Southwestern,44-35,"Berry Petroleum Company, LLC",Idle,0,2018-01-31,2018-04-30,4,31.0,9908.0,1575.37,0,,True,,False,,,,
Midway-Sunset,040304851200,Southwestern,45-36,"Berry Petroleum Company, LLC",Idle,0,2018-01-31,2018-09-30,9,56.0,29673.0,4718.01,0,,True,,False,,,,
Midway-Sunset,040304851400,Southwestern,45-40,"Berry Petroleum Company, LLC",Idle,0,2018-01-31,2018-08-31,8,38.0,21349.0,3394.49,0,,True,,False,,,,
Midway-Sunset,040304851600,Southwestern,46-39,"Berry Petroleum Company, LLC",Active,0,2018-01-31,2020-07-31,24,110.0,114974.0,18280.87,0,,True,,False,,,,
Midway-Sunset,040304869300,Belgian,21-23R,"Berry Petroleum Company, LLC",Active,0,2018-01-31,2021-10-31,17,102.0,44268.0,7038.61,0,,True,,False,,,,
Midway-Sunset,040304869800,Belgian,20-18,"Berry Petroleum Company, LLC",Active,0,2018-01-31,2021-12-31,43,282.0,92390.0,14690.01,0,,True,,False,,,,
Midway-Sunset,040304869900,Belgian,22-16,"Berry Petroleum Company, LLC",Active,0,2018-01-31,2021-10-31,18,133.0,27715.0,4406.69,0,,True,,False,,,,
Midway-Sunset,040304870000,Belgian,22-18,"Berry Petroleum Company, LLC",Active,0,2018-01-31,2021-12-31,44,323.0,186555.0,29662.24,0,,True,,False,,,,
Midway-Sunset,040304870600,Shale,611T,Aera Energy LLC,Active,0,2018-01-31,2021-11-30,10,54.0,46529.0,7398.11,0,,True,,False,,,,
Midway-Sunset,040304870700,Shale,625T,Aera Energy LLC,Active,0,2021-03-31,2021-07-31,2,19.0,15996.0,2543.36,0,,True,,False,,,,
Midway-Sunset,040304870800,Shale,655T,Aera Energy LLC,Idle,0,2018-01-31,2018-01-31,1,4.0,3476.0,552.68,0,,True,,False,,,,
Midway-Sunset,040304870900,Shale,671T,Aera Energy LLC,Active,0,2018-01-31,2021-12-31,7,50.0,44386.0,7057.37,0,,True,,False,,,,
Midway-Sunset,040304871000,Shale,702T,Aera Energy LLC,Active,0,2021-07-31,2021-07-31,1,8.0,6298.0,1001.38,0,,True,,False,,,,
Midway-Sunset,040304871400,Shale 14,514T,Aera Energy LLC,Active,0,2021-04-30,2021-08-31,2,16.0,12966.0,2061.59,0,,True,,False,,,,
Midway-Sunset,040304871900,Belgian,24-16R,"Berry Petroleum Company, LLC",Active,0,2018-01-31,2018-11-30,11,109.0,17269.0,2745.77,0,,True,,False,,,,
Midway-Sunset,040304881100,Southwestern,42-41,"Berry Petroleum Company, LLC",Idle,0,2018-01-31,2018-08-31,8,35.0,21408.0,3403.87,0,,True,,False,,,,
Midway-Sunset,040304895200,B & R,502,"Seneca Resources Company, LLC",Active,0,2020-10-31,2020-10-31,1,7.0,2747.0,436.77,0,,True,,False,,,,
Midway-Sunset,040304896100,15A,M128,"Seneca Resources Company, LLC",Active,0,2018-01-31,2018-01-31,1,15.0,6750.0,1073.25,0,,True,,False,,,,
Midway-Sunset,040304896300,15A,M130,"Seneca Resources Company, LLC",Active,0,2019-10-31,2019-11-30,2,24.0,7200.0,1144.8,0,275.0,False,,False,,,,
Midway-Sunset,040304896300,15A,M130,"Seneca Resources Company, LLC",Active,1,2020-08-31,2020-09-30,2,22.0,6600.0,1049.4,0,457.0,False,,False,,,,
Midway-Sunset,040304896300,15A,M130,"Seneca Resources Company, LLC",Active,2,2021-12-31,2021-12-31,1,13.0,3821.0,607.54,0,,True,,False,,,,
Midway-Sunset,040304896500,15A,M132,"Seneca Resources Company, LLC",Active,0,2020-03-31,2020-04-30,2,20.0,6000.0,954.0,0,304.0,False,,False,,,,
Midway-Sunset,040304896500,15A,M132,"Seneca Resources Company, LLC",Active,1,2021-02-28,2021-03-31,2,13.0,3900.0,620.1,0,244.0,False,,False,,,,
Midway-Sunset,040304896500,15A,M132,"Seneca Resources Company, LLC",Active,2,2021-11-30,2021-11-30,1,14.0,3930.0,624.87,0,,True,,False,,,,
Midway-Sunset,040304897600,Unspecified,35-29,"Berry Petroleum Company, LLC",Active,0,2018-01-31,2018-11-30,11,94.0,54925.0,8733.08,0,,True,,False,,,,
Midway-Sunset,040304897700,B & R,501,"Seneca Resources Company, LLC",Active,0,2019-10-31,2019-11-30,2,24.0,9922.0,1577.6,0,,True,,False,,,,
Midway-Sunset,040304898100,Wier,21-14,Aera Energy LLC,Active,0,2021-11-30,2021-11-30,1,12.0,11795.0,1875.4,0,,True,,False,,,,
Midway-Sunset,040304898200,Western,21-13,Aera Energy LLC,Active,0,2021-06-30,2021-06-30,1,13.0,10930.0,1737.87,0,,True,,False,,,,
Midway-Sunset,040304903400,Fairfield,401H,"Berry Petroleum Company, LLC",Idle,0,2018-01-31,2018-11-30,11,308.0,176944.0,28134.1,0,,True,,False,,,,
Midway-Sunset,040304903500,Fairfield,402H,"Berry Petroleum Company, LLC",Idle,0,2018-01-31,2019-03-31,13,370.0,237458.0,37755.82,0,,True,,False,,,,
Midway-Sunset,040304920400,Fairfield,53-73,"Berry Petroleum Company, LLC",Plugged,0,2018-01-31,2018-09-30,8,47.0,63136.0,10038.62,0,,True,,False,,,,
Midway-Sunset,040304926300,Metson,S114-24,Aera Energy LLC,Active,0,2021-09-30,2021-10-31,2,18.0,15374.0,2444.47,0,,True,,False,,,,
Midway-Sunset,040304926700,Neely,P104M,Aera Energy LLC,Active,0,2018-01-31,2021-10-31,2,19.0,19307.0,3069.81,0,,True,,False,,,,
Midway-Sunset,040304927800,Anderson-Goodwin,63AR,Aera Energy LLC,Active,0,2021-11-30,2021-11-30,1,12.0,10919.0,1736.12,0,,True,,False,,,,
Midway-Sunset,040304956000,Fairfield,51-67,"Berry Petroleum Company, LLC",Plugged,0,2018-01-31,2018-01-31,1,4.0,7048.0,1120.63,0,,True,,False,,,,
Midway-Sunset,040304961400,Fairfield,54-70,"Berry Petroleum Company, LLC",Plugged,0,2018-01-31,2018-09-30,9,44.0,102231.0,16254.73,0,,True,,False,,,,
Midway-Sunset,040304961600,Fairfield,54-74,"Berry Petroleum Company, LLC",Plugged,0,2018-01-31,2018-10-31,10,43.0,55242.0,8783.48,0,,True,,False,,,,
Midway-Sunset,040304961800,Fairfield,56-64,"Berry Petroleum Company, LLC",Plugged,0,2018-01-31,2018-01-31,1,4.0,3293.0,523.59,0,,True,,False,,,,
Midway-Sunset,040304962300,Fairfield,57-69,"Berry Petroleum Company, LLC",Plugged,0,2018-01-31,2018-08-31,8,31.0,51218.0,8143.66,0,,True,,False,,,,
Midway-Sunset,040304962700,Fairfield,58-68,"Berry Petroleum Company, LLC",Idle,0,2018-01-31,2018-08-31,7,26.0,44551.0,7083.61,0,,True,,False,,,,
Midway-Sunset,040304963800,Virginia,7RD2,Chevron U.S.A. Inc.,Active,0,2020-02-29,2020-02-29,1,4.0,2638.0,419.44,0,396.0,False,,False,,,,
Midway-Sunset,040304963800,Virginia,7RD2,Chevron U.S.A. Inc.,Active,1,2021-03-31,2021-03-31,1,8.0,4246.0,675.11,0,,True,,False,,,,
Midway-Sunset,040304963900,Virginia,21R,Chevron U.S.A. Inc.,Active,0,2019-02-28,2019-02-28,1,3.0,4514.0,717.73,0,,True,,False,,,,
Midway-Sunset,040304964000,Virginia,104,Chevron U.S.A. Inc.,Active,0,2019-07-31,2019-07-31,1,4.0,2718.0,432.16,0,335.0,False,,False,,,,
Midway-Sunset,040304964000,Virginia,104,Chevron U.S.A. Inc.,Active,1,2020-06-30,2020-06-30,1,5.0,3644.0,579.4,0,,True,,False,,,,
Midway-Sunset,040304964100,Virginia,112,Chevron U.S.A. Inc.,Active,0,2020-03-31,2020-03-31,1,3.0,2372.0,377.15,0,,True,,False,,,,
Midway-Sunset,040304964400,Virginia,205,Chevron U.S.A. Inc.,Active,0,2020-06-30,2020-06-30,1,5.0,3672.0,583.85,0,184.0,False,,False,,,,
Midway-Sunset,040304964400,Virginia,205,Chevron U.S.A. Inc.,Active,1,2020-12-31,2020-12-31,1,5.0,3601.0,572.56,0,,True,,False,,,,
Midway-Sunset,040304964500,Virginia,209,Chevron U.S.A. Inc.,Active,0,2019-03-31,2019-03-31,1,4.0,2647.0,420.87,0,366.0,False,,False,,,,
Midway-Sunset,040304964500,Virginia,209,Chevron U.S.A. Inc.,Active,1,2020-03-31,2020-03-31,1,4.0,2631.0,418.33,0,334.0,False,,False,,,,
Midway-Sunset,040304964500,Virginia,209,Chevron U.S.A. Inc.,Active,2,2021-02-28,2021-02-28,1,7.0,5376.0,854.78,0,,True,,False,,,,
Midway-Sunset,040304964600,Unspecified,13PR,Chevron U.S.A. Inc.,Active,0,2020-03-31,2020-03-31,1,7.0,5522.0,878.0,0,,True,,False,,,,
Midway-Sunset,040304964700,Virginia,18R,Chevron U.S.A. Inc.,Active,0,2019-12-31,2019-12-31,1,6.0,4522.0,719.0,0,,True,,False,,,,
Midway-Sunset,040304964800,Virginia,26RD2,Chevron U.S.A. Inc.,Idle,0,2020-02-29,2020-02-29,1,5.0,3604.0,573.04,0,,True,,False,,,,
Midway-Sunset,040304964900,Virginia,110,Chevron U.S.A. Inc.,Active,0,2020-01-31,2020-01-31,1,4.0,2667.0,424.05,0,,True,,False,,,,
Midway-Sunset,040304965000,Virginia,111,Chevron U.S.A. Inc.,Active,0,2020-06-30,2020-07-31,2,4.0,2700.0,429.3,0,,True,,False,,,,
Midway-Sunset,040304965200,Virginia,207,Chevron U.S.A. Inc.,Active,0,2019-06-30,2019-06-30,1,4.0,2647.0,420.87,0,519.0,False,,False,,,,
Midway-Sunset,040304965200,Virginia,207,Chevron U.S.A. Inc.,Active,1,2020-11-30,2020-12-31,2,4.0,2656.0,422.3,0,,True,,False,,,,
Midway-Sunset,040304970200,Fairfield,47-65X,"Berry Petroleum Company, LLC",Plugged,0,2018-01-31,2018-09-30,8,41.0,50614.0,8047.63,0,,True,,False,,,,
Midway-Sunset,040304972000,Fairfield,52-68,"Berry Petroleum Company, LLC",Plugged,0,2018-01-31,2018-08-31,8,33.0,68078.0,10824.4,0,,True,,False,,,,
Midway-Sunset,040304972100,Fairfield,53-65,"Berry Petroleum Company, LLC",Plugged,0,2018-01-31,2018-02-28,2,2.0,3882.0,617.24,0,,True,,False,,,,
Midway-Sunset,040304972400,Fairfield,54-64,"Berry Petroleum Company, LLC",Plugged,0,2018-01-31,2018-01-31,1,3.0,2402.0,381.92,0,,True,,False,,,,
Midway-Sunset,040304972500,Fairfield,54-66,"Berry Petroleum Company, LLC",Plugged,0,2018-01-31,2018-08-31,8,66.0,87475.0,13908.52,0,,True,,False,,,,
Midway-Sunset,040304972600,Fairfield,54-68,"Berry Petroleum Company, LLC",Plugged,0,2018-01-31,2018-08-31,8,32.0,59799.0,9508.04,0,,True,,False,,,,
Midway-Sunset,040304973100,National USL,TP-36B,Aera Energy LLC,Active,0,2018-01-31,2021-07-31,3,11.0,9400.0,1494.6,0,,True,,False,,,,
Midway-Sunset,040304973200,National USL,TP-37A,Aera Energy LLC,Active,0,2018-01-31,2018-01-31,1,8.0,7844.0,1247.2,0,,True,,False,,,,
Midway-Sunset,040304973400,Fairfield,63-69,"Berry Petroleum Company, LLC",Active,0,2020-12-31,2021-12-31,12,67.0,96264.0,15305.98,0,,True,,False,,,,
Midway-Sunset,040304973900,Fairfield,59-71,"Berry Petroleum Company, LLC",Active,0,2021-09-30,2021-11-30,3,23.0,20497.0,3259.02,0,,True,,False,,,,
Midway-Sunset,040304974100,Fairfield,60-70,"Berry Petroleum Company, LLC",Active,0,2020-12-31,2021-07-31,7,26.0,30394.0,4832.65,0,,True,,False,,,,
Midway-Sunset,040304974200,Fairfield,60-72,"Berry Petroleum Company, LLC",Active,0,2020-12-31,2021-11-30,10,35.0,68976.0,10967.18,0,,True,,False,,,,
Midway-Sunset,040304974400,Fairfield,61-69,"Berry Petroleum Company, LLC",Active,0,2020-12-31,2021-12-31,12,62.0,45837.0,7288.08,0,,True,,False,,,,
Midway-Sunset,040304974500,Fairfield,61-71,"Berry Petroleum Company, LLC",Active,0,2020-12-31,2021-12-31,12,54.0,65629.0,10435.01,0,,True,,False,,,,
Midway-Sunset,040304974600,Fairfield,61-73,"Berry Petroleum Company, LLC",Active,0,2020-12-31,2021-12-31,12,50.0,66867.0,10631.85,0,,True,,False,,,,
Midway-Sunset,040304975000,Fairfield,62-74,"Berry Petroleum Company, LLC",Active,0,2020-12-31,2021-12-31,10,35.0,40795.0,6486.4,0,,True,,False,,,,
Midway-Sunset,040304975100,Fairfield,63-67,"Berry Petroleum Company, LLC",Active,0,2021-09-30,2021-11-30,3,21.0,19680.0,3129.12,0,,True,,False,,,,
Midway-Sunset,040304975300,Fairfield,65-69,"Berry Petroleum Company, LLC",Active,0,2019-10-31,2021-03-31,16,91.0,85591.0,13608.97,0,61.0,False,,False,,,,
Midway-Sunset,040304975300,Fairfield,65-69,"Berry Petroleum Company, LLC",Active,1,2021-05-31,2021-12-31,8,36.0,50859.0,8086.58,0,,True,,False,,,,
Midway-Sunset,040304980800,Fairfield,48-70,"Berry Petroleum Company, LLC",Plugged,0,2018-01-31,2018-08-31,8,34.0,76663.0,12189.42,0,,True,,False,,,,
Midway-Sunset,040304980900,Fairfield,49-71,"Berry Petroleum Company, LLC",Plugged,0,2018-01-31,2018-09-30,9,38.0,103517.0,16459.2,0,,True,,False,,,,
Midway-Sunset,040304981000,Fairfield,50-72,"Berry Petroleum Company, LLC",Plugged,0,2018-01-31,2018-09-30,6,23.0,39979.0,6356.66,0,,True,,False,,,,
Midway-Sunset,040304981300,Fairfield,52-74,"Berry Petroleum Company, LLC",Plugged,0,2018-01-31,2018-01-31,1,4.0,3595.0,571.61,0,,True,,False,,,,
Midway-Sunset,040304981800,Fairfield,63-71,"Berry Petroleum Company, LLC",Active,0,2021-09-30,2021-11-30,3,21.0,20529.0,3264.11,0,,True,,False,,,,
Midway-Sunset,040304982100,Fairfield,64-66,"Berry Petroleum Company, LLC",Active,0,2020-12-31,2021-12-31,12,61.0,84078.0,13368.4,0,,True,,False,,,,
Midway-Sunset,040304982300,Fairfield,64-72,"Berry Petroleum Company, LLC",Active,0,2019-02-28,2021-02-28,18,109.0,126673.0,20141.01,0,122.0,False,,False,,,,
Midway-Sunset,040304982300,Fairfield,64-72,"Berry Petroleum Company, LLC",Active,1,2021-06-30,2021-11-30,6,35.0,42956.0,6830.0,0,,True,,False,,,,
Midway-Sunset,040304982500,Fairfield,65-71,"Berry Petroleum Company, LLC",PluggedOnly,0,2020-12-31,2021-06-30,4,13.0,14853.0,2361.63,0,,True,,False,,,,
Midway-Sunset,040304982800,Fairfield,65-73,"Berry Petroleum Company, LLC",Active,0,2020-12-31,2021-02-28,3,13.0,43088.0,6850.99,0,,True,,False,,,,
Midway-Sunset,040304993600,Moco 34,MBC-156D,Aera Energy LLC,Active,0,2021-06-30,2021-11-30,3,16.0,13880.0,2206.92,0,,True,,False,,,,
Midway-Sunset,040304993800,Moco 34,MBC-170,Aera Energy LLC,Active,0,2021-10-31,2021-12-31,2,17.0,14089.0,2240.15,0,,True,,False,,,,
Midway-Sunset,040304994200,Moco 34,MBC-190,Aera Energy LLC,Active,0,2021-05-31,2021-05-31,1,9.0,7347.0,1168.17,0,,True,,False,,,,
Midway-Sunset,040304994400,Moco 35,MBC-202,Aera Energy LLC,Active,0,2018-01-31,2018-01-31,1,5.0,2593.0,412.29,0,,True,,False,,,,
Midway-Sunset,040304994600,Moco 35,MBC-356C,Aera Energy LLC,Active,0,2021-10-31,2021-10-31,1,7.0,5803.0,922.68,0,,True,,False,,,,
Midway-Sunset,040304994700,Moco 35,MBC-366A,Aera Energy LLC,Active,0,2021-10-31,2021-11-30,2,7.0,5154.0,819.49,0,,True,,False,,,,
Midway-Sunset,040304998200,Wier,809W,Aera Energy LLC,Active,0,2021-06-30,2021-07-31,2,8.0,6558.0,1042.72,0,,True,,False,,,,
Midway-Sunset,040304998500,Wier,813S,Aera Energy LLC,Active,0,2018-01-31,2021-08-31,3,16.0,11335.0,1802.27,0,,True,,False,,,,
Midway-Sunset,040304998600,Wier,813T,Aera Energy LLC,Active,0,2018-01-31,2021-10-31,9,66.0,41717.0,6633.0,0,,True,,False,,,,
Midway-Sunset,040304998700,Wier,818S,Aera Energy LLC,Active,0,2021-06-30,2021-06-30,1,7.0,6040.0,960.36,0,,True,,False,,,,
Midway-Sunset,040305002100,Unspecified,232E,"Seneca Resources Company, LLC",Active,0,2021-12-31,2021-12-31,1,11.0,3239.0,515.0,0,,True,,False,,,,
Midway-Sunset,040305006500,Finley-Johnson-Fox,438R,Aera Energy LLC,Active,0,2021-03-31,2021-04-30,2,11.0,8917.0,1417.8,0,,True,,False,,,,
Midway-Sunset,040305006600,Finley-Johnson-Fox,447DR,Aera Energy LLC,Active,0,2018-01-31,2021-08-31,4,31.0,27094.0,4307.95,0,,True,,False,,,,
Midway-Sunset,040305006700,Finley-Johnson-Fox,447R,Aera Energy LLC,Active,0,2021-01-31,2021-09-30,4,24.0,17870.0,2841.33,0,,True,,False,,,,
Midway-Sunset,040305016000,Southwestern,47-42,"Berry Petroleum Company, LLC",Active,0,2018-01-31,2018-11-30,11,61.0,32221.0,5123.14,0,,True,,False,,,,
Midway-Sunset,040305016100,Southwestern,47-44,"Berry Petroleum Company, LLC",Idle,0,2018-01-31,2018-11-30,11,46.0,44477.0,7071.84,0,,True,,False,,,,
Midway-Sunset,040305016200,Southwestern,48-43,"Berry Petroleum Company, LLC",Idle,0,2018-01-31,2019-01-31,11,45.0,23387.0,3718.53,0,,True,,False,,,,
Midway-Sunset,040305016300,Southwestern,48-45,"Berry Petroleum Company, LLC",Active,0,2018-01-31,2018-11-30,11,57.0,34382.0,5466.74,0,,True,,False,,,,
Midway-Sunset,040305016400,Southwestern,49-40,"Berry Petroleum Company, LLC",Idle,0,2018-01-31,2019-01-31,8,40.0,18608.0,2958.67,0,,True,,False,,,,
Midway-Sunset,040305016500,Southwestern,49-44,"Berry Petroleum Company, LLC",Active,0,2018-01-31,2020-08-31,25,112.0,121910.0,19383.69,0,,True,,False,,,,
Midway-Sunset,040305016600,Southwestern,50-41,"Berry Petroleum Company, LLC",Active,0,2018-06-30,2018-11-30,4,14.0,23939.0,3806.3,0,,True,,False,,,,
Midway-Sunset,040305019200,Maxwell,N5,Aera Energy LLC,Active,0,2021-01-31,2021-08-31,2,15.0,12454.0,1980.19,0,,True,,False,,,,
Midway-Sunset,040305022600,Fairfield,55-69,"Berry Petroleum Company, LLC",Plugged,0,2018-01-31,2018-07-31,6,33.0,72372.0,11507.15,0,,True,,False,,,,
Midway-Sunset,040305022700,Fairfield,55-71,"Berry Petroleum Company, LLC",Plugged,0,2018-01-31,2018-09-30,7,42.0,97357.0,15479.76,0,,True,,False,,,,
Midway-Sunset,040305023600,Ethel D,OS-7,"Berry Petroleum Company, LLC",Idle,0,2018-04-30,2018-04-30,1,14.0,8419.0,1338.62,0,,True,,False,,,,
Midway-Sunset,040305023700,Ethel D,OS-8,"Berry Petroleum Company, LLC",Idle,0,2018-01-31,2018-05-31,2,37.0,15809.0,2513.63,0,,True,,False,,,,
Midway-Sunset,040305023800,Ethel D,OS-9,"Berry Petroleum Company, LLC",Active,0,2018-02-28,2018-08-31,3,36.0,21751.0,3458.41,0,,True,,False,,,,
Midway-Sunset,040305023900,Ethel D,OS-10,"Berry Petroleum Company, LLC",Active,0,2018-05-31,2019-03-31,3,17.0,12673.0,2015.01,0,,True,,False,,,,
Midway-Sunset,040305024000,Ethel D,OS-11,"Berry Petroleum Company, LLC",Active,0,2018-05-31,2018-06-30,2,14.0,9436.0,1500.32,0,,True,,False,,,,
Midway-Sunset,040305024200,Ethel D,702,"Berry Petroleum Company, LLC",Active,0,2021-07-31,2021-09-30,3,52.0,24132.0,3836.99,0,,True,,False,,,,
Midway-Sunset,040305054600,Buena Fe,203,Aera Energy LLC,Active,0,2021-06-30,2021-06-30,1,10.0,6234.0,991.21,0,,True,,False,,,,
Midway-Sunset,040305129100,Fairfield,59-81,"Berry Petroleum Company, LLC",Plugged,0,2018-01-31,2018-07-31,7,32.0,78707.0,12514.41,0,,True,,False,,,,
Midway-Sunset,040305130700,Reardon,314M,Sentinel Peak Resources California LLC,Active,0,2018-02-28,2018-03-31,2,6.0,3610.0,573.99,0,,True,,False,,,,
Midway-Sunset,040305130900,Reardon,316M,Sentinel Peak Resources California LLC,Active,0,2018-02-28,2018-02-28,1,6.0,4072.0,647.45,0,,True,,False,,,,
Midway-Sunset,040305131100,Reardon,330IR,Sentinel Peak Resources California LLC,Active,0,2018-02-28,2018-03-31,2,5.0,3903.0,620.58,0,,True,,False,,,,
Midway-Sunset,040305131200,Reardon,334I,Sentinel Peak Resources California LLC,Active,0,2018-02-28,2018-08-31,7,31.0,14447.0,2297.07,0,61.0,False,,False,,,,
Midway-Sunset,040305131200,Reardon,334I,Sentinel Peak Resources California LLC,Active,1,2018-10-31,2019-04-30,7,40.0,25107.0,3992.01,0,61.0,False,,False,,,,
Midway-Sunset,040305131200,Reardon,334I,Sentinel Peak Resources California LLC,Active,2,2019-06-30,2019-06-30,1,11.0,9008.0,1432.27,0,215.0,False,,False,,,,
Midway-Sunset,040305131200,Reardon,334I,Sentinel Peak Resources California LLC,Active,3,2020-01-31,2020-03-31,3,14.0,11251.0,1788.91,0,306.0,False,,False,,,,
Midway-Sunset,040305131200,Reardon,334I,Sentinel Peak Resources California LLC,Active,4,2021-01-31,2021-12-31,12,89.0,44885.0,7136.72,0,,True,,False,,,,
Midway-Sunset,040305142600,Unspecified,46-22,"Berry Petroleum Company, LLC",Idle,0,2018-01-31,2019-01-31,13,135.0,43225.0,6872.78,0,,True,,False,,,,
Midway-Sunset,040305144200,Unspecified,129R,Chevron U.S.A. Inc.,Active,0,2020-01-31,2020-01-31,1,4.0,2644.0,420.4,0,,True,,False,,,,
Midway-Sunset,040305144400,Unspecified,900R,Chevron U.S.A. Inc.,Active,0,2020-07-31,2020-07-31,1,5.0,4341.0,690.22,0,92.0,False,,False,,,,
Midway-Sunset,040305144400,Unspecified,900R,Chevron U.S.A. Inc.,Active,1,2020-10-31,2020-10-31,1,5.0,4316.0,686.24,0,120.0,False,,False,,,,
Midway-Sunset,040305144400,Unspecified,900R,Chevron U.S.A. Inc.,Active,2,2021-02-28,2021-03-31,2,5.0,4932.0,784.19,0,275.0,False,,False,,,,
Midway-Sunset,040305144400,Unspecified,900R,Chevron U.S.A. Inc.,Active,3,2021-12-31,2021-12-31,1,5.0,4940.0,785.46,0,,True,,False,,,,
Midway-Sunset,040305144500,Unspecified,912,Chevron U.S.A. Inc.,Active,0,2019-03-31,2019-03-31,1,2.0,790.0,125.61,0,488.0,False,,False,,,,
Midway-Sunset,040305144500,Unspecified,912,Chevron U.S.A. Inc.,Active,1,2020-07-31,2020-07-31,1,5.0,4402.0,699.92,0,,True,,False,,,,
Midway-Sunset,040305144800,Unspecified,924,Chevron U.S.A. Inc.,Active,0,2018-01-31,2018-01-31,1,6.0,5226.0,830.93,0,,True,,False,,,,
Midway-Sunset,040305145200,Unspecified,936,Chevron U.S.A. Inc.,Active,0,2020-07-31,2020-07-31,1,5.0,4295.0,682.9,0,,True,,False,,,,
Midway-Sunset,040305145300,Unspecified,938,Chevron U.S.A. Inc.,Active,0,2018-02-28,2018-02-28,1,2.0,1683.0,267.6,0,,True,,False,,,,
Midway-Sunset,040305145500,Unspecified,969,Chevron U.S.A. Inc.,Active,0,2018-01-31,2018-01-31,1,6.0,5109.0,812.33,0,,True,,False,,,,
Midway-Sunset,040305158500,Maricopa S,38,Holmes Western Oil Corporation,Active,0,2018-02-28,2018-03-31,2,9.0,5301.0,842.86,0,275.0,False,,False,,,,
Midway-Sunset,040305158500,Maricopa S,38,Holmes Western Oil Corporation,Active,1,2018-12-31,2018-12-31,1,14.0,6342.0,1008.38,0,304.0,False,,False,,,,
Midway-Sunset,040305158500,Maricopa S,38,Holmes Western Oil Corporation,Active,2,2019-10-31,2019-11-30,2,34.0,19529.0,3105.11,0,244.0,False,,False,,,,
Midway-Sunset,040305158500,Maricopa S,38,Holmes Western Oil Corporation,Active,3,2020-07-31,2020-08-31,2,32.0,17484.0,2779.96,0,365.0,False,,False,,,,
Midway-Sunset,040305158500,Maricopa S,38,Holmes Western Oil Corporation,Active,4,2021-08-31,2021-09-30,2,35.0,17098.0,2718.58,0,,True,,False,,,,
Midway-Sunset,040305158700,Maricopa S,40,Holmes Western Oil Corporation,Active,0,2018-02-28,2018-02-28,1,8.0,5252.0,835.07,0,214.0,False,,False,,,,
Midway-Sunset,040305158700,Maricopa S,40,Holmes Western Oil Corporation,Active,1,2018-09-30,2018-10-31,2,15.0,9172.0,1458.35,0,242.0,False,,False,,,,
Midway-Sunset,040305158700,Maricopa S,40,Holmes Western Oil Corporation,Active,2,2019-06-30,2019-07-31,2,13.0,8237.0,1309.68,0,244.0,False,,False,,,,
Midway-Sunset,040305158700,Maricopa S,40,Holmes Western Oil Corporation,Active,3,2020-03-31,2020-04-30,2,14.0,5530.0,879.27,0,457.0,False,,False,,,,
Midway-Sunset,040305158700,Maricopa S,40,Holmes Western Oil Corporation,Active,4,2021-07-31,2021-08-31,2,21.0,8842.0,1405.88,0,,True,,False,,,,
Midway-Sunset,040305228000,Unspecified,48-26,"Berry Petroleum Company, LLC",Idle,0,2018-01-31,2018-02-28,2,20.0,12845.0,2042.36,0,,True,,False,,,,
Midway-Sunset,040305228100,Unspecified,49-25,"Berry Petroleum Company, LLC",Idle,0,2018-01-31,2018-11-30,11,108.0,40823.0,6490.86,0,,True,,False,,,,
Midway-Sunset,040305228200,Unspecified,49-27,"Berry Petroleum Company, LLC",Idle,0,2018-01-31,2018-10-31,10,91.0,57647.0,9165.87,0,,True,,False,,,,
Midway-Sunset,040305233200,Unspecified,47-23,"Berry Petroleum Company, LLC",Idle,0,2018-01-31,2018-11-30,11,113.0,38207.0,6074.91,0,,True,,False,,,,
Midway-Sunset,040305233300,Unspecified,47-25,"Berry Petroleum Company, LLC",Idle,0,2018-01-31,2018-11-30,11,116.0,71636.0,11390.12,0,,True,,False,,,,
Midway-Sunset,040305233400,Unspecified,48-24,"Berry Petroleum Company, LLC",Idle,0,2018-01-31,2018-11-30,11,117.0,39595.0,6295.61,0,,True,,False,,,,
Midway-Sunset,040305244800,Moco 34,WIM-338A,Aera Energy LLC,Active,0,2021-05-31,2021-11-30,2,14.0,11732.0,1865.39,0,,True,,False,,,,
Midway-Sunset,040305244900,Moco 34,WIM-348D,Aera Energy LLC,Active,0,2021-02-28,2021-09-30,3,18.0,17305.0,2751.49,0,,True,,False,,,,
Midway-Sunset,040305245100,Moco 34,WIM-359A,Aera Energy LLC,Active,0,2018-01-31,2021-07-31,9,56.0,43027.0,6841.29,0,,True,,False,,,,
Midway-Sunset,040305245200,Moco 35,WM-266C,Aera Energy LLC,Active,0,2018-01-31,2021-10-31,4,28.0,20198.0,3211.48,0,,True,,False,,,,
Midway-Sunset,040305245300,Moco 35,WM-391A,Aera Energy LLC,Active,0,2018-01-31,2018-01-31,1,8.0,4518.0,718.36,0,,True,,False,,,,
Midway-Sunset,040305245400,Moco 35,WM-393C,Aera Energy LLC,Active,0,2021-08-31,2021-08-31,1,7.0,5877.0,934.44,0,,True,,False,,,,
Midway-Sunset,040305245500,Moco 35,WM-395D,Aera Energy LLC,Active,0,2018-01-31,2021-11-30,7,41.0,33106.0,5263.85,0,,True,,False,,,,
Midway-Sunset,040305245600,Moco 35,WIM-278F,Aera Energy LLC,Active,0,2021-03-31,2021-03-31,1,10.0,9419.0,1497.62,0,,True,,False,,,,
Midway-Sunset,040305248700,Metson,F123A-24,Aera Energy LLC,Active,0,2021-01-31,2021-10-31,3,20.0,15433.0,2453.85,0,,True,,False,,,,
Midway-Sunset,040305248800,Metson,H108A-24,Aera Energy LLC,Active,0,2021-01-31,2021-01-31,1,6.0,4615.0,733.78,0,,True,,False,,,,
Midway-Sunset,040305248900,Metson,H109-24,Aera Energy LLC,Active,0,2021-07-31,2021-07-31,1,8.0,6031.0,958.93,0,,True,,False,,,,
Midway-Sunset,040305249100,Metson,J109-24,Aera Energy LLC,Active,0,2021-09-30,2021-10-31,2,9.0,7627.0,1212.69,0,,True,,False,,,,
Midway-Sunset,040305249300,Metson,J121-24,Aera Energy LLC,Active,0,2021-09-30,2021-09-30,1,8.0,6475.0,1029.53,0,,True,,False,,,,
Midway-Sunset,040305263200,Unspecified,717A,Chevron U.S.A. Inc.,Active,0,2021-10-31,2021-10-31,1,5.0,5262.0,836.66,0,,True,,False,,,,
Midway-Sunset,040305263400,Unspecified,601,Chevron U.S.A. Inc.,Active,0,2019-02-28,2019-02-28,1,2.0,926.0,147.23,0,,True,,False,,,,
Midway-Sunset,040305273100,Unspecified,859,Chevron U.S.A. Inc.,Active,0,2019-03-31,2019-03-31,1,2.0,909.0,144.53,0,,True,,False,,,,
Midway-Sunset,040305273700,Unspecified,1819A,Chevron U.S.A. Inc.,Active,0,2019-03-31,2019-03-31,1,2.0,942.0,149.78,0,,True,,False,,,,
Midway-Sunset,040305279700,Ethel D,OS-12,"Berry Petroleum Company, LLC",Active,0,2018-04-30,2018-05-31,2,21.0,10715.0,1703.68,0,,True,,False,,,,
Midway-Sunset,040305279900,Ethel D,OS-25,"Berry Petroleum Company, LLC",Active,0,2018-01-31,2018-06-30,3,29.0,12575.0,1999.42,0,,True,,False,,,,
Midway-Sunset,040305280000,Ethel D,OS-27,"Berry Petroleum Company, LLC",Active,0,2018-01-31,2018-02-28,2,20.0,8498.0,1351.18,0,,True,,False,,,,
Midway-Sunset,040305280100,Ethel D,OS-21,"Berry Petroleum Company, LLC",Active,0,2018-01-31,2019-01-31,3,49.0,31258.0,4970.02,0,,True,,False,,,,
Midway-Sunset,040305280500,Ethel D,OS-19,"Berry Petroleum Company, LLC",Active,0,2018-01-31,2019-05-31,4,34.0,22176.0,3525.98,0,,True,,False,,,,
Midway-Sunset,040305280600,Ethel D,OS-17,"Berry Petroleum Company, LLC",Active,0,2018-04-30,2019-03-31,2,42.0,18366.0,2920.19,0,,True,,False,,,,
Midway-Sunset,040305280700,Ethel D,OS-16,"Berry Petroleum Company, LLC",Active,0,2018-03-31,2018-11-30,2,41.0,19733.0,3137.55,0,,True,,False,,,,
Midway-Sunset,040305280800,Ethel D,OS-15,"Berry Petroleum Company, LLC",Active,0,2018-01-31,2018-02-28,2,21.0,8127.0,1292.19,0,,True,,False,,,,
Midway-Sunset,040305284000,Severini,21-32,"Berry Petroleum Company, LLC",Active,0,2021-03-31,2021-12-31,10,60.0,44864.0,7133.38,0,,True,,False,,,,
Midway-Sunset,040305285100,Fairfield,49-79,"Berry Petroleum Company, LLC",Idle,0,2018-01-31,2018-10-31,9,52.0,73805.0,11735.0,0,,True,,False,,,,
Midway-Sunset,040305287000,Severini,22-31,"Berry Petroleum Company, LLC",Active,0,2020-12-31,2021-12-31,12,53.0,28748.0,4570.93,0,,True,,False,,,,
Midway-Sunset,040305298800,Unspecified,50-34,"Berry Petroleum Company, LLC",Active,0,2018-01-31,2021-12-31,21,148.0,72439.0,11517.8,0,,True,,False,,,,
Midway-Sunset,040305298900,Unspecified,51-29,"Berry Petroleum Company, LLC",Active,0,2018-01-31,2021-11-30,41,224.0,252825.0,40199.18,0,,True,,False,,,,
Midway-Sunset,040305299000,Unspecified,52-34,"Berry Petroleum Company, LLC",Active,0,2018-01-31,2021-02-28,34,249.0,251139.0,39931.1,0,92.0,False,,False,,,,
Midway-Sunset,040305299000,Unspecified,52-34,"Berry Petroleum Company, LLC",Active,1,2021-05-31,2021-12-31,8,50.0,89037.0,14156.88,0,,True,,False,,,,
Midway-Sunset,040305300300,B & R,504,"Seneca Resources Company, LLC",Active,0,2019-08-31,2019-09-30,2,27.0,11648.0,1852.03,0,,True,,False,,,,
Midway-Sunset,040305300400,B & R,505,"Seneca Resources Company, LLC",Active,0,2019-09-30,2019-09-30,1,17.0,7211.0,1146.55,0,366.0,False,,False,,,,
Midway-Sunset,040305300400,B & R,505,"Seneca Resources Company, LLC",Active,1,2020-09-30,2020-10-31,2,14.0,5868.0,933.01,0,,True,,False,,,,
Midway-Sunset,040305302100,Unspecified,50-28,"Berry Petroleum Company, LLC",Active,0,2018-01-31,2020-11-30,33,210.0,179861.0,28597.9,0,,True,,False,,,,
Midway-Sunset,040305302200,Unspecified,50-32,"Berry Petroleum Company, LLC",Active,0,2018-01-31,2021-12-31,25,202.0,70480.0,11206.32,0,,True,,False,,,,
Midway-Sunset,040305302300,Unspecified,51-33,"Berry Petroleum Company, LLC",Plugged,0,2018-01-31,2018-03-31,3,23.0,10438.0,1659.64,0,,True,,False,,,,
Midway-Sunset,040305302400,Unspecified,52-32,"Berry Petroleum Company, LLC",Idle,0,2018-01-31,2018-04-30,4,33.0,8765.0,1393.63,0,,True,,False,,,,
Midway-Sunset,040305302500,Unspecified,50-30,"Berry Petroleum Company, LLC",Plugged,0,2018-01-31,2018-03-31,3,15.0,5695.0,905.5,0,,True,,False,,,,
Midway-Sunset,040305302600,Unspecified,51-31,"Berry Petroleum Company, LLC",Plugged,0,2018-01-31,2018-03-31,3,20.0,12472.0,1983.05,0,,True,,False,,,,
Midway-Sunset,040305302700,Unspecified,49-29,"Berry Petroleum Company, LLC",Plugged,0,2018-01-31,2018-03-31,3,22.0,13510.0,2148.09,0,,True,,False,,,,
Midway-Sunset,040305302800,Unspecified,38-14,"Berry Petroleum Company, LLC",Active,0,2018-01-31,2021-12-31,20,146.0,66712.0,10607.21,0,,True,,False,,,,
Midway-Sunset,040305308100,15A,M133,"Seneca Resources Company, LLC",Active,0,2020-01-31,2020-02-29,2,23.0,6900.0,1097.1,0,306.0,False,,False,,,,
Midway-Sunset,040305308100,15A,M133,"Seneca Resources Company, LLC",Active,1,2020-12-31,2021-01-31,2,22.0,6600.0,1049.4,0,,True,,False,,,,
Midway-Sunset,040305309100,Unspecified,232J,"Seneca Resources Company, LLC",Active,0,2019-10-31,2019-11-30,2,29.0,11459.0,1821.98,0,152.0,False,,False,,,,
Midway-Sunset,040305309100,Unspecified,232J,"Seneca Resources Company, LLC",Active,1,2020-04-30,2020-04-30,1,11.0,3668.0,583.21,0,245.0,False,,False,,,,
Midway-Sunset,040305309100,Unspecified,232J,"Seneca Resources Company, LLC",Active,2,2020-12-31,2020-12-31,1,2.0,660.0,104.94,0,243.0,False,,False,,,,
Midway-Sunset,040305309100,Unspecified,232J,"Seneca Resources Company, LLC",Active,3,2021-08-31,2021-09-30,2,15.0,5221.0,830.14,0,,True,,False,,,,
Midway-Sunset,040305310400,Severini,20-27,"Berry Petroleum Company, LLC",Active,0,2018-01-31,2021-12-31,26,84.0,97306.0,15471.65,0,,True,,False,,,,
Midway-Sunset,040305310500,Severini,23-30,"Berry Petroleum Company, LLC",Active,0,2018-01-31,2020-05-31,27,91.0,164954.0,26227.69,0,,True,,False,,,,
Midway-Sunset,040305310600,Severini,22-29,"Berry Petroleum Company, LLC",Active,0,2018-01-31,2021-12-31,24,130.0,64666.0,10281.89,0,,True,,False,,,,
Midway-Sunset,040305310900,Severini,21-26,"Berry Petroleum Company, LLC",Active,0,2018-01-31,2021-12-31,23,72.0,126844.0,20168.2,0,,True,,False,,,,
Midway-Sunset,040305311000,Severini,22-27,"Berry Petroleum Company, LLC",Active,0,2018-01-31,2021-12-31,38,141.0,85944.0,13665.1,0,,True,,False,,,,
Midway-Sunset,040305311100,Severini,21-28,"Berry Petroleum Company, LLC",Active,0,2018-01-31,2021-12-31,33,138.0,122297.0,19445.22,0,,True,,False,,,,
Midway-Sunset,040305311200,Severini,20-31,"Berry Petroleum Company, LLC",Active,0,2018-01-31,2021-12-31,25,85.0,91216.0,14503.34,0,,True,,False,,,,
Midway-Sunset,040305311300,Severini,19-30,"Berry Petroleum Company, LLC",Active,0,2018-01-31,2021-12-31,34,154.0,97331.0,15475.63,0,,True,,False,,,,
Midway-Sunset,040305319300,Unspecified,232C,"Seneca Resources Company, LLC",Active,0,2018-01-31,2018-01-31,1,2.0,845.0,134.35,0,,True,,False,,,,
Midway-Sunset,040305319400,Unspecified,232D,"Seneca Resources Company, LLC",Active,0,2020-12-31,2020-12-31,1,14.0,4778.0,759.7,0,273.0,False,,False,,,,
Midway-Sunset,040305319400,Unspecified,232D,"Seneca Resources Company, LLC",Active,1,2021-09-30,2021-10-31,2,15.0,4726.0,751.43,0,,True,,False,,,,
Midway-Sunset,040305339300,Formax West,535H,"Berry Petroleum Company, LLC",Active,0,2021-01-31,2021-07-31,3,17.0,19301.0,3068.86,0,,True,,False,,,,
Midway-Sunset,040305339900,Unspecified,262Q-Sl,"Seneca Resources Company, LLC",Active,0,2019-08-31,2021-08-31,24,727.0,113377.0,18026.94,0,,True,,False,,,,
Midway-Sunset,040305340000,Unspecified,262R,"Seneca Resources Company, LLC",Active,0,2019-10-31,2019-11-30,2,22.0,8659.0,1376.78,0,640.0,False,,False,,,,
Midway-Sunset,040305340000,Unspecified,262R,"Seneca Resources Company, LLC",Active,1,2021-08-31,2021-08-31,1,9.0,3038.0,483.04,0,91.0,False,,False,,,,
Midway-Sunset,040305340000,Unspecified,262R,"Seneca Resources Company, LLC",Active,2,2021-11-30,2021-11-30,1,6.0,1865.0,296.54,0,,True,,False,,,,
Midway-Sunset,040305344800,Bremer,DP-58-16,Sentinel Peak Resources California LLC,Active,0,2018-03-31,2018-03-31,1,8.0,4537.0,721.38,0,,True,,False,,,,
Midway-Sunset,040305344900,Bremer,DP-55-16,Sentinel Peak Resources California LLC,Active,0,2018-03-31,2018-03-31,1,14.0,10482.0,1666.64,0,,True,,False,,,,
Midway-Sunset,040305345300,Finley-Hausen-II,742T,Aera Energy LLC,Active,0,2018-01-31,2021-03-31,2,15.0,11878.0,1888.6,0,,True,,False,,,,
Midway-Sunset,040305345400,Finley-Hausen-II,756T,Aera Energy LLC,Active,0,2021-05-31,2021-10-31,3,17.0,13019.0,2070.02,0,,True,,False,,,,
Midway-Sunset,040305345500,Finley-Hausen-II,840T,Aera Energy LLC,Active,0,2018-01-31,2021-11-30,5,34.0,28482.0,4528.64,0,,True,,False,,,,
Midway-Sunset,040305345600,Finley-Hausen-II,851T,Aera Energy LLC,Active,0,2018-01-31,2018-02-28,2,8.0,6095.0,969.11,0,,True,,False,,,,
Midway-Sunset,040305346000,Finley-Hausen-II,710T,Aera Energy LLC,Active,0,2018-01-31,2018-01-31,1,5.0,3885.0,617.72,0,,True,,False,,,,
Midway-Sunset,040305346400,Marvic,32R,Aera Energy LLC,Active,0,2021-04-30,2021-04-30,1,7.0,5271.0,838.09,0,,True,,False,,,,
Midway-Sunset,040305346500,Marvic,31R,Aera Energy LLC,Active,0,2021-04-30,2021-05-31,2,13.0,10816.0,1719.74,0,,True,,False,,,,
Midway-Sunset,040305346600,Marvic,30R,Aera Energy LLC,Active,0,2021-01-31,2021-02-28,2,7.0,4808.0,764.47,0,,True,,False,,,,
Midway-Sunset,040305346700,Ethel D,711,"Berry Petroleum Company, LLC",Active,0,2020-12-31,2020-12-31,1,15.0,12138.0,1929.94,0,,True,,False,,,,
Midway-Sunset,040305346900,Ethel D,712,"Berry Petroleum Company, LLC",Active,0,2018-05-31,2021-09-30,4,66.0,39008.0,6202.27,0,,True,,False,,,,
Midway-Sunset,040305347200,Ethel D,63R,"Berry Petroleum Company, LLC",Active,0,2021-05-31,2021-05-31,1,4.0,1822.0,289.7,0,,True,,False,,,,
Midway-Sunset,040305379400,Formax West,P-14T,"Berry Petroleum Company, LLC",Active,0,2018-01-31,2018-06-30,2,21.0,6193.0,984.69,0,,True,,False,,,,
Midway-Sunset,040305386600,Section 31D,1100H,"Berry Petroleum Company, LLC",Active,0,2018-02-28,2021-01-31,5,58.0,82454.0,13110.19,0,,True,,False,,,,
Midway-Sunset,040305421500,Cherokee,184C,"Seneca Resources Company, LLC",Active,0,2020-10-31,2020-10-31,1,7.0,3192.0,507.53,0,181.0,False,,False,,,,
Midway-Sunset,040305421500,Cherokee,184C,"Seneca Resources Company, LLC",Active,1,2021-04-30,2021-04-30,1,14.0,6750.0,1073.25,0,123.0,False,,False,,,,
Midway-Sunset,040305421500,Cherokee,184C,"Seneca Resources Company, LLC",Active,2,2021-08-31,2021-08-31,1,7.0,2956.0,470.0,0,,True,,False,,,,
Midway-Sunset,040305421900,Moco 35,MBC-393A,Aera Energy LLC,Active,0,2021-01-31,2021-12-31,5,32.0,30651.0,4873.51,0,,True,,False,,,,
Midway-Sunset,040305422000,Moco 35,MBC-394A,Aera Energy LLC,Active,0,2021-01-31,2021-08-31,2,16.0,16133.0,2565.15,0,,True,,False,,,,
Midway-Sunset,040305422900,Cherokee,SI-16CR,"Seneca Resources Company, LLC",Idle,0,2018-04-30,2018-04-30,1,26.0,2865.0,455.54,0,,True,,False,,,,
Midway-Sunset,040305436300,Ethel D,OS-47,"Berry Petroleum Company, LLC",Active,0,2018-01-31,2019-02-28,4,28.0,17253.0,2743.23,0,,True,,False,,,,
Midway-Sunset,040305440800,Unspecified,65CC,Chevron U.S.A. Inc.,Active,0,2019-02-28,2019-02-28,1,2.0,370.0,58.83,0,,True,,False,,,,
Midway-Sunset,040305447700,Unspecified,18-01,Crimson Resource Management Corp.,Active,0,2018-02-28,2018-02-28,1,4.0,3088.0,490.99,0,,True,,False,,,,
Midway-Sunset,040305448300,Unspecified,19-05,Crimson Resource Management Corp.,Active,0,2018-03-31,2018-03-31,1,5.0,3049.0,484.79,0,,True,,False,,,,
Midway-Sunset,040305448500,Unspecified,19-02,Crimson Resource Management Corp.,Active,0,2018-02-28,2018-02-28,1,4.0,3071.0,488.29,0,,True,,False,,,,
Midway-Sunset,040305451600,Unspecified,807,Chevron U.S.A. Inc.,Active,0,2020-03-31,2020-03-31,1,5.0,4062.0,645.86,0,,True,,False,,,,
Midway-Sunset,040305452900,Ethel D,SLV-7X,"Berry Petroleum Company, LLC",Active,0,2018-03-31,2018-04-30,2,14.0,6696.0,1064.66,0,,True,,False,,,,
Midway-Sunset,040305463000,Unspecified,51-27,"Berry Petroleum Company, LLC",Active,0,2018-01-31,2021-12-31,23,174.0,76694.0,12194.35,0,,True,,False,,,,
Midway-Sunset,040305470600,Lilly Fee,C-3A,Aera Energy LLC,Active,0,2021-09-30,2021-10-31,2,8.0,7502.0,1192.82,0,,True,,False,,,,
Midway-Sunset,040305494800,Moco 35,WI-266,Aera Energy LLC,Active,0,2021-02-28,2021-02-28,1,4.0,5809.0,923.63,0,,True,,False,,,,
Midway-Sunset,040305494900,Moco 35,WM-283F,Aera Energy LLC,Active,0,2018-01-31,2018-05-31,2,10.0,6912.0,1099.01,0,,True,,False,,,,
Midway-Sunset,040305495000,Moco 34,WIM-199,Aera Energy LLC,Active,0,2021-09-30,2021-09-30,1,6.0,5869.0,933.17,0,,True,,False,,,,
Midway-Sunset,040305495100,Moco 35,WIM-261,Aera Energy LLC,Active,0,2021-08-31,2021-08-31,1,7.0,7289.0,1158.95,0,,True,,False,,,,
Midway-Sunset,040305495200,Moco 35,WIM-263A,Aera Energy LLC,Active,0,2021-02-28,2021-09-30,3,15.0,11749.0,1868.09,0,,True,,False,,,,
Midway-Sunset,040305504400,Formax West,M-18T,"Berry Petroleum Company, LLC",Active,0,2021-04-30,2021-04-30,1,17.0,15153.0,2409.33,0,,True,,False,,,,
Midway-Sunset,040305529400,National USL,TP16A,Aera Energy LLC,Active,0,2021-03-31,2021-10-31,3,16.0,13342.0,2121.38,0,,True,,False,,,,
Midway-Sunset,040305529500,National USL,TP06A,Aera Energy LLC,Active,0,2018-01-31,2018-01-31,1,7.0,6179.0,982.46,0,,True,,False,,,,
Midway-Sunset,040305552400,Finley-Hausen-II,244R,Aera Energy LLC,Active,0,2021-04-30,2021-12-31,2,20.0,18863.0,2999.22,0,,True,,False,,,,
Midway-Sunset,040305566200,Ethel D,OS-40,"Berry Petroleum Company, LLC",Active,0,2018-02-28,2018-03-31,2,14.0,8947.0,1422.57,0,,True,,False,,,,
Midway-Sunset,040305566300,Ethel D,OS-41,"Berry Petroleum Company, LLC",Active,0,2018-01-31,2018-10-31,3,28.0,14258.0,2267.02,0,,True,,False,,,,
Midway-Sunset,040305566400,Ethel D,OS-42,"Berry Petroleum Company, LLC",Active,0,2018-03-31,2018-10-31,3,27.0,15812.0,2514.11,0,,True,,False,,,,
Midway-Sunset,040305566500,Ethel D,OS-43,"Berry Petroleum Company, LLC",Active,0,2018-01-31,2019-08-31,6,50.0,23889.0,3798.35,0,,True,,False,,,,
Midway-Sunset,040305566600,Ethel D,OS-48,"Berry Petroleum Company, LLC",Active,0,2018-02-28,2019-01-31,3,40.0,19993.0,3178.89,0,,True,,False,,,,
Midway-Sunset,040305566700,Ethel D,OS-51,"Berry Petroleum Company, LLC",Active,0,2018-01-31,2018-02-28,2,20.0,10448.0,1661.23,0,,True,,False,,,,
Midway-Sunset,040305566800,Ethel D,OS-52,"Berry Petroleum Company, LLC",Active,0,2018-04-30,2018-04-30,1,14.0,9209.0,1464.23,0,,True,,False,,,,
Midway-Sunset,040305566900,Ethel D,OS-53,"Berry Petroleum Company, LLC",Active,0,2018-06-30,2018-06-30,1,14.0,11838.0,1882.24,0,,True,,False,,,,
Midway-Sunset,040305569100,Ethel D,OS-54,"Berry Petroleum Company, LLC",Active,0,2018-03-31,2018-10-31,3,37.0,19075.0,3032.93,0,,True,,False,,,,
Midway-Sunset,040305569200,Ethel D,OS-55,"Berry Petroleum Company, LLC",Active,0,2018-05-31,2018-05-31,1,21.0,9947.0,1581.57,0,,True,,False,,,,
Midway-Sunset,040305569300,Ethel D,OS-56,"Berry Petroleum Company, LLC",Idle,0,2018-03-31,2018-07-31,2,35.0,21081.0,3351.88,0,,True,,False,,,,
Midway-Sunset,040305569400,Ethel D,OS-58,"Berry Petroleum Company, LLC",Active,0,2018-05-31,2018-05-31,1,14.0,10167.0,1616.55,0,,True,,False,,,,
Midway-Sunset,040305569500,Ethel D,OS-59,"Berry Petroleum Company, LLC",Active,0,2018-03-31,2019-01-31,3,34.0,17565.0,2792.84,0,,True,,False,,,,
Midway-Sunset,040305569600,Ethel D,OS-60,"Berry Petroleum Company, LLC",Active,0,2018-03-31,2019-01-31,3,32.0,15812.0,2514.11,0,,True,,False,,,,
Midway-Sunset,040305569700,Ethel D,OS-68,"Berry Petroleum Company, LLC",Active,0,2018-05-31,2018-11-30,2,34.0,19690.0,3130.71,0,,True,,False,,,,
Midway-Sunset,040305569900,Ethel D,OS-73,"Berry Petroleum Company, LLC",Active,0,2018-04-30,2018-05-31,2,14.0,8989.0,1429.25,0,,True,,False,,,,
Midway-Sunset,040305584600,B.B.&O.,1055H,"Berry Petroleum Company, LLC",Active,0,2018-01-31,2020-07-31,6,74.0,116012.0,18445.91,0,,True,,False,,,,
Midway-Sunset,040305593600,Section 31,401,"Berry Petroleum Company, LLC",Active,0,2018-04-30,2018-04-30,1,12.0,14039.0,2232.2,0,,True,,False,,,,
Midway-Sunset,040305593700,Section 31,402,"Berry Petroleum Company, LLC",Active,0,2018-02-28,2020-12-31,2,11.0,9039.0,1437.2,0,,True,,False,,,,
Midway-Sunset,040305595400,Unspecified,915,Chevron U.S.A. Inc.,Active,0,2020-07-31,2020-07-31,1,5.0,4299.0,683.54,0,,True,,False,,,,
Midway-Sunset,040305595800,Unspecified,947,Chevron U.S.A. Inc.,Active,0,2021-09-30,2021-09-30,1,5.0,5688.0,904.39,0,,True,,False,,,,
Midway-Sunset,040305619300,Unspecified,17-01,Crimson Resource Management Corp.,Active,0,2019-02-28,2019-03-31,2,20.0,11618.0,1847.26,0,,True,,False,,,,
Midway-Sunset,040305619400,Unspecified,17-06,Crimson Resource Management Corp.,Active,0,2018-01-31,2018-02-28,2,13.0,9975.0,1586.03,0,245.0,False,,False,,,,
Midway-Sunset,040305619400,Unspecified,17-06,Crimson Resource Management Corp.,Active,1,2018-10-31,2018-11-30,2,20.0,9716.0,1544.84,0,,True,,False,,,,
Midway-Sunset,040305619500,Unspecified,17-07,Crimson Resource Management Corp.,Active,0,2018-02-28,2018-03-31,2,13.0,10293.0,1636.59,0,365.0,False,,False,,,,
Midway-Sunset,040305619500,Unspecified,17-07,Crimson Resource Management Corp.,Active,1,2019-03-31,2019-04-30,2,15.0,11041.0,1755.52,0,,True,,False,,,,
Midway-Sunset,040305625400,Fairfield,54-76,"Berry Petroleum Company, LLC",Active,0,2018-06-30,2021-03-31,8,33.0,87034.0,13838.41,0,,True,,False,,,,
Midway-Sunset,040305625500,Fairfield,55-75,"Berry Petroleum Company, LLC",Idle,0,2018-05-31,2018-06-30,2,16.0,21855.0,3474.95,0,,True,,False,,,,
Midway-Sunset,040305638100,Fairfield,58-72,"Berry Petroleum Company, LLC",Active,0,2018-09-30,2021-11-30,15,73.0,68735.0,10928.86,0,,True,,False,,,,
Midway-Sunset,040305638200,Fairfield,60-74,"Berry Petroleum Company, LLC",Active,0,2018-06-30,2021-11-30,14,68.0,65637.0,10436.28,0,,True,,False,,,,
Midway-Sunset,040305638300,Fairfield,59-75,"Berry Petroleum Company, LLC",Active,0,2020-12-31,2021-11-30,12,46.0,52874.0,8406.97,0,,True,,False,,,,
Midway-Sunset,040305638400,Fairfield,59-73,"Berry Petroleum Company, LLC",Active,0,2020-12-31,2021-11-30,12,33.0,69421.0,11037.94,0,,True,,False,,,,
Midway-Sunset,040305638500,Fairfield,61-75,"Berry Petroleum Company, LLC",Active,0,2018-09-30,2021-11-30,14,56.0,72523.0,11531.16,0,,True,,False,,,,
Midway-Sunset,040305643800,Belgian,31-15,"Berry Petroleum Company, LLC",Active,0,2018-01-31,2021-12-31,44,333.0,78953.0,12553.53,0,,True,,False,,,,
Midway-Sunset,040305646400,Unspecified,222N,"Seneca Resources Company, LLC",Active,0,2021-05-31,2021-05-31,1,14.0,4943.0,785.94,0,,True,,False,,,,
Midway-Sunset,040305652000,Shale,273,Aera Energy LLC,Active,0,2018-01-31,2018-01-31,1,2.0,1743.0,277.14,0,,True,,False,,,,
Midway-Sunset,040305652200,Shale,275,Aera Energy LLC,Active,0,2021-01-31,2021-08-31,3,21.0,19507.0,3101.61,0,,True,,False,,,,
Midway-Sunset,040305652300,Shale,276,Aera Energy LLC,Active,0,2021-04-30,2021-10-31,4,24.0,21288.0,3384.79,0,,True,,False,,,,
Midway-Sunset,040305661400,Belgian,30-17,"Berry Petroleum Company, LLC",Active,0,2018-01-31,2021-12-31,44,334.0,113521.0,18049.84,0,,True,,False,,,,
Midway-Sunset,040305661500,Belgian,30-18,"Berry Petroleum Company, LLC",Active,0,2018-01-31,2021-12-31,22,160.0,52605.0,8364.19,0,,True,,False,,,,
Midway-Sunset,040305661600,Belgian,30-16,"Berry Petroleum Company, LLC",Active,0,2018-01-31,2021-12-31,20,141.0,99494.0,15819.55,0,,True,,False,,,,
Midway-Sunset,040305661700,Belgian,30-15,"Berry Petroleum Company, LLC",Idle,0,2018-01-31,2018-04-30,3,30.0,13990.0,2224.41,0,,True,,False,,,,
Midway-Sunset,040305661800,Belgian,30-14,"Berry Petroleum Company, LLC",Active,0,2018-01-31,2021-12-31,21,143.0,38417.0,6108.3,0,,True,,False,,,,
Midway-Sunset,040305662000,Belgian,29-18,"Berry Petroleum Company, LLC",Active,0,2018-01-31,2021-12-31,33,249.0,61610.0,9795.99,0,,True,,False,,,,
Midway-Sunset,040305662100,Belgian,29-17,"Berry Petroleum Company, LLC",Active,0,2018-01-31,2021-12-31,22,161.0,47680.0,7581.12,0,,True,,False,,,,
Midway-Sunset,040305662200,Belgian,29-16,"Berry Petroleum Company, LLC",Active,0,2018-01-31,2021-12-31,22,152.0,50008.0,7951.27,0,,True,,False,,,,
Midway-Sunset,040305662300,Belgian,29-15,"Berry Petroleum Company, LLC",Active,0,2018-01-31,2021-12-31,37,256.0,55597.0,8839.92,0,,True,,False,,,,
Midway-Sunset,040305662600,Belgian,28-17,"Berry Petroleum Company, LLC",Active,0,2018-01-31,2021-12-31,19,150.0,27010.0,4294.59,0,,True,,False,,,,
Midway-Sunset,040305662700,Belgian,28-16,"Berry Petroleum Company, LLC",Active,0,2018-01-31,2021-12-31,44,357.0,103714.0,16490.53,0,,True,,False,,,,
Midway-Sunset,040305663200,Belgian,27-17,"Berry Petroleum Company, LLC",Idle,0,2018-01-31,2019-01-31,11,118.0,28735.0,4568.86,0,,True,,False,,,,
Midway-Sunset,040305665500,Belgian,30-19,"Berry Petroleum Company, LLC",Idle,0,2018-01-31,2018-05-31,5,38.0,13923.0,2213.76,0,,True,,False,,,,
Midway-Sunset,040305665900,Belgian,31-16,"Berry Petroleum Company, LLC",Active,0,2018-01-31,2021-12-31,44,380.0,172482.0,27424.64,0,,True,,False,,,,
Midway-Sunset,040305666000,Belgian,31-17,"Berry Petroleum Company, LLC",Active,0,2018-01-31,2021-12-31,22,142.0,72908.0,11592.37,0,,True,,False,,,,
Midway-Sunset,040305666100,Belgian,31-18,"Berry Petroleum Company, LLC",Active,0,2018-01-31,2021-12-31,37,286.0,108387.0,17233.53,0,,True,,False,,,,
Midway-Sunset,040305666200,Belgian,31-19,"Berry Petroleum Company, LLC",Active,0,2018-01-31,2018-12-31,10,89.0,30321.0,4821.04,0,,True,,False,,,,
Midway-Sunset,040305666300,Belgian,31-20,"Berry Petroleum Company, LLC",Active,0,2018-01-31,2021-12-31,23,151.0,52535.0,8353.07,0,,True,,False,,,,
Midway-Sunset,040305667000,Belgian,32-17,"Berry Petroleum Company, LLC",Active,0,2018-01-31,2021-12-31,21,135.0,34235.0,5443.36,0,,True,,False,,,,
Midway-Sunset,040305667100,Belgian,32-18,"Berry Petroleum Company, LLC",Idle,0,2018-01-31,2018-05-31,5,32.0,10156.0,1614.8,0,,True,,False,,,,
Midway-Sunset,040305667200,Belgian,32-19,"Berry Petroleum Company, LLC",Active,0,2018-01-31,2021-12-31,20,132.0,52341.0,8322.22,0,,True,,False,,,,
Midway-Sunset,040305667300,Belgian,32-20,"Berry Petroleum Company, LLC",Active,0,2018-01-31,2021-12-31,20,137.0,58806.0,9350.15,0,,True,,False,,,,
Midway-Sunset,040305668600,Belgian,32-21,"Berry Petroleum Company, LLC",Active,0,2018-01-31,2021-12-31,20,113.0,40430.0,6428.37,0,,True,,False,,,,
Midway-Sunset,040305669300,Belgian,33-18,"Berry Petroleum Company, LLC",PluggedOnly,0,2018-01-31,2018-05-31,5,48.0,12538.0,1993.54,0,,True,,False,,,,
Midway-Sunset,040305669800,Belgian,33-19,"Berry Petroleum Company, LLC",Active,0,2018-01-31,2021-12-31,39,302.0,87888.0,13974.19,0,,True,,False,,,,
Midway-Sunset,040305669900,Belgian,33-20,"Berry Petroleum Company, LLC",Active,0,2018-01-31,2021-12-31,22,151.0,41673.0,6626.01,0,,True,,False,,,,
Midway-Sunset,040305670500,Belgian,34-18,"Berry Petroleum Company, LLC",Idle,0,2018-01-31,2018-04-30,4,24.0,3907.0,621.21,0,,True,,False,,,,
Midway-Sunset,040305670600,Belgian,34-19,"Berry Petroleum Company, LLC",Active,0,2018-01-31,2021-12-31,35,299.0,142773.0,22700.91,0,,True,,False,,,,
Midway-Sunset,040305670700,Belgian,34-20,"Berry Petroleum Company, LLC",Active,0,2018-01-31,2021-12-31,43,371.0,109619.0,17429.42,0,,True,,False,,,,
Midway-Sunset,040305680700,Unspecified,604,Chevron U.S.A. Inc.,Active,0,2018-02-28,2018-02-28,1,5.0,3934.0,625.51,0,275.0,False,,False,,,,
Midway-Sunset,040305680700,Unspecified,604,Chevron U.S.A. Inc.,Active,1,2018-11-30,2018-11-30,1,4.0,3037.0,482.88,0,,True,,False,,,,
Midway-Sunset,040305680800,Unspecified,614,Chevron U.S.A. Inc.,Active,0,2018-01-31,2018-01-31,1,5.0,4548.0,723.13,0,,True,,False,,,,
Midway-Sunset,040305680900,Unspecified,623,Chevron U.S.A. Inc.,Active,0,2018-02-28,2018-02-28,1,6.0,5104.0,811.54,0,,True,,False,,,,
Midway-Sunset,040305681000,Unspecified,632,Chevron U.S.A. Inc.,Active,0,2019-03-31,2019-03-31,1,4.0,2687.0,427.23,0,91.0,False,,False,,,,
Midway-Sunset,040305681000,Unspecified,632,Chevron U.S.A. Inc.,Active,1,2019-06-30,2019-06-30,1,1.0,324.0,51.52,0,,True,,False,,,,
Midway-Sunset,040305681100,Unspecified,633,Chevron U.S.A. Inc.,Active,0,2020-02-29,2020-02-29,1,4.0,2402.0,381.92,0,,True,,False,,,,
Midway-Sunset,040305681500,Unspecified,655,Chevron U.S.A. Inc.,Active,0,2019-11-30,2019-11-30,1,4.0,2737.0,435.18,0,,True,,False,,,,
Midway-Sunset,040305681600,Unspecified,656,Chevron U.S.A. Inc.,Active,0,2019-03-31,2019-03-31,1,4.0,2687.0,427.23,0,,True,,False,,,,
Midway-Sunset,040305681800,Unspecified,676,Chevron U.S.A. Inc.,Active,0,2019-03-31,2019-03-31,1,2.0,921.0,146.44,0,,True,,False,,,,
Midway-Sunset,040305683000,Unspecified,212L,"Seneca Resources Company, LLC",Active,0,2019-11-30,2019-12-31,2,17.0,5527.0,878.79,0,486.0,False,,False,,,,
Midway-Sunset,040305683000,Unspecified,212L,"Seneca Resources Company, LLC",Active,1,2021-04-30,2021-04-30,1,11.0,3882.0,617.24,0,,True,,False,,,,
Midway-Sunset,040305683300,Unspecified,232B,"Seneca Resources Company, LLC",Active,0,2021-03-31,2021-05-31,3,22.0,7553.0,1200.93,0,,True,,False,,,,
Midway-Sunset,040305683400,Unspecified,232H,"Seneca Resources Company, LLC",Active,0,2019-09-30,2019-10-31,2,20.0,7507.0,1193.61,0,427.0,False,,False,,,,
Midway-Sunset,040305683400,Unspecified,232H,"Seneca Resources Company, LLC",Active,1,2020-12-31,2020-12-31,1,11.0,3829.0,608.81,0,151.0,False,,False,,,,
Midway-Sunset,040305683400,Unspecified,232H,"Seneca Resources Company, LLC",Active,2,2021-05-31,2021-05-31,1,8.0,2837.0,451.08,0,,True,,False,,,,
Midway-Sunset,040305683500,Unspecified,232K,"Seneca Resources Company, LLC",Active,0,2021-01-31,2021-02-28,2,9.0,2069.0,328.97,0,122.0,False,,False,,,,
Midway-Sunset,040305683500,Unspecified,232K,"Seneca Resources Company, LLC",Active,1,2021-06-30,2021-06-30,1,15.0,5020.0,798.18,0,92.0,False,,False,,,,
Midway-Sunset,040305683500,Unspecified,232K,"Seneca Resources Company, LLC",Active,2,2021-09-30,2021-09-30,1,13.0,4533.0,720.75,0,,True,,False,,,,
Midway-Sunset,040305683600,Unspecified,232O,"Seneca Resources Company, LLC",Active,0,2021-05-31,2021-05-31,1,7.0,2361.0,375.4,0,,True,,False,,,,
Midway-Sunset,040305683800,Unspecified,242P,"Seneca Resources Company, LLC",Active,0,2020-12-31,2020-12-31,1,10.0,3486.0,554.27,0,334.0,False,,False,,,,
Midway-Sunset,040305683800,Unspecified,242P,"Seneca Resources Company, LLC",Active,1,2021-11-30,2021-11-30,1,13.0,4154.0,660.49,0,,True,,False,,,,
Midway-Sunset,040305687500,Finley-Hausen-I,351A,Aera Energy LLC,Active,0,2021-03-31,2021-10-31,4,24.0,19582.0,3113.54,0,,True,,False,,,,
Midway-Sunset,040305687900,Finley-Johnson-Fox,493R,Aera Energy LLC,Active,0,2021-03-31,2021-10-31,2,24.0,17986.0,2859.77,0,,True,,False,,,,
Midway-Sunset,040305688100,Finley-Johnson-Fox,411R,Aera Energy LLC,Active,0,2021-01-31,2021-11-30,4,32.0,22113.0,3515.97,0,,True,,False,,,,
Midway-Sunset,040305688200,Finley-Johnson-Fox,441,Aera Energy LLC,Active,0,2021-03-31,2021-09-30,3,26.0,19245.0,3059.95,0,,True,,False,,,,
Midway-Sunset,040305688300,Finley-Johnson-Fox,452R,Aera Energy LLC,Active,0,2021-07-31,2021-11-30,2,25.0,21892.0,3480.83,0,,True,,False,,,,
Midway-Sunset,040305688400,Finley-Johnson-Fox,462R,Aera Energy LLC,Active,0,2021-04-30,2021-10-31,2,35.0,18382.0,2922.74,0,,True,,False,,,,
Midway-Sunset,040305690700,Lucky Boy,1024H,"Berry Petroleum Company, LLC",Active,0,2021-08-31,2021-10-31,3,71.0,91102.0,14485.22,0,,True,,False,,,,
Midway-Sunset,040305691600,B-40,550H,"Berry Petroleum Company, LLC",Active,0,2018-06-30,2021-03-31,4,27.0,23475.0,3732.53,0,,True,,False,,,,
Midway-Sunset,040305692400,Unspecified,212J,"Seneca Resources Company, LLC",Active,0,2019-12-31,2019-12-31,1,7.0,2796.0,444.56,0,244.0,False,,False,,,,
Midway-Sunset,040305692400,Unspecified,212J,"Seneca Resources Company, LLC",Active,1,2020-08-31,2020-08-31,1,8.0,2068.0,328.81,0,395.0,False,,False,,,,
Midway-Sunset,040305692400,Unspecified,212J,"Seneca Resources Company, LLC",Active,2,2021-09-30,2021-09-30,1,13.0,4045.0,643.15,0,,True,,False,,,,
Midway-Sunset,040305694200,Monarch,164A,Chevron U.S.A. Inc.,Idle,0,2020-01-31,2020-01-31,1,4.0,2718.0,432.16,0,,True,,False,,,,
Midway-Sunset,040305694300,Monarch,164B,Chevron U.S.A. Inc.,Active,0,2020-02-29,2020-02-29,1,4.0,2738.0,435.34,0,,True,,False,,,,
Midway-Sunset,040305694400,Monarch,450,Chevron U.S.A. Inc.,Active,0,2020-01-31,2020-01-31,1,4.0,2659.0,422.78,0,121.0,False,,False,,,,
Midway-Sunset,040305694400,Monarch,450,Chevron U.S.A. Inc.,Active,1,2020-05-31,2020-05-31,1,4.0,2700.0,429.3,0,457.0,False,,False,,,,
Midway-Sunset,040305694400,Monarch,450,Chevron U.S.A. Inc.,Active,2,2021-08-31,2021-08-31,1,5.0,3311.0,526.45,0,,True,,False,,,,
Midway-Sunset,040305699800,Unspecified,232L,"Seneca Resources Company, LLC",Active,0,2020-12-31,2021-01-31,2,10.0,2779.0,441.86,0,212.0,False,,False,,,,
Midway-Sunset,040305699800,Unspecified,232L,"Seneca Resources Company, LLC",Active,1,2021-08-31,2021-08-31,1,7.0,2396.0,380.96,0,,True,,False,,,,
Midway-Sunset,040305699900,Unspecified,232Q,"Seneca Resources Company, LLC",Active,0,2019-12-31,2020-01-31,2,23.0,9187.0,1460.73,0,213.0,False,,False,,,,
Midway-Sunset,040305699900,Unspecified,232Q,"Seneca Resources Company, LLC",Active,1,2020-08-31,2020-09-30,2,7.0,2241.0,356.32,0,,True,,False,,,,
Midway-Sunset,040305723300,Monarch,167,Chevron U.S.A. Inc.,Active,0,2018-01-31,2018-01-31,1,3.0,1779.0,282.86,0,759.0,False,,False,,,,
Midway-Sunset,040305723300,Monarch,167,Chevron U.S.A. Inc.,Active,1,2020-02-29,2020-02-29,1,4.0,2703.0,429.78,0,,True,,False,,,,
Midway-Sunset,040305723400,Monarch,205R,Chevron U.S.A. Inc.,Active,0,2019-10-31,2019-10-31,1,5.0,3502.0,556.82,0,396.0,False,,False,,,,
Midway-Sunset,040305723400,Monarch,205R,Chevron U.S.A. Inc.,Active,1,2020-11-30,2020-11-30,1,4.0,2643.0,420.24,0,,True,,False,,,,
Midway-Sunset,040305723600,Monarch,422,Chevron U.S.A. Inc.,Active,0,2020-02-29,2020-02-29,1,4.0,2635.0,418.97,0,,True,,False,,,,
Midway-Sunset,040305723800,Monarch,424,Chevron U.S.A. Inc.,Active,0,2020-02-29,2020-02-29,1,4.0,2652.0,421.67,0,92.0,False,,False,,,,
Midway-Sunset,040305723800,Monarch,424,Chevron U.S.A. Inc.,Active,1,2020-05-31,2020-06-30,2,4.0,2665.0,423.74,0,427.0,False,,False,,,,
Midway-Sunset,040305723800,Monarch,424,Chevron U.S.A. Inc.,Active,2,2021-08-31,2021-08-31,1,7.0,5139.0,817.1,0,,True,,False,,,,
Midway-Sunset,040305724000,Monarch,993,Chevron U.S.A. Inc.,Idle,0,2018-02-28,2018-02-28,1,6.0,4194.0,666.85,0,,True,,False,,,,
Midway-Sunset,040305724100,Unspecified,30A,Chevron U.S.A. Inc.,Active,0,2018-02-28,2018-02-28,1,6.0,5441.0,865.12,0,,True,,False,,,,
Midway-Sunset,040305724200,Unspecified,427A,Chevron U.S.A. Inc.,Active,0,2019-07-31,2019-07-31,1,4.0,2993.0,475.89,0,609.0,False,,False,,,,
Midway-Sunset,040305724200,Unspecified,427A,Chevron U.S.A. Inc.,Active,1,2021-03-31,2021-03-31,1,3.0,2353.0,374.13,0,,True,,False,,,,
Midway-Sunset,040305725300,,1025H,"Berry Petroleum Company, LLC",Active,0,2021-01-31,2021-03-31,3,63.0,88361.0,14049.4,0,,True,,False,,,,
Midway-Sunset,040305725400,Ethel D,503,"Berry Petroleum Company, LLC",Active,0,2018-01-31,2020-10-31,8,80.0,73575.0,11698.42,0,,True,,False,,,,
Midway-Sunset,040305725500,Ethel D,561,"Berry Petroleum Company, LLC",Active,0,2018-01-31,2018-01-31,1,21.0,18531.0,2946.43,0,,True,,False,,,,
Midway-Sunset,040305725900,Wier,812S,Aera Energy LLC,Active,0,2021-10-31,2021-10-31,1,8.0,7111.0,1130.65,0,,True,,False,,,,
Midway-Sunset,040305726000,Wier,813U,Aera Energy LLC,Active,0,2018-01-31,2021-07-31,3,17.0,14838.0,2359.24,0,,True,,False,,,,
Midway-Sunset,040305726100,Wier,814T,Aera Energy LLC,Active,0,2018-05-31,2021-08-31,8,74.0,43062.0,6846.86,0,,True,,False,,,,
Midway-Sunset,040305726200,Wier,814U,Aera Energy LLC,Active,0,2021-01-31,2021-01-31,1,7.0,7572.0,1203.95,0,,True,,False,,,,
Midway-Sunset,040305726300,Wier,815U,Aera Energy LLC,Active,0,2018-01-31,2021-12-31,8,50.0,36627.0,5823.69,0,,True,,False,,,,
Midway-Sunset,040305726400,Wier,818U,Aera Energy LLC,Active,0,2021-03-31,2021-03-31,1,10.0,8189.0,1302.05,0,,True,,False,,,,
Midway-Sunset,040305734600,Ethel D,OS-69,"Berry Petroleum Company, LLC",Active,0,2018-06-30,2018-07-31,2,14.0,9035.0,1436.57,0,,True,,False,,,,
Midway-Sunset,040305736200,B & R,507,"Seneca Resources Company, LLC",Active,0,2020-03-31,2020-03-31,1,12.0,5300.0,842.7,0,,True,,False,,,,
Midway-Sunset,040305736300,B & R,508,"Seneca Resources Company, LLC",Active,0,2019-09-30,2019-10-31,2,9.0,3989.0,634.25,0,243.0,False,,False,,,,
Midway-Sunset,040305736300,B & R,508,"Seneca Resources Company, LLC",Active,1,2020-06-30,2020-06-30,1,14.0,6007.0,955.11,0,,True,,False,,,,
Midway-Sunset,040305736400,B & R,509,"Seneca Resources Company, LLC",Active,0,2021-02-28,2021-03-31,2,13.0,5616.0,892.94,0,,True,,False,,,,
Midway-Sunset,040305736500,B & R,510,"Seneca Resources Company, LLC",Active,0,2021-04-30,2021-05-31,2,14.0,6032.0,959.09,0,,True,,False,,,,
Midway-Sunset,040305736600,B & R,511,"Seneca Resources Company, LLC",Active,0,2018-01-31,2018-01-31,1,7.0,2800.0,445.2,0,273.0,False,,False,,,,
Midway-Sunset,040305736600,B & R,511,"Seneca Resources Company, LLC",Active,1,2018-10-31,2018-10-31,1,8.0,3200.0,508.8,0,181.0,False,,False,,,,
Midway-Sunset,040305736600,B & R,511,"Seneca Resources Company, LLC",Active,2,2019-04-30,2019-04-30,1,10.0,5000.0,795.0,0,550.0,False,,False,,,,
Midway-Sunset,040305736600,B & R,511,"Seneca Resources Company, LLC",Active,3,2020-10-31,2020-10-31,1,2.0,876.0,139.28,0,,True,,False,,,,
Midway-Sunset,040305737800,Ethel D,OS-49,"Berry Petroleum Company, LLC",Idle,0,2018-02-28,2019-01-31,4,60.0,26761.0,4255.0,0,,True,,False,,,,
Midway-Sunset,040305737900,Ethel D,OS-57,"Berry Petroleum Company, LLC",Active,0,2018-01-31,2019-07-31,5,52.0,24274.0,3859.57,0,,True,,False,,,,
Midway-Sunset,040305738100,Ethel D,OS-76,"Berry Petroleum Company, LLC",Active,0,2018-01-31,2019-01-31,4,39.0,17223.0,2738.46,0,,True,,False,,,,
Midway-Sunset,040305742500,15A,M135,"Seneca Resources Company, LLC",Active,0,2020-05-31,2020-05-31,1,20.0,6000.0,954.0,0,548.0,False,,False,,,,
Midway-Sunset,040305742500,15A,M135,"Seneca Resources Company, LLC",Active,1,2021-11-30,2021-11-30,1,7.0,1889.0,300.35,0,,True,,False,,,,
Midway-Sunset,040305743000,Moco 34,T-398A,Aera Energy LLC,Active,0,2021-07-31,2021-07-31,1,7.0,7611.0,1210.15,0,,True,,False,,,,
Midway-Sunset,040305746400,Ethel D,910,"Berry Petroleum Company, LLC",Active,0,2018-01-31,2021-01-31,5,42.0,21041.0,3345.52,0,150.0,False,,False,,,,
Midway-Sunset,040305746400,Ethel D,910,"Berry Petroleum Company, LLC",Active,1,2021-06-30,2021-07-31,2,42.0,9510.0,1512.09,0,,True,,False,,,,
Midway-Sunset,040305746500,Ethel D,911,"Berry Petroleum Company, LLC",Active,0,2018-03-31,2021-03-31,3,34.0,18524.0,2945.32,0,,True,,False,,,,
Midway-Sunset,040305746700,Ethel D,904,"Berry Petroleum Company, LLC",Active,0,2018-03-31,2018-03-31,1,14.0,9559.0,1519.88,0,,True,,False,,,,
Midway-Sunset,040305746900,Ethel D,908,"Berry Petroleum Company, LLC",Active,0,2018-03-31,2018-09-30,3,35.0,22210.0,3531.39,0,,True,,False,,,,
Midway-Sunset,040305748900,Cherokee,80CR,"Seneca Resources Company, LLC",Active,0,2019-12-31,2019-12-31,1,13.0,5691.0,904.87,0,547.0,False,,False,,,,
Midway-Sunset,040305748900,Cherokee,80CR,"Seneca Resources Company, LLC",Active,1,2021-06-30,2021-07-31,2,14.0,5801.0,922.36,0,,True,,False,,,,
Midway-Sunset,040305763200,Moco 35,WM-385D,Aera Energy LLC,Active,0,2021-01-31,2021-01-31,1,9.0,8617.0,1370.1,0,,True,,False,,,,
Midway-Sunset,040305763300,Moco 35,WM-289G,Aera Energy LLC,Active,0,2021-04-30,2021-12-31,3,24.0,27136.0,4314.62,0,,True,,False,,,,
Midway-Sunset,040305763500,Moco 35,35WM-393D,Aera Energy LLC,Active,0,2021-03-31,2021-08-31,2,18.0,16400.0,2607.6,0,,True,,False,,,,
Midway-Sunset,040305763600,Moco 35,WM-396F,Aera Energy LLC,Active,0,2021-01-31,2021-10-31,5,16.0,19902.0,3164.42,0,,True,,False,,,,
Midway-Sunset,040305763800,Moco 35,WM-395E,Aera Energy LLC,Active,0,2021-12-31,2021-12-31,1,9.0,6877.0,1093.44,0,,True,,False,,,,
Midway-Sunset,040305769300,Berry & Ewing,404,"Berry Petroleum Company, LLC",Active,0,2018-03-31,2021-05-31,5,34.0,32338.0,5141.74,0,,True,,False,,,,
Midway-Sunset,040305769400,Berry & Ewing,405,"Berry Petroleum Company, LLC",Active,0,2018-06-30,2019-01-31,3,53.0,53727.0,8542.59,0,,True,,False,,,,
Midway-Sunset,040305825300,National USL,TP27A,Aera Energy LLC,Active,0,2021-08-31,2021-08-31,1,7.0,7480.0,1189.32,0,,True,,False,,,,
Midway-Sunset,040305825600,National USL,TP05A,Aera Energy LLC,Active,0,2021-05-31,2021-06-30,2,9.0,8273.0,1315.41,0,,True,,False,,,,
Midway-Sunset,040305826100,Kendon,421W,Aera Energy LLC,Active,0,2018-01-31,2021-12-31,8,41.0,41299.0,6566.54,0,,True,,False,,,,
Midway-Sunset,040305829500,Moco 35,35MBC-304D,Aera Energy LLC,Active,0,2021-01-31,2021-12-31,2,16.0,12646.0,2010.71,0,,True,,False,,,,
Midway-Sunset,040305830200,Moco 34,34MBC-141F,Aera Energy LLC,Active,0,2021-07-31,2021-07-31,1,7.0,7487.0,1190.43,0,,True,,False,,,,
Midway-Sunset,040305830300,Moco 34,34MBC-141E,Aera Energy LLC,Active,0,2021-03-31,2021-11-30,4,23.0,23908.0,3801.37,0,,True,,False,,,,
Midway-Sunset,040305841700,Maxwell,866,Aera Energy LLC,Active,0,2018-01-31,2021-07-31,4,18.0,15359.0,2442.08,0,,True,,False,,,,
Midway-Sunset,040305841800,Maxwell,864,Aera Energy LLC,Active,0,2021-03-31,2021-03-31,1,8.0,6898.0,1096.78,0,,True,,False,,,,
Midway-Sunset,040305841900,Maxwell,863,Aera Energy LLC,Active,0,2018-01-31,2021-03-31,7,37.0,33509.0,5327.93,0,,True,,False,,,,
Midway-Sunset,040305842000,Maxwell,865,Aera Energy LLC,Active,0,2018-01-31,2019-12-31,8,57.0,48840.0,7765.56,0,,True,,False,,,,
Midway-Sunset,040305842100,Maxwell,862,Aera Energy LLC,Active,0,2021-01-31,2021-01-31,1,7.0,7381.0,1173.58,0,,True,,False,,,,
Midway-Sunset,040305845100,Heard & Painter,54R2,Aera Energy LLC,Active,0,2021-12-31,2021-12-31,1,16.0,7070.0,1124.13,0,,True,,False,,,,
Midway-Sunset,040305876300,Heard & Painter,48R,Aera Energy LLC,Active,0,2021-11-30,2021-12-31,2,15.0,6607.0,1050.51,0,,True,,False,,,,
Midway-Sunset,040305883700,Santiago Creek Unit,H-1,Holmes Western Oil Corporation,Active,0,2018-02-28,2018-02-28,1,2.0,635.0,100.97,0,,True,,False,,,,
Midway-Sunset,040305886000,Berry & Ewing,1250H,"Berry Petroleum Company, LLC",Active,0,2021-07-31,2021-09-30,3,47.0,70630.0,11230.17,0,,True,,False,,,,
Midway-Sunset,040305886100,Berry & Ewing,1245H,"Berry Petroleum Company, LLC",Active,0,2021-02-28,2021-03-31,2,29.0,40975.0,6515.03,0,,True,,False,,,,
Midway-Sunset,040305886200,Section 31D,1120H,"Berry Petroleum Company, LLC",Active,0,2018-10-31,2021-07-31,5,87.0,101095.0,16074.1,0,,True,,False,,,,
Midway-Sunset,040305886300,Section 31D,1110H,"Berry Petroleum Company, LLC",Active,0,2018-05-31,2019-01-31,2,22.0,32207.0,5120.91,0,,True,,False,,,,
Midway-Sunset,040305886400,Section 31D,1115H,"Berry Petroleum Company, LLC",Active,0,2018-04-30,2021-04-30,4,50.0,72988.0,11605.09,0,,True,,False,,,,
Midway-Sunset,040305888600,Leutholtz A,296,Holmes Western Oil Corporation,Active,0,2018-02-28,2018-03-31,2,19.0,9229.0,1467.41,0,456.0,False,,False,,,,
Midway-Sunset,040305888600,Leutholtz A,296,Holmes Western Oil Corporation,Active,1,2019-06-30,2019-06-30,1,23.0,8935.0,1420.66,0,275.0,False,,False,,,,
Midway-Sunset,040305888600,Leutholtz A,296,Holmes Western Oil Corporation,Active,2,2020-03-31,2020-04-30,2,19.0,7780.0,1237.02,0,335.0,False,,False,,,,
Midway-Sunset,040305888600,Leutholtz A,296,Holmes Western Oil Corporation,Active,3,2021-03-31,2021-03-31,1,21.0,13066.0,2077.49,0,,True,,False,,,,
Midway-Sunset,040305889000,Leutholtz A,261,Holmes Western Oil Corporation,Active,0,2018-02-28,2018-02-28,1,14.0,4603.0,731.88,0,396.0,False,,False,,,,
Midway-Sunset,040305889000,Leutholtz A,261,Holmes Western Oil Corporation,Active,1,2019-03-31,2019-04-30,2,30.0,15555.0,2473.24,0,,True,,False,,,,
Midway-Sunset,040305889400,B-40,555H,"Berry Petroleum Company, LLC",Active,0,2021-03-31,2021-04-30,2,15.0,11976.0,1904.18,0,,True,,False,,,,
Midway-Sunset,040305892200,Metson,E119R,Aera Energy LLC,Active,0,2021-10-31,2021-11-30,2,9.0,7342.0,1167.38,0,,True,,False,,,,
Midway-Sunset,040305892600,Metson,G117A,Aera Energy LLC,Active,0,2021-06-30,2021-11-30,2,17.0,13488.0,2144.59,0,,True,,False,,,,
Midway-Sunset,040305892700,Metson,H103A,Aera Energy LLC,Active,0,2021-01-31,2021-01-31,1,8.0,6845.0,1088.36,0,,True,,False,,,,
Midway-Sunset,040305892800,Metson,H108B,Aera Energy LLC,Active,0,2021-07-31,2021-07-31,1,12.0,8750.0,1391.25,0,,True,,False,,,,
Midway-Sunset,040305896000,Cypress,12H21S,Chevron U.S.A. Inc.,Active,0,2020-02-29,2020-02-29,1,4.0,980.0,155.82,0,,True,,False,,,,
Midway-Sunset,040305920200,Unspecified,168B,Chevron U.S.A. Inc.,Active,0,2019-10-31,2019-10-31,1,5.0,3858.0,613.42,0,305.0,False,,False,,,,
Midway-Sunset,040305920200,Unspecified,168B,Chevron U.S.A. Inc.,Active,1,2020-08-31,2020-08-31,1,4.0,3506.0,557.45,0,,True,,False,,,,
Midway-Sunset,040305920400,Unspecified,614A,Chevron U.S.A. Inc.,Active,0,2019-04-30,2019-04-30,1,4.0,2834.0,450.61,0,,True,,False,,,,
Midway-Sunset,040305926900,Marvic,35R,Aera Energy LLC,Active,0,2021-01-31,2021-02-28,2,8.0,7280.0,1157.52,0,,True,,False,,,,
Midway-Sunset,040305927200,Marvic,36R,Aera Energy LLC,Active,0,2021-03-31,2021-04-30,2,11.0,8902.0,1415.42,0,,True,,False,,,,
Midway-Sunset,040305927300,Exeter Fee,46MR,Aera Energy LLC,Active,0,2021-02-28,2021-03-31,2,13.0,11427.0,1816.89,0,,True,,False,,,,
Midway-Sunset,040305927700,Marvic,29R,Aera Energy LLC,Active,0,2021-09-30,2021-10-31,2,5.0,4163.0,661.92,0,,True,,False,,,,
Midway-Sunset,040305936900,Unspecified,232S,"Seneca Resources Company, LLC",Active,0,2020-10-31,2020-10-31,1,12.0,3840.0,610.56,0,273.0,False,,False,,,,
Midway-Sunset,040305936900,Unspecified,232S,"Seneca Resources Company, LLC",Active,1,2021-07-31,2021-08-31,2,21.0,7215.0,1147.18,0,,True,,False,,,,
Midway-Sunset,040305937100,Unspecified,232A,"Seneca Resources Company, LLC",Active,0,2020-02-29,2020-02-29,1,14.0,3939.0,626.3,0,,True,,False,,,,
Midway-Sunset,040305945600,Birch,6R2,"TRC Operating Company, Inc.",Active,0,2018-01-31,2018-12-31,9,40.0,17508.0,2783.77,0,90.0,False,,False,,,,
Midway-Sunset,040305945600,Birch,6R2,"TRC Operating Company, Inc.",Active,1,2019-03-31,2020-11-30,11,51.0,24583.0,3908.7,0,62.0,False,,False,,,,
Midway-Sunset,040305945600,Birch,6R2,"TRC Operating Company, Inc.",Active,2,2021-01-31,2021-08-31,8,32.0,18499.0,2941.34,0,61.0,False,,False,,,,
Midway-Sunset,040305945600,Birch,6R2,"TRC Operating Company, Inc.",Active,3,2021-10-31,2021-11-30,2,8.0,4781.0,760.18,0,,True,,False,,,,
Midway-Sunset,040305945700,Bull,45R,"TRC Operating Company, Inc.",Active,0,2018-01-31,2021-01-31,23,102.0,47886.0,7613.87,0,59.0,False,,False,,,,
Midway-Sunset,040305945700,Bull,45R,"TRC Operating Company, Inc.",Active,1,2021-03-31,2021-12-31,10,44.0,27124.0,4312.72,0,,True,,False,,,,
Midway-Sunset,040305945800,Unspecified,97X 13,"Seneca Resources Company, LLC",Active,0,2018-01-31,2018-01-31,1,3.0,1276.0,202.88,0,607.0,False,,False,,,,
Midway-Sunset,040305945800,Unspecified,97X 13,"Seneca Resources Company, LLC",Active,1,2019-09-30,2019-10-31,2,20.0,7507.0,1193.61,0,517.0,False,,False,,,,
Midway-Sunset,040305945800,Unspecified,97X 13,"Seneca Resources Company, LLC",Active,2,2021-03-31,2021-03-31,1,11.0,3556.0,565.4,0,153.0,False,,False,,,,
Midway-Sunset,040305945800,Unspecified,97X 13,"Seneca Resources Company, LLC",Active,3,2021-08-31,2021-08-31,1,4.0,1333.0,211.95,0,,True,,False,,,,
Midway-Sunset,040305946200,Bull,23R,"TRC Operating Company, Inc.",Active,0,2020-02-29,2020-07-31,5,28.0,11780.0,1873.02,0,61.0,False,,False,,,,
Midway-Sunset,040305946200,Bull,23R,"TRC Operating Company, Inc.",Active,1,2020-09-30,2021-01-31,5,28.0,12607.0,2004.51,0,59.0,False,,False,,,,
Midway-Sunset,040305946200,Bull,23R,"TRC Operating Company, Inc.",Active,2,2021-03-31,2021-05-31,3,12.0,5935.0,943.66,0,61.0,False,,False,,,,
Midway-Sunset,040305946200,Bull,23R,"TRC Operating Company, Inc.",Active,3,2021-07-31,2021-08-31,2,8.0,4956.0,788.0,0,61.0,False,,False,,,,
Midway-Sunset,040305946200,Bull,23R,"TRC Operating Company, Inc.",Active,4,2021-10-31,2021-11-30,2,7.0,4176.0,663.98,0,,True,,False,,,,
Midway-Sunset,040305946300,Unspecified,SE SI-4,"Seneca Resources Company, LLC",Active,0,2018-01-31,2021-12-31,44,1302.0,156677.0,24911.64,0,,True,,False,,,,
Midway-Sunset,040305946400,Cypress,35R,"TRC Operating Company, Inc.",Active,0,2018-01-31,2020-03-31,14,77.0,38862.0,6179.06,0,153.0,False,,False,,,,
Midway-Sunset,040305946400,Cypress,35R,"TRC Operating Company, Inc.",Active,1,2020-08-31,2020-08-31,1,3.0,1442.0,229.28,0,61.0,False,,False,,,,
Midway-Sunset,040305946400,Cypress,35R,"TRC Operating Company, Inc.",Active,2,2020-10-31,2020-10-31,1,4.0,1869.0,297.17,0,,True,,False,,,,
Midway-Sunset,040305946600,Bull,11R2,"TRC Operating Company, Inc.",Active,0,2018-05-31,2021-05-31,24,103.0,52724.0,8383.12,0,61.0,False,,False,,,,
Midway-Sunset,040305946600,Bull,11R2,"TRC Operating Company, Inc.",Active,1,2021-07-31,2021-09-30,3,16.0,9935.0,1579.66,0,,True,,False,,,,
Midway-Sunset,040305951900,Bull,38R,"TRC Operating Company, Inc.",Active,0,2018-01-31,2018-08-31,7,35.0,15700.0,2496.3,0,122.0,False,,False,,,,
Midway-Sunset,040305951900,Bull,38R,"TRC Operating Company, Inc.",Active,1,2018-12-31,2021-12-31,26,128.0,68924.0,10958.92,0,,True,,False,,,,
Midway-Sunset,040305956000,Turner,5R,"TRC Operating Company, Inc.",Active,0,2018-03-31,2018-06-30,4,13.0,6098.0,969.58,0,184.0,False,,False,,,,
Midway-Sunset,040305956000,Turner,5R,"TRC Operating Company, Inc.",Active,1,2018-12-31,2019-03-31,3,12.0,5485.0,872.12,0,,True,,False,,,,
Midway-Sunset,040305956200,Cypress,37R,"TRC Operating Company, Inc.",Active,0,2018-01-31,2020-09-30,19,107.0,52515.0,8349.89,0,61.0,False,,False,,,,
Midway-Sunset,040305956200,Cypress,37R,"TRC Operating Company, Inc.",Active,1,2020-11-30,2020-11-30,1,4.0,2006.0,318.95,0,,True,,False,,,,
Midway-Sunset,040305956300,Cypress,33R,"TRC Operating Company, Inc.",Active,0,2018-01-31,2020-10-31,20,115.0,57626.0,9162.53,0,,True,,False,,,,
Midway-Sunset,040305956500,Bull,27R,"TRC Operating Company, Inc.",Active,0,2018-01-31,2021-01-31,23,110.0,52317.0,8318.4,0,59.0,False,,False,,,,
Midway-Sunset,040305956500,Bull,27R,"TRC Operating Company, Inc.",Active,1,2021-03-31,2021-06-30,4,16.0,9971.0,1585.39,0,62.0,False,,False,,,,
Midway-Sunset,040305956500,Bull,27R,"TRC Operating Company, Inc.",Active,2,2021-08-31,2021-08-31,1,8.0,5047.0,802.47,0,61.0,False,,False,,,,
Midway-Sunset,040305956500,Bull,27R,"TRC Operating Company, Inc.",Active,3,2021-10-31,2021-10-31,1,4.0,2403.0,382.08,0,61.0,False,,False,,,,
Midway-Sunset,040305956500,Bull,27R,"TRC Operating Company, Inc.",Active,4,2021-12-31,2021-12-31,1,4.0,2620.0,416.58,0,,True,,False,,,,
Midway-Sunset,040305956600,Bull,25R,"TRC Operating Company, Inc.",Active,0,2018-01-31,2018-03-31,2,12.0,5169.0,821.87,0,61.0,False,,False,,,,
Midway-Sunset,040305956600,Bull,25R,"TRC Operating Company, Inc.",Active,1,2018-05-31,2018-08-31,4,20.0,8609.0,1368.83,0,122.0,False,,False,,,,
Midway-Sunset,040305956600,Bull,25R,"TRC Operating Company, Inc.",Active,2,2018-12-31,2018-12-31,1,4.0,1786.0,283.97,0,90.0,False,,False,,,,
Midway-Sunset,040305956600,Bull,25R,"TRC Operating Company, Inc.",Active,3,2019-03-31,2020-08-31,8,40.0,20699.0,3291.14,0,61.0,False,,False,,,,
Midway-Sunset,040305956600,Bull,25R,"TRC Operating Company, Inc.",Active,4,2020-10-31,2020-12-31,3,12.0,6213.0,987.87,0,59.0,False,,False,,,,
Midway-Sunset,040305956600,Bull,25R,"TRC Operating Company, Inc.",Active,5,2021-02-28,2021-12-31,11,48.0,27193.0,4323.69,0,,True,,False,,,,
Midway-Sunset,040305956800,Bull,6R,"TRC Operating Company, Inc.",Active,0,2018-01-31,2020-03-31,14,58.0,27445.0,4363.76,0,91.0,False,,False,,,,
Midway-Sunset,040305956800,Bull,6R,"TRC Operating Company, Inc.",Active,1,2020-06-30,2020-06-30,1,4.0,2218.0,352.66,0,123.0,False,,False,,,,
Midway-Sunset,040305956800,Bull,6R,"TRC Operating Company, Inc.",Active,2,2020-10-31,2020-12-31,3,8.0,4224.0,671.62,0,59.0,False,,False,,,,
Midway-Sunset,040305956800,Bull,6R,"TRC Operating Company, Inc.",Active,3,2021-02-28,2021-02-28,1,4.0,2036.0,323.72,0,61.0,False,,False,,,,
Midway-Sunset,040305956800,Bull,6R,"TRC Operating Company, Inc.",Active,4,2021-04-30,2021-05-31,2,8.0,4717.0,750.0,0,61.0,False,,False,,,,
Midway-Sunset,040305956800,Bull,6R,"TRC Operating Company, Inc.",Active,5,2021-07-31,2021-08-31,2,12.0,7770.0,1235.43,0,61.0,False,,False,,,,
Midway-Sunset,040305956800,Bull,6R,"TRC Operating Company, Inc.",Active,6,2021-10-31,2021-10-31,1,4.0,2388.0,379.69,0,61.0,False,,False,,,,
Midway-Sunset,040305956800,Bull,6R,"TRC Operating Company, Inc.",Active,7,2021-12-31,2021-12-31,1,4.0,2278.0,362.2,0,,True,,False,,,,
Midway-Sunset,040305966900,Metson,B104A,Aera Energy LLC,Active,0,2021-05-31,2021-06-30,2,11.0,5154.0,819.49,0,,True,,False,,,,
Midway-Sunset,040305970500,Moco 34,MBC-91,Aera Energy LLC,Active,0,2018-01-31,2018-01-31,1,11.0,7715.0,1226.68,0,,True,,False,,,,
Midway-Sunset,040305970900,Moco 34,MBC-142C,Aera Energy LLC,Active,0,2021-04-30,2021-12-31,4,24.0,22561.0,3587.2,0,,True,,False,,,,
Midway-Sunset,040305971200,Moco 34,MBC-143E,Aera Energy LLC,Active,0,2021-01-31,2021-08-31,3,21.0,15819.0,2515.22,0,,True,,False,,,,
Midway-Sunset,040305971900,Moco 34,MBC-189B,Aera Energy LLC,Active,0,2021-01-31,2021-01-31,1,5.0,3822.0,607.7,0,,True,,False,,,,
Midway-Sunset,040305972200,Moco 34,MBC-154F,Aera Energy LLC,Active,0,2021-09-30,2021-10-31,2,17.0,15414.0,2450.83,0,,True,,False,,,,
Midway-Sunset,040305980800,Bull,37R,"TRC Operating Company, Inc.",New,0,2020-11-30,2020-11-30,1,4.0,2460.0,391.14,0,,True,,False,,,,
Midway-Sunset,040305980900,Bull,32R,"TRC Operating Company, Inc.",New,0,2020-11-30,2020-11-30,1,4.0,1984.0,315.46,0,,True,,False,,,,
Midway-Sunset,040305998300,Moco 35,WM-387,Aera Energy LLC,Active,0,2021-01-31,2021-10-31,4,29.0,27409.0,4358.03,0,,True,,False,,,,
Midway-Sunset,040305998400,Moco 35,WM-392C,Aera Energy LLC,Active,0,2018-02-28,2021-10-31,12,99.0,71911.0,11433.85,0,,True,,False,,,,
Midway-Sunset,040305998500,Moco 35,WM-394R,Aera Energy LLC,Active,0,2018-03-31,2021-09-30,10,95.0,67272.0,10696.25,0,,True,,False,,,,
Midway-Sunset,040305998600,Moco 35,WM-395F,Aera Energy LLC,Active,0,2021-06-30,2021-12-31,2,16.0,15073.0,2396.61,0,,True,,False,,,,
Midway-Sunset,040305998700,Moco 35,WM-381B,Aera Energy LLC,Active,0,2021-01-31,2021-12-31,6,31.0,29012.0,4612.91,0,,True,,False,,,,
Midway-Sunset,040305999700,Section 31,406,"Berry Petroleum Company, LLC",Plugged,0,2018-05-31,2018-11-30,4,41.0,34898.0,5548.78,0,,True,,False,,,,
Midway-Sunset,040306000300,Section 36,29,"Berry Petroleum Company, LLC",Active,0,2018-04-30,2018-11-30,4,51.0,36366.0,5782.19,0,,True,,False,,,,
Midway-Sunset,040306000400,Section 31D,413,"Berry Petroleum Company, LLC",Active,0,2018-04-30,2020-12-31,2,17.0,10741.0,1707.82,0,,True,,False,,,,
Midway-Sunset,040306000500,Ethel D,548X,"Berry Petroleum Company, LLC",Active,0,2018-01-31,2020-01-31,5,59.0,50989.0,8107.25,0,,True,,False,,,,
Midway-Sunset,040306000600,Section 31,409,"Berry Petroleum Company, LLC",Active,0,2018-07-31,2018-09-30,3,41.0,38123.0,6061.56,0,,True,,False,,,,
Midway-Sunset,040306002000,Section 31,408,"Berry Petroleum Company, LLC",Active,0,2018-02-28,2018-10-31,4,20.0,16523.0,2627.16,0,,True,,False,,,,
Midway-Sunset,040306002100,Section 31,407,"Berry Petroleum Company, LLC",Active,0,2021-03-31,2021-05-31,3,26.0,20840.0,3313.56,0,,True,,False,,,,
Midway-Sunset,040306002300,Ethel D,575X,"Berry Petroleum Company, LLC",Active,0,2018-01-31,2019-01-31,3,32.0,27338.0,4346.74,0,,True,,False,,,,
Midway-Sunset,040306002400,Ethel D,OS-62,"Berry Petroleum Company, LLC",Active,0,2018-02-28,2018-07-31,4,35.0,21860.0,3475.74,0,,True,,False,,,,
Midway-Sunset,040306002500,Ethel D,OS-77,"Berry Petroleum Company, LLC",Active,0,2018-04-30,2018-04-30,1,14.0,8916.0,1417.64,0,,True,,False,,,,
Midway-Sunset,040306002800,Unspecified,19-10,Crimson Resource Management Corp.,Active,0,2019-02-28,2019-02-28,1,5.0,2173.0,345.51,0,,True,,False,,,,
Midway-Sunset,040306003100,Unspecified,20-09,Crimson Resource Management Corp.,Active,0,2019-04-30,2019-05-31,2,29.0,4801.0,763.36,0,122.0,False,,False,,,,
Midway-Sunset,040306003100,Unspecified,20-09,Crimson Resource Management Corp.,Active,1,2019-09-30,2019-10-31,2,15.0,11887.0,1890.03,0,121.0,False,,False,,,,
Midway-Sunset,040306003100,Unspecified,20-09,Crimson Resource Management Corp.,Active,2,2020-02-29,2020-02-29,1,1.0,1268.0,201.61,0,,True,,False,,,,
Midway-Sunset,040306004100,Unspecified,18-10,Crimson Resource Management Corp.,Active,0,2019-02-28,2019-07-31,3,15.0,8933.0,1420.35,0,,True,,False,,,,
Midway-Sunset,040306010500,Ethel D,547X,"Berry Petroleum Company, LLC",Active,0,2018-03-31,2018-08-31,3,33.0,33622.0,5345.9,0,,True,,False,,,,
Midway-Sunset,040306010800,Ethel D,573X,"Berry Petroleum Company, LLC",Active,0,2018-02-28,2018-05-31,2,29.0,29987.0,4767.93,0,,True,,False,,,,
Midway-Sunset,040306010900,Ethel D,579X,"Berry Petroleum Company, LLC",Active,0,2018-02-28,2018-07-31,2,29.0,31940.0,5078.46,0,,True,,False,,,,
Midway-Sunset,040306011100,Ethel D,913X,"Berry Petroleum Company, LLC",Active,0,2018-02-28,2018-09-30,3,57.0,27294.0,4339.75,0,,True,,False,,,,
Midway-Sunset,040306011200,Ethel D,642X,"Berry Petroleum Company, LLC",Active,0,2018-01-31,2021-08-31,10,201.0,87157.0,13857.96,0,,True,,False,,,,
Midway-Sunset,040306011400,Ethel D,OS-44,"Berry Petroleum Company, LLC",Active,0,2018-02-28,2019-03-31,6,52.0,34123.0,5425.56,0,,True,,False,,,,
Midway-Sunset,040306011500,Ethel D,OS-70X,"Berry Petroleum Company, LLC",Active,0,2018-03-31,2019-04-30,5,40.0,17535.0,2788.07,0,,True,,False,,,,
Midway-Sunset,040306011600,Ethel D,OS-64X,"Berry Petroleum Company, LLC",Active,0,2018-04-30,2018-05-31,2,21.0,11032.0,1754.09,0,,True,,False,,,,
Midway-Sunset,040306011700,Ethel D,OS-72X,"Berry Petroleum Company, LLC",Active,0,2018-01-31,2019-06-30,3,41.0,18354.0,2918.29,0,,True,,False,,,,
Midway-Sunset,040306011900,Ethel D,OS-67X,"Berry Petroleum Company, LLC",Active,0,2018-01-31,2019-08-31,6,70.0,32828.0,5219.65,0,,True,,False,,,,
Midway-Sunset,040306017300,Birch,29,"TRC Operating Company, Inc.",Active,0,2018-01-31,2021-01-31,23,101.0,48844.0,7766.2,0,59.0,False,,False,,,,
Midway-Sunset,040306017300,Birch,29,"TRC Operating Company, Inc.",Active,1,2021-03-31,2021-07-31,5,28.0,16454.0,2616.19,0,61.0,False,,False,,,,
Midway-Sunset,040306017300,Birch,29,"TRC Operating Company, Inc.",Active,2,2021-09-30,2021-12-31,4,16.0,10262.0,1631.66,0,,True,,False,,,,
Midway-Sunset,040306017800,Bull,62,"TRC Operating Company, Inc.",Active,0,2018-04-30,2018-04-30,1,4.0,1917.0,304.8,0,61.0,False,,False,,,,
Midway-Sunset,040306017800,Bull,62,"TRC Operating Company, Inc.",Active,1,2018-06-30,2020-04-30,11,45.0,20528.0,3263.95,0,92.0,False,,False,,,,
Midway-Sunset,040306017800,Bull,62,"TRC Operating Company, Inc.",Active,2,2020-07-31,2021-01-31,7,36.0,17985.0,2859.62,0,59.0,False,,False,,,,
Midway-Sunset,040306017800,Bull,62,"TRC Operating Company, Inc.",Active,3,2021-03-31,2021-12-31,10,48.0,28645.0,4554.56,0,,True,,False,,,,
Midway-Sunset,040306018000,Birch,2R2,"TRC Operating Company, Inc.",Active,0,2018-01-31,2021-12-31,34,158.0,83382.0,13257.74,0,,True,,False,,,,
Midway-Sunset,040306021300,15A,M137,"Seneca Resources Company, LLC",Active,0,2019-09-30,2019-10-31,2,24.0,7070.0,1124.13,0,243.0,False,,False,,,,
Midway-Sunset,040306021300,15A,M137,"Seneca Resources Company, LLC",Active,1,2020-06-30,2020-06-30,1,20.0,6000.0,954.0,0,215.0,False,,False,,,,
Midway-Sunset,040306021300,15A,M137,"Seneca Resources Company, LLC",Active,2,2021-01-31,2021-01-31,1,14.0,4200.0,667.8,0,273.0,False,,False,,,,
Midway-Sunset,040306021300,15A,M137,"Seneca Resources Company, LLC",Active,3,2021-10-31,2021-11-30,2,14.0,4200.0,667.8,0,,True,,False,,,,
Midway-Sunset,040306023100,Catfish,1030H,"Berry Petroleum Company, LLC",Idle,0,2018-04-30,2018-04-30,1,4.0,5531.0,879.43,0,,True,,False,,,,
Midway-Sunset,040306023500,,1030H,"Berry Petroleum Company, LLC",Active,0,2021-03-31,2021-12-31,8,189.0,228168.0,36278.71,0,,True,,False,,,,
Midway-Sunset,040306023600,Tumbador,100,"Seneca Resources Company, LLC",Active,0,2020-10-31,2020-10-31,1,10.0,4427.0,703.89,0,212.0,False,,False,,,,
Midway-Sunset,040306023600,Tumbador,100,"Seneca Resources Company, LLC",Active,1,2021-05-31,2021-06-30,2,16.0,7769.0,1235.27,0,,True,,False,,,,
Midway-Sunset,040306023700,Tumbador,101,"Seneca Resources Company, LLC",Active,0,2019-11-30,2019-12-31,2,19.0,8496.0,1350.86,0,244.0,False,,False,,,,
Midway-Sunset,040306023700,Tumbador,101,"Seneca Resources Company, LLC",Active,1,2020-08-31,2020-08-31,1,21.0,9458.0,1503.82,0,181.0,False,,False,,,,
Midway-Sunset,040306023700,Tumbador,101,"Seneca Resources Company, LLC",Active,2,2021-02-28,2021-02-28,1,12.0,5709.0,907.73,0,214.0,False,,False,,,,
Midway-Sunset,040306023700,Tumbador,101,"Seneca Resources Company, LLC",Active,3,2021-09-30,2021-10-31,2,10.0,4348.0,691.33,0,,True,,False,,,,
Midway-Sunset,040306024800,Formax West,575H,"Berry Petroleum Company, LLC",Active,0,2018-04-30,2020-08-31,2,37.0,6545.0,1040.65,0,,True,,False,,,,
Midway-Sunset,040306027700,Belgian,31-13X,"Berry Petroleum Company, LLC",Active,0,2018-01-31,2021-09-30,21,88.0,143416.0,22803.14,0,,True,,False,,,,
Midway-Sunset,040306028000,Belgian,31-12 XX,"Berry Petroleum Company, LLC",Idle,0,2018-01-31,2019-05-31,16,81.0,112268.0,17850.61,0,,True,,False,,,,
Midway-Sunset,040306028100,Belgian,33-11X,"Berry Petroleum Company, LLC",Active,0,2018-01-31,2021-12-31,23,128.0,126094.0,20048.95,0,,True,,False,,,,
Midway-Sunset,040306028200,Belgian,33-12X,"Berry Petroleum Company, LLC",Active,0,2018-01-31,2018-11-30,11,62.0,55345.0,8799.85,0,,True,,False,,,,
Midway-Sunset,040306028300,Belgian,34-12X,"Berry Petroleum Company, LLC",Active,0,2018-01-31,2021-12-31,23,97.0,48281.0,7676.68,0,,True,,False,,,,
Midway-Sunset,040306028400,Belgian,33-14X,"Berry Petroleum Company, LLC",Active,0,2018-01-31,2018-11-30,11,60.0,48699.0,7743.14,0,,True,,False,,,,
Midway-Sunset,040306029300,Belgian,35-15X,"Berry Petroleum Company, LLC",Active,0,2018-01-31,2021-11-30,12,62.0,58960.0,9374.64,0,,True,,False,,,,
Midway-Sunset,040306029400,Belgian,35-14X,"Berry Petroleum Company, LLC",Active,0,2018-01-31,2019-05-31,17,94.0,79292.0,12607.43,0,,True,,False,,,,
Midway-Sunset,040306029600,Belgian,35- 16X,"Berry Petroleum Company, LLC",Active,0,2018-01-31,2018-11-30,11,68.0,30298.0,4817.38,0,,True,,False,,,,
Midway-Sunset,040306029700,Belgian,35-17X,"Berry Petroleum Company, LLC",Active,0,2018-01-31,2021-12-31,23,100.0,87322.0,13884.2,0,,True,,False,,,,
Midway-Sunset,040306029900,Belgian,33-15X,"Berry Petroleum Company, LLC",Active,0,2018-01-31,2021-09-30,21,125.0,44526.0,7079.63,0,,True,,False,,,,
Midway-Sunset,040306030300,Belgian,36-14X,"Berry Petroleum Company, LLC",Active,0,2018-01-31,2021-12-31,24,100.0,114577.0,18217.74,0,,True,,False,,,,
Midway-Sunset,040306030400,Belgian,35-13X,"Berry Petroleum Company, LLC",Active,0,2018-01-31,2021-12-31,23,116.0,102301.0,16265.86,0,,True,,False,,,,
Midway-Sunset,040306030500,Belgian,34-13X,"Berry Petroleum Company, LLC",Active,0,2018-01-31,2018-11-30,11,68.0,62597.0,9952.92,0,,True,,False,,,,
Midway-Sunset,040306030600,Belgian,34-14X,"Berry Petroleum Company, LLC",Active,0,2018-01-31,2021-12-31,24,129.0,111874.0,17787.97,0,,True,,False,,,,
Midway-Sunset,040306030700,Belgian,34-15X,"Berry Petroleum Company, LLC",Active,0,2018-01-31,2018-11-30,11,57.0,37892.0,6024.83,0,,True,,False,,,,
Midway-Sunset,040306031700,Belgian,36-15X,"Berry Petroleum Company, LLC",Active,0,2018-01-31,2018-11-30,11,57.0,51569.0,8199.47,0,,True,,False,,,,
Midway-Sunset,040306031800,Belgian,36-16X,"Berry Petroleum Company, LLC",Active,0,2018-01-31,2021-12-31,40,213.0,159752.0,25400.57,0,,True,,False,,,,
Midway-Sunset,040306032500,Belgian,30-12X,"Berry Petroleum Company, LLC",Idle,0,2018-01-31,2018-03-31,2,2.0,178.0,28.3,0,,True,,False,,,,
Midway-Sunset,040306032900,Tumbador,102,"Seneca Resources Company, LLC",Active,0,2019-08-31,2019-08-31,1,19.0,8207.0,1304.91,0,488.0,False,,False,,,,
Midway-Sunset,040306032900,Tumbador,102,"Seneca Resources Company, LLC",Active,1,2020-12-31,2020-12-31,1,10.0,5308.0,843.97,0,181.0,False,,False,,,,
Midway-Sunset,040306032900,Tumbador,102,"Seneca Resources Company, LLC",Active,2,2021-06-30,2021-06-30,1,13.0,5705.0,907.1,0,,True,,False,,,,
Midway-Sunset,040306033000,Belgian,33-13X,"Berry Petroleum Company, LLC",Idle,0,2018-01-31,2018-11-30,9,51.0,39043.0,6207.84,0,,True,,False,,,,
Midway-Sunset,040306033100,Belgian,32-13X,"Berry Petroleum Company, LLC",Idle,0,2018-01-31,2018-11-30,11,81.0,33120.0,5266.08,0,,True,,False,,,,
Midway-Sunset,040306033200,Belgian,32-14X,"Berry Petroleum Company, LLC",Active,0,2018-02-28,2021-09-30,17,76.0,31128.0,4949.35,0,,True,,False,,,,
Midway-Sunset,040306033300,Belgian,32-11X,"Berry Petroleum Company, LLC",Active,0,2018-01-31,2018-11-30,11,70.0,78220.0,12436.98,0,,True,,False,,,,
Midway-Sunset,040306033500,Belgian,32-12X,"Berry Petroleum Company, LLC",Idle,0,2018-01-31,2018-03-31,3,23.0,10432.0,1658.69,0,,True,,False,,,,
Midway-Sunset,040306033800,Belgian,34-16X,"Berry Petroleum Company, LLC",Active,0,2018-01-31,2019-10-31,22,151.0,93774.0,14910.07,0,,True,,False,,,,
Midway-Sunset,040306091100,Unspecified,232T,"Seneca Resources Company, LLC",Active,0,2021-04-30,2021-04-30,1,11.0,3882.0,617.24,0,,True,,False,,,,
Midway-Sunset,040306095700,Santiago Creek Unit,D-13,Holmes Western Oil Corporation,Active,0,2020-07-31,2020-08-31,2,21.0,7839.0,1246.4,0,303.0,False,,False,,,,
Midway-Sunset,040306095700,Santiago Creek Unit,D-13,Holmes Western Oil Corporation,Active,1,2021-06-30,2021-07-31,2,31.0,13351.0,2122.81,0,,True,,False,,,,
Midway-Sunset,040306128900,Santiago Creek Unit,D-7,Holmes Western Oil Corporation,Active,0,2018-05-31,2018-06-30,2,24.0,7600.0,1208.4,0,365.0,False,,False,,,,
Midway-Sunset,040306128900,Santiago Creek Unit,D-7,Holmes Western Oil Corporation,Active,1,2019-06-30,2019-06-30,1,15.0,7577.0,1204.74,0,305.0,False,,False,,,,
Midway-Sunset,040306128900,Santiago Creek Unit,D-7,Holmes Western Oil Corporation,Active,2,2020-04-30,2020-05-31,2,13.0,6249.0,993.59,0,,True,,False,,,,
Midway-Sunset,040306129700,Santiago Creek Unit,D-14,Holmes Western Oil Corporation,Active,0,2019-11-30,2019-11-30,1,18.0,7389.0,1174.85,0,336.0,False,,False,,,,
Midway-Sunset,040306129700,Santiago Creek Unit,D-14,Holmes Western Oil Corporation,Active,1,2020-10-31,2020-11-30,2,21.0,14250.0,2265.75,0,,True,,False,,,,
Midway-Sunset,040306135000,Santiago Creek Unit,H-3,Holmes Western Oil Corporation,Active,0,2019-08-31,2019-09-30,2,18.0,10955.0,1741.85,0,,True,,False,,,,
Midway-Sunset,040306135400,Santiago Creek Unit,H-7,Holmes Western Oil Corporation,Active,0,2020-06-30,2020-06-30,1,9.0,4456.0,708.5,0,,True,,False,,,,
Midway-Sunset,040306192500,15A,M139,"Seneca Resources Company, LLC",Active,0,2018-01-31,2018-01-31,1,10.0,4500.0,715.5,0,181.0,False,,False,,,,
Midway-Sunset,040306192500,15A,M139,"Seneca Resources Company, LLC",Active,1,2018-07-31,2018-07-31,1,13.0,3900.0,620.1,0,184.0,False,,False,,,,
Midway-Sunset,040306192500,15A,M139,"Seneca Resources Company, LLC",Active,2,2019-01-31,2019-01-31,1,12.0,3600.0,572.4,0,212.0,False,,False,,,,
Midway-Sunset,040306192500,15A,M139,"Seneca Resources Company, LLC",Active,3,2019-08-31,2019-09-30,2,20.0,6000.0,954.0,0,578.0,False,,False,,,,
Midway-Sunset,040306192500,15A,M139,"Seneca Resources Company, LLC",Active,4,2021-04-30,2021-04-30,1,15.0,4500.0,715.5,0,,True,,False,,,,
Midway-Sunset,040306192600,15A,M138,"Seneca Resources Company, LLC",Active,0,2019-08-31,2019-08-31,1,19.0,5700.0,906.3,0,182.0,False,,False,,,,
Midway-Sunset,040306192600,15A,M138,"Seneca Resources Company, LLC",Active,1,2020-02-29,2020-03-31,2,29.0,8700.0,1383.3,0,183.0,False,,False,,,,
Midway-Sunset,040306192600,15A,M138,"Seneca Resources Company, LLC",Active,2,2020-09-30,2020-10-31,2,14.0,4200.0,667.8,0,242.0,False,,False,,,,
Midway-Sunset,040306192600,15A,M138,"Seneca Resources Company, LLC",Active,3,2021-06-30,2021-06-30,1,13.0,3900.0,620.1,0,,True,,False,,,,
Midway-Sunset,040306193300,USL,TP38D,Aera Energy LLC,Active,0,2021-04-30,2021-05-31,2,13.0,10247.0,1629.27,0,,True,,False,,,,
Midway-Sunset,040306193400,Kendon,TP73AR,Aera Energy LLC,Active,0,2018-01-31,2018-01-31,1,9.0,8599.0,1367.24,0,,True,,False,,,,
Midway-Sunset,040306196900,Unspecified,252A,"Seneca Resources Company, LLC",Active,0,2019-08-31,2019-09-30,2,19.0,7600.0,1208.4,0,123.0,False,,False,,,,
Midway-Sunset,040306196900,Unspecified,252A,"Seneca Resources Company, LLC",Active,1,2020-01-31,2020-01-31,1,13.0,4892.0,777.83,0,455.0,False,,False,,,,
Midway-Sunset,040306196900,Unspecified,252A,"Seneca Resources Company, LLC",Active,2,2021-04-30,2021-04-30,1,9.0,3173.0,504.51,0,,True,,False,,,,
Midway-Sunset,040306197000,Unspecified,242Q,"Seneca Resources Company, LLC",Active,0,2018-01-31,2018-01-31,1,26.0,12429.0,1976.21,0,334.0,False,,False,,,,
Midway-Sunset,040306197000,Unspecified,242Q,"Seneca Resources Company, LLC",Active,1,2018-12-31,2019-01-31,2,19.0,7573.0,1204.11,0,120.0,False,,False,,,,
Midway-Sunset,040306197000,Unspecified,242Q,"Seneca Resources Company, LLC",Active,2,2019-05-31,2019-05-31,1,22.0,8620.0,1370.58,0,305.0,False,,False,,,,
Midway-Sunset,040306197000,Unspecified,242Q,"Seneca Resources Company, LLC",Active,3,2020-03-31,2020-03-31,1,11.0,3269.0,519.77,0,214.0,False,,False,,,,
Midway-Sunset,040306197000,Unspecified,242Q,"Seneca Resources Company, LLC",Active,4,2020-10-31,2020-10-31,1,7.0,2195.0,349.0,0,304.0,False,,False,,,,
Midway-Sunset,040306197000,Unspecified,242Q,"Seneca Resources Company, LLC",Active,5,2021-08-31,2021-09-30,2,13.0,4284.0,681.16,0,,True,,False,,,,
Midway-Sunset,040306197300,Unspecified,97X-19,"Seneca Resources Company, LLC",Active,0,2018-01-31,2018-01-31,1,3.0,1276.0,202.88,0,,True,,False,,,,
Midway-Sunset,040306203900,Unspecified,251E,"Seneca Resources Company, LLC",Active,0,2020-12-31,2020-12-31,1,2.0,660.0,104.94,0,90.0,False,,False,,,,
Midway-Sunset,040306203900,Unspecified,251E,"Seneca Resources Company, LLC",Active,1,2021-03-31,2021-04-30,2,17.0,5798.0,921.88,0,92.0,False,,False,,,,
Midway-Sunset,040306203900,Unspecified,251E,"Seneca Resources Company, LLC",Active,2,2021-07-31,2021-08-31,2,21.0,7215.0,1147.18,0,,True,,False,,,,
Midway-Sunset,040306211900,Unspecified,29A,Chevron U.S.A. Inc.,Active,0,2018-01-31,2018-01-31,1,5.0,3992.0,634.73,0,,True,,False,,,,
Midway-Sunset,040306224300,Freemac,FM-108,"Seneca Resources Company, LLC",Active,0,2018-12-31,2019-01-31,2,22.0,8819.0,1402.22,0,120.0,False,,False,,,,
Midway-Sunset,040306224300,Freemac,FM-108,"Seneca Resources Company, LLC",Active,1,2019-05-31,2019-06-30,2,16.0,6147.0,977.37,0,92.0,False,,False,,,,
Midway-Sunset,040306224300,Freemac,FM-108,"Seneca Resources Company, LLC",Active,2,2019-09-30,2019-10-31,2,16.0,7341.0,1167.22,0,152.0,False,,False,,,,
Midway-Sunset,040306224300,Freemac,FM-108,"Seneca Resources Company, LLC",Active,3,2020-03-31,2020-03-31,1,13.0,6500.0,1033.5,0,365.0,False,,False,,,,
Midway-Sunset,040306224300,Freemac,FM-108,"Seneca Resources Company, LLC",Active,4,2021-03-31,2021-03-31,1,10.0,4153.0,660.33,0,,True,,False,,,,
Midway-Sunset,040306224400,Freemac,FM-109,"Seneca Resources Company, LLC",Active,0,2019-02-28,2019-02-28,1,18.0,7816.0,1242.74,0,366.0,False,,False,,,,
Midway-Sunset,040306224400,Freemac,FM-109,"Seneca Resources Company, LLC",Active,1,2020-02-29,2020-03-31,2,17.0,8445.0,1342.76,0,183.0,False,,False,,,,
Midway-Sunset,040306224400,Freemac,FM-109,"Seneca Resources Company, LLC",Active,2,2020-09-30,2020-09-30,1,21.0,10199.0,1621.64,0,123.0,False,,False,,,,
Midway-Sunset,040306224400,Freemac,FM-109,"Seneca Resources Company, LLC",Active,3,2021-01-31,2021-02-28,2,9.0,3132.0,497.99,0,,True,,False,,,,
Midway-Sunset,040306225600,Unspecified,97X-17,"Seneca Resources Company, LLC",Active,0,2020-02-29,2020-03-31,2,28.0,8301.0,1319.86,0,153.0,False,,False,,,,
Midway-Sunset,040306225600,Unspecified,97X-17,"Seneca Resources Company, LLC",Active,1,2020-08-31,2020-09-30,2,28.0,7952.0,1264.37,0,212.0,False,,False,,,,
Midway-Sunset,040306225600,Unspecified,97X-17,"Seneca Resources Company, LLC",Active,2,2021-04-30,2021-05-31,2,9.0,3183.0,506.1,0,,True,,False,,,,
Midway-Sunset,040306227100,,SI-B2,"Seneca Resources Company, LLC",Active,0,2018-01-31,2019-12-31,21,583.0,131344.0,20883.7,0,,True,,False,,,,
Midway-Sunset,040306227200,,SI-B1,"Seneca Resources Company, LLC",Active,0,2018-01-31,2019-12-31,21,579.0,127600.0,20288.4,0,,True,,False,,,,
Midway-Sunset,040306228100,Unspecified,97X-20,"Seneca Resources Company, LLC",Active,0,2020-03-31,2020-03-31,1,18.0,5827.0,926.49,0,214.0,False,,False,,,,
Midway-Sunset,040306228100,Unspecified,97X-20,"Seneca Resources Company, LLC",Active,1,2020-10-31,2020-12-31,2,21.0,6973.0,1108.71,0,,True,,False,,,,
Midway-Sunset,040306232700,Chevron Fee,30B,Chevron U.S.A. Inc.,Active,0,2018-02-28,2018-02-28,1,6.0,5441.0,865.12,0,,True,,False,,,,
Midway-Sunset,040306233600,Virginia,209A,Chevron U.S.A. Inc.,Active,0,2019-04-30,2019-04-30,1,2.0,928.0,147.55,0,276.0,False,,False,,,,
Midway-Sunset,040306233600,Virginia,209A,Chevron U.S.A. Inc.,Active,1,2020-01-31,2020-01-31,1,5.0,3605.0,573.2,0,304.0,False,,False,,,,
Midway-Sunset,040306233600,Virginia,209A,Chevron U.S.A. Inc.,Active,2,2020-11-30,2020-11-30,1,5.0,3614.0,574.63,0,,True,,False,,,,
Midway-Sunset,040306233700,Monarch,467,Chevron U.S.A. Inc.,Active,0,2020-03-31,2020-05-31,2,8.0,5315.0,845.09,0,183.0,False,,False,,,,
Midway-Sunset,040306233700,Monarch,467,Chevron U.S.A. Inc.,Active,1,2020-11-30,2020-11-30,1,6.0,4259.0,677.18,0,,True,,False,,,,
Midway-Sunset,040306234400,Monarch,469,Chevron U.S.A. Inc.,Active,0,2019-10-31,2019-10-31,1,4.0,2742.0,435.98,0,243.0,False,,False,,,,
Midway-Sunset,040306234400,Monarch,469,Chevron U.S.A. Inc.,Active,1,2020-06-30,2020-06-30,1,4.0,2604.0,414.04,0,,True,,False,,,,
Midway-Sunset,040306234600,Unspecified,947B,Chevron U.S.A. Inc.,Active,0,2018-01-31,2018-01-31,1,1.0,432.0,68.69,0,,True,,False,,,,
Midway-Sunset,040306234800,Unspecified,1029A,Chevron U.S.A. Inc.,Active,0,2018-02-28,2018-02-28,1,6.0,5151.0,819.01,0,,True,,False,,,,
Midway-Sunset,040306235700,Unspecified,54E,Chevron U.S.A. Inc.,Active,0,2019-02-28,2019-02-28,1,4.0,4525.0,719.48,0,703.0,False,,False,,,,
Midway-Sunset,040306235700,Unspecified,54E,Chevron U.S.A. Inc.,Active,1,2021-01-31,2021-01-31,1,5.0,1873.0,297.81,0,,True,,False,,,,
Midway-Sunset,040306250100,Virginia,206A,Chevron U.S.A. Inc.,Active,0,2019-12-31,2019-12-31,1,3.0,1874.0,297.97,0,,True,,False,,,,
Midway-Sunset,040306257200,Catfish,2001H,"Berry Petroleum Company, LLC",Active,0,2018-02-28,2018-03-31,2,20.0,33572.0,5337.95,0,,True,,False,,,,
Midway-Sunset,040306257400,Catfish,2006H,"Berry Petroleum Company, LLC",Active,0,2018-03-31,2018-04-30,2,18.0,32685.0,5196.91,0,,True,,False,,,,
Midway-Sunset,040306257500,Catfish,2007H,"Berry Petroleum Company, LLC",Active,0,2020-12-31,2020-12-31,1,6.0,6672.0,1060.85,0,,True,,False,,,,
Midway-Sunset,040306257600,Ethel D,722,"Berry Petroleum Company, LLC",Active,0,2018-02-28,2019-08-31,5,41.0,35533.0,5649.75,0,669.0,False,,False,,,,
Midway-Sunset,040306257600,Ethel D,722,"Berry Petroleum Company, LLC",Active,1,2021-06-30,2021-06-30,1,5.0,1093.0,173.79,0,,True,,False,,,,
Midway-Sunset,040306257700,Ethel D,733,"Berry Petroleum Company, LLC",Active,0,2018-02-28,2018-02-28,1,15.0,16157.0,2568.96,0,,True,,False,,,,
Midway-Sunset,040306257800,Ethel D,720,"Berry Petroleum Company, LLC",Active,0,2018-01-31,2018-01-31,1,14.0,12642.0,2010.08,0,,True,,False,,,,
Midway-Sunset,040306258600,Ethel D,5-6I,"Berry Petroleum Company, LLC",Active,0,2018-02-28,2020-12-31,5,30.0,24372.0,3875.15,0,,True,,False,,,,
Midway-Sunset,040306259900,Formax West,605H,"Berry Petroleum Company, LLC",Active,0,2021-10-31,2021-11-30,2,25.0,29674.0,4718.17,0,,True,,False,,,,
Midway-Sunset,040306260000,Formax West,585H,"Berry Petroleum Company, LLC",Active,0,2019-05-31,2020-06-30,2,18.0,15448.0,2456.23,0,,True,,False,,,,
Midway-Sunset,040306260100,Formax West,590H,"Berry Petroleum Company, LLC",Active,0,2020-11-30,2020-11-30,1,19.0,4598.0,731.08,0,,True,,False,,,,
Midway-Sunset,040306264300,Ethel D,735,"Berry Petroleum Company, LLC",Active,0,2018-03-31,2018-04-30,2,14.0,14962.0,2378.96,0,,True,,False,,,,
Midway-Sunset,040306265000,Formax West,600H,"Berry Petroleum Company, LLC",Active,0,2021-01-31,2021-10-31,3,32.0,32467.0,5162.25,0,,True,,False,,,,
Midway-Sunset,040306265100,Formax West,595H,"Berry Petroleum Company, LLC",Active,0,2018-05-31,2021-03-31,4,27.0,23532.0,3741.59,0,,True,,False,,,,
Midway-Sunset,040306266100,Hillside,2003H,"Berry Petroleum Company, LLC",Active,0,2020-12-31,2021-01-31,2,4.0,7963.0,1266.12,0,,True,,False,,,,
Midway-Sunset,040306266400,Lucky Boy,2009H,"Berry Petroleum Company, LLC",Active,0,2018-12-31,2020-09-30,6,87.0,102450.0,16289.55,0,273.0,False,,False,,,,
Midway-Sunset,040306266400,Lucky Boy,2009H,"Berry Petroleum Company, LLC",Active,1,2021-06-30,2021-08-31,3,71.0,97169.0,15449.87,0,,True,,False,,,,
Midway-Sunset,040306273900,Section 31,418,"Berry Petroleum Company, LLC",Active,0,2018-02-28,2018-05-31,3,18.0,12731.0,2024.23,0,,True,,False,,,,
Midway-Sunset,040306274000,Section 31,414,"Berry Petroleum Company, LLC",Active,0,2021-05-31,2021-07-31,3,36.0,33253.0,5287.23,0,,True,,False,,,,
Midway-Sunset,040306274100,Section 31,419,"Berry Petroleum Company, LLC",Active,0,2018-04-30,2018-05-31,2,17.0,11869.0,1887.17,0,1310.0,False,,False,,,,
Midway-Sunset,040306274100,Section 31,419,"Berry Petroleum Company, LLC",Active,1,2021-12-31,2021-12-31,1,16.0,27121.0,4312.24,0,,True,,False,,,,
Midway-Sunset,040306274200,Section 31D,415,"Berry Petroleum Company, LLC",Active,0,2018-02-28,2020-08-31,6,67.0,26324.0,4185.52,0,,True,,False,,,,
Midway-Sunset,040306275000,Catfish,2008H,"Berry Petroleum Company, LLC",Active,0,2018-02-28,2021-07-31,2,6.0,10930.0,1737.87,0,,True,,False,,,,
Midway-Sunset,040306280100,Berry & Ewing,2018H,"Berry Petroleum Company, LLC",Active,0,2021-07-31,2021-09-30,3,64.0,101312.0,16108.61,0,,True,,False,,,,
Midway-Sunset,040306283700,Ethel D,504X,"Berry Petroleum Company, LLC",Active,0,2018-02-28,2021-08-31,6,131.0,45242.0,7193.48,0,,True,,False,,,,
Midway-Sunset,040306283900,Ethel D,511XX,"Berry Petroleum Company, LLC",Active,0,2018-02-28,2018-07-31,4,28.0,21850.0,3474.15,0,,True,,False,,,,
Midway-Sunset,040306284100,Formax East,2012H,"Berry Petroleum Company, LLC",Active,0,2020-06-30,2020-06-30,1,6.0,12860.0,2044.74,0,,True,,False,,,,
Midway-Sunset,040306284200,Unspecified,SLV4H7,Chevron U.S.A. Inc.,Active,0,2018-07-31,2018-07-31,1,6.0,5253.0,835.23,0,,True,,False,,,,
Midway-Sunset,040306284300,Unspecified,M4H7,Chevron U.S.A. Inc.,Active,0,2018-05-31,2018-05-31,1,6.0,4468.0,710.41,0,122.0,False,,False,,,,
Midway-Sunset,040306284300,Unspecified,M4H7,Chevron U.S.A. Inc.,Active,1,2018-09-30,2018-09-30,1,4.0,3062.0,486.86,0,151.0,False,,False,,,,
Midway-Sunset,040306284300,Unspecified,M4H7,Chevron U.S.A. Inc.,Active,2,2019-02-28,2019-02-28,1,4.0,2774.0,441.07,0,122.0,False,,False,,,,
Midway-Sunset,040306284300,Unspecified,M4H7,Chevron U.S.A. Inc.,Active,3,2019-06-30,2019-06-30,1,6.0,5037.0,800.88,0,,True,,False,,,,
Midway-Sunset,040306284700,Unspecified,M2H7,Chevron U.S.A. Inc.,Active,0,2018-07-31,2018-07-31,1,6.0,5291.0,841.27,0,273.0,False,,False,,,,
Midway-Sunset,040306284700,Unspecified,M2H7,Chevron U.S.A. Inc.,Active,1,2019-04-30,2019-04-30,1,2.0,813.0,129.27,0,214.0,False,,False,,,,
Midway-Sunset,040306284700,Unspecified,M2H7,Chevron U.S.A. Inc.,Active,2,2019-11-30,2019-12-31,2,5.0,3833.0,609.45,0,213.0,False,,False,,,,
Midway-Sunset,040306284700,Unspecified,M2H7,Chevron U.S.A. Inc.,Active,3,2020-07-31,2020-07-31,1,5.0,4542.0,722.18,0,153.0,False,,False,,,,
Midway-Sunset,040306284700,Unspecified,M2H7,Chevron U.S.A. Inc.,Active,4,2020-12-31,2020-12-31,1,5.0,4662.0,741.26,0,,True,,False,,,,
Midway-Sunset,040306286300,Unspecified,59C,Chevron U.S.A. Inc.,Active,0,2020-09-30,2020-09-30,1,1.0,44.0,7.0,0,,True,,False,,,,
Midway-Sunset,040306288500,Ethel D,916,"Berry Petroleum Company, LLC",Active,0,2018-03-31,2021-06-30,7,135.0,44935.0,7144.66,0,,True,,False,,,,
Midway-Sunset,040306288600,Ethel D,915,"Berry Petroleum Company, LLC",Active,0,2018-02-28,2021-07-31,9,169.0,55277.0,8789.04,0,,True,,False,,,,
Midway-Sunset,040306288700,Ethel D,901,"Berry Petroleum Company, LLC",Idle,0,2018-01-31,2018-07-31,3,34.0,16241.0,2582.32,0,,True,,False,,,,
Midway-Sunset,040306289200,Unspecified,L280R,Chevron U.S.A. Inc.,Active,0,2018-02-28,2018-08-31,7,29.0,9533.0,1515.75,0,61.0,False,,False,,,,
Midway-Sunset,040306289200,Unspecified,L280R,Chevron U.S.A. Inc.,Active,1,2018-10-31,2018-10-31,1,3.0,1101.0,175.06,0,120.0,False,,False,,,,
Midway-Sunset,040306289200,Unspecified,L280R,Chevron U.S.A. Inc.,Active,2,2019-02-28,2019-10-31,6,24.0,7944.0,1263.1,0,61.0,False,,False,,,,
Midway-Sunset,040306289200,Unspecified,L280R,Chevron U.S.A. Inc.,Active,3,2019-12-31,2020-09-30,9,40.0,11577.0,1840.74,0,365.0,False,,False,,,,
Midway-Sunset,040306289200,Unspecified,L280R,Chevron U.S.A. Inc.,Active,4,2021-09-30,2021-12-31,4,20.0,17683.0,2811.6,0,,True,,False,,,,
Midway-Sunset,040306289400,Unspecified,K265R,Chevron U.S.A. Inc.,Active,0,2018-02-28,2019-07-31,6,37.0,11742.0,1866.98,0,122.0,False,,False,,,,
Midway-Sunset,040306289400,Unspecified,K265R,Chevron U.S.A. Inc.,Active,1,2019-11-30,2019-11-30,1,3.0,1251.0,198.91,0,62.0,False,,False,,,,
Midway-Sunset,040306289400,Unspecified,K265R,Chevron U.S.A. Inc.,Active,2,2020-01-31,2020-08-31,7,36.0,10887.0,1731.03,0,395.0,False,,False,,,,
Midway-Sunset,040306289400,Unspecified,K265R,Chevron U.S.A. Inc.,Active,3,2021-09-30,2021-12-31,4,23.0,15321.0,2436.04,0,,True,,False,,,,
Midway-Sunset,040306289600,Unspecified,506A,Chevron U.S.A. Inc.,Active,0,2019-07-31,2019-07-31,1,6.0,4849.0,770.99,0,,True,,False,,,,
Midway-Sunset,040306290600,Metson,B107A,Aera Energy LLC,New,0,2021-02-28,2021-02-28,1,5.0,3651.0,580.51,0,,True,,False,,,,
Midway-Sunset,040306293200,Keene,KNK 24,Sentinel Peak Resources California LLC,Active,0,2018-02-28,2018-03-31,2,9.0,11736.0,1866.02,0,,True,,False,,,,
Midway-Sunset,040306293300,Keene,88,Sentinel Peak Resources California LLC,Active,0,2018-02-28,2018-03-31,2,9.0,14469.0,2300.57,0,,True,,False,,,,
Midway-Sunset,040306293400,Keene,89,Sentinel Peak Resources California LLC,Active,0,2018-02-28,2019-07-31,18,69.0,98165.0,15608.24,0,184.0,False,,False,,,,
Midway-Sunset,040306293400,Keene,89,Sentinel Peak Resources California LLC,Active,1,2020-01-31,2020-01-31,1,2.0,893.0,141.99,0,151.0,False,,False,,,,
Midway-Sunset,040306293400,Keene,89,Sentinel Peak Resources California LLC,Active,2,2020-06-30,2020-10-31,5,21.0,13643.0,2169.24,0,,True,,False,,,,
Midway-Sunset,040306293500,Keene,90,Sentinel Peak Resources California LLC,Active,0,2018-02-28,2018-03-31,2,9.0,12149.0,1931.69,0,,True,,False,,,,
Midway-Sunset,040306297200,Maxwell,872,Aera Energy LLC,Active,0,2018-01-31,2018-01-31,1,7.0,12687.0,2017.23,0,,True,,False,,,,
Midway-Sunset,040306297300,Maxwell,871,Aera Energy LLC,Active,0,2018-01-31,2021-04-30,3,25.0,15750.0,2504.25,0,,True,,False,,,,
Midway-Sunset,040306297500,Maxwell,869,Aera Energy LLC,Active,0,2018-01-31,2021-02-28,2,19.0,22947.0,3648.57,0,,True,,False,,,,
Midway-Sunset,040306297700,Maxwell,867,Aera Energy LLC,Active,0,2018-01-31,2020-12-31,9,51.0,51458.0,8181.82,0,,True,,False,,,,
Midway-Sunset,040306297800,Section 31D,2000H,"Berry Petroleum Company, LLC",Active,0,2020-04-30,2021-06-30,5,98.0,130041.0,20676.52,0,,True,,False,,,,
Midway-Sunset,040306298000,Section 31D,2014H,"Berry Petroleum Company, LLC",Active,0,2021-03-31,2021-12-31,7,89.0,113172.0,17994.35,0,,True,,False,,,,
Midway-Sunset,040306298100,Section 31D,2013H,"Berry Petroleum Company, LLC",Active,0,2018-09-30,2021-03-31,5,43.0,57571.0,9153.79,0,122.0,False,,False,,,,
Midway-Sunset,040306298100,Section 31D,2013H,"Berry Petroleum Company, LLC",Active,1,2021-07-31,2021-09-30,3,58.0,79270.0,12603.93,0,,True,,False,,,,
Midway-Sunset,040306298400,Ethel D,905X,"Berry Petroleum Company, LLC",Active,0,2021-12-31,2021-12-31,1,20.0,9585.0,1524.02,0,,True,,False,,,,
Midway-Sunset,040306303500,Keene,93,Sentinel Peak Resources California LLC,Active,0,2018-02-28,2018-03-31,2,13.0,17108.0,2720.17,0,,True,,False,,,,
Midway-Sunset,040306303600,Keene,94,Sentinel Peak Resources California LLC,Active,0,2018-02-28,2018-06-30,5,20.0,25747.0,4093.77,0,62.0,False,,False,,,,
Midway-Sunset,040306303600,Keene,94,Sentinel Peak Resources California LLC,Active,1,2018-08-31,2018-08-31,1,3.0,4644.0,738.4,0,91.0,False,,False,,,,
Midway-Sunset,040306303600,Keene,94,Sentinel Peak Resources California LLC,Active,2,2018-11-30,2018-12-31,2,4.0,6608.0,1050.67,0,151.0,False,,False,,,,
Midway-Sunset,040306303600,Keene,94,Sentinel Peak Resources California LLC,Active,3,2019-05-31,2019-07-31,3,6.0,10530.0,1674.27,0,184.0,False,,False,,,,
Midway-Sunset,040306303600,Keene,94,Sentinel Peak Resources California LLC,Active,4,2020-01-31,2020-04-30,4,20.0,12518.0,1990.36,0,61.0,False,,False,,,,
Midway-Sunset,040306303600,Keene,94,Sentinel Peak Resources California LLC,Active,5,2020-06-30,2020-08-31,3,15.0,10174.0,1617.67,0,61.0,False,,False,,,,
Midway-Sunset,040306303600,Keene,94,Sentinel Peak Resources California LLC,Active,6,2020-10-31,2020-11-30,2,6.0,4264.0,677.98,0,,True,,False,,,,
Midway-Sunset,040306303700,Keene,91,Sentinel Peak Resources California LLC,Active,0,2018-02-28,2020-12-31,7,25.0,21209.0,3372.23,0,59.0,False,,False,,,,
Midway-Sunset,040306303700,Keene,91,Sentinel Peak Resources California LLC,Active,1,2021-02-28,2021-12-31,11,54.0,23492.0,3735.23,0,,True,,False,,,,
Midway-Sunset,040306306000,Kelly,23,Sentinel Peak Resources California LLC,Active,0,2018-02-28,2019-01-31,12,55.0,77941.0,12392.62,0,59.0,False,,False,,,,
Midway-Sunset,040306306000,Kelly,23,Sentinel Peak Resources California LLC,Active,1,2019-03-31,2019-07-31,5,13.0,18242.0,2900.48,0,335.0,False,,False,,,,
Midway-Sunset,040306306000,Kelly,23,Sentinel Peak Resources California LLC,Active,2,2020-06-30,2021-04-30,11,63.0,40076.0,6372.08,0,61.0,False,,False,,,,
Midway-Sunset,040306306000,Kelly,23,Sentinel Peak Resources California LLC,Active,3,2021-06-30,2021-12-31,7,47.0,18932.0,3010.19,0,,True,,False,,,,
Midway-Sunset,040306312100,South Cerritos,39,Sentinel Peak Resources California LLC,Active,0,2018-02-28,2018-12-31,11,41.0,61399.0,9762.44,0,59.0,False,,False,,,,
Midway-Sunset,040306312100,South Cerritos,39,Sentinel Peak Resources California LLC,Active,1,2019-02-28,2019-02-28,1,2.0,2732.0,434.39,0,122.0,False,,False,,,,
Midway-Sunset,040306312100,South Cerritos,39,Sentinel Peak Resources California LLC,Active,2,2019-06-30,2019-07-31,2,6.0,6502.0,1033.82,0,184.0,False,,False,,,,
Midway-Sunset,040306312100,South Cerritos,39,Sentinel Peak Resources California LLC,Active,3,2020-01-31,2020-04-30,4,19.0,11012.0,1750.91,0,61.0,False,,False,,,,
Midway-Sunset,040306312100,South Cerritos,39,Sentinel Peak Resources California LLC,Active,4,2020-06-30,2020-06-30,1,9.0,4989.0,793.25,0,62.0,False,,False,,,,
Midway-Sunset,040306312100,South Cerritos,39,Sentinel Peak Resources California LLC,Active,5,2020-08-31,2021-02-28,7,24.0,16510.0,2625.09,0,61.0,False,,False,,,,
Midway-Sunset,040306312100,South Cerritos,39,Sentinel Peak Resources California LLC,Active,6,2021-04-30,2021-05-31,2,12.0,9176.0,1458.98,0,61.0,False,,False,,,,
Midway-Sunset,040306312100,South Cerritos,39,Sentinel Peak Resources California LLC,Active,7,2021-07-31,2021-07-31,1,9.0,6727.0,1069.59,0,92.0,False,,False,,,,
Midway-Sunset,040306312100,South Cerritos,39,Sentinel Peak Resources California LLC,Active,8,2021-10-31,2021-10-31,1,3.0,1937.0,307.98,0,,True,,False,,,,
Midway-Sunset,040306312200,Williams,29,Sentinel Peak Resources California LLC,New,0,2018-03-31,2018-03-31,1,6.0,8199.0,1303.64,0,,True,,False,,,,
Midway-Sunset,040306312300,South Cerritos,38,Sentinel Peak Resources California LLC,New,0,2018-03-31,2018-03-31,1,3.0,4163.0,661.92,0,,True,,False,,,,
Midway-Sunset,040306312400,Fairfield,411,"Berry Petroleum Company, LLC",Active,0,2018-09-30,2018-10-31,2,18.0,10648.0,1693.03,0,,True,,False,,,,
Midway-Sunset,040306312500,Fairfield,412,"Berry Petroleum Company, LLC",Active,0,2018-01-31,2021-02-28,5,39.0,19894.0,3163.15,0,,True,,False,,,,
Midway-Sunset,040306314800,Anderson-Goodwin,AG-K114RA,Aera Energy LLC,Active,0,2021-08-31,2021-08-31,1,9.0,8630.0,1372.17,0,,True,,False,,,,
Midway-Sunset,040306315000,Anderson-Goodwin,AG-G116A,Aera Energy LLC,Active,0,2021-10-31,2021-10-31,1,10.0,9497.0,1510.02,0,,True,,False,,,,
Midway-Sunset,040306315100,Anderson-Goodwin,AG-G115A,Aera Energy LLC,Active,0,2019-06-30,2019-06-30,1,7.0,6342.0,1008.38,0,,True,,False,,,,
Midway-Sunset,040306315300,Anderson-Goodwin,AG-G114A,Aera Energy LLC,Active,0,2020-12-31,2021-12-31,3,21.0,11143.0,1771.74,0,,True,,False,,,,
Midway-Sunset,040306315800,Dome,218,Sentinel Peak Resources California LLC,Active,0,2018-03-31,2018-03-31,1,12.0,11694.0,1859.35,0,,True,,False,,,,
Midway-Sunset,040306316400,Dome,217,Sentinel Peak Resources California LLC,Active,0,2019-01-31,2019-02-28,2,15.0,11334.0,1802.11,0,337.0,False,,False,,,,
Midway-Sunset,040306316400,Dome,217,Sentinel Peak Resources California LLC,Active,1,2020-01-31,2020-01-31,1,14.0,8614.0,1369.63,0,425.0,False,,False,,,,
Midway-Sunset,040306316400,Dome,217,Sentinel Peak Resources California LLC,Active,2,2021-03-31,2021-03-31,1,8.0,4623.0,735.06,0,,True,,False,,,,
Midway-Sunset,040306316500,Dome,216,Sentinel Peak Resources California LLC,Active,0,2018-03-31,2018-03-31,1,4.0,3654.0,580.99,0,,True,,False,,,,
Midway-Sunset,040306320700,Fairfield,419,"Berry Petroleum Company, LLC",Active,0,2018-02-28,2018-03-31,2,16.0,8762.0,1393.16,0,,True,,False,,,,
Midway-Sunset,040306321700,Exeter-BAOC,EXB-134MA,Aera Energy LLC,Active,0,2021-03-31,2021-03-31,1,12.0,10946.0,1740.41,0,,True,,False,,,,
Midway-Sunset,040306321800,Keene,92,Sentinel Peak Resources California LLC,New,0,2018-03-31,2018-03-31,1,1.0,338.0,53.74,0,,True,,False,,,,
Midway-Sunset,040306336100,Unspecified,9535,"Seneca Resources Company, LLC",Active,0,2018-09-30,2018-09-30,1,16.0,4785.0,760.82,0,151.0,False,,False,,,,
Midway-Sunset,040306336100,Unspecified,9535,"Seneca Resources Company, LLC",Active,1,2019-02-28,2019-02-28,1,16.0,4800.0,763.2,0,275.0,False,,False,,,,
Midway-Sunset,040306336100,Unspecified,9535,"Seneca Resources Company, LLC",Active,2,2019-11-30,2019-12-31,2,16.0,4795.0,762.4,0,517.0,False,,False,,,,
Midway-Sunset,040306336100,Unspecified,9535,"Seneca Resources Company, LLC",Active,3,2021-05-31,2021-05-31,1,15.0,4445.0,706.75,0,92.0,False,,False,,,,
Midway-Sunset,040306336100,Unspecified,9535,"Seneca Resources Company, LLC",Active,4,2021-08-31,2021-09-30,2,14.0,3975.0,632.02,0,,True,,False,,,,
Midway-Sunset,040306336300,Unspecified,242T,"Seneca Resources Company, LLC",Active,0,2021-02-28,2021-02-28,1,16.0,5481.0,871.48,0,,True,,False,,,,
Midway-Sunset,040306336600,Unspecified,232AB,"Seneca Resources Company, LLC",Active,0,2020-07-31,2020-08-31,2,21.0,6393.0,1016.49,0,242.0,False,,False,,,,
Midway-Sunset,040306336600,Unspecified,232AB,"Seneca Resources Company, LLC",Active,1,2021-04-30,2021-05-31,2,9.0,3183.0,506.1,0,,True,,False,,,,
Midway-Sunset,040306336900,Unspecified,9579,"Seneca Resources Company, LLC",Active,0,2018-09-30,2018-09-30,1,19.0,5685.0,903.91,0,1004.0,False,,False,,,,
Midway-Sunset,040306336900,Unspecified,9579,"Seneca Resources Company, LLC",Active,1,2021-06-30,2021-06-30,1,6.0,1764.0,280.48,0,,True,,False,,,,
Midway-Sunset,040306337100,Unspecified,9546,"Seneca Resources Company, LLC",Active,0,2021-05-31,2021-05-31,1,15.0,4445.0,706.75,0,,True,,False,,,,
Midway-Sunset,040306337200,Unspecified,9542,"Seneca Resources Company, LLC",Active,0,2019-08-31,2019-09-30,2,20.0,5409.0,860.03,0,458.0,False,,False,,,,
Midway-Sunset,040306337200,Unspecified,9542,"Seneca Resources Company, LLC",Active,1,2020-12-31,2020-12-31,1,14.0,4181.0,664.78,0,120.0,False,,False,,,,
Midway-Sunset,040306337200,Unspecified,9542,"Seneca Resources Company, LLC",Active,2,2021-04-30,2021-05-31,2,13.0,3900.0,620.1,0,122.0,False,,False,,,,
Midway-Sunset,040306337200,Unspecified,9542,"Seneca Resources Company, LLC",Active,3,2021-09-30,2021-09-30,1,14.0,3989.0,634.25,0,,True,,False,,,,
Midway-Sunset,040306339900,Unspecified,232U,"Seneca Resources Company, LLC",Active,0,2020-09-30,2020-09-30,1,9.0,2913.0,463.17,0,151.0,False,,False,,,,
Midway-Sunset,040306339900,Unspecified,232U,"Seneca Resources Company, LLC",Active,1,2021-02-28,2021-03-31,2,18.0,6322.0,1005.2,0,244.0,False,,False,,,,
Midway-Sunset,040306339900,Unspecified,232U,"Seneca Resources Company, LLC",Active,2,2021-11-30,2021-12-31,2,16.0,5380.0,855.42,0,,True,,False,,,,
Midway-Sunset,040306340000,Unspecified,232Y,"Seneca Resources Company, LLC",Active,0,2020-09-30,2020-09-30,1,20.0,6348.0,1009.33,0,151.0,False,,False,,,,
Midway-Sunset,040306340000,Unspecified,232Y,"Seneca Resources Company, LLC",Active,1,2021-02-28,2021-02-28,1,16.0,5481.0,871.48,0,245.0,False,,False,,,,
Midway-Sunset,040306340000,Unspecified,232Y,"Seneca Resources Company, LLC",Active,2,2021-10-31,2021-11-30,2,14.0,4401.0,699.76,0,,True,,False,,,,
Midway-Sunset,040306349300,Cresceus,53H,Chevron U.S.A. Inc.,Active,0,2020-02-29,2020-03-31,2,5.0,3733.0,593.55,0,,True,,False,,,,
Midway-Sunset,040306349400,Virginia,76C,Chevron U.S.A. Inc.,Active,0,2020-02-29,2020-02-29,1,3.0,1794.0,285.25,0,396.0,False,,False,,,,
Midway-Sunset,040306349400,Virginia,76C,Chevron U.S.A. Inc.,Active,1,2021-03-31,2021-03-31,1,4.0,2053.0,326.43,0,,True,,False,,,,
Midway-Sunset,040306349500,Unspecified,677A,Chevron U.S.A. Inc.,Active,0,2021-03-31,2021-03-31,1,5.0,4880.0,775.92,0,275.0,False,,False,,,,
Midway-Sunset,040306349500,Unspecified,677A,Chevron U.S.A. Inc.,Active,1,2021-12-31,2021-12-31,1,5.0,4889.0,777.35,0,,True,,False,,,,
Midway-Sunset,040306352800,Monarch,208A,Chevron U.S.A. Inc.,Active,0,2019-02-28,2019-02-28,1,5.0,3559.0,565.88,0,245.0,False,,False,,,,
Midway-Sunset,040306352800,Monarch,208A,Chevron U.S.A. Inc.,Active,1,2019-10-31,2019-10-31,1,5.0,3585.0,570.01,0,152.0,False,,False,,,,
Midway-Sunset,040306352800,Monarch,208A,Chevron U.S.A. Inc.,Active,2,2020-03-31,2020-03-31,1,4.0,2751.0,437.41,0,91.0,False,,False,,,,
Midway-Sunset,040306352800,Monarch,208A,Chevron U.S.A. Inc.,Active,3,2020-06-30,2020-06-30,1,4.0,2497.0,397.02,0,92.0,False,,False,,,,
Midway-Sunset,040306352800,Monarch,208A,Chevron U.S.A. Inc.,Active,4,2020-09-30,2020-09-30,1,2.0,999.0,158.84,0,61.0,False,,False,,,,
Midway-Sunset,040306352800,Monarch,208A,Chevron U.S.A. Inc.,Active,5,2020-11-30,2020-11-30,1,4.0,2676.0,425.48,0,,True,,False,,,,
Midway-Sunset,040306353000,Virginia,66A,Chevron U.S.A. Inc.,Active,0,2019-04-30,2019-04-30,1,4.0,2700.0,429.3,0,427.0,False,,False,,,,
Midway-Sunset,040306353000,Virginia,66A,Chevron U.S.A. Inc.,Active,1,2020-06-30,2020-06-30,1,6.0,4424.0,703.42,0,457.0,False,,False,,,,
Midway-Sunset,040306353000,Virginia,66A,Chevron U.S.A. Inc.,Active,2,2021-09-30,2021-09-30,1,5.0,2465.0,391.94,0,,True,,False,,,,
Midway-Sunset,040306353300,Unspecified,76A,Chevron U.S.A. Inc.,Active,0,2020-08-31,2020-08-31,1,5.0,4432.0,704.69,0,153.0,False,,False,,,,
Midway-Sunset,040306353300,Unspecified,76A,Chevron U.S.A. Inc.,Active,1,2021-01-31,2021-01-31,1,5.0,4642.0,738.08,0,,True,,False,,,,
Midway-Sunset,040306355900,Unspecified,272E,"Seneca Resources Company, LLC",Active,0,2020-09-30,2020-09-30,1,8.0,2599.0,413.24,0,457.0,False,,False,,,,
Midway-Sunset,040306355900,Unspecified,272E,"Seneca Resources Company, LLC",Active,1,2021-12-31,2021-12-31,1,13.0,4237.0,673.68,0,,True,,False,,,,
Midway-Sunset,040306359500,Chevron Fee,638,Chevron U.S.A. Inc.,Active,0,2020-09-30,2020-09-30,1,1.0,178.0,28.3,0,,True,,False,,,,
Midway-Sunset,040306359900,Chevron Fee,619,Chevron U.S.A. Inc.,Active,0,2021-10-31,2021-10-31,1,5.0,5252.0,835.07,0,,True,,False,,,,
Midway-Sunset,040306369400,Dome,233,Sentinel Peak Resources California LLC,Active,0,2021-03-31,2021-03-31,1,8.0,4246.0,675.11,0,,True,,False,,,,
Midway-Sunset,040306369500,Dome,244,Sentinel Peak Resources California LLC,Active,0,2021-03-31,2021-03-31,1,8.0,3867.0,614.85,0,,True,,False,,,,
Midway-Sunset,040306370600,Catfish,2010H,"Berry Petroleum Company, LLC",Active,0,2018-09-30,2020-10-31,3,40.0,67671.0,10759.69,0,,True,,False,,,,
Midway-Sunset,040306370700,Catfish,2012H,"Berry Petroleum Company, LLC",Active,0,2018-06-30,2018-06-30,1,2.0,4375.0,695.62,0,,True,,False,,,,
Midway-Sunset,040306371000,Catfish,2017H,"Berry Petroleum Company, LLC",Active,0,2018-06-30,2018-06-30,1,2.0,4095.0,651.11,0,1188.0,False,,False,,,,
Midway-Sunset,040306371000,Catfish,2017H,"Berry Petroleum Company, LLC",Active,1,2021-09-30,2021-10-31,2,5.0,7662.0,1218.26,0,,True,,False,,,,
Midway-Sunset,040306371100,Catfish,2013H,"Berry Petroleum Company, LLC",Active,0,2018-06-30,2020-11-30,3,19.0,46220.0,7348.98,0,,True,,False,,,,
Midway-Sunset,040306371200,Catfish,2015H,"Berry Petroleum Company, LLC",Active,0,2018-06-30,2018-06-30,1,2.0,3814.0,606.43,0,,True,,False,,,,
Midway-Sunset,040306371300,Catfish,2014H,"Berry Petroleum Company, LLC",Active,0,2019-04-30,2021-03-31,6,108.0,171506.0,27269.45,0,,True,,False,,,,
Midway-Sunset,040306371500,Catfish,2009H,"Berry Petroleum Company, LLC",Active,0,2021-09-30,2021-09-30,1,5.0,8308.0,1320.97,0,,True,,False,,,,
Midway-Sunset,040306371600,Unspecified,HP-1,"Berry Petroleum Company, LLC",Active,0,2019-02-28,2019-02-28,1,1.0,184.0,29.26,0,,True,,False,,,,
Midway-Sunset,040306371700,Fairfield,62-76,"Berry Petroleum Company, LLC",Active,0,2018-08-31,2021-12-31,36,168.0,351292.0,55855.43,0,,True,,False,,,,
Midway-Sunset,040306371800,Fairfield,65-77,"Berry Petroleum Company, LLC",Active,0,2018-08-31,2021-10-31,36,198.0,324827.0,51647.49,0,,True,,False,,,,
Midway-Sunset,040306371900,Fairfield,64-76,"Berry Petroleum Company, LLC",Active,0,2018-08-31,2021-11-30,36,155.0,341636.0,54320.12,0,,True,,False,,,,
Midway-Sunset,040306372000,Fairfield,63-77,"Berry Petroleum Company, LLC",Active,0,2018-08-31,2021-12-31,35,180.0,390373.0,62069.31,0,,True,,False,,,,
Midway-Sunset,040306372100,Fairfield,63-79,"Berry Petroleum Company, LLC",Active,0,2018-08-31,2021-12-31,34,205.0,368353.0,58568.13,0,,True,,False,,,,
Midway-Sunset,040306372200,Fairfield,64-78,"Berry Petroleum Company, LLC",Active,0,2018-08-31,2021-05-31,27,123.0,230600.0,36665.4,0,,True,,False,,,,
Midway-Sunset,040306372300,Fairfield,62-78,"Berry Petroleum Company, LLC",Active,0,2018-08-31,2021-11-30,34,142.0,347667.0,55279.05,0,,True,,False,,,,
Midway-Sunset,040306372400,Fairfield,61-77,"Berry Petroleum Company, LLC",Active,0,2019-10-31,2021-12-31,22,103.0,217226.0,34538.93,0,,True,,False,,,,
Midway-Sunset,040306374300,Unspecified,639,Chevron U.S.A. Inc.,Active,0,2021-09-30,2021-09-30,1,5.0,5878.0,934.6,0,,True,,False,,,,
Midway-Sunset,040306376700,Unspecified,38-19,"Berry Petroleum Company, LLC",Active,0,2018-07-31,2020-09-30,25,246.0,171808.0,27317.47,0,365.0,False,,False,,,,
Midway-Sunset,040306376700,Unspecified,38-19,"Berry Petroleum Company, LLC",Active,1,2021-09-30,2021-12-31,4,20.0,3768.0,599.11,0,,True,,False,,,,
Midway-Sunset,040306376800,Unspecified,39-20,"Berry Petroleum Company, LLC",Active,0,2018-07-31,2020-10-31,26,245.0,164034.0,26081.41,0,334.0,False,,False,,,,
Midway-Sunset,040306376800,Unspecified,39-20,"Berry Petroleum Company, LLC",Active,1,2021-09-30,2021-12-31,4,28.0,13648.0,2170.03,0,,True,,False,,,,
Midway-Sunset,040306376900,Unspecified,45-29R,"Berry Petroleum Company, LLC",Active,0,2019-05-31,2021-01-31,6,42.0,53586.0,8520.17,0,,True,,False,,,,
Midway-Sunset,040306377100,Unspecified,42-21,"Berry Petroleum Company, LLC",Active,0,2018-11-30,2021-03-31,26,212.0,131170.0,20856.03,0,61.0,False,,False,,,,
Midway-Sunset,040306377100,Unspecified,42-21,"Berry Petroleum Company, LLC",Active,1,2021-05-31,2021-12-31,8,51.0,41024.0,6522.82,0,,True,,False,,,,
Midway-Sunset,040306377200,Unspecified,41-22,"Berry Petroleum Company, LLC",Active,0,2020-10-31,2021-03-31,6,26.0,27168.0,4319.71,0,,True,,False,,,,
Midway-Sunset,040306377300,Unspecified,40-23,"Berry Petroleum Company, LLC",Active,0,2018-11-30,2021-12-31,29,219.0,135082.0,21478.04,0,,True,,False,,,,
Midway-Sunset,040306377400,Unspecified,37-20,"Berry Petroleum Company, LLC",Active,0,2018-07-31,2020-09-30,25,224.0,115693.0,18395.19,0,365.0,False,,False,,,,
Midway-Sunset,040306377400,Unspecified,37-20,"Berry Petroleum Company, LLC",Active,1,2021-09-30,2021-12-31,4,20.0,4426.0,703.73,0,,True,,False,,,,
Midway-Sunset,040306377500,Unspecified,38-21,"Berry Petroleum Company, LLC",Active,0,2018-07-31,2020-10-31,26,238.0,156737.0,24921.18,0,334.0,False,,False,,,,
Midway-Sunset,040306377500,Unspecified,38-21,"Berry Petroleum Company, LLC",Active,1,2021-09-30,2021-12-31,4,23.0,4424.0,703.42,0,,True,,False,,,,
Midway-Sunset,040306377600,Unspecified,40-21,"Berry Petroleum Company, LLC",Active,0,2020-10-31,2021-04-30,7,39.0,32101.0,5104.06,0,,True,,False,,,,
Midway-Sunset,040306377700,Unspecified,41-20,"Berry Petroleum Company, LLC",Active,0,2018-11-30,2021-03-31,27,194.0,130819.0,20800.22,0,,True,,False,,,,
Midway-Sunset,040306378000,Unspecified,44-27,"Berry Petroleum Company, LLC",Active,0,2018-09-30,2021-12-31,32,250.0,178285.0,28347.31,0,,True,,False,,,,
Midway-Sunset,040306379400,Unspecified,47-30,"Berry Petroleum Company, LLC",Active,0,2018-07-31,2021-02-28,30,238.0,213560.0,33956.04,0,92.0,False,,False,,,,
Midway-Sunset,040306379400,Unspecified,47-30,"Berry Petroleum Company, LLC",Active,1,2021-05-31,2021-12-31,8,54.0,49079.0,7803.56,0,,True,,False,,,,
Midway-Sunset,040306379800,Tumbador,161,Sentinel Peak Resources California LLC,Active,0,2020-01-31,2020-01-31,1,2.0,922.0,146.6,0,,True,,False,,,,
Midway-Sunset,040306381400,Tumbador,B1H23,Chevron U.S.A. Inc.,Idle,0,2019-02-28,2019-02-28,1,4.0,4031.0,640.93,0,275.0,False,,False,,,,
Midway-Sunset,040306381400,Tumbador,B1H23,Chevron U.S.A. Inc.,Idle,1,2019-11-30,2019-11-30,1,5.0,6455.0,1026.35,0,,True,,False,,,,
Midway-Sunset,040306381800,Maxwell,M75,Aera Energy LLC,Active,0,2021-03-31,2021-10-31,3,16.0,13608.0,2163.67,0,,True,,False,,,,
Midway-Sunset,040306381900,Maxwell,L11,Aera Energy LLC,Active,0,2021-03-31,2021-10-31,3,26.0,21750.0,3458.25,0,,True,,False,,,,
Midway-Sunset,040306382000,Maxwell,L10,Aera Energy LLC,Active,0,2021-05-31,2021-10-31,3,17.0,13861.0,2203.9,0,,True,,False,,,,
Midway-Sunset,040306382100,Maxwell,875,Aera Energy LLC,Active,0,2021-06-30,2021-11-30,2,14.0,13501.0,2146.66,0,,True,,False,,,,
Midway-Sunset,040306382200,Maxwell,874,Aera Energy LLC,Active,0,2021-01-31,2021-11-30,3,21.0,19018.0,3023.86,0,,True,,False,,,,
Midway-Sunset,040306382300,,48-29,"Berry Petroleum Company, LLC",Active,0,2021-04-30,2021-12-31,9,69.0,31590.0,5022.81,0,,True,,False,,,,
Midway-Sunset,040306382400,Unspecified,48-31,"Berry Petroleum Company, LLC",Active,0,2019-10-31,2021-12-31,24,206.0,148606.0,23628.35,0,,True,,False,,,,
Midway-Sunset,040306382500,Unspecified,49-30,"Berry Petroleum Company, LLC",Active,0,2018-08-31,2021-12-31,36,268.0,217299.0,34550.54,0,,True,,False,,,,
Midway-Sunset,040306382600,Unspecified,49-32,"Berry Petroleum Company, LLC",Active,0,2018-08-31,2021-12-31,38,311.0,218582.0,34754.54,0,,True,,False,,,,
Midway-Sunset,040306382700,Unspecified,50-31,"Berry Petroleum Company, LLC",Active,0,2018-08-31,2021-12-31,38,357.0,315379.0,50145.26,0,,True,,False,,,,
Midway-Sunset,040306382800,Unspecified,50-33,"Berry Petroleum Company, LLC",Active,0,2019-04-30,2021-12-31,30,290.0,220045.0,34987.15,0,,True,,False,,,,
Midway-Sunset,040306383000,Pan,I-34I,"Berry Petroleum Company, LLC",Active,0,2018-12-31,2018-12-31,1,31.0,13749.0,2186.09,0,,True,,False,,,,
Midway-Sunset,040306385900,Chevron Fee,660,Chevron U.S.A. Inc.,Active,0,2019-03-31,2019-03-31,1,11.0,9568.0,1521.31,0,,True,,False,,,,
Midway-Sunset,040306388100,Unspecified,105B,Chevron U.S.A. Inc.,Active,0,2019-10-31,2019-10-31,1,4.0,2916.0,463.64,0,335.0,False,,False,,,,
Midway-Sunset,040306388100,Unspecified,105B,Chevron U.S.A. Inc.,Active,1,2020-09-30,2020-09-30,1,5.0,4240.0,674.16,0,335.0,False,,False,,,,
Midway-Sunset,040306388100,Unspecified,105B,Chevron U.S.A. Inc.,Active,2,2021-08-31,2021-08-31,1,5.0,5329.0,847.31,0,122.0,False,,False,,,,
Midway-Sunset,040306388100,Unspecified,105B,Chevron U.S.A. Inc.,Active,3,2021-12-31,2021-12-31,1,5.0,4976.0,791.18,0,,True,,False,,,,
Midway-Sunset,040306391900,Unspecified,994A,Chevron U.S.A. Inc.,New,0,2019-03-31,2019-03-31,1,2.0,996.0,158.36,0,214.0,False,,False,,,,
Midway-Sunset,040306391900,Unspecified,994A,Chevron U.S.A. Inc.,New,1,2019-10-31,2019-10-31,1,5.0,3867.0,614.85,0,,True,,False,,,,
Midway-Sunset,040306393400,Unspecified,497A,Chevron U.S.A. Inc.,Active,0,2019-02-28,2019-02-28,1,4.0,2672.0,424.85,0,245.0,False,,False,,,,
Midway-Sunset,040306393400,Unspecified,497A,Chevron U.S.A. Inc.,Active,1,2019-10-31,2019-10-31,1,5.0,3779.0,600.86,0,427.0,False,,False,,,,
Midway-Sunset,040306393400,Unspecified,497A,Chevron U.S.A. Inc.,Active,2,2020-12-31,2020-12-31,1,5.0,4580.0,728.22,0,,True,,False,,,,
Midway-Sunset,040306396000,Keene,96,Sentinel Peak Resources California LLC,Active,0,2020-07-31,2020-10-31,4,29.0,24266.0,3858.29,0,,True,,False,,,,
Midway-Sunset,040306396400,Keene,95,Sentinel Peak Resources California LLC,Active,0,2018-07-31,2019-07-31,13,43.0,66159.0,10519.28,0,184.0,False,,False,,,,
Midway-Sunset,040306396400,Keene,95,Sentinel Peak Resources California LLC,Active,1,2020-01-31,2020-01-31,1,1.0,677.0,107.64,0,151.0,False,,False,,,,
Midway-Sunset,040306396400,Keene,95,Sentinel Peak Resources California LLC,Active,2,2020-06-30,2020-11-30,6,36.0,23359.0,3714.08,0,,True,,False,,,,
Midway-Sunset,040306396500,Williams,30,Sentinel Peak Resources California LLC,Active,0,2019-05-31,2019-07-31,3,8.0,10873.0,1728.81,0,184.0,False,,False,,,,
Midway-Sunset,040306396500,Williams,30,Sentinel Peak Resources California LLC,Active,1,2020-01-31,2020-02-29,2,5.0,3126.0,497.03,0,,True,,False,,,,
Midway-Sunset,040306396600,Williams,31,Sentinel Peak Resources California LLC,Active,0,2018-07-31,2018-08-31,2,12.0,7929.0,1260.71,0,61.0,False,,False,,,,
Midway-Sunset,040306396600,Williams,31,Sentinel Peak Resources California LLC,Active,1,2018-10-31,2019-02-28,5,17.0,14206.0,2258.75,0,61.0,False,,False,,,,
Midway-Sunset,040306396600,Williams,31,Sentinel Peak Resources California LLC,Active,2,2019-04-30,2019-04-30,1,3.0,2484.0,394.96,0,61.0,False,,False,,,,
Midway-Sunset,040306396600,Williams,31,Sentinel Peak Resources California LLC,Active,3,2019-06-30,2019-07-31,2,8.0,5804.0,922.84,0,184.0,False,,False,,,,
Midway-Sunset,040306396600,Williams,31,Sentinel Peak Resources California LLC,Active,4,2020-01-31,2020-01-31,1,3.0,1101.0,175.06,0,,True,,False,,,,
Midway-Sunset,040306396700,Keene,100,Sentinel Peak Resources California LLC,Active,0,2018-07-31,2018-08-31,2,9.0,5724.0,910.12,0,61.0,False,,False,,,,
Midway-Sunset,040306396700,Keene,100,Sentinel Peak Resources California LLC,Active,1,2018-10-31,2018-12-31,3,10.0,8290.0,1318.11,0,547.0,False,,False,,,,
Midway-Sunset,040306396700,Keene,100,Sentinel Peak Resources California LLC,Active,2,2020-06-30,2020-11-30,6,30.0,19950.0,3172.05,0,,True,,False,,,,
Midway-Sunset,040306400400,Section 31D,2200H,"Berry Petroleum Company, LLC",Active,0,2019-08-31,2021-04-30,6,64.0,72733.0,11564.55,0,,True,,False,,,,
Midway-Sunset,040306400500,Main Camp,FG-5,"Berry Petroleum Company, LLC",Active,0,2018-12-31,2018-12-31,1,31.0,6088.0,967.99,0,,True,,False,,,,
Midway-Sunset,040306405400,Berry & Ewing,2105H,"Berry Petroleum Company, LLC",Active,0,2021-10-31,2021-10-31,1,1.0,1406.0,223.55,0,,True,,False,,,,
Midway-Sunset,040306407200,Hillside,2007H,"Berry Petroleum Company, LLC",Active,0,2018-09-30,2018-09-30,1,3.0,16626.0,2643.53,0,1004.0,False,,False,,,,
Midway-Sunset,040306407200,Hillside,2007H,"Berry Petroleum Company, LLC",Active,1,2021-06-30,2021-08-31,3,46.0,57892.0,9204.83,0,,True,,False,,,,
Midway-Sunset,040306407300,Keene,97,Sentinel Peak Resources California LLC,Active,0,2018-08-31,2018-08-31,1,3.0,3696.0,587.66,0,61.0,False,,False,,,,
Midway-Sunset,040306407300,Keene,97,Sentinel Peak Resources California LLC,Active,1,2018-10-31,2019-07-31,10,35.0,54230.0,8622.57,0,335.0,False,,False,,,,
Midway-Sunset,040306407300,Keene,97,Sentinel Peak Resources California LLC,Active,2,2020-06-30,2020-11-30,6,33.0,22934.0,3646.51,0,365.0,False,,False,,,,
Midway-Sunset,040306407300,Keene,97,Sentinel Peak Resources California LLC,Active,3,2021-11-30,2021-12-31,2,9.0,3261.0,518.5,0,,True,,False,,,,
Midway-Sunset,040306408300,South Cerritos,40,Sentinel Peak Resources California LLC,Active,0,2018-08-31,2019-01-31,6,24.0,18285.0,2907.32,0,59.0,False,,False,,,,
Midway-Sunset,040306408300,South Cerritos,40,Sentinel Peak Resources California LLC,Active,1,2019-03-31,2019-03-31,1,2.0,1820.0,289.38,0,61.0,False,,False,,,,
Midway-Sunset,040306408300,South Cerritos,40,Sentinel Peak Resources California LLC,Active,2,2019-05-31,2019-07-31,3,7.0,5815.0,924.59,0,184.0,False,,False,,,,
Midway-Sunset,040306408300,South Cerritos,40,Sentinel Peak Resources California LLC,Active,3,2020-01-31,2020-02-29,2,5.0,5891.0,936.67,0,122.0,False,,False,,,,
Midway-Sunset,040306408300,South Cerritos,40,Sentinel Peak Resources California LLC,Active,4,2020-06-30,2020-07-31,2,6.0,5543.0,881.34,0,92.0,False,,False,,,,
Midway-Sunset,040306408300,South Cerritos,40,Sentinel Peak Resources California LLC,Active,5,2020-10-31,2020-10-31,1,6.0,6012.0,955.91,0,,True,,False,,,,
Midway-Sunset,040306408400,Kelly,26,Sentinel Peak Resources California LLC,Active,0,2018-09-30,2019-07-31,11,44.0,70161.0,11155.6,0,823.0,False,,False,,,,
Midway-Sunset,040306408400,Kelly,26,Sentinel Peak Resources California LLC,Active,1,2021-10-31,2021-10-31,1,3.0,1846.0,293.51,0,,True,,False,,,,
Midway-Sunset,040306408500,Kelly,25,Sentinel Peak Resources California LLC,Active,0,2018-09-30,2019-07-31,11,41.0,62474.0,9933.37,0,335.0,False,,False,,,,
Midway-Sunset,040306408500,Kelly,25,Sentinel Peak Resources California LLC,Active,1,2020-06-30,2020-07-31,2,12.0,6551.0,1041.61,0,457.0,False,,False,,,,
Midway-Sunset,040306408500,Kelly,25,Sentinel Peak Resources California LLC,Active,2,2021-10-31,2021-10-31,1,3.0,2337.0,371.58,0,,True,,False,,,,
Midway-Sunset,040306417500,Finley-Johnson-Fox,496AB,Aera Energy LLC,Active,0,2018-11-30,2021-11-30,4,46.0,38407.0,6106.71,0,,True,,False,,,,
Midway-Sunset,040306422400,W & S,320A,Aera Energy LLC,Active,0,2018-12-31,2019-03-31,3,22.0,13112.0,2084.81,0,,True,,False,,,,
Midway-Sunset,040306422500,W & S,342A,Aera Energy LLC,Active,0,2019-02-28,2019-05-31,4,20.0,12053.0,1916.43,0,,True,,False,,,,
Midway-Sunset,040306422700,W & S,344A,Aera Energy LLC,Active,0,2019-03-31,2019-05-31,2,29.0,13232.0,2103.89,0,,True,,False,,,,
Midway-Sunset,040306422800,W & S,324A,Aera Energy LLC,Active,0,2018-12-31,2019-05-31,3,19.0,13925.0,2214.07,0,,True,,False,,,,
Midway-Sunset,040306422900,W & S,360A,Aera Energy LLC,Active,0,2019-03-31,2019-05-31,3,23.0,11688.0,1858.39,0,,True,,False,,,,
Midway-Sunset,040306423200,W & S,362A,Aera Energy LLC,Active,0,2019-01-31,2020-12-31,5,37.0,30911.0,4914.85,0,,True,,False,,,,
Midway-Sunset,040306433800,W & S,340A,Aera Energy LLC,Active,0,2019-02-28,2019-04-30,2,19.0,12892.0,2049.83,0,,True,,False,,,,
Midway-Sunset,040306433900,Finley-Johnson-Fox,494A,Aera Energy LLC,New,0,2018-10-31,2021-07-31,4,36.0,27406.0,4357.55,0,,True,,False,,,,
Midway-Sunset,040306434000,Finley-Hausen-II,495BA,Aera Energy LLC,Active,0,2019-07-31,2021-11-30,5,35.0,28446.0,4522.91,0,,True,,False,,,,
Midway-Sunset,040306434800,Ethel D,53R,"Berry Petroleum Company, LLC",Active,0,2018-11-30,2018-11-30,1,6.0,3634.0,577.81,0,,True,,False,,,,
Midway-Sunset,040306435000,Ethel D,OS-0301,"Berry Petroleum Company, LLC",Active,0,2018-09-30,2019-01-31,2,16.0,8782.0,1396.34,0,,True,,False,,,,
Midway-Sunset,040306435100,Ethel D,OS-0601,"Berry Petroleum Company, LLC",Active,0,2018-10-31,2018-12-31,3,21.0,9345.0,1485.86,0,,True,,False,,,,
Midway-Sunset,040306435200,Ethel D,OS-0101,"Berry Petroleum Company, LLC",Active,0,2018-09-30,2019-03-31,5,28.0,13965.0,2220.43,0,,True,,False,,,,
Midway-Sunset,040306435300,Ethel D,439R,"Berry Petroleum Company, LLC",Active,0,2018-10-31,2020-05-31,3,12.0,8519.0,1354.52,0,,True,,False,,,,
Midway-Sunset,040306435400,Ethel D,OS-0401,"Berry Petroleum Company, LLC",Active,0,2018-10-31,2019-04-30,2,17.0,9068.0,1441.81,0,,True,,False,,,,
Midway-Sunset,040306435800,W & S,364A,Aera Energy LLC,Active,0,2019-02-28,2019-03-31,2,12.0,6339.0,1007.9,0,,True,,False,,,,
Midway-Sunset,040306435900,Ethel D,OS-1013,"Berry Petroleum Company, LLC",Active,0,2019-05-31,2019-06-30,2,7.0,3224.0,512.62,0,,True,,False,,,,
Midway-Sunset,040306436000,Ethel D,OS-1003,"Berry Petroleum Company, LLC",Active,0,2018-10-31,2019-06-30,4,44.0,21776.0,3462.38,0,,True,,False,,,,
Midway-Sunset,040306436100,Ethel D,OS-0201,"Berry Petroleum Company, LLC",Idle,0,2018-09-30,2019-06-30,4,27.0,15446.0,2455.91,0,,True,,False,,,,
Midway-Sunset,040306436200,Ethel D,OS-0313,"Berry Petroleum Company, LLC",Active,0,2019-03-31,2019-03-31,1,5.0,2550.0,405.45,0,,True,,False,,,,
Midway-Sunset,040306436300,Ethel D,OS-0812,"Berry Petroleum Company, LLC",Active,0,2018-10-31,2019-05-31,6,36.0,16442.0,2614.28,0,,True,,False,,,,
Midway-Sunset,040306436400,Ethel D,OS-1113,"Berry Petroleum Company, LLC",Active,0,2019-05-31,2019-06-30,2,20.0,9397.0,1494.12,0,,True,,False,,,,
Midway-Sunset,040306436500,Ethel D,OS-0501,"Berry Petroleum Company, LLC",Active,0,2018-10-31,2019-01-31,3,19.0,8747.0,1390.77,0,,True,,False,,,,
Midway-Sunset,040306436800,W & S,322A,Aera Energy LLC,Active,0,2019-02-28,2021-11-30,4,40.0,33129.0,5267.51,0,,True,,False,,,,
Midway-Sunset,040306437100,17N,8555R,"Seneca Resources Company, LLC",Active,0,2021-06-30,2021-06-30,1,8.0,2372.0,377.15,0,,True,,False,,,,
Midway-Sunset,040306437200,Unspecified,7854R,"Seneca Resources Company, LLC",Active,0,2021-10-31,2021-11-30,2,17.0,5072.0,806.45,0,,True,,False,,,,
Midway-Sunset,040306437400,17N,8952R,"Seneca Resources Company, LLC",Active,0,2021-07-31,2021-07-31,1,14.0,4200.0,667.8,0,,True,,False,,,,
Midway-Sunset,040306438100,Unspecified,8548R,"Seneca Resources Company, LLC",Active,0,2021-06-30,2021-09-30,4,28.0,8146.0,1295.21,0,,True,,False,,,,
Midway-Sunset,040306438200,17N,9256R,"Seneca Resources Company, LLC",Active,0,2020-10-31,2020-10-31,1,7.0,1958.0,311.32,0,120.0,False,,False,,,,
Midway-Sunset,040306438200,17N,9256R,"Seneca Resources Company, LLC",Active,1,2021-02-28,2021-03-31,2,19.0,5700.0,906.3,0,122.0,False,,False,,,,
Midway-Sunset,040306438200,17N,9256R,"Seneca Resources Company, LLC",Active,2,2021-07-31,2021-07-31,1,14.0,4138.0,657.94,0,92.0,False,,False,,,,
Midway-Sunset,040306438200,17N,9256R,"Seneca Resources Company, LLC",Active,3,2021-10-31,2021-10-31,1,14.0,3913.0,622.17,0,,True,,False,,,,
Midway-Sunset,040306438300,Unspecified,8259R,"Seneca Resources Company, LLC",Active,0,2020-08-31,2020-09-30,2,23.0,6680.0,1062.12,0,212.0,False,,False,,,,
Midway-Sunset,040306438300,Unspecified,8259R,"Seneca Resources Company, LLC",Active,1,2021-04-30,2021-04-30,1,15.0,4429.0,704.21,0,153.0,False,,False,,,,
Midway-Sunset,040306438300,Unspecified,8259R,"Seneca Resources Company, LLC",Active,2,2021-09-30,2021-09-30,1,14.0,3989.0,634.25,0,,True,,False,,,,
Midway-Sunset,040306438400,Fairfield,61-81,"Berry Petroleum Company, LLC",Active,0,2019-09-30,2021-12-31,25,122.0,288129.0,45812.51,0,,True,,False,,,,
Midway-Sunset,040306438500,Fairfield,60-80,"Berry Petroleum Company, LLC",Active,0,2019-09-30,2021-11-30,22,90.0,262337.0,41711.58,0,,True,,False,,,,
Midway-Sunset,040306438600,Fairfield,59-79,"Berry Petroleum Company, LLC",New,0,2019-09-30,2021-11-30,25,115.0,225879.0,35914.76,0,,True,,False,,,,
Midway-Sunset,040306438700,Fairfield,62-80,"Berry Petroleum Company, LLC",Active,0,2019-09-30,2021-12-31,25,118.0,274772.0,43688.75,0,,True,,False,,,,
Midway-Sunset,040306438800,Fairfield,61-79,"Berry Petroleum Company, LLC",Active,0,2019-09-30,2021-12-31,23,103.0,216001.0,34344.16,0,,True,,False,,,,
Midway-Sunset,040306438900,Fairfield,60-78,"Berry Petroleum Company, LLC",Active,0,2019-09-30,2021-11-30,22,104.0,209159.0,33256.28,0,,True,,False,,,,
Midway-Sunset,040306440500,17N,8859R,"Seneca Resources Company, LLC",Active,0,2021-03-31,2021-04-30,2,11.0,3256.0,517.7,0,61.0,False,,False,,,,
Midway-Sunset,040306440500,17N,8859R,"Seneca Resources Company, LLC",Active,1,2021-06-30,2021-06-30,1,13.0,3850.0,612.15,0,92.0,False,,False,,,,
Midway-Sunset,040306440500,17N,8859R,"Seneca Resources Company, LLC",Active,2,2021-09-30,2021-10-31,2,14.0,4075.0,647.92,0,,True,,False,,,,
Midway-Sunset,040306440600,17N,9556R,"Seneca Resources Company, LLC",Active,0,2020-12-31,2021-03-31,4,42.0,12600.0,2003.4,0,,True,,False,,,,
Midway-Sunset,040306440700,17N,8946R,"Seneca Resources Company, LLC",Active,0,2020-12-31,2021-01-31,2,21.0,6300.0,1001.7,0,59.0,False,,False,,,,
Midway-Sunset,040306440700,17N,8946R,"Seneca Resources Company, LLC",Active,1,2021-03-31,2021-03-31,1,14.0,4168.0,662.71,0,91.0,False,,False,,,,
Midway-Sunset,040306440700,17N,8946R,"Seneca Resources Company, LLC",Active,2,2021-06-30,2021-07-31,2,14.0,4171.0,663.19,0,61.0,False,,False,,,,
Midway-Sunset,040306440700,17N,8946R,"Seneca Resources Company, LLC",Active,3,2021-09-30,2021-10-31,2,14.0,4075.0,647.92,0,,True,,False,,,,
Midway-Sunset,040306443900,Cherokee,107CR,"Seneca Resources Company, LLC",Active,0,2019-09-30,2019-09-30,1,21.0,9802.0,1558.52,0,336.0,False,,False,,,,
Midway-Sunset,040306443900,Cherokee,107CR,"Seneca Resources Company, LLC",Active,1,2020-08-31,2020-09-30,2,22.0,10082.0,1603.04,0,304.0,False,,False,,,,
Midway-Sunset,040306443900,Cherokee,107CR,"Seneca Resources Company, LLC",Active,2,2021-07-31,2021-08-31,2,19.0,8010.0,1273.59,0,,True,,False,,,,
Midway-Sunset,040306444000,Hillside,3010H,"Berry Petroleum Company, LLC",New,0,2019-10-31,2019-10-31,1,8.0,7672.0,1219.85,0,,True,,False,,,,
Midway-Sunset,040306444500,B.B.&O.,1300H,"Berry Petroleum Company, LLC",Active,0,2021-09-30,2021-09-30,1,4.0,7558.0,1201.72,0,,True,,False,,,,
Midway-Sunset,040306444600,B.B.&O.,1350H,"Berry Petroleum Company, LLC",Active,0,2020-12-31,2020-12-31,1,5.0,7611.0,1210.15,0,,True,,False,,,,
Midway-Sunset,040306444700,Formax East,1300H,"Berry Petroleum Company, LLC",Active,0,2019-01-31,2019-08-31,4,38.0,47040.0,7479.36,0,,True,,False,,,,
Midway-Sunset,040306448400,Unspecified,HP-9,"Berry Petroleum Company, LLC",Active,0,2019-01-31,2019-01-31,1,4.0,4255.0,676.54,0,,True,,False,,,,
Midway-Sunset,040306448500,Unspecified,HP-3,"Berry Petroleum Company, LLC",Active,0,2019-01-31,2019-01-31,1,7.0,14345.0,2280.86,0,,True,,False,,,,
Midway-Sunset,040306448600,Unspecified,HP-4,"Berry Petroleum Company, LLC",Active,0,2019-02-28,2019-07-31,2,23.0,3906.0,621.05,0,,True,,False,,,,
Midway-Sunset,040306449800,Unspecified,HP-12,"Berry Petroleum Company, LLC",Active,0,2019-02-28,2019-02-28,1,1.0,1488.0,236.59,0,,True,,False,,,,
Midway-Sunset,040306453200,Unspecified,17N-9550,"Seneca Resources Company, LLC",Active,0,2021-07-31,2021-07-31,1,18.0,5338.0,848.74,0,,True,,False,,,,
Midway-Sunset,040306455400,Fairfield,58-80,"Berry Petroleum Company, LLC",Active,0,2019-10-31,2021-12-31,25,134.0,270445.0,43000.75,0,,True,,False,,,,
Midway-Sunset,040306455500,Fairfield,58-78,"Berry Petroleum Company, LLC",Plugged,0,2019-09-30,2019-09-30,1,7.0,15890.0,2526.51,0,,True,,False,,,,
Midway-Sunset,040306456300,Unspecified,6250R,"Seneca Resources Company, LLC",Active,0,2020-03-31,2020-03-31,1,1.0,1689.0,268.55,0,91.0,False,,False,,,,
Midway-Sunset,040306456300,Unspecified,6250R,"Seneca Resources Company, LLC",Active,1,2020-06-30,2020-08-31,3,30.0,8617.0,1370.1,0,61.0,False,,False,,,,
Midway-Sunset,040306456300,Unspecified,6250R,"Seneca Resources Company, LLC",Active,2,2020-10-31,2020-10-31,1,14.0,3596.0,571.76,0,334.0,False,,False,,,,
Midway-Sunset,040306456300,Unspecified,6250R,"Seneca Resources Company, LLC",Active,3,2021-09-30,2021-10-31,2,14.0,4075.0,647.92,0,,True,,False,,,,
Midway-Sunset,040306456400,17N,6857R,"Seneca Resources Company, LLC",Active,0,2020-03-31,2020-03-31,1,1.0,4425.0,703.58,0,214.0,False,,False,,,,
Midway-Sunset,040306456400,17N,6857R,"Seneca Resources Company, LLC",Active,1,2020-10-31,2020-12-31,2,28.0,7777.0,1236.54,0,243.0,False,,False,,,,
Midway-Sunset,040306456400,17N,6857R,"Seneca Resources Company, LLC",Active,2,2021-08-31,2021-09-30,2,21.0,6138.0,975.94,0,,True,,False,,,,
Midway-Sunset,040306456500,Unspecified,6950R,"Seneca Resources Company, LLC",New,0,2020-03-31,2020-04-30,2,10.0,2825.0,449.18,0,123.0,False,,False,,,,
Midway-Sunset,040306456500,Unspecified,6950R,"Seneca Resources Company, LLC",New,1,2020-08-31,2020-08-31,1,5.0,1340.0,213.06,0,61.0,False,,False,,,,
Midway-Sunset,040306456500,Unspecified,6950R,"Seneca Resources Company, LLC",New,2,2020-10-31,2020-10-31,1,1.0,300.0,47.7,0,,True,,False,,,,
Midway-Sunset,040306458100,Unspecified,6157R,"Seneca Resources Company, LLC",Active,0,2020-03-31,2020-03-31,1,6.0,1544.0,245.5,0,122.0,False,,False,,,,
Midway-Sunset,040306458100,Unspecified,6157R,"Seneca Resources Company, LLC",Active,1,2020-07-31,2020-08-31,2,17.0,5015.0,797.38,0,61.0,False,,False,,,,
Midway-Sunset,040306458100,Unspecified,6157R,"Seneca Resources Company, LLC",Active,2,2020-10-31,2021-01-31,3,38.0,10753.0,1709.73,0,181.0,False,,False,,,,
Midway-Sunset,040306458100,Unspecified,6157R,"Seneca Resources Company, LLC",Active,3,2021-07-31,2021-08-31,2,14.0,4164.0,662.08,0,,True,,False,,,,
Midway-Sunset,040306464300,Sunset,232Z,"Seneca Resources Company, LLC",Active,0,2019-09-30,2019-09-30,1,16.0,6400.0,1017.6,0,213.0,False,,False,,,,
Midway-Sunset,040306464300,Sunset,232Z,"Seneca Resources Company, LLC",Active,1,2020-04-30,2020-05-31,2,24.0,8118.0,1290.76,0,395.0,False,,False,,,,
Midway-Sunset,040306464300,Sunset,232Z,"Seneca Resources Company, LLC",Active,2,2021-06-30,2021-06-30,1,11.0,3627.0,576.69,0,,True,,False,,,,
Midway-Sunset,040306464400,Sunset,292D,"Seneca Resources Company, LLC",Active,0,2019-08-31,2019-08-31,1,24.0,9211.0,1464.55,0,853.0,False,,False,,,,
Midway-Sunset,040306464400,Sunset,292D,"Seneca Resources Company, LLC",Active,1,2021-12-31,2021-12-31,1,13.0,4237.0,673.68,0,,True,,False,,,,
Midway-Sunset,040306464500,Sunset,232AC,"Seneca Resources Company, LLC",Active,0,2019-03-31,2019-03-31,1,17.0,6713.0,1067.37,0,183.0,False,,False,,,,
Midway-Sunset,040306464500,Sunset,232AC,"Seneca Resources Company, LLC",Active,1,2019-09-30,2019-09-30,1,14.0,5600.0,890.4,0,152.0,False,,False,,,,
Midway-Sunset,040306464500,Sunset,232AC,"Seneca Resources Company, LLC",Active,2,2020-02-29,2020-03-31,2,28.0,8301.0,1319.86,0,395.0,False,,False,,,,
Midway-Sunset,040306464500,Sunset,232AC,"Seneca Resources Company, LLC",Active,3,2021-04-30,2021-04-30,1,11.0,3604.0,573.04,0,214.0,False,,False,,,,
Midway-Sunset,040306464500,Sunset,232AC,"Seneca Resources Company, LLC",Active,4,2021-11-30,2021-11-30,1,13.0,4154.0,660.49,0,,True,,False,,,,
Midway-Sunset,040306467400,Fairfield,49-68,"Berry Petroleum Company, LLC",New,0,2019-07-31,2021-12-31,27,112.0,351320.0,55859.88,0,,True,,False,,,,
Midway-Sunset,040306467500,Fairfield,49-66,"Berry Petroleum Company, LLC",New,0,2019-07-31,2021-12-31,27,149.0,316466.0,50318.09,0,,True,,False,,,,
Midway-Sunset,040306467600,Fairfield,51-66,"Berry Petroleum Company, LLC",New,0,2019-07-31,2021-12-31,28,134.0,283393.0,45059.49,0,,True,,False,,,,
Midway-Sunset,040306467700,Fairfield,50-67,"Berry Petroleum Company, LLC",New,0,2019-07-31,2021-12-31,27,141.0,299324.0,47592.52,0,,True,,False,,,,
Midway-Sunset,040306472700,Fairfield,52-65,"Berry Petroleum Company, LLC",New,0,2019-07-31,2021-12-31,20,105.0,255420.0,40611.78,0,,True,,False,,,,
Midway-Sunset,040306472800,Fairfield,51-62,"Berry Petroleum Company, LLC",Active,0,2019-07-31,2021-11-30,25,130.0,265229.0,42171.41,0,,True,,False,,,,
Midway-Sunset,040306473100,Sunset,232AD,"Seneca Resources Company, LLC",Active,0,2019-03-31,2019-03-31,1,17.0,6713.0,1067.37,0,214.0,False,,False,,,,
Midway-Sunset,040306473100,Sunset,232AD,"Seneca Resources Company, LLC",Active,1,2019-10-31,2019-10-31,1,3.0,1200.0,190.8,0,517.0,False,,False,,,,
Midway-Sunset,040306473100,Sunset,232AD,"Seneca Resources Company, LLC",Active,2,2021-03-31,2021-03-31,1,11.0,3556.0,565.4,0,,True,,False,,,,
Midway-Sunset,040306473300,Unspecified,262E,"Seneca Resources Company, LLC",Active,0,2019-02-28,2019-03-31,2,20.0,7921.0,1259.44,0,244.0,False,,False,,,,
Midway-Sunset,040306473300,Unspecified,262E,"Seneca Resources Company, LLC",Active,1,2019-11-30,2019-11-30,1,19.0,6201.0,985.96,0,487.0,False,,False,,,,
Midway-Sunset,040306473300,Unspecified,262E,"Seneca Resources Company, LLC",Active,2,2021-03-31,2021-03-31,1,10.0,3197.0,508.32,0,,True,,False,,,,
Midway-Sunset,040306473800,Moco 34,34MBC-155C,Aera Energy LLC,Active,0,2019-04-30,2021-02-28,3,22.0,18133.0,2883.15,0,,True,,False,,,,
Midway-Sunset,040306473900,Moco 34,34MBC-179AR,Aera Energy LLC,Active,0,2019-03-31,2021-10-31,4,43.0,27487.0,4370.43,0,,True,,False,,,,
Midway-Sunset,040306474100,Moco 34,34MBC-167D,Aera Energy LLC,Active,0,2019-03-31,2021-11-30,11,80.0,56764.0,9025.48,0,,True,,False,,,,
Midway-Sunset,040306474200,Moco 35,35MBC-289E,Aera Energy LLC,Active,0,2019-08-31,2019-08-31,1,18.0,10350.0,1645.65,0,,True,,False,,,,
Midway-Sunset,040306474300,Moco 34,34MBC-168F,Aera Energy LLC,Active,0,2019-04-30,2021-11-30,8,82.0,61266.0,9741.29,0,,True,,False,,,,
Midway-Sunset,040306474500,Moco 34,34MBC-168E,Aera Energy LLC,Active,0,2019-03-31,2021-12-31,9,94.0,65648.0,10438.03,0,,True,,False,,,,
Midway-Sunset,040306474600,Moco 34,34MBC-167E,Aera Energy LLC,Active,0,2019-04-30,2021-02-28,3,22.0,16914.0,2689.33,0,,True,,False,,,,
Midway-Sunset,040306474700,Moco 34,34MBC-156F,Aera Energy LLC,Active,0,2019-07-31,2021-09-30,7,73.0,46059.0,7323.38,0,,True,,False,,,,
Midway-Sunset,040306474800,Moco 34,34MBC-167F,Aera Energy LLC,Active,0,2019-04-30,2021-06-30,5,44.0,36720.0,5838.48,0,,True,,False,,,,
Midway-Sunset,040306474900,Moco 34,34MBC-156E,Aera Energy LLC,Active,0,2019-05-31,2021-11-30,6,67.0,55070.0,8756.13,0,,True,,False,,,,
Midway-Sunset,040306475100,Unspecified,42,Chevron U.S.A. Inc.,Active,0,2020-09-30,2020-09-30,1,2.0,773.0,122.91,0,92.0,False,,False,,,,
Midway-Sunset,040306475100,Unspecified,42,Chevron U.S.A. Inc.,Active,1,2020-12-31,2020-12-31,1,5.0,4380.0,696.42,0,212.0,False,,False,,,,
Midway-Sunset,040306475100,Unspecified,42,Chevron U.S.A. Inc.,Active,2,2021-07-31,2021-07-31,1,5.0,5343.0,849.54,0,122.0,False,,False,,,,
Midway-Sunset,040306475100,Unspecified,42,Chevron U.S.A. Inc.,Active,3,2021-11-30,2021-11-30,1,5.0,4431.0,704.53,0,,True,,False,,,,
Midway-Sunset,040306475200,Unspecified,67,Chevron U.S.A. Inc.,Active,0,2019-06-30,2019-06-30,1,2.0,983.0,156.3,0,153.0,False,,False,,,,
Midway-Sunset,040306475200,Unspecified,67,Chevron U.S.A. Inc.,Active,1,2019-11-30,2019-11-30,1,5.0,3865.0,614.53,0,213.0,False,,False,,,,
Midway-Sunset,040306475200,Unspecified,67,Chevron U.S.A. Inc.,Active,2,2020-06-30,2020-06-30,1,5.0,4379.0,696.26,0,92.0,False,,False,,,,
Midway-Sunset,040306475200,Unspecified,67,Chevron U.S.A. Inc.,Active,3,2020-09-30,2020-09-30,1,2.0,709.0,112.73,0,,True,,False,,,,
Midway-Sunset,040306475300,Unspecified,43,Chevron U.S.A. Inc.,Active,0,2019-10-31,2019-10-31,1,4.0,2827.0,449.49,0,274.0,False,,False,,,,
Midway-Sunset,040306475300,Unspecified,43,Chevron U.S.A. Inc.,Active,1,2020-07-31,2020-08-31,2,5.0,4468.0,710.41,0,61.0,False,,False,,,,
Midway-Sunset,040306475300,Unspecified,43,Chevron U.S.A. Inc.,Active,2,2020-10-31,2020-10-31,1,5.0,4326.0,687.83,0,61.0,False,,False,,,,
Midway-Sunset,040306475300,Unspecified,43,Chevron U.S.A. Inc.,Active,3,2020-12-31,2020-12-31,1,5.0,4703.0,747.78,0,212.0,False,,False,,,,
Midway-Sunset,040306475300,Unspecified,43,Chevron U.S.A. Inc.,Active,4,2021-07-31,2021-08-31,2,5.0,5340.0,849.06,0,,True,,False,,,,
Midway-Sunset,040306475500,Unspecified,28,Chevron U.S.A. Inc.,Active,0,2020-07-31,2020-07-31,1,4.0,3162.0,502.76,0,61.0,False,,False,,,,
Midway-Sunset,040306475500,Unspecified,28,Chevron U.S.A. Inc.,Active,1,2020-09-30,2020-10-31,2,6.0,4489.0,713.75,0,273.0,False,,False,,,,
Midway-Sunset,040306475500,Unspecified,28,Chevron U.S.A. Inc.,Active,2,2021-07-31,2021-07-31,1,7.0,8011.0,1273.75,0,153.0,False,,False,,,,
Midway-Sunset,040306475500,Unspecified,28,Chevron U.S.A. Inc.,Active,3,2021-12-31,2021-12-31,1,5.0,4874.0,774.97,0,,True,,False,,,,
Midway-Sunset,040306475600,Fairfield,53-64,"Berry Petroleum Company, LLC",Active,0,2019-07-31,2021-12-31,18,91.0,204126.0,32456.03,0,,True,,False,,,,
Midway-Sunset,040306475700,Fairfield,49-62,"Berry Petroleum Company, LLC",Active,0,2019-08-31,2021-12-31,27,156.0,376041.0,59790.52,0,,True,,False,,,,
Midway-Sunset,040306476000,Sec. 25,58,Chevron U.S.A. Inc.,New,0,2021-10-31,2021-10-31,1,15.0,10314.0,1639.93,0,,True,,False,,,,
Midway-Sunset,040306478600,Sunset,201F,"Seneca Resources Company, LLC",Active,0,2019-03-31,2019-03-31,1,17.0,6713.0,1067.37,0,183.0,False,,False,,,,
Midway-Sunset,040306478600,Sunset,201F,"Seneca Resources Company, LLC",Active,1,2019-09-30,2019-10-31,2,20.0,7507.0,1193.61,0,152.0,False,,False,,,,
Midway-Sunset,040306478600,Sunset,201F,"Seneca Resources Company, LLC",Active,2,2020-03-31,2020-04-30,2,24.0,7895.0,1255.31,0,184.0,False,,False,,,,
Midway-Sunset,040306478600,Sunset,201F,"Seneca Resources Company, LLC",Active,3,2020-10-31,2020-10-31,1,7.0,2195.0,349.0,0,242.0,False,,False,,,,
Midway-Sunset,040306478600,Sunset,201F,"Seneca Resources Company, LLC",Active,4,2021-06-30,2021-07-31,2,15.0,4997.0,794.52,0,153.0,False,,False,,,,
Midway-Sunset,040306478600,Sunset,201F,"Seneca Resources Company, LLC",Active,5,2021-12-31,2021-12-31,1,13.0,4237.0,673.68,0,,True,,False,,,,
Midway-Sunset,040306478700,Unspecified,232X,"Seneca Resources Company, LLC",Active,0,2019-02-28,2019-02-28,1,13.0,5200.0,826.8,0,,True,,False,,,,
Midway-Sunset,040306478800,Unspecified,252V,"Seneca Resources Company, LLC",New,0,2019-02-28,2019-03-31,2,40.0,15736.0,2502.02,0,91.0,False,,False,,,,
Midway-Sunset,040306478800,Unspecified,252V,"Seneca Resources Company, LLC",New,1,2019-06-30,2019-07-31,2,19.0,7600.0,1208.4,0,184.0,False,,False,,,,
Midway-Sunset,040306478800,Unspecified,252V,"Seneca Resources Company, LLC",New,2,2020-01-31,2020-02-29,2,25.0,9017.0,1433.7,0,245.0,False,,False,,,,
Midway-Sunset,040306478800,Unspecified,252V,"Seneca Resources Company, LLC",New,3,2020-10-31,2020-10-31,1,5.0,1641.0,260.92,0,92.0,False,,False,,,,
Midway-Sunset,040306478800,Unspecified,252V,"Seneca Resources Company, LLC",New,4,2021-01-31,2021-02-28,2,26.0,7071.0,1124.29,0,,True,,False,,,,
Midway-Sunset,040306478900,Sunset,251G,"Seneca Resources Company, LLC",Active,0,2019-02-28,2019-03-31,2,20.0,7921.0,1259.44,0,244.0,False,,False,,,,
Midway-Sunset,040306478900,Sunset,251G,"Seneca Resources Company, LLC",Active,1,2019-11-30,2019-11-30,1,20.0,6601.0,1049.56,0,336.0,False,,False,,,,
Midway-Sunset,040306478900,Sunset,251G,"Seneca Resources Company, LLC",Active,2,2020-10-31,2020-10-31,1,12.0,3840.0,610.56,0,,True,,False,,,,
Midway-Sunset,040306480400,Sunset,292C,"Seneca Resources Company, LLC",Active,0,2019-03-31,2019-04-30,2,20.0,7993.0,1270.89,0,336.0,False,,False,,,,
Midway-Sunset,040306480400,Sunset,292C,"Seneca Resources Company, LLC",Active,1,2020-03-31,2020-03-31,1,18.0,5827.0,926.49,0,306.0,False,,False,,,,
Midway-Sunset,040306480400,Sunset,292C,"Seneca Resources Company, LLC",Active,2,2021-01-31,2021-02-28,2,13.0,3120.0,496.08,0,245.0,False,,False,,,,
Midway-Sunset,040306480400,Sunset,292C,"Seneca Resources Company, LLC",Active,3,2021-10-31,2021-10-31,1,14.0,4510.0,717.09,0,,True,,False,,,,
Midway-Sunset,040306481500,Unspecified,158,Chevron U.S.A. Inc.,Active,0,2019-10-31,2019-10-31,1,5.0,3831.0,609.13,0,61.0,False,,False,,,,
Midway-Sunset,040306481500,Unspecified,158,Chevron U.S.A. Inc.,Active,1,2019-12-31,2019-12-31,1,4.0,2687.0,427.23,0,,True,,False,,,,
Midway-Sunset,040306481900,Fairfield,51-64,"Berry Petroleum Company, LLC",Active,0,2019-07-31,2021-12-31,15,85.0,194295.0,30892.9,0,,True,,False,,,,
Midway-Sunset,040306482000,Fairfield,50-63,"Berry Petroleum Company, LLC",Active,0,2019-07-31,2021-11-30,26,137.0,341616.0,54316.94,0,,True,,False,,,,
Midway-Sunset,040306482200,Fairfield,50-65,"Berry Petroleum Company, LLC",Active,0,2020-12-31,2021-12-31,11,39.0,108864.0,17309.38,0,,True,,False,,,,
Midway-Sunset,040306482300,Unspecified,156,Chevron U.S.A. Inc.,Active,0,2019-10-31,2019-10-31,1,4.0,2837.0,451.08,0,670.0,False,,False,,,,
Midway-Sunset,040306482300,Unspecified,156,Chevron U.S.A. Inc.,Active,1,2021-08-31,2021-08-31,1,5.0,5211.0,828.55,0,,True,,False,,,,
Midway-Sunset,040306482900,Unspecified,7651R,"Seneca Resources Company, LLC",New,0,2020-03-31,2020-03-31,1,7.0,1962.0,311.96,0,122.0,False,,False,,,,
Midway-Sunset,040306482900,Unspecified,7651R,"Seneca Resources Company, LLC",New,1,2020-07-31,2020-08-31,2,14.0,4157.0,660.96,0,334.0,False,,False,,,,
Midway-Sunset,040306482900,Unspecified,7651R,"Seneca Resources Company, LLC",New,2,2021-07-31,2021-07-31,1,14.0,4138.0,657.94,0,,True,,False,,,,
Midway-Sunset,040306483000,17N,7558R,"Seneca Resources Company, LLC",Active,0,2020-02-29,2020-04-30,3,24.0,6978.0,1109.5,0,123.0,False,,False,,,,
Midway-Sunset,040306483000,17N,7558R,"Seneca Resources Company, LLC",Active,1,2020-08-31,2020-10-31,3,29.0,7371.0,1171.99,0,212.0,False,,False,,,,
Midway-Sunset,040306483000,17N,7558R,"Seneca Resources Company, LLC",Active,2,2021-05-31,2021-05-31,1,15.0,4445.0,706.75,0,92.0,False,,False,,,,
Midway-Sunset,040306483000,17N,7558R,"Seneca Resources Company, LLC",Active,3,2021-08-31,2021-08-31,1,9.0,2665.0,423.74,0,,True,,False,,,,
Midway-Sunset,040306486800,Sunset,EE-2,"Seneca Resources Company, LLC",Active,0,2019-02-28,2019-02-28,1,17.0,6698.0,1064.98,0,184.0,False,,False,,,,
Midway-Sunset,040306486800,Sunset,EE-2,"Seneca Resources Company, LLC",Active,1,2019-08-31,2019-08-31,1,24.0,9211.0,1464.55,0,427.0,False,,False,,,,
Midway-Sunset,040306486800,Sunset,EE-2,"Seneca Resources Company, LLC",Active,2,2020-10-31,2020-10-31,1,13.0,4101.0,652.06,0,,True,,False,,,,
Midway-Sunset,040306486900,Unspecified,155,Chevron U.S.A. Inc.,Idle,0,2019-07-31,2019-07-31,1,3.0,1936.0,307.82,0,153.0,False,,False,,,,
Midway-Sunset,040306486900,Unspecified,155,Chevron U.S.A. Inc.,Idle,1,2019-12-31,2019-12-31,1,5.0,3561.0,566.2,0,,True,,False,,,,
Midway-Sunset,040306487600,Unspecified,664,Chevron U.S.A. Inc.,Active,0,2019-10-31,2019-10-31,1,1.0,41.0,6.52,0,335.0,False,,False,,,,
Midway-Sunset,040306487600,Unspecified,664,Chevron U.S.A. Inc.,Active,1,2020-09-30,2020-09-30,1,4.0,3141.0,499.42,0,,True,,False,,,,
Midway-Sunset,040306489600,Southwestern,55-42,"Berry Petroleum Company, LLC",Active,0,2019-06-30,2020-04-30,7,50.0,36254.0,5764.39,0,579.0,False,,False,,,,
Midway-Sunset,040306489600,Southwestern,55-42,"Berry Petroleum Company, LLC",Active,1,2021-11-30,2021-11-30,1,3.0,2781.0,442.18,0,,True,,False,,,,
Midway-Sunset,040306489700,Southwestern,55-40,"Berry Petroleum Company, LLC",Active,0,2019-06-30,2021-12-31,28,219.0,73992.0,11764.73,0,,True,,False,,,,
Midway-Sunset,040306489900,Southwestern,54-41X,"Berry Petroleum Company, LLC",Active,0,2019-06-30,2021-12-31,16,90.0,94089.0,14960.15,0,,True,,False,,,,
Midway-Sunset,040306490000,Southwestern,54-39X,"Berry Petroleum Company, LLC",Idle,0,2019-06-30,2019-09-30,4,41.0,20661.0,3285.1,0,,True,,False,,,,
Midway-Sunset,040306490200,Southwestern,56-43,"Berry Petroleum Company, LLC",Active,0,2019-06-30,2021-12-31,29,197.0,271211.0,43122.55,0,,True,,False,,,,
Midway-Sunset,040306490900,Unspecified,670,Chevron U.S.A. Inc.,Active,0,2019-07-31,2019-07-31,1,2.0,1643.0,261.24,0,153.0,False,,False,,,,
Midway-Sunset,040306490900,Unspecified,670,Chevron U.S.A. Inc.,Active,1,2019-12-31,2020-01-31,2,4.0,2827.0,449.49,0,243.0,False,,False,,,,
Midway-Sunset,040306490900,Unspecified,670,Chevron U.S.A. Inc.,Active,2,2020-09-30,2020-10-31,2,5.0,4458.0,708.82,0,,True,,False,,,,
Midway-Sunset,040306493700,Hill-Tulare,70,"Berry Petroleum Company, LLC",Active,0,2019-07-31,2021-03-31,6,83.0,47727.0,7588.59,0,,True,,False,,,,
Midway-Sunset,040306493800,Unspecified,153,Chevron U.S.A. Inc.,Active,0,2019-12-31,2019-12-31,1,4.0,2768.0,440.11,0,152.0,False,,False,,,,
Midway-Sunset,040306493800,Unspecified,153,Chevron U.S.A. Inc.,Active,1,2020-05-31,2020-05-31,1,4.0,2888.0,459.19,0,,True,,False,,,,
Midway-Sunset,040306494100,Unspecified,108,Chevron U.S.A. Inc.,Active,0,2019-11-30,2019-11-30,1,5.0,3674.0,584.17,0,62.0,False,,False,,,,
Midway-Sunset,040306494100,Unspecified,108,Chevron U.S.A. Inc.,Active,1,2020-01-31,2020-01-31,1,5.0,3455.0,549.35,0,213.0,False,,False,,,,
Midway-Sunset,040306494100,Unspecified,108,Chevron U.S.A. Inc.,Active,2,2020-08-31,2020-08-31,1,5.0,4301.0,683.86,0,395.0,False,,False,,,,
Midway-Sunset,040306494100,Unspecified,108,Chevron U.S.A. Inc.,Active,3,2021-09-30,2021-09-30,1,5.0,5684.0,903.76,0,61.0,False,,False,,,,
Midway-Sunset,040306494100,Unspecified,108,Chevron U.S.A. Inc.,Active,4,2021-11-30,2021-11-30,1,6.0,6016.0,956.54,0,,True,,False,,,,
Midway-Sunset,040306496000,Moco 34,34T-398C,Aera Energy LLC,Active,0,2019-04-30,2020-01-31,2,20.0,17553.0,2790.93,0,,True,,False,,,,
Midway-Sunset,040306502400,Moco 34,34T-399,Aera Energy LLC,Active,0,2019-05-31,2021-12-31,5,55.0,49385.0,7852.22,0,,True,,False,,,,
Midway-Sunset,040306502700,Moco 34,34WIM-359B,Aera Energy LLC,Active,0,2019-12-31,2021-11-30,5,29.0,25884.0,4115.56,0,,True,,False,,,,
Midway-Sunset,040306502800,Moco 35,35WM-294L,Aera Energy LLC,Active,0,2019-05-31,2019-06-30,2,11.0,9900.0,1574.1,0,,True,,False,,,,
Midway-Sunset,040306502900,Unspecified,16,Chevron U.S.A. Inc.,Active,0,2020-09-30,2020-09-30,1,1.0,56.0,8.9,0,335.0,False,,False,,,,
Midway-Sunset,040306502900,Unspecified,16,Chevron U.S.A. Inc.,Active,1,2021-08-31,2021-08-31,1,5.0,5333.0,847.95,0,122.0,False,,False,,,,
Midway-Sunset,040306502900,Unspecified,16,Chevron U.S.A. Inc.,Active,2,2021-12-31,2021-12-31,1,5.0,4785.0,760.82,0,,True,,False,,,,
Midway-Sunset,040306506300,Moco 34,34T-397A,Aera Energy LLC,Active,0,2020-12-31,2021-11-30,3,15.0,18269.0,2904.77,0,,True,,False,,,,
Midway-Sunset,040306506700,Unspecified,57,Chevron U.S.A. Inc.,Active,0,2020-05-31,2020-05-31,1,4.0,2966.0,471.59,0,122.0,False,,False,,,,
Midway-Sunset,040306506700,Unspecified,57,Chevron U.S.A. Inc.,Active,1,2020-09-30,2020-09-30,1,2.0,903.0,143.58,0,,True,,False,,,,
Midway-Sunset,040306509400,Unspecified,668,Chevron U.S.A. Inc.,New,0,2019-07-31,2019-07-31,1,2.0,1635.0,259.97,0,153.0,False,,False,,,,
Midway-Sunset,040306509400,Unspecified,668,Chevron U.S.A. Inc.,New,1,2019-12-31,2019-12-31,1,4.0,2968.0,471.91,0,670.0,False,,False,,,,
Midway-Sunset,040306509400,Unspecified,668,Chevron U.S.A. Inc.,New,2,2021-10-31,2021-10-31,1,5.0,5104.0,811.54,0,,True,,False,,,,
Midway-Sunset,040306509800,Virginia,45,Chevron U.S.A. Inc.,New,0,2021-09-30,2021-09-30,1,5.0,2422.0,385.1,0,,True,,False,,,,
Midway-Sunset,040306512500,Unspecified,65,Chevron U.S.A. Inc.,Active,0,2020-08-31,2020-09-30,2,2.0,770.0,122.43,0,151.0,False,,False,,,,
Midway-Sunset,040306512500,Unspecified,65,Chevron U.S.A. Inc.,Active,1,2021-02-28,2021-02-28,1,5.0,5079.0,807.56,0,,True,,False,,,,
Midway-Sunset,040306512600,Unspecified,663,Chevron U.S.A. Inc.,New,0,2021-11-30,2021-11-30,1,5.0,4570.0,726.63,0,,True,,False,,,,
Midway-Sunset,040306517900,Unspecified,24K,"Berry Petroleum Company, LLC",Active,0,2019-07-31,2019-08-31,2,13.0,15234.0,2422.21,0,,True,,False,,,,
Midway-Sunset,040306518000,Unspecified,22i,"Berry Petroleum Company, LLC",Active,0,2019-07-31,2019-07-31,1,24.0,14475.0,2301.53,0,,True,,False,,,,
Midway-Sunset,040306518100,Unspecified,24i,"Berry Petroleum Company, LLC",New,0,2019-07-31,2019-07-31,1,22.0,15148.0,2408.53,0,,True,,False,,,,
Midway-Sunset,040306518200,Unspecified,26K,"Berry Petroleum Company, LLC",New,0,2019-07-31,2019-08-31,2,21.0,16695.0,2654.51,0,,True,,False,,,,
Midway-Sunset,040306518300,Unspecified,661,Chevron U.S.A. Inc.,Active,0,2019-12-31,2019-12-31,1,4.0,2762.0,439.16,0,335.0,False,,False,,,,
Midway-Sunset,040306518300,Unspecified,661,Chevron U.S.A. Inc.,Active,1,2020-11-30,2020-11-30,1,1.0,293.0,46.59,0,365.0,False,,False,,,,
Midway-Sunset,040306518300,Unspecified,661,Chevron U.S.A. Inc.,Active,2,2021-11-30,2021-11-30,1,5.0,4605.0,732.2,0,,True,,False,,,,
Midway-Sunset,040306518400,Hoyt,H-121,"Seneca Resources Company, LLC",Active,0,2019-07-31,2019-08-31,2,15.0,7895.0,1255.31,0,153.0,False,,False,,,,
Midway-Sunset,040306518400,Hoyt,H-121,"Seneca Resources Company, LLC",Active,1,2020-01-31,2020-01-31,1,8.0,3636.0,578.12,0,182.0,False,,False,,,,
Midway-Sunset,040306518400,Hoyt,H-121,"Seneca Resources Company, LLC",Active,2,2020-07-31,2020-08-31,2,18.0,8537.0,1357.38,0,181.0,False,,False,,,,
Midway-Sunset,040306518400,Hoyt,H-121,"Seneca Resources Company, LLC",Active,3,2021-02-28,2021-02-28,1,7.0,2793.0,444.09,0,61.0,False,,False,,,,
Midway-Sunset,040306518400,Hoyt,H-121,"Seneca Resources Company, LLC",Active,4,2021-04-30,2021-05-31,2,6.0,2144.0,340.9,0,92.0,False,,False,,,,
Midway-Sunset,040306518400,Hoyt,H-121,"Seneca Resources Company, LLC",Active,5,2021-08-31,2021-08-31,1,7.0,3483.0,553.8,0,122.0,False,,False,,,,
Midway-Sunset,040306518400,Hoyt,H-121,"Seneca Resources Company, LLC",Active,6,2021-12-31,2021-12-31,1,6.0,2760.0,438.84,0,,True,,False,,,,
Midway-Sunset,040306518500,Hoyt,H-126,"Seneca Resources Company, LLC",Active,0,2019-07-31,2019-07-31,1,10.0,5238.0,832.84,0,335.0,False,,False,,,,
Midway-Sunset,040306518500,Hoyt,H-126,"Seneca Resources Company, LLC",Active,1,2020-06-30,2020-06-30,1,14.0,6749.0,1073.09,0,92.0,False,,False,,,,
Midway-Sunset,040306518500,Hoyt,H-126,"Seneca Resources Company, LLC",Active,2,2020-09-30,2020-09-30,1,1.0,495.0,78.7,0,212.0,False,,False,,,,
Midway-Sunset,040306518500,Hoyt,H-126,"Seneca Resources Company, LLC",Active,3,2021-04-30,2021-05-31,2,6.0,2144.0,340.9,0,61.0,False,,False,,,,
Midway-Sunset,040306518500,Hoyt,H-126,"Seneca Resources Company, LLC",Active,4,2021-07-31,2021-07-31,1,10.0,4650.0,739.35,0,153.0,False,,False,,,,
Midway-Sunset,040306518500,Hoyt,H-126,"Seneca Resources Company, LLC",Active,5,2021-12-31,2021-12-31,1,7.0,2818.0,448.06,0,,True,,False,,,,
Midway-Sunset,040306518600,Hoyt,H-133,"Seneca Resources Company, LLC",Active,0,2019-06-30,2019-06-30,1,9.0,4511.0,717.25,0,92.0,False,,False,,,,
Midway-Sunset,040306518600,Hoyt,H-133,"Seneca Resources Company, LLC",Active,1,2019-09-30,2019-09-30,1,2.0,648.0,103.03,0,517.0,False,,False,,,,
Midway-Sunset,040306518600,Hoyt,H-133,"Seneca Resources Company, LLC",Active,2,2021-02-28,2021-02-28,1,4.0,1779.0,282.86,0,92.0,False,,False,,,,
Midway-Sunset,040306518600,Hoyt,H-133,"Seneca Resources Company, LLC",Active,3,2021-05-31,2021-05-31,1,7.0,2595.0,412.61,0,,True,,False,,,,
Midway-Sunset,040306518700,Oil Inc.,OI-119,"Seneca Resources Company, LLC",Active,0,2019-06-30,2019-07-31,2,13.0,6453.0,1026.03,0,61.0,False,,False,,,,
Midway-Sunset,040306518700,Oil Inc.,OI-119,"Seneca Resources Company, LLC",Active,1,2019-09-30,2019-09-30,1,2.0,648.0,103.03,0,305.0,False,,False,,,,
Midway-Sunset,040306518700,Oil Inc.,OI-119,"Seneca Resources Company, LLC",Active,2,2020-07-31,2020-08-31,2,11.0,5371.0,853.99,0,181.0,False,,False,,,,
Midway-Sunset,040306518700,Oil Inc.,OI-119,"Seneca Resources Company, LLC",Active,3,2021-02-28,2021-02-28,1,7.0,3386.0,538.37,0,122.0,False,,False,,,,
Midway-Sunset,040306518700,Oil Inc.,OI-119,"Seneca Resources Company, LLC",Active,4,2021-06-30,2021-07-31,2,8.0,3599.0,572.24,0,,True,,False,,,,
Midway-Sunset,040306518800,Hoyt,H-129,"Seneca Resources Company, LLC",Active,0,2019-07-31,2019-08-31,2,15.0,7895.0,1255.31,0,122.0,False,,False,,,,
Midway-Sunset,040306518800,Hoyt,H-129,"Seneca Resources Company, LLC",Active,1,2019-12-31,2020-01-31,2,16.0,6752.0,1073.57,0,516.0,False,,False,,,,
Midway-Sunset,040306518800,Hoyt,H-129,"Seneca Resources Company, LLC",Active,2,2021-06-30,2021-06-30,1,7.0,2761.0,439.0,0,,True,,False,,,,
Midway-Sunset,040306519800,Unspecified,662,Chevron U.S.A. Inc.,Active,0,2021-08-31,2021-08-31,1,7.0,7953.0,1264.53,0,,True,,False,,,,
Midway-Sunset,040306519900,Monarch,541,Chevron U.S.A. Inc.,New,0,2020-05-31,2020-05-31,1,4.0,2528.0,401.95,0,61.0,False,,False,,,,
Midway-Sunset,040306519900,Monarch,541,Chevron U.S.A. Inc.,New,1,2020-07-31,2020-07-31,1,1.0,72.0,11.45,0,396.0,False,,False,,,,
Midway-Sunset,040306519900,Monarch,541,Chevron U.S.A. Inc.,New,2,2021-08-31,2021-08-31,1,5.0,3517.0,559.2,0,,True,,False,,,,
Midway-Sunset,040306520600,Keene,102,Sentinel Peak Resources California LLC,Active,0,2020-06-30,2020-12-31,7,36.0,23719.0,3771.32,0,59.0,False,,False,,,,
Midway-Sunset,040306520600,Keene,102,Sentinel Peak Resources California LLC,Active,1,2021-02-28,2021-02-28,1,3.0,2100.0,333.9,0,184.0,False,,False,,,,
Midway-Sunset,040306520600,Keene,102,Sentinel Peak Resources California LLC,Active,2,2021-08-31,2021-12-31,5,24.0,22477.0,3573.84,0,,True,,False,,,,
Midway-Sunset,040306520800,Keene,106,Sentinel Peak Resources California LLC,Active,0,2020-01-31,2020-04-30,4,21.0,9421.0,1497.94,0,61.0,False,,False,,,,
Midway-Sunset,040306520800,Keene,106,Sentinel Peak Resources California LLC,Active,1,2020-06-30,2020-11-30,6,35.0,13815.0,2196.59,0,,True,,False,,,,
Midway-Sunset,040306521600,Keene,105,Sentinel Peak Resources California LLC,Active,0,2020-01-31,2020-04-30,4,24.0,17397.0,2766.12,0,61.0,False,,False,,,,
Midway-Sunset,040306521600,Keene,105,Sentinel Peak Resources California LLC,Active,1,2020-06-30,2020-11-30,6,24.0,20119.0,3198.92,0,,True,,False,,,,
Midway-Sunset,040306522200,Monarch,80A,Chevron U.S.A. Inc.,New,0,2020-03-31,2020-03-31,1,4.0,2580.0,410.22,0,122.0,False,,False,,,,
Midway-Sunset,040306522200,Monarch,80A,Chevron U.S.A. Inc.,New,1,2020-07-31,2020-07-31,1,1.0,62.0,9.86,0,122.0,False,,False,,,,
Midway-Sunset,040306522200,Monarch,80A,Chevron U.S.A. Inc.,New,2,2020-11-30,2020-11-30,1,4.0,2582.0,410.54,0,,True,,False,,,,
Midway-Sunset,040306522300,Monarch,555,Chevron U.S.A. Inc.,New,0,2020-07-31,2020-07-31,1,1.0,64.0,10.18,0,396.0,False,,False,,,,
Midway-Sunset,040306522300,Monarch,555,Chevron U.S.A. Inc.,New,1,2021-08-31,2021-08-31,1,5.0,3462.0,550.46,0,,True,,False,,,,
Midway-Sunset,040306522500,Monarch,536,Chevron U.S.A. Inc.,New,0,2020-05-31,2020-05-31,1,5.0,3317.0,527.4,0,,True,,False,,,,
Midway-Sunset,040306522600,Keene,107,Sentinel Peak Resources California LLC,Active,0,2021-07-31,2021-09-30,3,12.0,3981.0,632.98,0,61.0,False,,False,,,,
Midway-Sunset,040306522600,Keene,107,Sentinel Peak Resources California LLC,Active,1,2021-11-30,2021-12-31,2,9.0,3871.0,615.49,0,,True,,False,,,,
Midway-Sunset,040306523500,MBS,50-6F,Aera Energy LLC,Active,0,2019-04-30,2021-12-31,7,47.0,37443.0,5953.44,0,,True,,False,,,,
Midway-Sunset,040306523600,MBS,60-3R,Aera Energy LLC,Active,0,2019-12-31,2019-12-31,1,13.0,10720.0,1704.48,0,,True,,False,,,,
Midway-Sunset,040306526000,Unspecified,438RX,"Berry Petroleum Company, LLC",Active,0,2021-01-31,2021-01-31,1,14.0,10158.0,1615.12,0,,True,,False,,,,
Midway-Sunset,040306526100,Ethel D,L-1003,"Berry Petroleum Company, LLC",Active,0,2019-02-28,2021-01-31,7,70.0,52238.0,8305.84,0,,True,,False,,,,
Midway-Sunset,040306531300,Hoyt,H-128,"Seneca Resources Company, LLC",Active,0,2019-07-31,2019-07-31,1,10.0,5238.0,832.84,0,122.0,False,,False,,,,
Midway-Sunset,040306531300,Hoyt,H-128,"Seneca Resources Company, LLC",Active,1,2019-11-30,2019-12-31,2,15.0,6509.0,1034.93,0,274.0,False,,False,,,,
Midway-Sunset,040306531300,Hoyt,H-128,"Seneca Resources Company, LLC",Active,2,2020-09-30,2020-10-31,2,8.0,3747.0,595.77,0,92.0,False,,False,,,,
Midway-Sunset,040306531300,Hoyt,H-128,"Seneca Resources Company, LLC",Active,3,2021-01-31,2021-01-31,1,10.0,3649.0,580.19,0,120.0,False,,False,,,,
Midway-Sunset,040306531300,Hoyt,H-128,"Seneca Resources Company, LLC",Active,4,2021-05-31,2021-06-30,2,11.0,4800.0,763.2,0,92.0,False,,False,,,,
Midway-Sunset,040306531300,Hoyt,H-128,"Seneca Resources Company, LLC",Active,5,2021-09-30,2021-09-30,1,7.0,3142.0,499.58,0,92.0,False,,False,,,,
Midway-Sunset,040306531300,Hoyt,H-128,"Seneca Resources Company, LLC",Active,6,2021-12-31,2021-12-31,1,9.0,3967.0,630.75,0,,True,,False,,,,
Midway-Sunset,040306531500,Oil Inc.,OI-118,"Seneca Resources Company, LLC",Active,0,2019-07-31,2019-07-31,1,9.0,4493.0,714.39,0,92.0,False,,False,,,,
Midway-Sunset,040306531500,Oil Inc.,OI-118,"Seneca Resources Company, LLC",Active,1,2019-10-31,2019-10-31,1,13.0,6500.0,1033.5,0,152.0,False,,False,,,,
Midway-Sunset,040306531500,Oil Inc.,OI-118,"Seneca Resources Company, LLC",Active,2,2020-03-31,2020-04-30,2,10.0,5000.0,795.0,0,153.0,False,,False,,,,
Midway-Sunset,040306531500,Oil Inc.,OI-118,"Seneca Resources Company, LLC",Active,3,2020-09-30,2020-10-31,2,6.0,2989.0,475.25,0,120.0,False,,False,,,,
Midway-Sunset,040306531500,Oil Inc.,OI-118,"Seneca Resources Company, LLC",Active,4,2021-02-28,2021-02-28,1,7.0,2793.0,444.09,0,214.0,False,,False,,,,
Midway-Sunset,040306531500,Oil Inc.,OI-118,"Seneca Resources Company, LLC",Active,5,2021-09-30,2021-09-30,1,7.0,3257.0,517.86,0,92.0,False,,False,,,,
Midway-Sunset,040306531500,Oil Inc.,OI-118,"Seneca Resources Company, LLC",Active,6,2021-12-31,2021-12-31,1,9.0,3967.0,630.75,0,,True,,False,,,,
Midway-Sunset,040306531600,Hoyt,H-132,"Seneca Resources Company, LLC",Active,0,2019-06-30,2019-06-30,1,10.0,4968.0,789.91,0,92.0,False,,False,,,,
Midway-Sunset,040306531600,Hoyt,H-132,"Seneca Resources Company, LLC",Active,1,2019-09-30,2019-09-30,1,1.0,324.0,51.52,0,366.0,False,,False,,,,
Midway-Sunset,040306531600,Hoyt,H-132,"Seneca Resources Company, LLC",Active,2,2020-09-30,2020-09-30,1,3.0,1488.0,236.59,0,,True,,False,,,,
Midway-Sunset,040306531700,Oil Inc.,OI-124,"Seneca Resources Company, LLC",Active,0,2019-07-31,2019-07-31,1,10.0,5238.0,832.84,0,153.0,False,,False,,,,
Midway-Sunset,040306531700,Oil Inc.,OI-124,"Seneca Resources Company, LLC",Active,1,2019-12-31,2019-12-31,1,9.0,4500.0,715.5,0,,True,,False,,,,
Midway-Sunset,040306531900,Hoyt,H-125,"Seneca Resources Company, LLC",Active,0,2019-06-30,2019-07-31,2,13.0,6453.0,1026.03,0,61.0,False,,False,,,,
Midway-Sunset,040306531900,Hoyt,H-125,"Seneca Resources Company, LLC",Active,1,2019-09-30,2019-09-30,1,2.0,648.0,103.03,0,,True,,False,,,,
Midway-Sunset,040306532000,Oil Inc.,OI-123,"Seneca Resources Company, LLC",Active,0,2019-07-31,2019-07-31,1,9.0,4493.0,714.39,0,92.0,False,,False,,,,
Midway-Sunset,040306532000,Oil Inc.,OI-123,"Seneca Resources Company, LLC",Active,1,2019-10-31,2019-10-31,1,13.0,6500.0,1033.5,0,152.0,False,,False,,,,
Midway-Sunset,040306532000,Oil Inc.,OI-123,"Seneca Resources Company, LLC",Active,2,2020-03-31,2020-03-31,1,12.0,6000.0,954.0,0,153.0,False,,False,,,,
Midway-Sunset,040306532000,Oil Inc.,OI-123,"Seneca Resources Company, LLC",Active,3,2020-08-31,2020-09-30,2,27.0,11318.0,1799.56,0,92.0,False,,False,,,,
Midway-Sunset,040306532000,Oil Inc.,OI-123,"Seneca Resources Company, LLC",Active,4,2020-12-31,2021-01-31,2,12.0,5076.0,807.08,0,89.0,False,,False,,,,
Midway-Sunset,040306532000,Oil Inc.,OI-123,"Seneca Resources Company, LLC",Active,5,2021-04-30,2021-04-30,1,11.0,4758.0,756.52,0,92.0,False,,False,,,,
Midway-Sunset,040306532000,Oil Inc.,OI-123,"Seneca Resources Company, LLC",Active,6,2021-07-31,2021-07-31,1,11.0,5066.0,805.49,0,122.0,False,,False,,,,
Midway-Sunset,040306532000,Oil Inc.,OI-123,"Seneca Resources Company, LLC",Active,7,2021-11-30,2021-12-31,2,7.0,3228.0,513.25,0,,True,,False,,,,
Midway-Sunset,040306532100,Hoyt,H-134,"Seneca Resources Company, LLC",Active,0,2019-06-30,2019-06-30,1,10.0,4968.0,789.91,0,92.0,False,,False,,,,
Midway-Sunset,040306532100,Hoyt,H-134,"Seneca Resources Company, LLC",Active,1,2019-09-30,2019-09-30,1,1.0,324.0,51.52,0,123.0,False,,False,,,,
Midway-Sunset,040306532100,Hoyt,H-134,"Seneca Resources Company, LLC",Active,2,2020-01-31,2020-01-31,1,12.0,5230.0,831.57,0,547.0,False,,False,,,,
Midway-Sunset,040306532100,Hoyt,H-134,"Seneca Resources Company, LLC",Active,3,2021-07-31,2021-08-31,2,8.0,3712.0,590.21,0,,True,,False,,,,
Midway-Sunset,040306532900,Metson,W107A,Aera Energy LLC,New,0,2019-05-31,2021-03-31,5,37.0,35177.0,5593.14,0,,True,,False,,,,
Midway-Sunset,040306533000,Ethel D,L-1002,"Berry Petroleum Company, LLC",Active,0,2020-01-31,2021-09-30,8,63.0,44715.0,7109.69,0,,True,,False,,,,
Midway-Sunset,040306533100,Ethel D,L-1001,"Berry Petroleum Company, LLC",Active,0,2020-02-29,2021-10-31,7,62.0,50436.0,8019.32,0,,True,,False,,,,
Midway-Sunset,040306534500,Monarch,460,Chevron U.S.A. Inc.,New,0,2019-10-31,2019-10-31,1,3.0,2144.0,340.9,0,,True,,False,,,,
Midway-Sunset,040306534600,Berry & Ewing,2120H,"Berry Petroleum Company, LLC",Active,0,2021-04-30,2021-04-30,1,7.0,7227.0,1149.09,0,,True,,False,,,,
Midway-Sunset,040306534800,Monarch,360,Chevron U.S.A. Inc.,New,0,2019-12-31,2019-12-31,1,4.0,2838.0,451.24,0,91.0,False,,False,,,,
Midway-Sunset,040306534800,Monarch,360,Chevron U.S.A. Inc.,New,1,2020-03-31,2020-03-31,1,7.0,5400.0,858.6,0,,True,,False,,,,
Midway-Sunset,040306535000,Fairfield,48-65,"Berry Petroleum Company, LLC",Active,0,2019-07-31,2021-12-31,27,142.0,336872.0,53562.65,0,,True,,False,,,,
Midway-Sunset,040306535300,Formax West,Z-10,"Berry Petroleum Company, LLC",Active,0,2021-11-30,2021-12-31,2,60.0,103431.0,16445.53,0,,True,,False,,,,
Midway-Sunset,040306537200,Fairfield,48-67,"Berry Petroleum Company, LLC",Active,0,2019-07-31,2021-12-31,25,107.0,313109.0,49784.33,0,,True,,False,,,,
Midway-Sunset,040306537500,Unspecified,671,Chevron U.S.A. Inc.,New,0,2019-12-31,2019-12-31,1,5.0,3612.0,574.31,0,,True,,False,,,,
Midway-Sunset,040306537700,Section 31D,OS-1,"Berry Petroleum Company, LLC",Active,0,2019-07-31,2019-07-31,1,11.0,10240.0,1628.16,0,,True,,False,,,,
Midway-Sunset,040306537800,Unspecified,J310R,Chevron U.S.A. Inc.,New,0,2019-12-31,2019-12-31,1,4.0,1610.0,255.99,0,152.0,False,,False,,,,
Midway-Sunset,040306537800,Unspecified,J310R,Chevron U.S.A. Inc.,New,1,2020-05-31,2020-06-30,2,6.0,1454.0,231.19,0,92.0,False,,False,,,,
Midway-Sunset,040306537800,Unspecified,J310R,Chevron U.S.A. Inc.,New,2,2020-09-30,2020-09-30,1,6.0,1611.0,256.15,0,,True,,False,,,,
Midway-Sunset,040306537900,Unspecified,J340R,Chevron U.S.A. Inc.,Active,0,2019-12-31,2019-12-31,1,4.0,1585.0,252.02,0,152.0,False,,False,,,,
Midway-Sunset,040306537900,Unspecified,J340R,Chevron U.S.A. Inc.,Active,1,2020-05-31,2020-07-31,3,12.0,2940.0,467.46,0,,True,,False,,,,
Midway-Sunset,040306539200,Unspecified,L640R,Chevron U.S.A. Inc.,Active,0,2020-01-31,2020-02-29,2,6.0,1879.0,298.76,0,92.0,False,,False,,,,
Midway-Sunset,040306539200,Unspecified,L640R,Chevron U.S.A. Inc.,Active,1,2020-05-31,2020-07-31,3,14.0,3847.0,611.67,0,,True,,False,,,,
Midway-Sunset,040306539300,Unspecified,665,Chevron U.S.A. Inc.,Active,0,2020-02-29,2020-02-29,1,4.0,2710.0,430.89,0,610.0,False,,False,,,,
Midway-Sunset,040306539300,Unspecified,665,Chevron U.S.A. Inc.,Active,1,2021-10-31,2021-11-30,2,5.0,4699.0,747.14,0,,True,,False,,,,
Midway-Sunset,040306539400,Monarch,427,Chevron U.S.A. Inc.,New,0,2019-12-31,2019-12-31,1,4.0,2564.0,407.68,0,335.0,False,,False,,,,
Midway-Sunset,040306539400,Monarch,427,Chevron U.S.A. Inc.,New,1,2020-11-30,2020-11-30,1,4.0,2404.0,382.24,0,304.0,False,,False,,,,
Midway-Sunset,040306539400,Monarch,427,Chevron U.S.A. Inc.,New,2,2021-09-30,2021-09-30,1,5.0,3545.0,563.65,0,,True,,False,,,,
Midway-Sunset,040306539900,Section 31D,OS-2,"Berry Petroleum Company, LLC",Active,0,2019-07-31,2019-07-31,1,13.0,12215.0,1942.18,0,,True,,False,,,,
Midway-Sunset,040306540000,Berry & Ewing,OS-3,"Berry Petroleum Company, LLC",Active,0,2019-04-30,2019-08-31,4,30.0,23266.0,3699.29,0,,True,,False,,,,
Midway-Sunset,040306540400,Ethel D,OS-0312,"Berry Petroleum Company, LLC",New,0,2019-05-31,2019-05-31,1,8.0,3914.0,622.33,0,,True,,False,,,,
Midway-Sunset,040306540500,Ethel D,OS-0212,"Berry Petroleum Company, LLC",New,0,2019-05-31,2019-08-31,2,9.0,5002.0,795.32,0,,True,,False,,,,
Midway-Sunset,040306543000,Monarch,456,Chevron U.S.A. Inc.,New,0,2020-01-31,2020-01-31,1,4.0,2438.0,387.64,0,182.0,False,,False,,,,
Midway-Sunset,040306543000,Monarch,456,Chevron U.S.A. Inc.,New,1,2020-07-31,2020-07-31,1,1.0,63.0,10.02,0,426.0,False,,False,,,,
Midway-Sunset,040306543000,Monarch,456,Chevron U.S.A. Inc.,New,2,2021-09-30,2021-09-30,1,5.0,3385.0,538.22,0,,True,,False,,,,
Midway-Sunset,040306543200,Monarch,370,Chevron U.S.A. Inc.,Active,0,2020-01-31,2020-02-29,2,4.0,2724.0,433.12,0,,True,,False,,,,
Midway-Sunset,040306543400,Ethel D,OS-0112,"Berry Petroleum Company, LLC",Active,0,2019-05-31,2019-05-31,1,8.0,4006.0,636.95,0,,True,,False,,,,
Midway-Sunset,040306543500,Ethel D,OS-0213,"Berry Petroleum Company, LLC",Active,0,2019-05-31,2019-06-30,2,5.0,2209.0,351.23,0,,True,,False,,,,
Midway-Sunset,040306543600,Ethel D,OS-0701,"Berry Petroleum Company, LLC",Active,0,2019-08-31,2019-08-31,1,9.0,4546.0,722.81,0,,True,,False,,,,
Midway-Sunset,040306543700,Ethel D,OS-0211,"Berry Petroleum Company, LLC",Active,0,2019-05-31,2019-08-31,2,8.0,4557.0,724.56,0,,True,,False,,,,
Midway-Sunset,040306543900,Fairfield,50-73,"Berry Petroleum Company, LLC",Active,0,2020-09-30,2021-12-31,16,90.0,212624.0,33807.22,0,,True,,False,,,,
Midway-Sunset,040306544000,Keene,110,Sentinel Peak Resources California LLC,Active,0,2021-04-30,2021-12-31,9,45.0,21562.0,3428.36,0,,True,,False,,,,
Midway-Sunset,040306544200,Fairfield,49-70,"Berry Petroleum Company, LLC",Active,0,2020-10-31,2021-12-31,15,80.0,221588.0,35232.49,0,,True,,False,,,,
Midway-Sunset,040306544300,Fairfield,50-71,"Berry Petroleum Company, LLC",Active,0,2020-09-30,2021-12-31,16,90.0,237470.0,37757.73,0,,True,,False,,,,
Midway-Sunset,040306544400,Keene,109,Sentinel Peak Resources California LLC,Active,0,2021-03-31,2021-12-31,10,45.0,37083.0,5896.2,0,,True,,False,,,,
Midway-Sunset,040306544500,Fairfield,49-72,"Berry Petroleum Company, LLC",Active,0,2020-09-30,2021-12-31,16,92.0,231194.0,36759.85,0,,True,,False,,,,
Midway-Sunset,040306544600,Fairfield,48-69,"Berry Petroleum Company, LLC",Active,0,2020-09-30,2021-12-31,16,95.0,260857.0,41476.26,0,,True,,False,,,,
Midway-Sunset,040306545700,Monarch,438,Chevron U.S.A. Inc.,New,0,2020-06-30,2020-06-30,1,4.0,2536.0,403.22,0,123.0,False,,False,,,,
Midway-Sunset,040306545700,Monarch,438,Chevron U.S.A. Inc.,New,1,2020-10-31,2020-10-31,1,4.0,2594.0,412.45,0,,True,,False,,,,
Midway-Sunset,040306545800,Section 31,420,"Berry Petroleum Company, LLC",Active,0,2020-06-30,2020-06-30,1,7.0,7611.0,1210.15,0,,True,,False,,,,
Midway-Sunset,040306546800,Fairfield,60-65,"Berry Petroleum Company, LLC",Active,0,2019-10-31,2021-12-31,25,132.0,248327.0,39483.99,0,,True,,False,,,,
Midway-Sunset,040306546900,Fairfield,60-67,"Berry Petroleum Company, LLC",Active,0,2019-10-31,2021-12-31,25,137.0,303277.0,48221.04,0,,True,,False,,,,
Midway-Sunset,040306547400,Fairfield,49-64,"Berry Petroleum Company, LLC",Active,0,2019-07-31,2021-12-31,28,137.0,324048.0,51523.63,0,,True,,False,,,,
Midway-Sunset,040306547500,Monarch,363,Chevron U.S.A. Inc.,Active,0,2020-11-30,2020-11-30,1,4.0,2551.0,405.61,0,304.0,False,,False,,,,
Midway-Sunset,040306547500,Monarch,363,Chevron U.S.A. Inc.,Active,1,2021-09-30,2021-09-30,1,5.0,3376.0,536.78,0,,True,,False,,,,
Midway-Sunset,040306547600,Monarch,459,Chevron U.S.A. Inc.,New,0,2020-06-30,2020-07-31,2,5.0,2554.0,406.09,0,61.0,False,,False,,,,
Midway-Sunset,040306547600,Monarch,459,Chevron U.S.A. Inc.,New,1,2020-09-30,2020-10-31,2,4.0,2586.0,411.17,0,,True,,False,,,,
Midway-Sunset,040306547700,Monarch,436,Chevron U.S.A. Inc.,New,0,2019-10-31,2019-10-31,1,4.0,2639.0,419.6,0,243.0,False,,False,,,,
Midway-Sunset,040306547700,Monarch,436,Chevron U.S.A. Inc.,New,1,2020-06-30,2020-06-30,1,4.0,2638.0,419.44,0,457.0,False,,False,,,,
Midway-Sunset,040306547700,Monarch,436,Chevron U.S.A. Inc.,New,2,2021-09-30,2021-09-30,1,5.0,3400.0,540.6,0,,True,,False,,,,
Midway-Sunset,040306548000,Fairfield,62-67,"Berry Petroleum Company, LLC",Active,0,2019-10-31,2021-12-31,23,138.0,342523.0,54461.16,0,,True,,False,,,,
Midway-Sunset,040306548100,Fairfield,61-66,"Berry Petroleum Company, LLC",Active,0,2020-08-31,2021-12-31,17,103.0,198746.0,31600.61,0,,True,,False,,,,
Midway-Sunset,040306548200,Fairfield,52-69,"Berry Petroleum Company, LLC",Active,0,2020-07-31,2021-12-31,18,141.0,130560.0,20759.04,0,,True,,False,,,,
Midway-Sunset,040306548300,Fairfield,50-69,"Berry Petroleum Company, LLC",Active,0,2020-10-31,2021-12-31,15,96.0,278861.0,44338.9,0,,True,,False,,,,
Midway-Sunset,040306548400,Fairfield,51-68,"Berry Petroleum Company, LLC",Active,0,2020-03-31,2020-03-31,1,1.0,49.0,7.79,0,,True,,False,,,,
Midway-Sunset,040306550700,Fairfield,54-67,"Berry Petroleum Company, LLC",Active,0,2020-04-30,2021-12-31,21,163.0,154733.0,24602.55,0,,True,,False,,,,
Midway-Sunset,040306550800,Fairfield,52-71,"Berry Petroleum Company, LLC",Active,0,2020-07-31,2021-12-31,18,126.0,250691.0,39859.87,0,,True,,False,,,,
Midway-Sunset,040306550900,Fairfield,51-72,"Berry Petroleum Company, LLC",Active,0,2020-09-30,2021-12-31,16,88.0,227537.0,36178.38,0,,True,,False,,,,
Midway-Sunset,040306551000,Fairfield,53-72,"Berry Petroleum Company, LLC",Active,0,2019-10-31,2021-12-31,24,131.0,245037.0,38960.88,0,,True,,False,,,,
Midway-Sunset,040306551300,Fairfield,59-66,"Berry Petroleum Company, LLC",Active,0,2019-09-30,2021-12-31,25,126.0,256868.0,40842.01,0,,True,,False,,,,
Midway-Sunset,040306551500,Fairfield,52-73,"Berry Petroleum Company, LLC",Active,0,2019-10-31,2021-11-30,23,148.0,309250.0,49170.75,0,,True,,False,,,,
Midway-Sunset,040306552100,Fairfield,55-68,"Berry Petroleum Company, LLC",Active,0,2020-04-30,2021-12-31,21,125.0,93888.0,14928.19,0,,True,,False,,,,
Midway-Sunset,040306552200,Kendon,TP14A,Aera Energy LLC,Active,0,2019-08-31,2019-12-31,2,14.0,14254.0,2266.39,0,,True,,False,,,,
Midway-Sunset,040306552800,Fairfield,51-74,"Berry Petroleum Company, LLC",Active,0,2019-10-31,2021-12-31,24,101.0,272029.0,43252.61,0,,True,,False,,,,
Midway-Sunset,040306552900,Monarch,361,Chevron U.S.A. Inc.,Active,0,2020-05-31,2020-05-31,1,4.0,2453.0,390.03,0,,True,,False,,,,
Midway-Sunset,040306553000,Monarch,362,Chevron U.S.A. Inc.,New,0,2019-12-31,2020-01-31,2,4.0,2707.0,430.41,0,151.0,False,,False,,,,
Midway-Sunset,040306553000,Monarch,362,Chevron U.S.A. Inc.,New,1,2020-06-30,2020-06-30,1,4.0,2591.0,411.97,0,153.0,False,,False,,,,
Midway-Sunset,040306553000,Monarch,362,Chevron U.S.A. Inc.,New,2,2020-11-30,2020-11-30,1,4.0,2560.0,407.04,0,,True,,False,,,,
Midway-Sunset,040306553100,Fairfield,53-68,"Berry Petroleum Company, LLC",Active,0,2020-03-31,2021-12-31,21,126.0,247212.0,39306.71,0,,True,,False,,,,
Midway-Sunset,040306553300,Fairfield,56-67,"Berry Petroleum Company, LLC",Active,0,2020-03-31,2021-12-31,22,121.0,103075.0,16388.92,0,,True,,False,,,,
Midway-Sunset,040306553400,Fairfield,54-65,"Berry Petroleum Company, LLC",Active,0,2020-10-31,2021-12-31,15,73.0,160131.0,25460.83,0,,True,,False,,,,
Midway-Sunset,040306553900,Fairfield,52-67,"Berry Petroleum Company, LLC",Active,0,2020-03-31,2021-12-31,21,143.0,132191.0,21018.37,0,,True,,False,,,,
Midway-Sunset,040306555600,Fairfield,59-68,"Berry Petroleum Company, LLC",Active,0,2019-10-31,2021-12-31,25,139.0,321339.0,51092.9,0,,True,,False,,,,
Midway-Sunset,040306555700,Fairfield,53-74,"Berry Petroleum Company, LLC",Active,0,2019-09-30,2021-12-31,25,136.0,262483.0,41734.8,0,,True,,False,,,,
Midway-Sunset,040306555900,Fairfield,54-69,"Berry Petroleum Company, LLC",Active,0,2020-03-31,2021-12-31,22,167.0,171618.0,27287.26,0,,True,,False,,,,
Midway-Sunset,040306556000,Fairfield,54-71,"Berry Petroleum Company, LLC",Active,0,2019-10-31,2021-12-31,22,116.0,221999.0,35297.84,0,,True,,False,,,,
Midway-Sunset,040306556100,Fairfield,58-67,"Berry Petroleum Company, LLC",Active,0,2019-10-31,2021-12-31,25,117.0,201431.0,32027.53,0,,True,,False,,,,
Midway-Sunset,040306556200,Fairfield,58-69,"Berry Petroleum Company, LLC",Active,0,2019-10-31,2021-12-31,24,145.0,265695.0,42245.5,0,,True,,False,,,,
Midway-Sunset,040306556300,Fairfield,54-73,"Berry Petroleum Company, LLC",Active,0,2019-10-31,2021-12-31,23,118.0,240672.0,38266.85,0,,True,,False,,,,
Midway-Sunset,040306556400,Fairfield,53-66,"Berry Petroleum Company, LLC",Active,0,2020-03-31,2021-12-31,21,133.0,284448.0,45227.23,0,,True,,False,,,,
Midway-Sunset,040306556800,Fairfield,56-69,"Berry Petroleum Company, LLC",Active,0,2019-10-31,2021-12-31,24,107.0,230250.0,36609.75,0,,True,,False,,,,
Midway-Sunset,040306559500,Fairfield,56-71,"Berry Petroleum Company, LLC",Active,0,2020-12-31,2021-12-31,12,58.0,127382.0,20253.74,0,,True,,False,,,,
Midway-Sunset,040306559600,Fairfield,56-73,"Berry Petroleum Company, LLC",Active,0,2020-12-31,2021-12-31,12,46.0,121614.0,19336.63,0,,True,,False,,,,
Midway-Sunset,040306559700,Fairfield,55-74,"Berry Petroleum Company, LLC",Active,0,2020-12-31,2021-12-31,12,48.0,117284.0,18648.16,0,,True,,False,,,,
Midway-Sunset,040306561200,Fairfield,55-66,"Berry Petroleum Company, LLC",Active,0,2020-12-31,2021-12-31,12,48.0,112328.0,17860.15,0,,True,,False,,,,
Midway-Sunset,040306561500,Fairfield,55-70,"Berry Petroleum Company, LLC",Active,0,2020-12-31,2021-12-31,12,54.0,129519.0,20593.52,0,,True,,False,,,,
Midway-Sunset,040306561600,Fairfield,62-65,"Berry Petroleum Company, LLC",Active,0,2019-08-31,2021-12-31,14,64.0,170233.0,27067.05,0,,True,,False,,,,
Midway-Sunset,040306561900,Ethel D,OS-1012,"Berry Petroleum Company, LLC",Active,0,2019-04-30,2019-05-31,2,8.0,4651.0,739.51,0,,True,,False,,,,
Midway-Sunset,040306562700,Ethel D,OS-0913,"Berry Petroleum Company, LLC",Active,0,2019-04-30,2019-08-31,3,20.0,8842.0,1405.88,0,,True,,False,,,,
Midway-Sunset,040306562800,Ethel D,OS-0904,"Berry Petroleum Company, LLC",Active,0,2019-04-30,2019-06-30,2,16.0,8431.0,1340.53,0,,True,,False,,,,
Midway-Sunset,040306563500,Ethel D,OS-0813,"Berry Petroleum Company, LLC",Active,0,2019-04-30,2019-04-30,1,6.0,2945.0,468.25,0,,True,,False,,,,
Midway-Sunset,040306563600,Fairfield,56-65,"Berry Petroleum Company, LLC",Active,0,2020-11-30,2021-12-31,14,83.0,216439.0,34413.8,0,,True,,False,,,,
Midway-Sunset,040306563700,Fairfield,57-66,"Berry Petroleum Company, LLC",Active,0,2020-03-31,2021-12-31,22,125.0,240438.0,38229.64,0,,True,,False,,,,
Midway-Sunset,040306563800,Fairfield,55-72,"Berry Petroleum Company, LLC",Active,0,2019-09-30,2021-08-31,17,86.0,132652.0,21091.67,0,,True,,False,,,,
Midway-Sunset,040306563900,Fairfield,54-75,"Berry Petroleum Company, LLC",Active,0,2019-10-31,2021-12-31,24,130.0,272337.0,43301.58,0,,True,,False,,,,
Midway-Sunset,040306564000,Fairfield,57-68,"Berry Petroleum Company, LLC",Active,0,2020-01-31,2021-12-31,22,116.0,182230.0,28974.57,0,,True,,False,,,,
Midway-Sunset,040306564100,Fairfield,52-75,"Berry Petroleum Company, LLC",Active,0,2020-01-31,2021-12-31,24,126.0,264416.0,42042.14,0,,True,,False,,,,
Midway-Sunset,040306564200,Fairfield,59-64,"Berry Petroleum Company, LLC",Active,0,2019-08-31,2021-12-31,26,101.0,270257.0,42970.86,0,,True,,False,,,,
Midway-Sunset,040306564300,Fairfield,58-65,"Berry Petroleum Company, LLC",Active,0,2019-10-31,2021-12-31,24,113.0,226340.0,35988.06,0,,True,,False,,,,
Midway-Sunset,040306565300,Fairfield,57-64,"Berry Petroleum Company, LLC",Active,0,2020-12-31,2021-12-31,13,63.0,155862.0,24782.06,0,,True,,False,,,,
Midway-Sunset,040306565900,Unspecified,B22H,Chevron U.S.A. Inc.,New,0,2020-02-29,2020-03-31,2,8.0,8609.0,1368.83,0,91.0,False,,False,,,,
Midway-Sunset,040306565900,Unspecified,B22H,Chevron U.S.A. Inc.,New,1,2020-06-30,2020-06-30,1,4.0,4440.0,705.96,0,123.0,False,,False,,,,
Midway-Sunset,040306565900,Unspecified,B22H,Chevron U.S.A. Inc.,New,2,2020-10-31,2020-11-30,2,12.0,9006.0,1431.95,0,,True,,False,,,,
Midway-Sunset,040306566000,Unspecified,F1H,Chevron U.S.A. Inc.,New,0,2020-11-30,2020-12-31,2,13.0,9093.0,1445.79,0,90.0,False,,False,,,,
Midway-Sunset,040306566000,Unspecified,F1H,Chevron U.S.A. Inc.,New,1,2021-03-31,2021-03-31,1,6.0,4221.0,671.14,0,,True,,False,,,,
Midway-Sunset,040306566100,Unspecified,C6H,Chevron U.S.A. Inc.,New,0,2020-02-29,2020-02-29,1,4.0,3692.0,587.03,0,92.0,False,,False,,,,
Midway-Sunset,040306566100,Unspecified,C6H,Chevron U.S.A. Inc.,New,1,2020-05-31,2020-05-31,1,4.0,3354.0,533.29,0,61.0,False,,False,,,,
Midway-Sunset,040306566100,Unspecified,C6H,Chevron U.S.A. Inc.,New,2,2020-07-31,2020-08-31,2,20.0,21312.0,3388.61,0,61.0,False,,False,,,,
Midway-Sunset,040306566100,Unspecified,C6H,Chevron U.S.A. Inc.,New,3,2020-10-31,2020-10-31,1,5.0,3415.0,542.99,0,61.0,False,,False,,,,
Midway-Sunset,040306566100,Unspecified,C6H,Chevron U.S.A. Inc.,New,4,2020-12-31,2020-12-31,1,2.0,990.0,157.41,0,,True,,False,,,,
Midway-Sunset,040306566200,Unspecified,C5H,Chevron U.S.A. Inc.,New,0,2020-02-29,2020-02-29,1,4.0,4007.0,637.11,0,92.0,False,,False,,,,
Midway-Sunset,040306566200,Unspecified,C5H,Chevron U.S.A. Inc.,New,1,2020-05-31,2020-07-31,3,8.0,7345.0,1167.86,0,,True,,False,,,,
Midway-Sunset,040306566500,Unspecified,C3H,Chevron U.S.A. Inc.,New,0,2019-12-31,2019-12-31,1,2.0,1234.0,196.21,0,60.0,False,,False,,,,
Midway-Sunset,040306566500,Unspecified,C3H,Chevron U.S.A. Inc.,New,1,2020-02-29,2020-02-29,1,4.0,3923.0,623.76,0,92.0,False,,False,,,,
Midway-Sunset,040306566500,Unspecified,C3H,Chevron U.S.A. Inc.,New,2,2020-05-31,2020-05-31,1,4.0,3696.0,587.66,0,61.0,False,,False,,,,
Midway-Sunset,040306566500,Unspecified,C3H,Chevron U.S.A. Inc.,New,3,2020-07-31,2020-08-31,2,11.0,10370.0,1648.83,0,61.0,False,,False,,,,
Midway-Sunset,040306566500,Unspecified,C3H,Chevron U.S.A. Inc.,New,4,2020-10-31,2020-11-30,2,10.0,7195.0,1144.01,0,,True,,False,,,,
Midway-Sunset,040306566600,Unspecified,B21H,Chevron U.S.A. Inc.,New,0,2020-05-31,2020-05-31,1,4.0,3684.0,585.76,0,61.0,False,,False,,,,
Midway-Sunset,040306566600,Unspecified,B21H,Chevron U.S.A. Inc.,New,1,2020-07-31,2020-07-31,1,4.0,3485.0,554.12,0,184.0,False,,False,,,,
Midway-Sunset,040306566600,Unspecified,B21H,Chevron U.S.A. Inc.,New,2,2021-01-31,2021-01-31,1,9.0,8112.0,1289.81,0,,True,,False,,,,
Midway-Sunset,040306566700,Unspecified,C4H,Chevron U.S.A. Inc.,New,0,2020-02-29,2020-02-29,1,4.0,3545.0,563.65,0,122.0,False,,False,,,,
Midway-Sunset,040306566700,Unspecified,C4H,Chevron U.S.A. Inc.,New,1,2020-06-30,2020-06-30,1,4.0,4126.0,656.03,0,153.0,False,,False,,,,
Midway-Sunset,040306566700,Unspecified,C4H,Chevron U.S.A. Inc.,New,2,2020-11-30,2021-01-31,3,15.0,11283.0,1794.0,0,,True,,False,,,,
Midway-Sunset,040306566900,Monarch,428,Chevron U.S.A. Inc.,New,0,2020-09-30,2020-09-30,1,1.0,91.0,14.47,0,335.0,False,,False,,,,
Midway-Sunset,040306566900,Monarch,428,Chevron U.S.A. Inc.,New,1,2021-08-31,2021-08-31,1,5.0,3350.0,532.65,0,,True,,False,,,,
Midway-Sunset,040306568500,Fairfield,55-64,"Berry Petroleum Company, LLC",Active,0,2020-12-31,2021-12-31,12,79.0,91796.0,14595.56,0,,True,,False,,,,
Midway-Sunset,040306568600,Section 36,31,"Berry Petroleum Company, LLC",New,0,2019-07-31,2020-06-30,4,62.0,42005.0,6678.8,0,,True,,False,,,,
Midway-Sunset,040306568800,Section 36,30,"Berry Petroleum Company, LLC",Active,0,2019-07-31,2021-10-31,7,94.0,92802.0,14755.52,0,,True,,False,,,,
Midway-Sunset,040306571100,Unspecified,M530,Chevron U.S.A. Inc.,New,0,2020-01-31,2020-02-29,2,6.0,1897.0,301.62,0,92.0,False,,False,,,,
Midway-Sunset,040306571100,Unspecified,M530,Chevron U.S.A. Inc.,New,1,2020-05-31,2020-07-31,3,10.0,2536.0,403.22,0,,True,,False,,,,
Midway-Sunset,040306572200,Unspecified,L620R,Chevron U.S.A. Inc.,New,0,2020-01-31,2020-02-29,2,6.0,1987.0,315.93,0,122.0,False,,False,,,,
Midway-Sunset,040306572200,Unspecified,L620R,Chevron U.S.A. Inc.,New,1,2020-06-30,2020-07-31,2,6.0,1475.0,234.53,0,,True,,False,,,,
Midway-Sunset,040306576900,Fairfield,57-70X,"Berry Petroleum Company, LLC",New,0,2019-10-31,2021-12-31,25,139.0,263644.0,41919.4,0,,True,,False,,,,
Midway-Sunset,040306590300,15A,11-7ERX,"Seneca Resources Company, LLC",Active,0,2019-06-30,2019-09-30,4,36.0,18772.0,2984.75,0,,True,,False,,,,
Midway-Sunset,040306593200,GP,118,"Berry Petroleum Company, LLC",New,0,2019-10-31,2020-08-31,4,61.0,52792.0,8393.93,0,,True,,False,,,,
Midway-Sunset,040306596800,Brogdon,20,"Berry Petroleum Company, LLC",New,0,2019-10-31,2021-04-30,5,77.0,62614.0,9955.63,0,,True,,False,,,,
Midway-Sunset,040306598500,Belgian,25-15X,"Berry Petroleum Company, LLC",Active,0,2020-12-31,2021-12-31,12,58.0,36349.0,5779.49,0,,True,,False,,,,
Midway-Sunset,040306603000,Belgian,24-12X,"Berry Petroleum Company, LLC",New,0,2020-12-31,2021-10-31,10,52.0,11785.0,1873.82,0,,True,,False,,,,
Midway-Sunset,040306603100,Belgian,25-13X,"Berry Petroleum Company, LLC",New,0,2020-12-31,2021-12-31,12,60.0,24776.0,3939.38,0,,True,,False,,,,
Midway-Sunset,040306603300,Southwestern,49-56,"Berry Petroleum Company, LLC",New,0,2020-01-31,2021-12-31,22,105.0,281538.0,44764.54,0,,True,,False,,,,
Midway-Sunset,040306603400,Southwestern,49-54,"Berry Petroleum Company, LLC",New,0,2020-01-31,2021-12-31,23,130.0,230964.0,36723.28,0,,True,,False,,,,
Midway-Sunset,040306603500,Southwestern,48-61,"Berry Petroleum Company, LLC",New,0,2020-01-31,2021-12-31,22,133.0,318562.0,50651.36,0,,True,,False,,,,
Midway-Sunset,040306603600,Belgian,24-14X,"Berry Petroleum Company, LLC",New,0,2020-12-31,2021-10-31,10,55.0,35862.0,5702.06,0,,True,,False,,,,
Midway-Sunset,040306603700,Belgian,26-14X,"Berry Petroleum Company, LLC",Active,0,2020-11-30,2021-12-31,14,73.0,33940.0,5396.46,0,,True,,False,,,,
Midway-Sunset,040306603800,Belgian,29-13X,"Berry Petroleum Company, LLC",Active,0,2020-12-31,2021-12-31,13,70.0,58710.0,9334.89,0,,True,,False,,,,
Midway-Sunset,040306604000,Belgian,27-15X,"Berry Petroleum Company, LLC",New,0,2020-12-31,2021-12-31,12,63.0,24539.0,3901.7,0,,True,,False,,,,
Midway-Sunset,040306604100,Belgian,28-12X,"Berry Petroleum Company, LLC",Active,0,2020-12-31,2021-12-31,12,64.0,47542.0,7559.18,0,,True,,False,,,,
Midway-Sunset,040306604600,Belgian,27-13X,"Berry Petroleum Company, LLC",New,0,2020-12-31,2021-12-31,12,62.0,30506.0,4850.45,0,,True,,False,,,,
Midway-Sunset,040306604700,Belgian,28-14X,"Berry Petroleum Company, LLC",New,0,2020-12-31,2021-12-31,12,62.0,16905.0,2687.89,0,,True,,False,,,,
Midway-Sunset,040306605400,Southwestern,51-56,"Berry Petroleum Company, LLC",New,0,2020-01-31,2021-12-31,21,86.0,233426.0,37114.73,0,,True,,False,,,,
Midway-Sunset,040306610100,Southwestern,49-60,"Berry Petroleum Company, LLC",New,0,2020-01-31,2021-12-31,21,95.0,276206.0,43916.75,0,,True,,False,,,,
Midway-Sunset,040306610200,Southwestern,51-58,"Berry Petroleum Company, LLC",New,0,2020-01-31,2021-12-31,20,130.0,297831.0,47355.13,0,,True,,False,,,,
Midway-Sunset,040306610300,Southwestern,50-57,"Berry Petroleum Company, LLC",Active,0,2020-01-31,2021-12-31,20,90.0,232247.0,36927.27,0,,True,,False,,,,
Midway-Sunset,040306610400,Southwestern,48-59,"Berry Petroleum Company, LLC",New,0,2020-01-31,2021-12-31,22,144.0,313386.0,49828.37,0,,True,,False,,,,
Midway-Sunset,040306610500,Southwestern,50-55,"Berry Petroleum Company, LLC",New,0,2020-01-31,2021-12-31,22,138.0,274190.0,43596.21,0,,True,,False,,,,
Midway-Sunset,040306610600,Southwestern,48-55,"Berry Petroleum Company, LLC",New,0,2020-06-30,2021-12-31,18,102.0,190081.0,30222.88,0,,True,,False,,,,
Midway-Sunset,040306610700,Southwestern,49-58,"Berry Petroleum Company, LLC",New,0,2020-01-31,2021-12-31,23,128.0,283109.0,45014.33,0,,True,,False,,,,
Midway-Sunset,040306610800,Southwestern,50-59,"Berry Petroleum Company, LLC",Active,0,2020-01-31,2021-12-31,20,92.0,307141.0,48835.42,0,,True,,False,,,,
Midway-Sunset,040306611600,Southwestern,53-58,"Berry Petroleum Company, LLC",New,0,2020-12-31,2021-12-31,12,54.0,142710.0,22690.89,0,,True,,False,,,,
Midway-Sunset,040306611700,Southwestern,54-59,"Berry Petroleum Company, LLC",New,0,2020-12-31,2021-12-31,11,46.0,104886.0,16676.87,0,,True,,False,,,,
Midway-Sunset,040306611800,Southwestern,52-59,"Berry Petroleum Company, LLC",Active,0,2020-12-31,2021-12-31,13,53.0,137787.0,21908.13,0,,True,,False,,,,
Midway-Sunset,040306611900,Southwestern,53-62,"Berry Petroleum Company, LLC",New,0,2020-12-31,2021-11-30,11,50.0,130375.0,20729.62,0,,True,,False,,,,
Midway-Sunset,040306612000,Southwestern,54-61,"Berry Petroleum Company, LLC",New,0,2020-12-31,2021-12-31,12,51.0,123975.0,19712.03,0,,True,,False,,,,
Midway-Sunset,040306612100,Southwestern,55-60,"Berry Petroleum Company, LLC",New,0,2020-12-31,2021-12-31,11,42.0,102186.0,16247.57,0,,True,,False,,,,
Midway-Sunset,040306612200,Southwestern,53-60,"Berry Petroleum Company, LLC",Active,0,2020-12-31,2021-12-31,12,45.0,122185.0,19427.42,0,,True,,False,,,,
Midway-Sunset,040306612300,Southwestern,55-62,"Berry Petroleum Company, LLC",Active,0,2020-05-31,2021-12-31,18,136.0,260583.0,41432.7,0,,True,,False,,,,
Midway-Sunset,040306612700,Belgian,23-13X,"Berry Petroleum Company, LLC",New,0,2020-12-31,2021-10-31,10,53.0,28383.0,4512.9,0,,True,,False,,,,
Midway-Sunset,040306612800,Belgian,23-11,"Berry Petroleum Company, LLC",New,0,2020-12-31,2021-10-31,10,48.0,20685.0,3288.91,0,,True,,False,,,,
Midway-Sunset,040306622000,Southwestern,47-58,"Berry Petroleum Company, LLC",New,0,2020-06-30,2021-12-31,17,106.0,240994.0,38318.05,0,,True,,False,,,,
Midway-Sunset,040306622100,Southwestern,52-61,"Berry Petroleum Company, LLC",New,0,2020-04-30,2021-11-30,19,109.0,234285.0,37251.32,0,,True,,False,,,,
Midway-Sunset,040306622200,Southwestern,51-60,"Berry Petroleum Company, LLC",Active,0,2020-04-30,2021-11-30,18,112.0,204999.0,32594.84,0,,True,,False,,,,
Midway-Sunset,040306622400,Southwestern,50-61,"Berry Petroleum Company, LLC",New,0,2020-04-30,2021-11-30,18,104.0,195185.0,31034.42,0,,True,,False,,,,
Midway-Sunset,040306627500,Bremer,DP-83-16,Sentinel Peak Resources California LLC,Active,0,2020-01-31,2020-02-29,2,9.0,7803.0,1240.68,0,,True,,False,,,,
Midway-Sunset,040306628100,Bremer,DP-102-16,Sentinel Peak Resources California LLC,New,0,2020-03-31,2020-03-31,1,4.0,2434.0,387.01,0,,True,,False,,,,
Midway-Sunset,040306632400,Bremer,DP-84-16,Sentinel Peak Resources California LLC,New,0,2019-06-30,2019-06-30,1,11.0,10574.0,1681.27,0,215.0,False,,False,,,,
Midway-Sunset,040306632400,Bremer,DP-84-16,Sentinel Peak Resources California LLC,New,1,2020-01-31,2020-01-31,1,17.0,12514.0,1989.73,0,,True,,False,,,,
Midway-Sunset,040306633100,Bremer,DP-73-16,Sentinel Peak Resources California LLC,New,0,2020-03-31,2020-03-31,1,11.0,7243.0,1151.64,0,,True,,False,,,,
Midway-Sunset,040306633200,Bremer,DP-65-16,Sentinel Peak Resources California LLC,New,0,2020-11-30,2020-11-30,1,7.0,4487.0,713.43,0,,True,,False,,,,
Midway-Sunset,040306634900,Section 31D,OS-4,"Berry Petroleum Company, LLC",New,0,2019-08-31,2019-08-31,1,7.0,5728.0,910.75,0,,True,,False,,,,
Midway-Sunset,040306638100,Heard & Painter,65,Aera Energy LLC,Active,0,2020-12-31,2021-07-31,3,52.0,22192.0,3528.53,0,,True,,False,,,,
Midway-Sunset,040306638400,Heard & Painter,64,Aera Energy LLC,Active,0,2021-01-31,2021-08-31,4,53.0,15029.0,2389.61,0,,True,,False,,,,
Midway-Sunset,040306639900,Bremer,DP-94-16,Sentinel Peak Resources California LLC,New,0,2020-02-29,2020-02-29,1,12.0,4706.0,748.25,0,,True,,False,,,,
Midway-Sunset,040306641700,Lucky Boy,23,"Berry Petroleum Company, LLC",New,0,2020-01-31,2021-01-31,4,25.0,30080.0,4782.72,0,150.0,False,,False,,,,
Midway-Sunset,040306641700,Lucky Boy,23,"Berry Petroleum Company, LLC",New,1,2021-06-30,2021-06-30,1,20.0,23213.0,3690.87,0,,True,,False,,,,
Midway-Sunset,040306642400,Moco 34,MBC-131A,Aera Energy LLC,New,0,2020-12-31,2021-11-30,5,45.0,41192.0,6549.53,0,,True,,False,,,,
Midway-Sunset,040306642700,Moco 34,34T-376,Aera Energy LLC,Active,0,2019-12-31,2021-11-30,5,52.0,36461.0,5797.3,0,,True,,False,,,,
Midway-Sunset,040306642800,Moco 34,34T-364F,Aera Energy LLC,Active,0,2019-12-31,2021-09-30,4,12.0,9340.0,1485.06,0,,True,,False,,,,
Midway-Sunset,040306643100,Moco 34,MBC-170A,Aera Energy LLC,New,0,2019-12-31,2021-10-31,2,20.0,13511.0,2148.25,0,,True,,False,,,,
Midway-Sunset,040306643400,Moco 34,MBC-169A,Aera Energy LLC,New,0,2021-02-28,2021-03-31,2,6.0,5103.0,811.38,0,,True,,False,,,,
Midway-Sunset,040306644100,Anderson-Goodwin,K18R,Aera Energy LLC,Active,0,2019-12-31,2021-10-31,2,18.0,23072.0,3668.45,0,,True,,False,,,,
Midway-Sunset,040306644300,Anderson-Goodwin,K113A,Aera Energy LLC,New,0,2019-12-31,2021-10-31,3,7.0,6319.0,1004.72,0,,True,,False,,,,
Midway-Sunset,040306644400,Anderson-Goodwin,J118,Aera Energy LLC,New,0,2019-12-31,2021-12-31,3,14.0,13894.0,2209.15,0,,True,,False,,,,
Midway-Sunset,040306644600,Anderson-Goodwin,G113A,Aera Energy LLC,Active,0,2019-12-31,2019-12-31,1,10.0,6480.0,1030.32,0,,True,,False,,,,
Midway-Sunset,040306644700,Anderson-Goodwin,J113A,Aera Energy LLC,New,0,2019-12-31,2019-12-31,1,11.0,13183.0,2096.1,0,,True,,False,,,,
Midway-Sunset,040306644900,Belgian,22-12,"Berry Petroleum Company, LLC",New,0,2020-12-31,2021-10-31,10,54.0,20116.0,3198.44,0,,True,,False,,,,
Midway-Sunset,040306645000,Belgian,26-16X,"Berry Petroleum Company, LLC",New,0,2020-12-31,2021-12-31,12,57.0,34012.0,5407.91,0,,True,,False,,,,
Midway-Sunset,040306645100,Belgian,22-10,"Berry Petroleum Company, LLC",Active,0,2020-12-31,2021-11-30,12,60.0,26117.0,4152.6,0,,True,,False,,,,
Midway-Sunset,040306645300,Bremer,DP-39-16,Sentinel Peak Resources California LLC,New,0,2020-10-31,2020-10-31,1,8.0,4141.0,658.42,0,,True,,False,,,,
Midway-Sunset,040306651000,Bremer,DP-36-16,Sentinel Peak Resources California LLC,New,0,2020-03-31,2020-03-31,1,3.0,2386.0,379.37,0,,True,,False,,,,
Midway-Sunset,040306651100,Bremer,DP-75-16,Sentinel Peak Resources California LLC,Active,0,2020-10-31,2020-10-31,1,9.0,4265.0,678.13,0,,True,,False,,,,
Midway-Sunset,040306652700,Unspecified,20-07R,Crimson Resource Management Corp.,Active,0,2019-09-30,2019-09-30,1,7.0,6087.0,967.83,0,,True,,False,,,,
Midway-Sunset,040306653500,Southwestern,61-64,"Berry Petroleum Company, LLC",New,0,2020-07-31,2021-12-31,18,100.0,168906.0,26856.05,0,,True,,False,,,,
Midway-Sunset,040306653600,Southwestern,63-64,"Berry Petroleum Company, LLC",Active,0,2020-07-31,2021-12-31,18,99.0,203043.0,32283.84,0,,True,,False,,,,
Midway-Sunset,040306654700,Bremer,DP-34-16,Sentinel Peak Resources California LLC,New,0,2020-02-29,2020-02-29,1,9.0,7377.0,1172.94,0,,True,,False,,,,
Midway-Sunset,040306656500,Southwestern,63-62,"Berry Petroleum Company, LLC",New,0,2020-07-31,2021-12-31,18,102.0,192839.0,30661.4,0,,True,,False,,,,
Midway-Sunset,040306656600,Southwestern,64-63,"Berry Petroleum Company, LLC",Active,0,2020-04-30,2021-12-31,19,97.0,216105.0,34360.69,0,,True,,False,,,,
Midway-Sunset,040306658900,Southwestern,64-65,"Berry Petroleum Company, LLC",Active,0,2020-04-30,2021-12-31,18,90.0,170765.0,27151.64,0,,True,,False,,,,
Midway-Sunset,040306659000,Bremer,DP-8-16,Sentinel Peak Resources California LLC,New,0,2020-10-31,2020-10-31,1,9.0,3878.0,616.6,0,,True,,False,,,,
Midway-Sunset,040306659300,Southwestern,56-63,"Berry Petroleum Company, LLC",Plugged,0,2020-07-31,2020-09-30,3,45.0,33973.0,5401.71,0,,True,,False,,,,
Midway-Sunset,040306659400,Southwestern,64-61,"Berry Petroleum Company, LLC",New,0,2020-04-30,2021-12-31,20,110.0,267334.0,42506.11,0,,True,,False,,,,
Midway-Sunset,040306659600,Southwestern,60-59,"Berry Petroleum Company, LLC",New,0,2020-07-31,2021-12-31,18,88.0,132398.0,21051.28,0,,True,,False,,,,
Midway-Sunset,040306659700,Southwestern,59-58,"Berry Petroleum Company, LLC",Active,0,2020-07-31,2021-12-31,18,95.0,144101.0,22912.06,0,,True,,False,,,,
Midway-Sunset,040306659800,Southwestern,58-59,"Berry Petroleum Company, LLC",Active,0,2020-07-31,2021-12-31,16,83.0,112850.0,17943.15,0,,True,,False,,,,
Midway-Sunset,040306660000,Southwestern,59-60,"Berry Petroleum Company, LLC",Active,0,2020-08-31,2021-11-30,15,78.0,127892.0,20334.83,0,,True,,False,,,,
Midway-Sunset,040306660700,GP,122,"Berry Petroleum Company, LLC",New,0,2020-02-29,2020-08-31,4,51.0,21613.0,3436.47,0,365.0,False,,False,,,,
Midway-Sunset,040306660700,GP,122,"Berry Petroleum Company, LLC",New,1,2021-08-31,2021-09-30,2,33.0,36573.0,5815.11,0,,True,,False,,,,
Midway-Sunset,040306660800,GP,121,"Berry Petroleum Company, LLC",New,0,2019-10-31,2021-05-31,6,70.0,42719.0,6792.32,0,,True,,False,,,,
Midway-Sunset,040306661300,Southwestern,56-61,"Berry Petroleum Company, LLC",New,0,2020-07-31,2021-12-31,17,91.0,110194.0,17520.85,0,,True,,False,,,,
Midway-Sunset,040306661400,Southwestern,57-60,"Berry Petroleum Company, LLC",New,0,2020-07-31,2021-12-31,18,88.0,118970.0,18916.23,0,,True,,False,,,,
Midway-Sunset,040306661500,Southwestern,62-63,"Berry Petroleum Company, LLC",New,0,2020-08-31,2021-12-31,16,88.0,161439.0,25668.8,0,,True,,False,,,,
Midway-Sunset,040306661600,Southwestern,61-60,"Berry Petroleum Company, LLC",Canceled,0,2020-04-30,2020-06-30,2,6.0,11834.0,1881.61,0,,True,,False,,,,
Midway-Sunset,040306661700,Southwestern,59-62,"Berry Petroleum Company, LLC",Active,0,2020-08-31,2021-04-30,9,61.0,75111.0,11942.65,0,,True,,False,,,,
Midway-Sunset,040306661800,Southwestern,58-63,"Berry Petroleum Company, LLC",Active,0,2020-07-31,2021-12-31,18,109.0,171413.0,27254.67,0,,True,,False,,,,
Midway-Sunset,040306661900,Southwestern,61-58,"Berry Petroleum Company, LLC",Active,0,2020-07-31,2021-12-31,18,89.0,137271.0,21826.09,0,,True,,False,,,,
Midway-Sunset,040306662000,Southwestern,57-62,"Berry Petroleum Company, LLC",New,0,2020-08-31,2021-12-31,17,96.0,166750.0,26513.25,0,,True,,False,,,,
Midway-Sunset,040306662100,Southwestern,60-61,"Berry Petroleum Company, LLC",Active,0,2020-07-31,2021-12-31,18,89.0,145838.0,23188.24,0,,True,,False,,,,
Midway-Sunset,040306662200,Southwestern,60-63,"Berry Petroleum Company, LLC",Active,0,2020-07-31,2021-12-31,18,98.0,193933.0,30835.35,0,,True,,False,,,,
Midway-Sunset,040306662300,Southwestern,61-62,"Berry Petroleum Company, LLC",New,0,2020-04-30,2021-12-31,19,90.0,133401.0,21210.76,0,,True,,False,,,,
Midway-Sunset,040306662400,Southwestern,62-59,"Berry Petroleum Company, LLC",Active,0,2020-04-30,2021-12-31,19,97.0,197414.0,31388.83,0,,True,,False,,,,
Midway-Sunset,040306662500,Southwestern,61-60,"Berry Petroleum Company, LLC",New,0,2020-07-31,2021-12-31,18,88.0,150462.0,23923.46,0,,True,,False,,,,
Midway-Sunset,040306663600,Southwestern,63-60,"Berry Petroleum Company, LLC",Active,0,2020-04-30,2021-12-31,20,107.0,213436.0,33936.32,0,,True,,False,,,,
Midway-Sunset,040306675900,Unspecified,252X,"Seneca Resources Company, LLC",Active,0,2019-12-31,2019-12-31,1,12.0,4796.0,762.56,0,244.0,False,,False,,,,
Midway-Sunset,040306675900,Unspecified,252X,"Seneca Resources Company, LLC",Active,1,2020-08-31,2020-09-30,2,27.0,7672.0,1219.85,0,92.0,False,,False,,,,
Midway-Sunset,040306675900,Unspecified,252X,"Seneca Resources Company, LLC",Active,2,2020-12-31,2020-12-31,1,2.0,660.0,104.94,0,,True,,False,,,,
Midway-Sunset,040306676100,Hoyt,H-131,"Seneca Resources Company, LLC",Active,0,2019-11-30,2019-12-31,2,13.0,6460.0,1027.14,0,397.0,False,,False,,,,
Midway-Sunset,040306676100,Hoyt,H-131,"Seneca Resources Company, LLC",Active,1,2021-01-31,2021-02-28,2,9.0,3132.0,497.99,0,245.0,False,,False,,,,
Midway-Sunset,040306676100,Hoyt,H-131,"Seneca Resources Company, LLC",Active,2,2021-10-31,2021-10-31,1,7.0,3099.0,492.74,0,,True,,False,,,,
Midway-Sunset,040306676200,Iroquois,IR-113,"Seneca Resources Company, LLC",Active,0,2019-12-31,2019-12-31,1,14.0,6356.0,1010.6,0,305.0,False,,False,,,,
Midway-Sunset,040306676200,Iroquois,IR-113,"Seneca Resources Company, LLC",Active,1,2020-10-31,2020-10-31,1,11.0,5090.0,809.31,0,212.0,False,,False,,,,
Midway-Sunset,040306676200,Iroquois,IR-113,"Seneca Resources Company, LLC",Active,2,2021-05-31,2021-05-31,1,7.0,2871.0,456.49,0,214.0,False,,False,,,,
Midway-Sunset,040306676200,Iroquois,IR-113,"Seneca Resources Company, LLC",Active,3,2021-12-31,2021-12-31,1,12.0,5137.0,816.78,0,,True,,False,,,,
Midway-Sunset,040306676300,Iroquois,IR-112,"Seneca Resources Company, LLC",Active,0,2019-12-31,2020-02-29,3,27.0,12535.0,1993.07,0,184.0,False,,False,,,,
Midway-Sunset,040306676300,Iroquois,IR-112,"Seneca Resources Company, LLC",Active,1,2020-08-31,2020-08-31,1,11.0,5170.0,822.03,0,61.0,False,,False,,,,
Midway-Sunset,040306676300,Iroquois,IR-112,"Seneca Resources Company, LLC",Active,2,2020-10-31,2020-10-31,1,4.0,1930.0,306.87,0,151.0,False,,False,,,,
Midway-Sunset,040306676300,Iroquois,IR-112,"Seneca Resources Company, LLC",Active,3,2021-03-31,2021-05-31,3,21.0,8671.0,1378.69,0,153.0,False,,False,,,,
Midway-Sunset,040306676300,Iroquois,IR-112,"Seneca Resources Company, LLC",Active,4,2021-10-31,2021-10-31,1,13.0,5683.0,903.6,0,,True,,False,,,,
Midway-Sunset,040306676500,Unspecified,132,Chevron U.S.A. Inc.,New,0,2020-06-30,2020-06-30,1,5.0,4350.0,691.65,0,123.0,False,,False,,,,
Midway-Sunset,040306676500,Unspecified,132,Chevron U.S.A. Inc.,New,1,2020-10-31,2020-10-31,1,5.0,4381.0,696.58,0,92.0,False,,False,,,,
Midway-Sunset,040306676500,Unspecified,132,Chevron U.S.A. Inc.,New,2,2021-01-31,2021-01-31,1,5.0,4649.0,739.19,0,334.0,False,,False,,,,
Midway-Sunset,040306676500,Unspecified,132,Chevron U.S.A. Inc.,New,3,2021-12-31,2021-12-31,1,5.0,4900.0,779.1,0,,True,,False,,,,
Midway-Sunset,040306676600,Unspecified,130,Chevron U.S.A. Inc.,New,0,2021-03-31,2021-03-31,1,5.0,4752.0,755.57,0,,True,,False,,,,
Midway-Sunset,040306676700,Unspecified,137,Chevron U.S.A. Inc.,New,0,2020-06-30,2020-06-30,1,5.0,4251.0,675.91,0,,True,,False,,,,
Midway-Sunset,040306676900,Unspecified,122,Chevron U.S.A. Inc.,New,0,2021-03-31,2021-03-31,1,5.0,4696.0,746.66,0,,True,,False,,,,
Midway-Sunset,040306678900,Unspecified,109,Chevron U.S.A. Inc.,New,0,2021-03-31,2021-03-31,1,5.0,4756.0,756.2,0,,True,,False,,,,
Midway-Sunset,040306684400,Oil Inc.,OI-111,"Seneca Resources Company, LLC",New,0,2021-06-30,2021-06-30,1,1.0,4106.0,652.85,0,62.0,False,,False,,,,
Midway-Sunset,040306684400,Oil Inc.,OI-111,"Seneca Resources Company, LLC",New,1,2021-08-31,2021-08-31,1,7.0,2993.0,475.89,0,,True,,False,,,,
Midway-Sunset,040306686800,Oil Inc.,OI-112,"Seneca Resources Company, LLC",Active,0,2021-06-30,2021-09-30,4,16.0,7249.0,1152.59,0,61.0,False,,False,,,,
Midway-Sunset,040306686800,Oil Inc.,OI-112,"Seneca Resources Company, LLC",Active,1,2021-11-30,2021-11-30,1,7.0,3092.0,491.63,0,,True,,False,,,,
Midway-Sunset,040306686900,Oil Inc.,OI-110,"Seneca Resources Company, LLC",New,0,2021-06-30,2021-06-30,1,10.0,3989.0,634.25,0,153.0,False,,False,,,,
Midway-Sunset,040306686900,Oil Inc.,OI-110,"Seneca Resources Company, LLC",New,1,2021-11-30,2021-11-30,1,6.0,2763.0,439.32,0,,True,,False,,,,
Midway-Sunset,040306687000,Oil Inc.,OI-113,"Seneca Resources Company, LLC",Active,0,2021-06-30,2021-06-30,1,10.0,3989.0,634.25,0,62.0,False,,False,,,,
Midway-Sunset,040306687000,Oil Inc.,OI-113,"Seneca Resources Company, LLC",Active,1,2021-08-31,2021-08-31,1,7.0,3127.0,497.19,0,122.0,False,,False,,,,
Midway-Sunset,040306687000,Oil Inc.,OI-113,"Seneca Resources Company, LLC",Active,2,2021-12-31,2021-12-31,1,4.0,1400.0,222.6,0,,True,,False,,,,
Midway-Sunset,040306688500,Hoyt,H-130,"Seneca Resources Company, LLC",Active,0,2019-12-31,2019-12-31,1,11.0,4361.0,693.4,0,60.0,False,,False,,,,
Midway-Sunset,040306688500,Hoyt,H-130,"Seneca Resources Company, LLC",Active,1,2020-02-29,2020-03-31,2,11.0,5443.0,865.44,0,153.0,False,,False,,,,
Midway-Sunset,040306688500,Hoyt,H-130,"Seneca Resources Company, LLC",Active,2,2020-08-31,2020-09-30,2,26.0,10824.0,1721.02,0,212.0,False,,False,,,,
Midway-Sunset,040306688500,Hoyt,H-130,"Seneca Resources Company, LLC",Active,3,2021-04-30,2021-04-30,1,10.0,4077.0,648.24,0,61.0,False,,False,,,,
Midway-Sunset,040306688500,Hoyt,H-130,"Seneca Resources Company, LLC",Active,4,2021-06-30,2021-06-30,1,5.0,2106.0,334.85,0,153.0,False,,False,,,,
Midway-Sunset,040306688500,Hoyt,H-130,"Seneca Resources Company, LLC",Active,5,2021-11-30,2021-11-30,1,8.0,3705.0,589.1,0,,True,,False,,,,
Midway-Sunset,040306688700,Unspecified,17N-5946,"Seneca Resources Company, LLC",New,0,2020-02-29,2020-02-29,1,8.0,2155.0,342.64,0,92.0,False,,False,,,,
Midway-Sunset,040306688700,Unspecified,17N-5946,"Seneca Resources Company, LLC",New,1,2020-05-31,2020-06-30,2,28.0,7827.0,1244.49,0,123.0,False,,False,,,,
Midway-Sunset,040306688700,Unspecified,17N-5946,"Seneca Resources Company, LLC",New,2,2020-10-31,2021-02-28,4,42.0,11977.0,1904.34,0,122.0,False,,False,,,,
Midway-Sunset,040306688700,Unspecified,17N-5946,"Seneca Resources Company, LLC",New,3,2021-06-30,2021-06-30,1,13.0,3850.0,612.15,0,184.0,False,,False,,,,
Midway-Sunset,040306688700,Unspecified,17N-5946,"Seneca Resources Company, LLC",New,4,2021-12-31,2021-12-31,1,13.0,3684.0,585.76,0,,True,,False,,,,
Midway-Sunset,040306688800,Unspecified,17N-5650,"Seneca Resources Company, LLC",Active,0,2020-03-31,2020-04-30,2,15.0,4382.0,696.74,0,184.0,False,,False,,,,
Midway-Sunset,040306688800,Unspecified,17N-5650,"Seneca Resources Company, LLC",Active,1,2020-10-31,2020-10-31,1,1.0,300.0,47.7,0,120.0,False,,False,,,,
Midway-Sunset,040306688800,Unspecified,17N-5650,"Seneca Resources Company, LLC",Active,2,2021-02-28,2021-02-28,1,14.0,4200.0,667.8,0,61.0,False,,False,,,,
Midway-Sunset,040306688800,Unspecified,17N-5650,"Seneca Resources Company, LLC",Active,3,2021-04-30,2021-05-31,2,21.0,6300.0,1001.7,0,,True,,False,,,,
Midway-Sunset,040306688900,Unspecified,17N-7254R,"Seneca Resources Company, LLC",New,0,2020-02-29,2020-03-31,2,18.0,5215.0,829.19,0,153.0,False,,False,,,,
Midway-Sunset,040306688900,Unspecified,17N-7254R,"Seneca Resources Company, LLC",New,1,2020-08-31,2020-09-30,2,4.0,1157.0,183.96,0,,True,,False,,,,
Midway-Sunset,040306689000,Unspecified,17N-6546,"Seneca Resources Company, LLC",Active,0,2020-02-29,2020-03-31,2,20.0,5746.0,913.61,0,61.0,False,,False,,,,
Midway-Sunset,040306689000,Unspecified,17N-6546,"Seneca Resources Company, LLC",Active,1,2020-05-31,2020-05-31,1,9.0,2654.0,421.99,0,92.0,False,,False,,,,
Midway-Sunset,040306689000,Unspecified,17N-6546,"Seneca Resources Company, LLC",Active,2,2020-08-31,2020-10-31,3,18.0,4753.0,755.73,0,181.0,False,,False,,,,
Midway-Sunset,040306689000,Unspecified,17N-6546,"Seneca Resources Company, LLC",Active,3,2021-04-30,2021-04-30,1,15.0,4429.0,704.21,0,214.0,False,,False,,,,
Midway-Sunset,040306689000,Unspecified,17N-6546,"Seneca Resources Company, LLC",Active,4,2021-11-30,2021-11-30,1,16.0,4735.0,752.87,0,,True,,False,,,,
Midway-Sunset,040306689100,Unspecified,17N-6553R,"Seneca Resources Company, LLC",Active,0,2020-03-31,2020-03-31,1,6.0,1544.0,245.5,0,183.0,False,,False,,,,
Midway-Sunset,040306689100,Unspecified,17N-6553R,"Seneca Resources Company, LLC",Active,1,2020-09-30,2020-12-31,3,23.0,5701.0,906.46,0,,True,,False,,,,
Midway-Sunset,040306689200,Unspecified,17N-5952R,"Seneca Resources Company, LLC",New,0,2020-03-31,2020-04-30,2,14.0,4108.0,653.17,0,123.0,False,,False,,,,
Midway-Sunset,040306689200,Unspecified,17N-5952R,"Seneca Resources Company, LLC",New,1,2020-08-31,2020-10-31,3,24.0,6980.0,1109.82,0,365.0,False,,False,,,,
Midway-Sunset,040306689200,Unspecified,17N-5952R,"Seneca Resources Company, LLC",New,2,2021-10-31,2021-10-31,1,14.0,3913.0,622.17,0,,True,,False,,,,
Midway-Sunset,040306689300,Unspecified,17N-8539,"Seneca Resources Company, LLC",Active,0,2020-01-31,2020-02-29,2,3.0,5341.0,849.22,0,61.0,False,,False,,,,
Midway-Sunset,040306689300,Unspecified,17N-8539,"Seneca Resources Company, LLC",Active,1,2020-04-30,2020-04-30,1,3.0,863.0,137.22,0,153.0,False,,False,,,,
Midway-Sunset,040306689300,Unspecified,17N-8539,"Seneca Resources Company, LLC",Active,2,2020-09-30,2020-09-30,1,18.0,5304.0,843.34,0,92.0,False,,False,,,,
Midway-Sunset,040306689300,Unspecified,17N-8539,"Seneca Resources Company, LLC",Active,3,2020-12-31,2020-12-31,1,3.0,857.0,136.26,0,90.0,False,,False,,,,
Midway-Sunset,040306689300,Unspecified,17N-8539,"Seneca Resources Company, LLC",Active,4,2021-03-31,2021-04-30,2,11.0,3256.0,517.7,0,245.0,False,,False,,,,
Midway-Sunset,040306689300,Unspecified,17N-8539,"Seneca Resources Company, LLC",Active,5,2021-12-31,2021-12-31,1,9.0,2652.0,421.67,0,,True,,False,,,,
Midway-Sunset,040306689400,Unspecified,17N-8242,"Seneca Resources Company, LLC",Plugged,0,2020-02-29,2020-02-29,1,3.0,876.0,139.28,0,,True,,False,,,,
Midway-Sunset,040306689700,Unspecified,17N-7246,"Seneca Resources Company, LLC",Active,0,2020-03-31,2020-03-31,1,16.0,4698.0,746.98,0,183.0,False,,False,,,,
Midway-Sunset,040306689700,Unspecified,17N-7246,"Seneca Resources Company, LLC",Active,1,2020-09-30,2020-10-31,2,19.0,5604.0,891.04,0,92.0,False,,False,,,,
Midway-Sunset,040306689700,Unspecified,17N-7246,"Seneca Resources Company, LLC",Active,2,2021-01-31,2021-01-31,1,14.0,4197.0,667.32,0,273.0,False,,False,,,,
Midway-Sunset,040306689700,Unspecified,17N-7246,"Seneca Resources Company, LLC",Active,3,2021-10-31,2021-10-31,1,14.0,3913.0,622.17,0,,True,,False,,,,
Midway-Sunset,040306689800,Unspecified,17N-7846,"Seneca Resources Company, LLC",Active,0,2020-01-31,2020-02-29,2,20.0,5560.0,884.04,0,153.0,False,,False,,,,
Midway-Sunset,040306689800,Unspecified,17N-7846,"Seneca Resources Company, LLC",Active,1,2020-07-31,2020-07-31,1,15.0,4275.0,679.73,0,153.0,False,,False,,,,
Midway-Sunset,040306689800,Unspecified,17N-7846,"Seneca Resources Company, LLC",Active,2,2020-12-31,2020-12-31,1,3.0,857.0,136.26,0,,True,,False,,,,
Midway-Sunset,040306694500,Unspecified,141,Chevron U.S.A. Inc.,New,0,2020-06-30,2020-06-30,1,4.0,3137.0,498.78,0,243.0,False,,False,,,,
Midway-Sunset,040306694500,Unspecified,141,Chevron U.S.A. Inc.,New,1,2021-02-28,2021-03-31,2,5.0,4959.0,788.48,0,,True,,False,,,,
Midway-Sunset,040306694600,Unspecified,108,Chevron U.S.A. Inc.,New,0,2020-08-31,2020-08-31,1,5.0,4149.0,659.69,0,122.0,False,,False,,,,
Midway-Sunset,040306694600,Unspecified,108,Chevron U.S.A. Inc.,New,1,2020-12-31,2021-02-28,3,10.0,9554.0,1519.09,0,,True,,False,,,,
Midway-Sunset,040306695300,Unspecified,131,Chevron U.S.A. Inc.,Active,0,2021-03-31,2021-03-31,1,5.0,4551.0,723.61,0,,True,,False,,,,
Midway-Sunset,040306695400,B & R,514,"Seneca Resources Company, LLC",Idle,0,2020-03-31,2020-03-31,1,12.0,5247.0,834.27,0,214.0,False,,False,,,,
Midway-Sunset,040306695400,B & R,514,"Seneca Resources Company, LLC",Idle,1,2020-10-31,2020-10-31,1,3.0,1294.0,205.75,0,426.0,False,,False,,,,
Midway-Sunset,040306695400,B & R,514,"Seneca Resources Company, LLC",Idle,2,2021-12-31,2021-12-31,1,13.0,6369.0,1012.67,0,,True,,False,,,,
Midway-Sunset,040306695700,Unspecified,107,Chevron U.S.A. Inc.,New,0,2020-08-31,2020-09-30,2,5.0,4290.0,682.11,0,92.0,False,,False,,,,
Midway-Sunset,040306695700,Unspecified,107,Chevron U.S.A. Inc.,New,1,2020-12-31,2020-12-31,1,8.0,8180.0,1300.62,0,90.0,False,,False,,,,
Midway-Sunset,040306695700,Unspecified,107,Chevron U.S.A. Inc.,New,2,2021-03-31,2021-03-31,1,6.0,5730.0,911.07,0,,True,,False,,,,
Midway-Sunset,040306697100,Unspecified,64,Chevron U.S.A. Inc.,Active,0,2020-09-30,2020-09-30,1,4.0,2562.0,407.36,0,,True,,False,,,,
Midway-Sunset,040306697300,Unspecified,387,Chevron U.S.A. Inc.,New,0,2021-02-28,2021-02-28,1,5.0,5021.0,798.34,0,,True,,False,,,,
Midway-Sunset,040306698300,Moco 35,35WM-289J,Aera Energy LLC,New,0,2020-12-31,2021-05-31,3,12.0,15425.0,2452.57,0,,True,,False,,,,
Midway-Sunset,040306698400,Unspecified,388,Chevron U.S.A. Inc.,Active,0,2021-03-31,2021-03-31,1,5.0,4745.0,754.46,0,153.0,False,,False,,,,
Midway-Sunset,040306698400,Unspecified,388,Chevron U.S.A. Inc.,Active,1,2021-08-31,2021-08-31,1,5.0,5308.0,843.97,0,,True,,False,,,,
Midway-Sunset,040306703000,Unspecified,97,Chevron U.S.A. Inc.,Active,0,2020-05-31,2020-06-30,2,5.0,4200.0,667.8,0,274.0,False,,False,,,,
Midway-Sunset,040306703000,Unspecified,97,Chevron U.S.A. Inc.,Active,1,2021-03-31,2021-03-31,1,5.0,4708.0,748.57,0,,True,,False,,,,
Midway-Sunset,040306703100,Unspecified,98,Chevron U.S.A. Inc.,Active,0,2020-03-31,2020-03-31,1,2.0,1086.0,172.67,0,122.0,False,,False,,,,
Midway-Sunset,040306703100,Unspecified,98,Chevron U.S.A. Inc.,Active,1,2020-07-31,2020-07-31,1,4.0,3303.0,525.18,0,153.0,False,,False,,,,
Midway-Sunset,040306703100,Unspecified,98,Chevron U.S.A. Inc.,Active,2,2020-12-31,2020-12-31,1,5.0,4487.0,713.43,0,,True,,False,,,,
Midway-Sunset,040306703200,Southwestern,62-61,"Berry Petroleum Company, LLC",New,0,2020-04-30,2021-12-31,21,129.0,245925.0,39102.07,0,,True,,False,,,,
Midway-Sunset,040306703300,Unspecified,677,Chevron U.S.A. Inc.,New,0,2020-08-31,2020-08-31,1,5.0,4144.0,658.9,0,456.0,False,,False,,,,
Midway-Sunset,040306703300,Unspecified,677,Chevron U.S.A. Inc.,New,1,2021-11-30,2021-11-30,1,5.0,4647.0,738.87,0,,True,,False,,,,
Midway-Sunset,040306703600,Moco 34,34WIM-190B,Aera Energy LLC,Active,0,2021-02-28,2021-12-31,5,30.0,26594.0,4228.45,0,,True,,False,,,,
Midway-Sunset,040306703700,Moco 34,34WIM-318,Aera Energy LLC,New,0,2021-06-30,2021-06-30,1,8.0,8382.0,1332.74,0,,True,,False,,,,
Midway-Sunset,040306704400,Moco 34,34WIM-200C,Aera Energy LLC,New,0,2021-03-31,2021-03-31,1,10.0,10627.0,1689.69,0,,True,,False,,,,
Midway-Sunset,040306704500,Maxwell,873,Aera Energy LLC,New,0,2021-05-31,2021-11-30,3,17.0,13875.0,2206.12,0,,True,,False,,,,
Midway-Sunset,040306704600,Maxwell,879,Aera Energy LLC,Active,0,2021-09-30,2021-10-31,2,7.0,5929.0,942.71,0,,True,,False,,,,
Midway-Sunset,040306704700,Maxwell,878,Aera Energy LLC,Active,0,2021-04-30,2021-11-30,3,23.0,15645.0,2487.55,0,,True,,False,,,,
Midway-Sunset,040306705200,Unspecified,139,Chevron U.S.A. Inc.,New,0,2020-07-31,2020-07-31,1,5.0,4384.0,697.06,0,212.0,False,,False,,,,
Midway-Sunset,040306705200,Unspecified,139,Chevron U.S.A. Inc.,New,1,2021-02-28,2021-02-28,1,5.0,5241.0,833.32,0,,True,,False,,,,
Midway-Sunset,040306705500,Unspecified,128,Chevron U.S.A. Inc.,New,0,2020-08-31,2020-08-31,1,5.0,4297.0,683.22,0,153.0,False,,False,,,,
Midway-Sunset,040306705500,Unspecified,128,Chevron U.S.A. Inc.,New,1,2021-01-31,2021-01-31,1,5.0,4558.0,724.72,0,59.0,False,,False,,,,
Midway-Sunset,040306705500,Unspecified,128,Chevron U.S.A. Inc.,New,2,2021-03-31,2021-03-31,1,5.0,4715.0,749.69,0,,True,,False,,,,
Midway-Sunset,040306709100,Moco 35,35WM-289K,Aera Energy LLC,Active,0,2021-01-31,2021-07-31,2,11.0,12579.0,2000.06,0,,True,,False,,,,
Midway-Sunset,040306709200,Moco 35,35WM-277DR,Aera Energy LLC,New,0,2021-02-28,2021-06-30,3,23.0,19147.0,3044.37,0,,True,,False,,,,
Midway-Sunset,040306709300,Moco 35,35WM-363D,Aera Energy LLC,New,0,2021-07-31,2021-11-30,3,15.0,15082.0,2398.04,0,,True,,False,,,,
Midway-Sunset,040306710600,Unspecified,7-2R,Crimson Resource Management Corp.,Active,0,2020-01-31,2020-01-31,1,4.0,2404.0,382.24,0,151.0,False,,False,,,,
Midway-Sunset,040306710600,Unspecified,7-2R,Crimson Resource Management Corp.,Active,1,2020-06-30,2020-07-31,2,13.0,10022.0,1593.5,0,,True,,False,,,,
Midway-Sunset,040306711000,Southwestern,60-57,"Berry Petroleum Company, LLC",Active,0,2020-07-31,2021-11-30,15,58.0,129076.0,20523.08,0,,True,,False,,,,
Midway-Sunset,040306711100,Southwestern,60-53,"Berry Petroleum Company, LLC",New,0,2020-04-30,2021-11-30,20,123.0,173352.0,27562.97,0,,True,,False,,,,
Midway-Sunset,040306711200,Southwestern,58-57,"Berry Petroleum Company, LLC",New,0,2021-09-30,2021-12-31,4,12.0,28423.0,4519.26,0,,True,,False,,,,
Midway-Sunset,040306711400,Southwestern,59-54,"Berry Petroleum Company, LLC",New,0,2020-04-30,2021-11-30,20,132.0,194077.0,30858.24,0,,True,,False,,,,
Midway-Sunset,040306711900,Southwestern,58-55,"Berry Petroleum Company, LLC",Active,0,2021-09-30,2021-12-31,4,13.0,31332.0,4981.79,0,,True,,False,,,,
Midway-Sunset,040306712100,Southwestern,60-55,"Berry Petroleum Company, LLC",New,0,2020-04-30,2021-11-30,20,123.0,184470.0,29330.73,0,,True,,False,,,,
Midway-Sunset,040306712200,Southwestern,59-56,"Berry Petroleum Company, LLC",New,0,2021-09-30,2021-11-30,3,9.0,20896.0,3322.46,0,,True,,False,,,,
Midway-Sunset,040306712800,Unspecified,8-3R,Crimson Resource Management Corp.,Active,0,2020-01-31,2020-01-31,1,4.0,2269.0,360.77,0,151.0,False,,False,,,,
Midway-Sunset,040306712800,Unspecified,8-3R,Crimson Resource Management Corp.,Active,1,2020-06-30,2020-06-30,1,13.0,10086.0,1603.67,0,,True,,False,,,,
Midway-Sunset,040306713000,Unspecified,17-03XX,Crimson Resource Management Corp.,Active,0,2020-01-31,2020-01-31,1,4.0,2168.0,344.71,0,182.0,False,,False,,,,
Midway-Sunset,040306713000,Unspecified,17-03XX,Crimson Resource Management Corp.,Active,1,2020-07-31,2020-07-31,1,14.0,10763.0,1711.32,0,92.0,False,,False,,,,
Midway-Sunset,040306713000,Unspecified,17-03XX,Crimson Resource Management Corp.,Active,2,2020-10-31,2020-10-31,1,1.0,577.0,91.74,0,,True,,False,,,,
Midway-Sunset,040306713700,Dome,223,Sentinel Peak Resources California LLC,New,0,2020-02-29,2020-02-29,1,15.0,14488.0,2303.59,0,396.0,False,,False,,,,
Midway-Sunset,040306713700,Dome,223,Sentinel Peak Resources California LLC,New,1,2021-03-31,2021-03-31,1,8.0,4343.0,690.54,0,,True,,False,,,,
Midway-Sunset,040306714700,Dome,227,Sentinel Peak Resources California LLC,Active,0,2020-01-31,2020-02-29,2,21.0,12220.0,1942.98,0,,True,,False,,,,
Midway-Sunset,040306716100,Unspecified,675,Chevron U.S.A. Inc.,Active,0,2020-08-31,2020-08-31,1,4.0,3349.0,532.49,0,456.0,False,,False,,,,
Midway-Sunset,040306716100,Unspecified,675,Chevron U.S.A. Inc.,Active,1,2021-11-30,2021-11-30,1,5.0,5094.0,809.95,0,,True,,False,,,,
Midway-Sunset,040306928200,Hoyt,H-919,"Seneca Resources Company, LLC",New,0,2021-12-31,2021-12-31,1,27.0,688.0,109.39,0,,True,,False,,,,
Midway-Sunset,040306928300,Hoyt,H-920,"Seneca Resources Company, LLC",New,0,2021-12-31,2021-12-31,1,7.0,3719.0,591.32,0,,True,,False,,,,
