field,api,lease_name,well_number,operator,well_status,cycle_index,inject_start,inject_end,inject_months,inject_days,steam_bbl_cwe,steam_tonnes,n_months_estimated_flag,gap_days_to_next_inject_proxy_produce_phase,produce_phase_censored,oil_m3,oil_data_available,cycle_sor_t_per_m3,peak_rate_bbl_d,pre_steam_baseline_bbl_d,uplift_x
Kern River,040290004700,San Joaquin,280,Chevron U.S.A. Inc.,Active,0,2018-01-31,2018-01-31,1,1.0,246.0,39.11,0,,True,,False,,,,
Kern River,040290014900,San Joaquin,270,Chevron U.S.A. Inc.,Active,0,2019-01-31,2019-02-28,2,2.0,306.0,48.65,0,61.0,False,,False,,,,
Kern River,040290014900,San Joaquin,270,Chevron U.S.A. Inc.,Active,1,2019-04-30,2019-04-30,1,1.0,140.0,22.26,0,,True,,False,,,,
Kern River,040290017600,San Joaquin,273,Chevron U.S.A. Inc.,Active,0,2018-03-31,2018-03-31,1,1.0,167.0,26.55,0,,True,,False,,,,
Kern River,040290018500,San Joaquin,303,Chevron U.S.A. Inc.,Active,0,2018-01-31,2018-01-31,1,1.0,185.0,29.41,0,,True,,False,,,,
Kern River,040290018502,San Joaquin,303,Chevron U.S.A. Inc.,Active,0,2018-03-31,2019-03-31,4,4.0,799.0,127.04,0,,True,,False,,,,
Kern River,040290032102,H.H. & F.,18,Chevron U.S.A. Inc.,Active,0,2019-01-31,2019-02-28,2,2.0,60.0,9.54,0,,True,,False,,,,
Kern River,040290808701,Tejon,36,Chevron U.S.A. Inc.,Active,0,2019-01-31,2019-02-28,2,4.0,310.0,49.29,0,,True,,False,,,,
Kern River,040291099700,San Joaquin,264,Chevron U.S.A. Inc.,Active,0,2018-02-28,2018-02-28,1,1.0,214.0,34.03,0,,True,,False,,,,
Kern River,040291099702,San Joaquin,264,Chevron U.S.A. Inc.,Active,0,2018-04-30,2018-05-31,2,3.0,425.0,67.58,0,,True,,False,,,,
Kern River,040291200000,San Joaquin,267,Chevron U.S.A. Inc.,Plugged,0,2019-08-31,2019-08-31,1,1.0,124.0,19.72,0,,True,,False,,,,
Kern River,040292212301,Kern Co. Land Co.,87,Chevron U.S.A. Inc.,Active,0,2019-03-31,2019-03-31,1,2.0,30.0,4.77,0,,True,,False,,,,
Kern River,040292227900,Unspecified,25-19,Chevron U.S.A. Inc.,Idle,0,2019-03-31,2019-03-31,1,1.0,131.0,20.83,0,,True,,False,,,,
Kern River,040292231000,Vanderlip,11,Chevron U.S.A. Inc.,Plugged,0,2018-01-31,2018-01-31,1,1.0,337.0,53.58,0,,True,,False,,,,
Kern River,040292231900,Cauley,3,Chevron U.S.A. Inc.,Active,0,2020-07-31,2020-07-31,1,1.0,144.0,22.9,0,61.0,False,,False,,,,
Kern River,040292231900,Cauley,3,Chevron U.S.A. Inc.,Active,1,2020-09-30,2020-10-31,2,2.0,1018.0,161.86,0,,True,,False,,,,
Kern River,040292239501,Tejon,30,Chevron U.S.A. Inc.,Active,0,2019-10-31,2019-10-31,1,2.0,570.0,90.63,0,,True,,False,,,,
Kern River,040292252500,Y.M.K.,1,Chevron U.S.A. Inc.,Active,0,2018-01-31,2018-01-31,1,1.0,374.0,59.47,0,,True,,False,,,,
Kern River,040292253500,Y.M.K.,8,Chevron U.S.A. Inc.,Idle,0,2019-03-31,2019-03-31,1,2.0,156.0,24.8,0,,True,,False,,,,
Kern River,040292272500,Mecca,19,Chevron U.S.A. Inc.,Active,0,2019-01-31,2019-02-28,2,2.0,264.0,41.98,0,,True,,False,,,,
Kern River,040292290901,Green & Whittier A,33,Chevron U.S.A. Inc.,Active,0,2019-03-31,2019-03-31,1,1.0,65.0,10.34,0,,True,,False,,,,
Kern River,040292293601,Green & Whittier A,65,Chevron U.S.A. Inc.,Active,0,2019-03-31,2019-03-31,1,1.0,58.0,9.22,0,,True,,False,,,,
Kern River,040292298700,Del Rey Fee,1A,Chevron U.S.A. Inc.,Active,0,2018-01-31,2019-02-28,3,5.0,361.0,57.4,0,61.0,False,,False,,,,
Kern River,040292298700,Del Rey Fee,1A,Chevron U.S.A. Inc.,Active,1,2019-04-30,2019-04-30,1,1.0,51.0,8.11,0,,True,,False,,,,
Kern River,040292419600,American Naphtha,11-9,Chevron U.S.A. Inc.,Active,0,2018-01-31,2018-01-31,1,1.0,149.0,23.69,0,,True,,False,,,,
Kern River,040292419601,American Naphtha,11-9,Chevron U.S.A. Inc.,Active,0,2019-01-31,2019-03-31,3,5.0,204.0,32.44,0,,True,,False,,,,
Kern River,040292433401,Unspecified,41,Chevron U.S.A. Inc.,Active,0,2019-03-31,2019-03-31,1,1.0,154.0,24.49,0,,True,,False,,,,
Kern River,040292436901,Unspecified,99,Chevron U.S.A. Inc.,Active,0,2019-09-30,2019-09-30,1,2.0,119.0,18.92,0,,True,,False,,,,
Kern River,040292437001,Unspecified,100,Chevron U.S.A. Inc.,Active,0,2019-03-31,2019-03-31,1,1.0,128.0,20.35,0,,True,,False,,,,
Kern River,040292437301,Unspecified,103,Chevron U.S.A. Inc.,Active,0,2019-03-31,2019-03-31,1,1.0,126.0,20.03,0,,True,,False,,,,
Kern River,040292438802,Unspecified,119,Chevron U.S.A. Inc.,Active,0,2019-01-31,2019-02-28,2,2.0,282.0,44.84,0,,True,,False,,,,
Kern River,040292447400,Unspecified,219,Chevron U.S.A. Inc.,Active,0,2018-02-28,2018-02-28,1,1.0,169.0,26.87,0,,True,,False,,,,
Kern River,040292451100,Unspecified,259,Chevron U.S.A. Inc.,Active,0,2018-02-28,2018-02-28,1,1.0,415.0,65.98,0,,True,,False,,,,
Kern River,040292470102,Monte Cristo No. 1,34,Chevron U.S.A. Inc.,Active,0,2019-01-31,2019-02-28,2,4.0,274.0,43.57,0,,True,,False,,,,
Kern River,040292475403,Monte Cristo No. 1,91,Chevron U.S.A. Inc.,Active,0,2019-12-31,2019-12-31,1,2.0,760.0,120.84,0,,True,,False,,,,
Kern River,040292475800,Monte Cristo No. 1,95,Chevron U.S.A. Inc.,Idle,0,2018-01-31,2018-01-31,1,1.0,130.0,20.67,0,,True,,False,,,,
Kern River,040292476100,Monte Cristo No. 1,98,Chevron U.S.A. Inc.,Active,0,2018-01-31,2018-01-31,1,2.0,321.0,51.04,0,,True,,False,,,,
Kern River,040292477501,Monte Cristo No. 1,118,Chevron U.S.A. Inc.,Active,0,2019-01-31,2019-02-28,2,4.0,292.0,46.43,0,,True,,False,,,,
Kern River,040292478100,Monte Cristo No. 1,126,Chevron U.S.A. Inc.,Active,0,2018-02-28,2018-02-28,1,2.0,166.0,26.39,0,,True,,False,,,,
Kern River,040292478102,Monte Cristo No. 1,126,Chevron U.S.A. Inc.,Active,0,2018-08-31,2018-08-31,1,1.0,286.0,45.47,0,,True,,False,,,,
Kern River,040292479302,Monte Cristo No. 1,140,Chevron U.S.A. Inc.,Active,0,2019-03-31,2019-03-31,1,2.0,133.0,21.15,0,61.0,False,,False,,,,
Kern River,040292479302,Monte Cristo No. 1,140,Chevron U.S.A. Inc.,Active,1,2019-05-31,2019-05-31,1,1.0,141.0,22.42,0,122.0,False,,False,,,,
Kern River,040292479302,Monte Cristo No. 1,140,Chevron U.S.A. Inc.,Active,2,2019-09-30,2019-09-30,1,1.0,101.0,16.06,0,,True,,False,,,,
Kern River,040292479800,Monte Cristo No. 1,145,Chevron U.S.A. Inc.,Active,0,2018-01-31,2018-01-31,1,1.0,130.0,20.67,0,,True,,False,,,,
Kern River,040292479803,Monte Cristo No. 1,145,Chevron U.S.A. Inc.,Active,0,2019-04-30,2019-04-30,1,1.0,409.0,65.03,0,,True,,False,,,,
Kern River,040292480001,Monte Cristo No. 1,147,Chevron U.S.A. Inc.,Active,0,2019-03-31,2019-03-31,1,2.0,135.0,21.46,0,,True,,False,,,,
Kern River,040292480400,Monte Cristo No. 1,151,Chevron U.S.A. Inc.,Active,0,2018-01-31,2018-01-31,1,2.0,301.0,47.86,0,,True,,False,,,,
Kern River,040292480401,Monte Cristo No. 1,151,Chevron U.S.A. Inc.,Active,0,2019-08-31,2019-08-31,1,1.0,90.0,14.31,0,,True,,False,,,,
Kern River,040292481702,Monte Cristo No. 1,170,Chevron U.S.A. Inc.,Active,0,2019-10-31,2019-10-31,1,2.0,108.0,17.17,0,,True,,False,,,,
Kern River,040292482300,Monte Cristo No. 1,177,Chevron U.S.A. Inc.,Active,0,2018-01-31,2018-01-31,1,1.0,130.0,20.67,0,,True,,False,,,,
Kern River,040292490600,H.H. & F.,12,Chevron U.S.A. Inc.,Active,0,2018-02-28,2018-02-28,1,1.0,151.0,24.01,0,,True,,False,,,,
Kern River,040292491701,H.H. & F.,23,Chevron U.S.A. Inc.,Active,0,2019-01-31,2019-02-28,2,4.0,110.0,17.49,0,,True,,False,,,,
Kern River,040292491900,H.H. & F.,25,Chevron U.S.A. Inc.,Active,0,2018-02-28,2018-02-28,1,1.0,198.0,31.48,0,92.0,False,,False,,,,
Kern River,040292491900,H.H. & F.,25,Chevron U.S.A. Inc.,Active,1,2018-05-31,2018-05-31,1,1.0,242.0,38.48,0,,True,,False,,,,
Kern River,040292603303,Kern County Land Co. Lease 39,72B-9,Chevron U.S.A. Inc.,Active,0,2019-04-30,2019-04-30,1,1.0,42.0,6.68,0,61.0,False,,False,,,,
Kern River,040292603303,Kern County Land Co. Lease 39,72B-9,Chevron U.S.A. Inc.,Active,1,2019-06-30,2019-06-30,1,2.0,175.0,27.82,0,,True,,False,,,,
Kern River,040292603501,Oakland,2,Chevron U.S.A. Inc.,Active,0,2019-03-31,2019-03-31,1,2.0,148.0,23.53,0,,True,,False,,,,
Kern River,040292605600,Mitchell,1,Chevron U.S.A. Inc.,Active,0,2019-03-31,2019-03-31,1,1.0,233.0,37.05,0,153.0,False,,False,,,,
Kern River,040292605600,Mitchell,1,Chevron U.S.A. Inc.,Active,1,2019-08-31,2019-08-31,1,1.0,115.0,18.29,0,,True,,False,,,,
Kern River,040292605701,Mitchell,2,Chevron U.S.A. Inc.,Active,0,2019-03-31,2019-04-30,2,2.0,377.0,59.94,0,123.0,False,,False,,,,
Kern River,040292605701,Mitchell,2,Chevron U.S.A. Inc.,Active,1,2019-08-31,2019-09-30,2,2.0,338.0,53.74,0,,True,,False,,,,
Kern River,040292606200,Mecca,5-19,Chevron U.S.A. Inc.,Idle,0,2018-01-31,2018-01-31,1,1.0,575.0,91.42,0,,True,,False,,,,
Kern River,040292608600,Mecca,63-19,Chevron U.S.A. Inc.,Active,0,2019-04-30,2019-04-30,1,1.0,142.0,22.58,0,,True,,False,,,,
Kern River,040292611300,Rambler,51-A,Chevron U.S.A. Inc.,Active,0,2020-01-31,2020-01-31,1,2.0,776.0,123.38,0,,True,,False,,,,
Kern River,040292656100,Dick,5,Chevron U.S.A. Inc.,Active,0,2019-04-30,2019-04-30,1,1.0,51.0,8.11,0,,True,,False,,,,
Kern River,040292671400,KCL-10,19,Chevron U.S.A. Inc.,Active,0,2019-01-31,2019-02-28,2,2.0,40.0,6.36,0,61.0,False,,False,,,,
Kern River,040292671400,KCL-10,19,Chevron U.S.A. Inc.,Active,1,2019-04-30,2019-04-30,1,1.0,29.0,4.61,0,,True,,False,,,,
Kern River,040292691400,Golden Rod,4,Chevron U.S.A. Inc.,Active,0,2018-02-28,2018-02-28,1,1.0,221.0,35.14,0,,True,,False,,,,
Kern River,040292693100,May,5,Chevron U.S.A. Inc.,Active,0,2018-01-31,2018-01-31,1,1.0,246.0,39.11,0,,True,,False,,,,
Kern River,040292693400,May,8,Chevron U.S.A. Inc.,Active,0,2019-03-31,2019-03-31,1,1.0,131.0,20.83,0,,True,,False,,,,
Kern River,040292695000,May,22,Chevron U.S.A. Inc.,Active,0,2018-01-31,2018-01-31,1,1.0,235.0,37.37,0,,True,,False,,,,
Kern River,040292695100,May,23,Chevron U.S.A. Inc.,Active,0,2018-01-31,2018-01-31,1,2.0,174.0,27.67,0,,True,,False,,,,
Kern River,040292695400,May,25,Chevron U.S.A. Inc.,Active,0,2018-02-28,2018-02-28,1,1.0,190.0,30.21,0,,True,,False,,,,
Kern River,040292696500,Green & Whittier A,85,Chevron U.S.A. Inc.,Active,0,2018-01-31,2018-01-31,1,1.0,178.0,28.3,0,,True,,False,,,,
Kern River,040292804002,Marie,2,Chevron U.S.A. Inc.,Active,0,2019-03-31,2019-03-31,1,2.0,150.0,23.85,0,214.0,False,,False,,,,
Kern River,040292804002,Marie,2,Chevron U.S.A. Inc.,Active,1,2019-10-31,2019-10-31,1,1.0,130.0,20.67,0,,True,,False,,,,
Kern River,040292805901,Mt. Diablo,6,Chevron U.S.A. Inc.,Active,0,2020-11-30,2020-11-30,1,2.0,803.0,127.68,0,,True,,False,,,,
Kern River,040292806601,Orient,9,Chevron U.S.A. Inc.,Active,0,2019-03-31,2019-03-31,1,1.0,123.0,19.56,0,,True,,False,,,,
Kern River,040292808101,Toltec,19,Chevron U.S.A. Inc.,Active,0,2019-01-31,2019-02-28,2,2.0,288.0,45.79,0,,True,,False,,,,
Kern River,040292812000,Clarence,15,Chevron U.S.A. Inc.,Active,0,2018-01-31,2018-01-31,1,1.0,250.0,39.75,0,,True,,False,,,,
Kern River,040292812100,Clarence,16,Chevron U.S.A. Inc.,Active,0,2018-01-31,2018-01-31,1,2.0,227.0,36.09,0,638.0,False,,False,,,,
Kern River,040292812100,Clarence,16,Chevron U.S.A. Inc.,Active,1,2019-10-31,2019-10-31,1,1.0,121.0,19.24,0,,True,,False,,,,
Kern River,040292815900,Green & Whittier,60,Chevron U.S.A. Inc.,Active,0,2018-02-28,2018-02-28,1,1.0,183.0,29.1,0,,True,,False,,,,
Kern River,040292815902,Green & Whittier,60,Chevron U.S.A. Inc.,Active,0,2018-03-31,2018-03-31,1,1.0,284.0,45.16,0,61.0,False,,False,,,,
Kern River,040292815902,Green & Whittier,60,Chevron U.S.A. Inc.,Active,1,2018-05-31,2018-05-31,1,2.0,747.0,118.77,0,,True,,False,,,,
Kern River,040292816001,Green & Whittier,61,Chevron U.S.A. Inc.,Idle,0,2019-01-31,2019-02-28,2,2.0,82.0,13.04,0,,True,,False,,,,
Kern River,040292819600,Green & Whittier,100,Chevron U.S.A. Inc.,Plugged,0,2018-01-31,2019-03-31,5,7.0,770.0,122.43,0,,True,,False,,,,
Kern River,040292820900,Hanford & Fresno,8,Chevron U.S.A. Inc.,Active,0,2018-01-31,2018-01-31,1,1.0,465.0,73.94,0,,True,,False,,,,
Kern River,040292821400,Hanford & Fresno,14,Chevron U.S.A. Inc.,Active,0,2018-01-31,2018-01-31,1,1.0,204.0,32.44,0,,True,,False,,,,
Kern River,040292824800,Senator,25,Chevron U.S.A. Inc.,Active,0,2018-01-31,2018-02-28,2,3.0,355.0,56.45,0,,True,,False,,,,
Kern River,040292828000,Sterling,23,Chevron U.S.A. Inc.,Active,0,2019-01-31,2019-02-28,2,4.0,392.0,62.33,0,,True,,False,,,,
Kern River,040292831300,Sterling,61,Chevron U.S.A. Inc.,Active,0,2018-01-31,2018-01-31,1,2.0,567.0,90.15,0,,True,,False,,,,
Kern River,040292837000,Vesta,18,Chevron U.S.A. Inc.,Active,0,2019-01-31,2019-03-31,3,3.0,465.0,73.94,0,,True,,False,,,,
Kern River,040292845700,Kern,78,Chevron U.S.A. Inc.,Active,0,2018-02-28,2018-02-28,1,1.0,214.0,34.03,0,,True,,False,,,,
Kern River,040292863200,Unspecified,33-1-R,Chevron U.S.A. Inc.,Idle,0,2019-04-30,2019-04-30,1,1.0,126.0,20.03,0,,True,,False,,,,
Kern River,040292894800,Blinn,11,Chevron U.S.A. Inc.,Active,0,2018-01-31,2018-01-31,1,2.0,400.0,63.6,0,,True,,False,,,,
Kern River,040292895101,Blinn,15,Chevron U.S.A. Inc.,Active,0,2019-03-31,2019-03-31,1,1.0,57.0,9.06,0,,True,,False,,,,
Kern River,040293005400,Knob Hill,9,Chevron U.S.A. Inc.,Active,0,2018-01-31,2018-01-31,1,1.0,260.0,41.34,0,,True,,False,,,,
Kern River,040293014000,Wilson,11,Chevron U.S.A. Inc.,Active,0,2018-02-28,2018-03-31,2,3.0,591.0,93.97,0,,True,,False,,,,
Kern River,040293015100,Cortez,15,Chevron U.S.A. Inc.,Active,0,2018-01-31,2018-01-31,1,2.0,823.0,130.86,0,,True,,False,,,,
Kern River,040293016700,Del Rey Fee,19,Chevron U.S.A. Inc.,Active,0,2018-01-31,2018-01-31,1,1.0,277.0,44.04,0,,True,,False,,,,
Kern River,040293016702,Del Rey Fee,19,Chevron U.S.A. Inc.,Active,0,2019-01-31,2019-02-28,2,4.0,84.0,13.36,0,,True,,False,,,,
Kern River,040293018000,San Joaquin,11,Chevron U.S.A. Inc.,Active,0,2018-02-28,2018-02-28,1,2.0,848.0,134.83,0,,True,,False,,,,
Kern River,040293022000,San Joaquin,61,Chevron U.S.A. Inc.,Idle,0,2019-01-31,2019-02-28,2,2.0,310.0,49.29,0,,True,,False,,,,
Kern River,040293023401,San Joaquin,76,Chevron U.S.A. Inc.,Active,0,2019-01-31,2019-03-31,3,5.0,602.0,95.72,0,,True,,False,,,,
Kern River,040293023500,San Joaquin,77,Chevron U.S.A. Inc.,Active,0,2019-03-31,2019-03-31,1,1.0,159.0,25.28,0,,True,,False,,,,
Kern River,040293024001,San Joaquin,82,Chevron U.S.A. Inc.,Active,0,2019-01-31,2019-02-28,2,2.0,306.0,48.65,0,,True,,False,,,,
Kern River,040293025600,San Joaquin,101,Chevron U.S.A. Inc.,Active,0,2019-04-30,2019-04-30,1,1.0,140.0,22.26,0,,True,,False,,,,
Kern River,040293025802,San Joaquin,103,Chevron U.S.A. Inc.,Active,0,2019-06-30,2019-06-30,1,1.0,283.0,45.0,0,,True,,False,,,,
Kern River,040293026101,San Joaquin,107,Chevron U.S.A. Inc.,Active,0,2019-03-31,2019-03-31,1,1.0,165.0,26.23,0,,True,,False,,,,
Kern River,040293026400,San Joaquin,112,Chevron U.S.A. Inc.,Active,0,2018-01-31,2018-01-31,1,1.0,203.0,32.28,0,,True,,False,,,,
Kern River,040293026600,San Joaquin,114,Chevron U.S.A. Inc.,Active,0,2018-01-31,2018-01-31,1,1.0,290.0,46.11,0,,True,,False,,,,
Kern River,040293030300,San Joaquin,154,Chevron U.S.A. Inc.,Active,0,2018-02-28,2018-02-28,1,2.0,261.0,41.5,0,,True,,False,,,,
Kern River,040293030400,San Joaquin,155,Chevron U.S.A. Inc.,Active,0,2018-01-31,2018-01-31,1,2.0,406.0,64.55,0,,True,,False,,,,
Kern River,040293030402,San Joaquin,155,Chevron U.S.A. Inc.,Active,0,2019-06-30,2019-06-30,1,1.0,201.0,31.96,0,,True,,False,,,,
Kern River,040293031801,San Joaquin,170,Chevron U.S.A. Inc.,Active,0,2019-03-31,2019-03-31,1,1.0,161.0,25.6,0,,True,,False,,,,
Kern River,040293031900,San Joaquin,171,Chevron U.S.A. Inc.,Active,0,2019-09-30,2019-09-30,1,1.0,136.0,21.62,0,,True,,False,,,,
Kern River,040293032401,San Joaquin,176,Chevron U.S.A. Inc.,Active,0,2019-01-31,2019-02-28,2,2.0,306.0,48.65,0,61.0,False,,False,,,,
Kern River,040293032401,San Joaquin,176,Chevron U.S.A. Inc.,Active,1,2019-04-30,2019-04-30,1,1.0,147.0,23.37,0,,True,,False,,,,
Kern River,040293034200,San Joaquin,194,Chevron U.S.A. Inc.,Active,0,2018-01-31,2018-01-31,1,1.0,194.0,30.85,0,,True,,False,,,,
Kern River,040293038801,San Joaquin,241,Chevron U.S.A. Inc.,Plugged,0,2019-03-31,2019-03-31,1,2.0,175.0,27.82,0,,True,,False,,,,
Kern River,040293039000,San Joaquin,243,Chevron U.S.A. Inc.,Active,0,2018-02-28,2018-02-28,1,1.0,428.0,68.05,0,61.0,False,,False,,,,
Kern River,040293039000,San Joaquin,243,Chevron U.S.A. Inc.,Active,1,2018-04-30,2018-05-31,2,3.0,594.0,94.45,0,304.0,False,,False,,,,
Kern River,040293039000,San Joaquin,243,Chevron U.S.A. Inc.,Active,2,2019-03-31,2019-03-31,1,1.0,159.0,25.28,0,366.0,False,,False,,,,
Kern River,040293039000,San Joaquin,243,Chevron U.S.A. Inc.,Active,3,2020-03-31,2020-03-31,1,2.0,688.0,109.39,0,,True,,False,,,,
Kern River,040293039300,San Joaquin,246,Chevron U.S.A. Inc.,Active,0,2018-01-31,2018-01-31,1,2.0,217.0,34.5,0,,True,,False,,,,
Kern River,040293042201,Pierce,12,Chevron U.S.A. Inc.,Active,0,2019-03-31,2019-03-31,1,1.0,131.0,20.83,0,,True,,False,,,,
Kern River,040293042401,Pierce,14,Chevron U.S.A. Inc.,Active,0,2019-03-31,2019-03-31,1,1.0,133.0,21.15,0,,True,,False,,,,
Kern River,040293042600,Pierce,16,Chevron U.S.A. Inc.,Active,0,2019-03-31,2019-03-31,1,2.0,209.0,33.23,0,,True,,False,,,,
Kern River,040293048300,Junction,30,Chevron U.S.A. Inc.,Active,0,2019-03-31,2019-03-31,1,1.0,46.0,7.31,0,,True,,False,,,,
Kern River,040294001601,Mitchell,11,Chevron U.S.A. Inc.,Active,0,2019-03-31,2019-03-31,1,1.0,177.0,28.14,0,,True,,False,,,,
Kern River,040294005000,Cork,56-28,Chevron U.S.A. Inc.,Active,0,2020-03-31,2020-03-31,1,7.0,4324.0,687.52,0,,True,,False,,,,
Kern River,040294010400,Unspecified,21-5,Chevron U.S.A. Inc.,Active,0,2019-04-30,2019-04-30,1,1.0,128.0,20.35,0,,True,,False,,,,
Kern River,040294011601,Oakland,21,Chevron U.S.A. Inc.,Active,0,2019-03-31,2019-03-31,1,1.0,146.0,23.21,0,,True,,False,,,,
Kern River,040294011700,Oakland,24,Chevron U.S.A. Inc.,Active,0,2018-02-28,2018-02-28,1,1.0,198.0,31.48,0,,True,,False,,,,
Kern River,040294011701,Oakland,24,Chevron U.S.A. Inc.,Active,0,2018-05-31,2018-05-31,1,1.0,157.0,24.96,0,304.0,False,,False,,,,
Kern River,040294011701,Oakland,24,Chevron U.S.A. Inc.,Active,1,2019-03-31,2019-03-31,1,1.0,174.0,27.67,0,,True,,False,,,,
Kern River,040294013801,Kern Co. Land Co.,50,Chevron U.S.A. Inc.,Active,0,2019-01-31,2019-02-28,2,2.0,110.0,17.49,0,,True,,False,,,,
Kern River,040294014201,Kern Co. Land Co.,61,Chevron U.S.A. Inc.,Active,0,2019-01-31,2019-02-28,2,2.0,92.0,14.63,0,,True,,False,,,,
Kern River,040294017000,Elwood,35,Chevron U.S.A. Inc.,Active,0,2019-01-31,2019-02-28,2,2.0,86.0,13.67,0,,True,,False,,,,
Kern River,040294031500,Marco Fee,47,Chevron U.S.A. Inc.,Active,0,2018-01-31,2018-01-31,1,2.0,582.0,92.54,0,,True,,False,,,,
Kern River,040294039401,Del Rey West Fee,14,Chevron U.S.A. Inc.,Active,0,2019-08-31,2019-08-31,1,1.0,149.0,23.69,0,,True,,False,,,,
Kern River,040294039802,Del Rey Fee,28,Chevron U.S.A. Inc.,Active,0,2019-08-31,2019-08-31,1,1.0,147.0,23.37,0,,True,,False,,,,
Kern River,040294044700,Kern,132,Chevron U.S.A. Inc.,Active,0,2018-02-28,2018-02-28,1,2.0,180.0,28.62,0,,True,,False,,,,
Kern River,040294047501,Senator,37,Chevron U.S.A. Inc.,Active,0,2019-03-31,2019-03-31,1,1.0,134.0,21.31,0,,True,,False,,,,
Kern River,040294048500,Pierce,24,Chevron U.S.A. Inc.,Active,0,2018-02-28,2018-02-28,1,1.0,182.0,28.94,0,,True,,False,,,,
Kern River,040294048501,Pierce,24,Chevron U.S.A. Inc.,Active,0,2019-08-31,2019-08-31,1,1.0,107.0,17.01,0,,True,,False,,,,
Kern River,040294060700,Fee A,118,Chevron U.S.A. Inc.,Active,0,2019-03-31,2019-03-31,1,2.0,51.0,8.11,0,,True,,False,,,,
Kern River,040294064100,Reed Crude,89,Chevron U.S.A. Inc.,Active,0,2019-03-31,2019-03-31,1,1.0,132.0,20.99,0,,True,,False,,,,
Kern River,040294066600,Y.M.K.,18,Chevron U.S.A. Inc.,Active,0,2018-01-31,2018-01-31,1,1.0,213.0,33.87,0,,True,,False,,,,
Kern River,040294069000,San Joaquin,294,Chevron U.S.A. Inc.,Active,0,2018-02-28,2018-02-28,1,2.0,263.0,41.82,0,,True,,False,,,,
Kern River,040294069200,San Joaquin,403,Chevron U.S.A. Inc.,Active,0,2018-02-28,2018-02-28,1,2.0,1190.0,189.21,0,,True,,False,,,,
Kern River,040294069201,San Joaquin,403,Chevron U.S.A. Inc.,Active,0,2018-04-30,2018-04-30,1,1.0,179.0,28.46,0,,True,,False,,,,
Kern River,040294072400,Del Rey Fee,29,Chevron U.S.A. Inc.,Active,0,2018-01-31,2018-01-31,1,1.0,345.0,54.86,0,,True,,False,,,,
Kern River,040294072501,San Joaquin,292,Chevron U.S.A. Inc.,Active,0,2019-01-31,2019-03-31,3,4.0,491.0,78.07,0,,True,,False,,,,
Kern River,040294075501,Fee C,35,Chevron U.S.A. Inc.,Active,0,2019-03-31,2019-03-31,1,1.0,63.0,10.02,0,214.0,False,,False,,,,
Kern River,040294075501,Fee C,35,Chevron U.S.A. Inc.,Active,1,2019-10-31,2019-10-31,1,1.0,121.0,19.24,0,,True,,False,,,,
Kern River,040294076902,Sterling,77,Chevron U.S.A. Inc.,Active,0,2019-03-31,2019-03-31,1,2.0,146.0,23.21,0,,True,,False,,,,
Kern River,040294083001,Kern,133,Chevron U.S.A. Inc.,Active,0,2020-02-29,2020-02-29,1,2.0,785.0,124.81,0,,True,,False,,,,
Kern River,040294085600,U.S.A.,3,Chevron U.S.A. Inc.,Active,0,2018-02-28,2018-02-28,1,2.0,199.0,31.64,0,,True,,False,,,,
Kern River,040294087700,Rambler,93,Chevron U.S.A. Inc.,Active,0,2020-01-31,2020-01-31,1,1.0,600.0,95.4,0,60.0,False,,False,,,,
Kern River,040294087700,Rambler,93,Chevron U.S.A. Inc.,Active,1,2020-03-31,2020-03-31,1,1.0,415.0,65.98,0,,True,,False,,,,
Kern River,040294088901,Potomac,16,Chevron U.S.A. Inc.,Active,0,2019-01-31,2019-03-31,3,3.0,449.0,71.39,0,,True,,False,,,,
Kern River,040294089600,Unspecified,14-11,Chevron U.S.A. Inc.,Active,0,2019-03-31,2019-03-31,1,1.0,133.0,21.15,0,,True,,False,,,,
Kern River,040294092700,U.S.A.,4,Chevron U.S.A. Inc.,Active,0,2019-01-31,2019-03-31,3,3.0,448.0,71.23,0,,True,,False,,,,
Kern River,040294092800,KCL-10,35,Chevron U.S.A. Inc.,Active,0,2018-01-31,2018-01-31,1,1.0,134.0,21.31,0,424.0,False,,False,,,,
Kern River,040294092800,KCL-10,35,Chevron U.S.A. Inc.,Active,1,2019-03-31,2019-03-31,1,2.0,30.0,4.77,0,,True,,False,,,,
Kern River,040294095300,Kern A,79,Chevron U.S.A. Inc.,Active,0,2019-03-31,2019-03-31,1,2.0,47.0,7.47,0,,True,,False,,,,
Kern River,040294203000,Green & Whittier,131,Chevron U.S.A. Inc.,Active,0,2018-02-28,2018-02-28,1,4.0,3492.0,555.23,0,,True,,False,,,,
Kern River,040294203001,Green & Whittier,131,Chevron U.S.A. Inc.,Active,0,2019-01-31,2019-02-28,2,2.0,86.0,13.67,0,184.0,False,,False,,,,
Kern River,040294203001,Green & Whittier,131,Chevron U.S.A. Inc.,Active,1,2019-08-31,2019-08-31,1,4.0,2552.0,405.77,0,61.0,False,,False,,,,
Kern River,040294203001,Green & Whittier,131,Chevron U.S.A. Inc.,Active,2,2019-10-31,2019-11-30,2,6.0,3480.0,553.32,0,275.0,False,,False,,,,
Kern River,040294203001,Green & Whittier,131,Chevron U.S.A. Inc.,Active,3,2020-08-31,2020-08-31,1,5.0,3208.0,510.07,0,91.0,False,,False,,,,
Kern River,040294203001,Green & Whittier,131,Chevron U.S.A. Inc.,Active,4,2020-11-30,2020-11-30,1,3.0,1527.0,242.79,0,,True,,False,,,,
Kern River,040294206300,Green & Whittier,139,Chevron U.S.A. Inc.,Idle,0,2018-01-31,2018-01-31,1,1.0,247.0,39.27,0,,True,,False,,,,
Kern River,040294206402,Unspecified,1-20,Chevron U.S.A. Inc.,Active,0,2019-03-31,2019-03-31,1,1.0,133.0,21.15,0,,True,,False,,,,
Kern River,040294208700,Sovereign,16,Chevron U.S.A. Inc.,Active,0,2018-01-31,2018-01-31,1,1.0,195.0,31.0,0,,True,,False,,,,
Kern River,040294208902,Sovereign,18,Chevron U.S.A. Inc.,Active,0,2019-09-30,2019-09-30,1,4.0,1178.0,187.3,0,,True,,False,,,,
Kern River,040294209900,Fee C,81,Chevron U.S.A. Inc.,Active,0,2019-01-31,2019-02-28,2,2.0,86.0,13.67,0,,True,,False,,,,
Kern River,040294212100,Queen Esther,19,Chevron U.S.A. Inc.,Active,0,2019-01-31,2019-02-28,2,4.0,354.0,56.29,0,641.0,False,,False,,,,
Kern River,040294212100,Queen Esther,19,Chevron U.S.A. Inc.,Active,1,2020-11-30,2020-11-30,1,4.0,2453.0,390.03,0,,True,,False,,,,
Kern River,040294225601,Kern,138,Chevron U.S.A. Inc.,Active,0,2019-03-31,2019-03-31,1,1.0,71.0,11.29,0,,True,,False,,,,
Kern River,040294226400,Reed Crude A,500,Chevron U.S.A. Inc.,Active,0,2018-01-31,2018-01-31,1,1.0,209.0,33.23,0,,True,,False,,,,
Kern River,040294228800,American Crude A,20,Chevron U.S.A. Inc.,Active,0,2019-12-31,2019-12-31,1,2.0,799.0,127.04,0,91.0,False,,False,,,,
Kern River,040294228800,American Crude A,20,Chevron U.S.A. Inc.,Active,1,2020-03-31,2020-03-31,1,7.0,4194.0,666.85,0,122.0,False,,False,,,,
Kern River,040294228800,American Crude A,20,Chevron U.S.A. Inc.,Active,2,2020-07-31,2020-07-31,1,2.0,596.0,94.76,0,,True,,False,,,,
Kern River,040294229000,American Crude A,24,Chevron U.S.A. Inc.,Active,0,2019-03-31,2019-03-31,1,1.0,69.0,10.97,0,,True,,False,,,,
Kern River,040294234400,Bolena,14,Chevron U.S.A. Inc.,Active,0,2019-03-31,2019-04-30,2,2.0,126.0,20.03,0,,True,,False,,,,
Kern River,040294237900,Kern,509,Chevron U.S.A. Inc.,Active,0,2018-01-31,2018-01-31,1,1.0,187.0,29.73,0,,True,,False,,,,
Kern River,040294238801,Meek & Stone,24,Chevron U.S.A. Inc.,Active,0,2019-01-31,2019-02-28,2,2.0,368.0,58.51,0,,True,,False,,,,
Kern River,040294242500,Sterling,81,Chevron U.S.A. Inc.,Active,0,2018-01-31,2018-01-31,1,1.0,261.0,41.5,0,,True,,False,,,,
Kern River,040294248300,Aztec,35,Chevron U.S.A. Inc.,Active,0,2018-02-28,2018-02-28,1,2.0,264.0,41.98,0,,True,,False,,,,
Kern River,040294253200,Clarence,23,Chevron U.S.A. Inc.,Active,0,2018-01-31,2018-01-31,1,2.0,596.0,94.76,0,,True,,False,,,,
Kern River,040294257200,Kern County Land Co. Lease 39,64-9,Chevron U.S.A. Inc.,Active,0,2019-05-31,2019-05-31,1,2.0,18.0,2.86,0,549.0,False,,False,,,,
Kern River,040294257200,Kern County Land Co. Lease 39,64-9,Chevron U.S.A. Inc.,Active,1,2020-11-30,2020-11-30,1,1.0,361.0,57.4,0,,True,,False,,,,
Kern River,040294261400,East Puente B,14,Chevron U.S.A. Inc.,Active,0,2019-01-31,2019-02-28,2,2.0,86.0,13.67,0,397.0,False,,False,,,,
Kern River,040294261400,East Puente B,14,Chevron U.S.A. Inc.,Active,1,2020-03-31,2020-03-31,1,1.0,658.0,104.62,0,153.0,False,,False,,,,
Kern River,040294261400,East Puente B,14,Chevron U.S.A. Inc.,Active,2,2020-08-31,2020-08-31,1,2.0,610.0,96.99,0,,True,,False,,,,
Kern River,040294271500,Green & Whittier,506,Chevron U.S.A. Inc.,Active,0,2018-01-31,2018-01-31,1,1.0,210.0,33.39,0,,True,,False,,,,
Kern River,040294272500,Unspecified,19-109,Chevron U.S.A. Inc.,Idle,0,2019-08-31,2019-09-30,2,2.0,101.0,16.06,0,,True,,False,,,,
Kern River,040294273202,American Naphtha,8-10,Chevron U.S.A. Inc.,Active,0,2019-04-30,2019-04-30,1,4.0,938.0,149.14,0,,True,,False,,,,
Kern River,040294275000,Chicago Crude,504,Chevron U.S.A. Inc.,Active,0,2019-01-31,2019-02-28,2,2.0,94.0,14.95,0,,True,,False,,,,
Kern River,040294275401,Orient,15,Chevron U.S.A. Inc.,Active,0,2019-01-31,2019-02-28,2,2.0,310.0,49.29,0,,True,,False,,,,
Kern River,040294276900,Ojai,19,Chevron U.S.A. Inc.,Active,0,2019-10-31,2019-10-31,1,1.0,175.0,27.82,0,,True,,False,,,,
Kern River,040294277000,Sesame,8,Chevron U.S.A. Inc.,Idle,0,2019-01-31,2019-02-28,2,2.0,722.0,114.8,0,,True,,False,,,,
Kern River,040294289200,Aztec,29,Chevron U.S.A. Inc.,Active,0,2018-01-31,2018-01-31,1,1.0,354.0,56.29,0,,True,,False,,,,
Kern River,040294290900,Kern,226,Chevron U.S.A. Inc.,Active,0,2018-01-31,2018-01-31,1,1.0,216.0,34.34,0,,True,,False,,,,
Kern River,040294290901,Kern,226,Chevron U.S.A. Inc.,Active,0,2019-08-31,2019-08-31,1,1.0,106.0,16.85,0,,True,,False,,,,
Kern River,040294292000,Unspecified,19-107,Chevron U.S.A. Inc.,Active,0,2019-01-31,2019-02-28,2,2.0,302.0,48.02,0,,True,,False,,,,
Kern River,040294297201,Unspecified,19-115,Chevron U.S.A. Inc.,Active,0,2019-08-31,2019-08-31,1,1.0,143.0,22.74,0,396.0,False,,False,,,,
Kern River,040294297201,Unspecified,19-115,Chevron U.S.A. Inc.,Active,1,2020-09-30,2020-09-30,1,2.0,499.0,79.34,0,,True,,False,,,,
Kern River,040294413500,San Joaquin,409,Chevron U.S.A. Inc.,Active,0,2018-01-31,2018-01-31,1,2.0,696.0,110.66,0,,True,,False,,,,
Kern River,040294413701,San Joaquin,418,Chevron U.S.A. Inc.,Active,0,2019-08-31,2019-08-31,1,1.0,293.0,46.59,0,,True,,False,,,,
Kern River,040294416600,Knob Hill,47,Chevron U.S.A. Inc.,Active,0,2018-01-31,2018-01-31,1,2.0,225.0,35.77,0,,True,,False,,,,
Kern River,040294416700,San Joaquin,406,Chevron U.S.A. Inc.,Active,0,2018-01-31,2018-01-31,1,1.0,265.0,42.13,0,,True,,False,,,,
Kern River,040294419200,San Joaquin,521,Chevron U.S.A. Inc.,Active,0,2018-01-31,2018-01-31,1,1.0,347.0,55.17,0,,True,,False,,,,
Kern River,040294419801,Kern Co. Land Co.,97,Chevron U.S.A. Inc.,Active,0,2019-01-31,2019-02-28,2,2.0,100.0,15.9,0,,True,,False,,,,
Kern River,040294420300,San Joaquin,518,Chevron U.S.A. Inc.,Active,0,2018-01-31,2018-01-31,1,2.0,545.0,86.66,0,,True,,False,,,,
Kern River,040294423800,San Joaquin,525,Chevron U.S.A. Inc.,Active,0,2018-01-31,2018-01-31,1,2.0,882.0,140.24,0,,True,,False,,,,
Kern River,040294423900,San Joaquin,540,Chevron U.S.A. Inc.,Active,0,2018-02-28,2018-02-28,1,1.0,498.0,79.18,0,,True,,False,,,,
Kern River,040294424000,San Joaquin,543,Chevron U.S.A. Inc.,Active,0,2018-02-28,2018-02-28,1,1.0,239.0,38.0,0,,True,,False,,,,
Kern River,040294424900,San Joaquin,533,Chevron U.S.A. Inc.,Active,0,2018-01-31,2018-02-28,2,4.0,880.0,139.92,0,,True,,False,,,,
Kern River,040294425100,San Joaquin,536,Chevron U.S.A. Inc.,Active,0,2018-02-28,2018-02-28,1,1.0,745.0,118.45,0,,True,,False,,,,
Kern River,040294425600,San Joaquin,547,Chevron U.S.A. Inc.,Active,0,2018-02-28,2018-02-28,1,1.0,239.0,38.0,0,1006.0,False,,False,,,,
Kern River,040294425600,San Joaquin,547,Chevron U.S.A. Inc.,Active,1,2020-11-30,2020-11-30,1,3.0,2088.0,331.99,0,,True,,False,,,,
Kern River,040294426500,Chicago Crude,78,Chevron U.S.A. Inc.,Active,0,2020-11-30,2020-11-30,1,2.0,1118.0,177.76,0,,True,,False,,,,
Kern River,040294427700,San Joaquin,522,Chevron U.S.A. Inc.,Active,0,2018-01-31,2018-01-31,1,1.0,207.0,32.91,0,,True,,False,,,,
Kern River,040294432700,Marco Fee,58,Chevron U.S.A. Inc.,Active,0,2018-01-31,2018-01-31,1,2.0,582.0,92.54,0,,True,,False,,,,
Kern River,040294442900,Green & Whittier,148,Chevron U.S.A. Inc.,Active,0,2018-01-31,2018-01-31,1,1.0,174.0,27.67,0,,True,,False,,,,
Kern River,040294442901,Green & Whittier,148,Chevron U.S.A. Inc.,Active,0,2019-03-31,2019-03-31,1,1.0,58.0,9.22,0,,True,,False,,,,
Kern River,040294443500,American Naphtha,11-8,Chevron U.S.A. Inc.,Active,0,2018-01-31,2018-01-31,1,1.0,175.0,27.82,0,,True,,False,,,,
Kern River,040294443502,American Naphtha,11-8,Chevron U.S.A. Inc.,Active,0,2019-03-31,2019-03-31,1,1.0,52.0,8.27,0,,True,,False,,,,
Kern River,040294446300,Reed Crude A,510,Chevron U.S.A. Inc.,Active,0,2018-01-31,2018-01-31,1,1.0,162.0,25.76,0,,True,,False,,,,
Kern River,040294448900,Reed Crude A,508,Chevron U.S.A. Inc.,Active,0,2018-01-31,2018-01-31,1,1.0,162.0,25.76,0,,True,,False,,,,
Kern River,040294457200,Unspecified,13-10,Chevron U.S.A. Inc.,Active,0,2019-03-31,2019-03-31,1,1.0,133.0,21.15,0,,True,,False,,,,
Kern River,040294462200,Cork,71-28,Chevron U.S.A. Inc.,Active,0,2019-10-31,2019-10-31,1,1.0,142.0,22.58,0,,True,,False,,,,
Kern River,040294463100,Green & Whittier A,118,Chevron U.S.A. Inc.,Active,0,2018-02-28,2018-02-28,1,1.0,478.0,76.0,0,,True,,False,,,,
Kern River,040294464300,Chicago Crude,521,Chevron U.S.A. Inc.,Active,0,2018-02-28,2018-02-28,1,1.0,596.0,94.76,0,,True,,False,,,,
Kern River,040294466900,Luck,69,Chevron U.S.A. Inc.,Active,0,2018-01-31,2018-02-28,2,2.0,600.0,95.4,0,,True,,False,,,,
Kern River,040294475900,Green & Whittier,162,Chevron U.S.A. Inc.,Active,0,2018-01-31,2018-01-31,1,1.0,452.0,71.87,0,,True,,False,,,,
Kern River,040294476000,Green & Whittier,520,Chevron U.S.A. Inc.,Active,0,2018-02-28,2018-02-28,1,1.0,441.0,70.12,0,,True,,False,,,,
Kern River,040294479100,Sterling,530,Chevron U.S.A. Inc.,Active,0,2018-02-28,2018-02-28,1,2.0,184.0,29.26,0,,True,,False,,,,
Kern River,040294481600,Sterling,91,Chevron U.S.A. Inc.,Active,0,2018-01-31,2018-01-31,1,1.0,203.0,32.28,0,,True,,False,,,,
Kern River,040294481601,Sterling,91,Chevron U.S.A. Inc.,Active,0,2019-01-31,2019-03-31,3,3.0,217.0,34.5,0,,True,,False,,,,
Kern River,040294482500,Sterling,525,Chevron U.S.A. Inc.,Active,0,2018-01-31,2018-01-31,1,2.0,690.0,109.71,0,,True,,False,,,,
Kern River,040294482600,Sterling,529,Chevron U.S.A. Inc.,Active,0,2018-01-31,2018-01-31,1,2.0,238.0,37.84,0,,True,,False,,,,
Kern River,040294484801,Senator,509,Chevron U.S.A. Inc.,Active,0,2019-03-31,2019-03-31,1,1.0,142.0,22.58,0,,True,,False,,,,
Kern River,040294486300,Vesta,40,Chevron U.S.A. Inc.,Active,0,2018-01-31,2018-01-31,1,1.0,379.0,60.26,0,,True,,False,,,,
Kern River,040294486301,Vesta,40,Chevron U.S.A. Inc.,Active,0,2019-01-31,2019-03-31,3,3.0,465.0,73.94,0,,True,,False,,,,
Kern River,040294486601,Bear Flag,504,Chevron U.S.A. Inc.,Active,0,2019-03-31,2019-03-31,1,1.0,48.0,7.63,0,,True,,False,,,,
Kern River,040294487000,Calloma,16,Chevron U.S.A. Inc.,Active,0,2018-01-31,2018-01-31,1,1.0,202.0,32.12,0,,True,,False,,,,
Kern River,040294487602,Vesta,41,Chevron U.S.A. Inc.,Active,0,2019-03-31,2019-03-31,1,2.0,133.0,21.15,0,,True,,False,,,,
Kern River,040294489000,Calloma,504,Chevron U.S.A. Inc.,Active,0,2018-02-28,2018-02-28,1,2.0,267.0,42.45,0,,True,,False,,,,
Kern River,040294492800,Hanford & Fresno,18,Chevron U.S.A. Inc.,Active,0,2018-01-31,2018-01-31,1,2.0,578.0,91.9,0,,True,,False,,,,
Kern River,040294499201,Green & Whittier A,133,Chevron U.S.A. Inc.,Active,0,2019-03-31,2019-03-31,1,1.0,65.0,10.34,0,,True,,False,,,,
Kern River,040294499900,Hanford & Fresno,504,Chevron U.S.A. Inc.,Active,0,2018-02-28,2018-02-28,1,1.0,219.0,34.82,0,,True,,False,,,,
Kern River,040294601201,Hanford & Fresno,19,Chevron U.S.A. Inc.,Active,0,2019-01-31,2019-02-28,2,2.0,92.0,14.63,0,,True,,False,,,,
Kern River,040294602800,Hanford & Fresno,31,Chevron U.S.A. Inc.,Active,0,2018-01-31,2018-01-31,1,1.0,465.0,73.94,0,,True,,False,,,,
Kern River,040294603900,Sovereign,501,Chevron U.S.A. Inc.,Active,0,2018-01-31,2018-01-31,1,2.0,177.0,28.14,0,,True,,False,,,,
Kern River,040294605500,Unspecified,33-563,Chevron U.S.A. Inc.,Active,0,2019-03-31,2019-03-31,1,2.0,137.0,21.78,0,,True,,False,,,,
Kern River,040294616300,Green & Whittier A,130,Chevron U.S.A. Inc.,Active,0,2018-02-28,2018-02-28,1,2.0,179.0,28.46,0,,True,,False,,,,
Kern River,040294616301,Green & Whittier A,130,Chevron U.S.A. Inc.,Active,0,2019-03-31,2019-03-31,1,1.0,46.0,7.31,0,,True,,False,,,,
Kern River,040294623301,Unspecified,33-620,Chevron U.S.A. Inc.,Active,0,2019-01-31,2019-02-28,2,2.0,264.0,41.98,0,,True,,False,,,,
Kern River,040294637000,Green & Whittier,163,Chevron U.S.A. Inc.,Active,0,2018-01-31,2018-01-31,1,1.0,209.0,33.23,0,,True,,False,,,,
Kern River,040294637002,Green & Whittier,163,Chevron U.S.A. Inc.,Active,0,2020-11-30,2020-11-30,1,1.0,188.0,29.89,0,,True,,False,,,,
Kern River,040294659500,Rasmussen,261,Chevron U.S.A. Inc.,Plugged,0,2019-01-31,2019-02-28,2,2.0,276.0,43.88,0,397.0,False,,False,,,,
Kern River,040294659500,Rasmussen,261,Chevron U.S.A. Inc.,Plugged,1,2020-03-31,2020-03-31,1,1.0,607.0,96.51,0,,True,,False,,,,
Kern River,040294659600,Rasmussen,262,Chevron U.S.A. Inc.,Active,0,2018-01-31,2018-01-31,1,2.0,236.0,37.52,0,,True,,False,,,,
Kern River,040294659601,Rasmussen,262,Chevron U.S.A. Inc.,Active,0,2020-03-31,2020-03-31,1,1.0,607.0,96.51,0,153.0,False,,False,,,,
Kern River,040294659601,Rasmussen,262,Chevron U.S.A. Inc.,Active,1,2020-08-31,2020-08-31,1,2.0,854.0,135.79,0,,True,,False,,,,
Kern River,040294765700,Unspecified,16-9,Chevron U.S.A. Inc.,Active,0,2019-05-31,2019-05-31,1,2.0,395.0,62.8,0,,True,,False,,,,
Kern River,040294773702,Kern County Land Co. Lease 39,73A-9,Chevron U.S.A. Inc.,Active,0,2019-03-31,2019-05-31,2,3.0,73.0,11.61,0,549.0,False,,False,,,,
Kern River,040294773702,Kern County Land Co. Lease 39,73A-9,Chevron U.S.A. Inc.,Active,1,2020-11-30,2020-11-30,1,1.0,185.0,29.41,0,,True,,False,,,,
Kern River,040294783201,Senator,39,Chevron U.S.A. Inc.,Active,0,2019-03-31,2019-03-31,1,1.0,142.0,22.58,0,,True,,False,,,,
Kern River,040294789901,Sterling,100,Chevron U.S.A. Inc.,Active,0,2019-11-30,2019-11-30,1,1.0,82.0,13.04,0,,True,,False,,,,
Kern River,040294830000,American Naphtha,5-8A,Chevron U.S.A. Inc.,Active,0,2018-01-31,2018-01-31,1,1.0,130.0,20.67,0,,True,,False,,,,
Kern River,040294830202,American Naphtha,6-8A,Chevron U.S.A. Inc.,Idle,0,2019-01-31,2019-02-28,2,4.0,102.0,16.22,0,214.0,False,,False,,,,
Kern River,040294830202,American Naphtha,6-8A,Chevron U.S.A. Inc.,Idle,1,2019-09-30,2019-09-30,1,3.0,1710.0,271.89,0,,True,,False,,,,
Kern River,040294830500,American Naphtha,6-6B,Chevron U.S.A. Inc.,Active,0,2020-02-29,2020-02-29,1,2.0,802.0,127.52,0,,True,,False,,,,
Kern River,040294830704,American Naphtha,7-6A,Chevron U.S.A. Inc.,Active,0,2019-01-31,2019-02-28,2,4.0,92.0,14.63,0,,True,,False,,,,
Kern River,040294832303,American Naphtha,13-1A,Chevron U.S.A. Inc.,Idle,0,2019-05-31,2019-05-31,1,1.0,3.0,0.48,0,,True,,False,,,,
Kern River,040294852100,Kern A,118,Chevron U.S.A. Inc.,Active,0,2019-03-31,2019-03-31,1,1.0,46.0,7.31,0,,True,,False,,,,
Kern River,040294896200,Unspecified,3-16,Chevron U.S.A. Inc.,Active,0,2019-03-31,2019-03-31,1,1.0,128.0,20.35,0,,True,,False,,,,
Kern River,040294913204,American Naphtha,8-13A,Chevron U.S.A. Inc.,Active,0,2019-05-31,2019-05-31,1,2.0,26.0,4.13,0,92.0,False,,False,,,,
Kern River,040294913204,American Naphtha,8-13A,Chevron U.S.A. Inc.,Active,1,2019-08-31,2019-08-31,1,3.0,1693.0,269.19,0,,True,,False,,,,
Kern River,040294913302,Monte Cristo No. 1,11-11A,Chevron U.S.A. Inc.,Active,0,2019-03-31,2019-03-31,1,2.0,135.0,21.46,0,,True,,False,,,,
Kern River,040294917200,Unspecified,3-19,Chevron U.S.A. Inc.,Active,0,2019-03-31,2019-03-31,1,1.0,126.0,20.03,0,,True,,False,,,,
Kern River,040294925400,American Naphtha,7-10A,Chevron U.S.A. Inc.,Active,0,2018-01-31,2018-02-28,2,3.0,495.0,78.7,0,,True,,False,,,,
Kern River,040294925402,American Naphtha,7-10A,Chevron U.S.A. Inc.,Active,0,2018-04-30,2018-08-31,3,6.0,6405.0,1018.39,0,,True,,False,,,,
Kern River,040294933100,Unspecified,33-161,Chevron U.S.A. Inc.,Active,0,2018-01-31,2018-01-31,1,1.0,583.0,92.7,0,,True,,False,,,,
Kern River,040294943201,American Naphtha,12-12B,Chevron U.S.A. Inc.,Active,0,2019-01-31,2019-02-28,2,4.0,84.0,13.36,0,,True,,False,,,,
Kern River,040294945202,American Naphtha,11-13A,Chevron U.S.A. Inc.,Active,0,2019-01-31,2019-02-28,2,4.0,84.0,13.36,0,,True,,False,,,,
Kern River,040294945401,American Naphtha,9-11A,Chevron U.S.A. Inc.,Active,0,2020-02-29,2020-02-29,1,1.0,113.0,17.97,0,,True,,False,,,,
Kern River,040294945500,American Naphtha,9-10A,Chevron U.S.A. Inc.,Active,0,2018-01-31,2018-01-31,1,2.0,494.0,78.55,0,,True,,False,,,,
Kern River,040294945503,American Naphtha,9-10A,Chevron U.S.A. Inc.,Active,0,2019-01-31,2019-02-28,2,2.0,82.0,13.04,0,,True,,False,,,,
Kern River,040294945600,American Naphtha,8-11A,Chevron U.S.A. Inc.,Active,0,2018-02-28,2018-02-28,1,1.0,299.0,47.54,0,,True,,False,,,,
Kern River,040294945602,American Naphtha,8-11A,Chevron U.S.A. Inc.,Active,0,2019-10-31,2019-10-31,1,2.0,121.0,19.24,0,,True,,False,,,,
Kern River,040294950401,Unspecified,33-152,Chevron U.S.A. Inc.,Active,0,2019-03-31,2019-03-31,1,1.0,139.0,22.1,0,214.0,False,,False,,,,
Kern River,040294950401,Unspecified,33-152,Chevron U.S.A. Inc.,Active,1,2019-10-31,2019-10-31,1,2.0,110.0,17.49,0,,True,,False,,,,
Kern River,040294953801,Unspecified,33-153,Chevron U.S.A. Inc.,Active,0,2020-02-29,2020-02-29,1,2.0,307.0,48.81,0,,True,,False,,,,
Kern River,040294957200,Kern,257,Chevron U.S.A. Inc.,Active,0,2018-01-31,2018-01-31,1,1.0,169.0,26.87,0,,True,,False,,,,
Kern River,040294958002,Moneta,17,Chevron U.S.A. Inc.,Active,0,2019-03-31,2019-03-31,1,2.0,144.0,22.9,0,,True,,False,,,,
Kern River,040294958201,Moneta,19,Chevron U.S.A. Inc.,Active,0,2019-01-31,2019-02-28,2,2.0,250.0,39.75,0,,True,,False,,,,
Kern River,040294958900,Columbian,30,Chevron U.S.A. Inc.,Active,0,2019-01-31,2019-02-28,2,2.0,102.0,16.22,0,,True,,False,,,,
Kern River,040294959701,Sterling,99,Chevron U.S.A. Inc.,Active,0,2019-03-31,2019-03-31,1,2.0,148.0,23.53,0,,True,,False,,,,
Kern River,040294966500,Potomac,21,Chevron U.S.A. Inc.,Active,0,2019-01-31,2019-02-28,2,2.0,292.0,46.43,0,,True,,False,,,,
Kern River,040294971300,Unspecified,33-661,Chevron U.S.A. Inc.,Active,0,2019-03-31,2019-03-31,1,1.0,129.0,20.51,0,,True,,False,,,,
Kern River,040294976901,Perseus,11,Chevron U.S.A. Inc.,Active,0,2019-01-31,2019-02-28,2,2.0,262.0,41.66,0,,True,,False,,,,
Kern River,040294987201,Green & Whittier A,151,Chevron U.S.A. Inc.,Active,0,2019-03-31,2019-03-31,1,2.0,53.0,8.43,0,,True,,False,,,,
Kern River,040294993201,Kern County Land Co. Lease 39,128-9,Chevron U.S.A. Inc.,Active,0,2019-06-30,2019-06-30,1,2.0,131.0,20.83,0,,True,,False,,,,
Kern River,040294998300,Unspecified,19-3,Chevron U.S.A. Inc.,Active,0,2018-02-28,2018-02-28,1,1.0,413.0,65.67,0,,True,,False,,,,
Kern River,040295001600,Moneta,504,Chevron U.S.A. Inc.,Active,0,2019-03-31,2019-03-31,1,2.0,145.0,23.05,0,,True,,False,,,,
Kern River,040295007300,Euclid,505,Chevron U.S.A. Inc.,Active,0,2018-01-31,2018-01-31,1,1.0,269.0,42.77,0,,True,,False,,,,
Kern River,040295021600,Hanford & Fresno,23,Chevron U.S.A. Inc.,Active,0,2018-02-28,2018-02-28,1,1.0,219.0,34.82,0,,True,,False,,,,
Kern River,040295021601,Hanford & Fresno,23,Chevron U.S.A. Inc.,Active,0,2019-01-31,2019-03-31,3,3.0,121.0,19.24,0,,True,,False,,,,
Kern River,040295030000,Gillelen,500,Chevron U.S.A. Inc.,Active,0,2019-01-31,2019-02-28,2,2.0,110.0,17.49,0,,True,,False,,,,
Kern River,040295042200,Green & Whittier A,521,Chevron U.S.A. Inc.,Active,0,2018-01-31,2018-01-31,1,1.0,146.0,23.21,0,,True,,False,,,,
Kern River,040295042201,Green & Whittier A,521,Chevron U.S.A. Inc.,Active,0,2019-03-31,2019-03-31,1,1.0,47.0,7.47,0,,True,,False,,,,
Kern River,040295042501,Green & Whittier A,527,Chevron U.S.A. Inc.,Active,0,2019-03-31,2019-03-31,1,1.0,51.0,8.11,0,,True,,False,,,,
Kern River,040295062100,Reed Crude,111,Chevron U.S.A. Inc.,Active,0,2018-02-28,2018-02-28,1,1.0,153.0,24.33,0,337.0,False,,False,,,,
Kern River,040295062100,Reed Crude,111,Chevron U.S.A. Inc.,Active,1,2019-01-31,2019-02-28,2,2.0,510.0,81.09,0,,True,,False,,,,
Kern River,040295062400,Reed Crude,115,Chevron U.S.A. Inc.,Active,0,2018-01-31,2018-01-31,1,1.0,188.0,29.89,0,,True,,False,,,,
Kern River,040295072000,Omar,34,Chevron U.S.A. Inc.,Active,0,2018-01-31,2018-01-31,1,1.0,178.0,28.3,0,,True,,False,,,,
Kern River,040295085401,Kern County Land Co. Lease 39,116-9,Chevron U.S.A. Inc.,Idle,0,2019-05-31,2019-05-31,1,1.0,2.0,0.32,0,,True,,False,,,,
Kern River,040295085902,Kern County Land Co. Lease 39,121-9,Chevron U.S.A. Inc.,Active,0,2019-05-31,2019-05-31,1,2.0,13.0,2.07,0,,True,,False,,,,
Kern River,040295086101,Kern County Land Co. Lease 39,123-9,Chevron U.S.A. Inc.,Active,0,2019-10-31,2019-10-31,1,4.0,2565.0,407.83,0,92.0,False,,False,,,,
Kern River,040295086101,Kern County Land Co. Lease 39,123-9,Chevron U.S.A. Inc.,Active,1,2020-01-31,2020-01-31,1,1.0,376.0,59.78,0,,True,,False,,,,
Kern River,040295086401,Kern County Land Co. Lease 39,126-9,Chevron U.S.A. Inc.,Active,0,2019-03-31,2019-03-31,1,1.0,50.0,7.95,0,,True,,False,,,,
Kern River,040295086500,Kern County Land Co. Lease 39,127-9,Chevron U.S.A. Inc.,Active,0,2019-03-31,2019-03-31,1,1.0,55.0,8.75,0,306.0,False,,False,,,,
Kern River,040295086500,Kern County Land Co. Lease 39,127-9,Chevron U.S.A. Inc.,Active,1,2020-01-31,2020-01-31,1,1.0,406.0,64.55,0,60.0,False,,False,,,,
Kern River,040295086500,Kern County Land Co. Lease 39,127-9,Chevron U.S.A. Inc.,Active,2,2020-03-31,2020-03-31,1,7.0,4320.0,686.88,0,122.0,False,,False,,,,
Kern River,040295086500,Kern County Land Co. Lease 39,127-9,Chevron U.S.A. Inc.,Active,3,2020-07-31,2020-07-31,1,1.0,156.0,24.8,0,,True,,False,,,,
Kern River,040295086601,Kern County Land Co. Lease 39,130-9,Chevron U.S.A. Inc.,Active,0,2019-06-30,2019-06-30,1,2.0,131.0,20.83,0,,True,,False,,,,
Kern River,040295087601,Kern County Land Co. Lease 39,228-9,Chevron U.S.A. Inc.,Idle,0,2019-09-30,2021-12-31,27,825.0,407699.0,64824.14,0,,True,,False,,,,
Kern River,040295095700,Sterling,539,Chevron U.S.A. Inc.,Active,0,2018-02-28,2018-02-28,1,2.0,184.0,29.26,0,,True,,False,,,,
Kern River,040295106800,Cordes,507,Chevron U.S.A. Inc.,Active,0,2018-01-31,2018-01-31,1,2.0,384.0,61.06,0,,True,,False,,,,
Kern River,040295107700,Omar,31,Chevron U.S.A. Inc.,Active,0,2018-01-31,2018-01-31,1,2.0,186.0,29.57,0,,True,,False,,,,
Kern River,040295112400,Reed Crude A,526,Chevron U.S.A. Inc.,Active,0,2018-01-31,2018-01-31,1,1.0,302.0,48.02,0,,True,,False,,,,
Kern River,040295112803,Monte Cristo No. 1,1-5A,Chevron U.S.A. Inc.,Active,0,2019-01-31,2019-02-28,2,4.0,292.0,46.43,0,61.0,False,,False,,,,
Kern River,040295112803,Monte Cristo No. 1,1-5A,Chevron U.S.A. Inc.,Active,1,2019-04-30,2019-04-30,1,1.0,403.0,64.08,0,,True,,False,,,,
Kern River,040295113503,Monte Cristo No. 1,5-11A,Chevron U.S.A. Inc.,Active,0,2019-03-31,2019-03-31,1,2.0,130.0,20.67,0,91.0,False,,False,,,,
Kern River,040295113503,Monte Cristo No. 1,5-11A,Chevron U.S.A. Inc.,Active,1,2019-06-30,2019-06-30,1,2.0,836.0,132.92,0,275.0,False,,False,,,,
Kern River,040295113503,Monte Cristo No. 1,5-11A,Chevron U.S.A. Inc.,Active,2,2020-03-31,2020-03-31,1,2.0,681.0,108.28,0,244.0,False,,False,,,,
Kern River,040295113503,Monte Cristo No. 1,5-11A,Chevron U.S.A. Inc.,Active,3,2020-11-30,2020-11-30,1,3.0,1632.0,259.49,0,,True,,False,,,,
Kern River,040295113602,Monte Cristo No. 1,7-9A,Chevron U.S.A. Inc.,Active,0,2019-04-30,2019-04-30,1,1.0,419.0,66.62,0,276.0,False,,False,,,,
Kern River,040295113602,Monte Cristo No. 1,7-9A,Chevron U.S.A. Inc.,Active,1,2020-01-31,2020-01-31,1,2.0,157.0,24.96,0,,True,,False,,,,
Kern River,040295114304,Monte Cristo No. 1,13-7A,Chevron U.S.A. Inc.,Active,0,2019-01-31,2019-02-28,2,4.0,274.0,43.57,0,214.0,False,,False,,,,
Kern River,040295114304,Monte Cristo No. 1,13-7A,Chevron U.S.A. Inc.,Active,1,2019-09-30,2019-09-30,1,4.0,1542.0,245.18,0,427.0,False,,False,,,,
Kern River,040295114304,Monte Cristo No. 1,13-7A,Chevron U.S.A. Inc.,Active,2,2020-11-30,2020-11-30,1,2.0,981.0,155.98,0,,True,,False,,,,
Kern River,040295114400,Monte Cristo No. 1,13-9A,Chevron U.S.A. Inc.,Active,0,2018-01-31,2018-01-31,1,2.0,301.0,47.86,0,,True,,False,,,,
Kern River,040295114703,Monte Cristo No. 1,15-7A,Chevron U.S.A. Inc.,Active,0,2019-06-30,2019-07-31,2,3.0,1372.0,218.15,0,,True,,False,,,,
Kern River,040295114803,Monte Cristo No. 1,15-11A,Chevron U.S.A. Inc.,Active,0,2019-04-30,2019-04-30,1,1.0,407.0,64.71,0,,True,,False,,,,
Kern River,040295124400,Cordes,49,Chevron U.S.A. Inc.,Active,0,2018-02-28,2018-02-28,1,1.0,277.0,44.04,0,,True,,False,,,,
Kern River,040295125500,Cordes,512,Chevron U.S.A. Inc.,Active,0,2018-01-31,2018-01-31,1,2.0,572.0,90.95,0,,True,,False,,,,
Kern River,040295125600,Kern A,557,Chevron U.S.A. Inc.,Active,0,2018-02-28,2018-02-28,1,1.0,255.0,40.55,0,,True,,False,,,,
Kern River,040295127800,Kern Co. Land Co.,103,Chevron U.S.A. Inc.,Active,0,2019-01-31,2019-02-28,2,2.0,94.0,14.95,0,,True,,False,,,,
Kern River,040295128200,Kern Co. Land Co.,362,Chevron U.S.A. Inc.,Active,0,2019-01-31,2019-02-28,2,2.0,92.0,14.63,0,,True,,False,,,,
Kern River,040295132900,Sanguinetti,510,Chevron U.S.A. Inc.,Active,0,2019-01-31,2019-02-28,2,4.0,242.0,38.48,0,,True,,False,,,,
Kern River,040295135200,Cordes,48,Chevron U.S.A. Inc.,Active,0,2018-01-31,2018-01-31,1,1.0,259.0,41.18,0,,True,,False,,,,
Kern River,040295135600,Kern,510,Chevron U.S.A. Inc.,Active,0,2018-01-31,2018-01-31,1,1.0,167.0,26.55,0,,True,,False,,,,
Kern River,040295157900,Reed Crude,515,Chevron U.S.A. Inc.,Active,0,2018-02-28,2018-02-28,1,1.0,203.0,32.28,0,,True,,False,,,,
Kern River,040295162700,Green & Whittier A,553,Chevron U.S.A. Inc.,Idle,0,2018-01-31,2018-01-31,1,2.0,237.0,37.68,0,,True,,False,,,,
Kern River,040295166300,Aztec,505,Chevron U.S.A. Inc.,Active,0,2018-01-31,2018-01-31,1,2.0,821.0,130.54,0,,True,,False,,,,
Kern River,040295174501,Kern,265,Chevron U.S.A. Inc.,Active,0,2019-04-30,2019-04-30,1,1.0,140.0,22.26,0,,True,,False,,,,
Kern River,040295189500,San Joaquin,329,Chevron U.S.A. Inc.,Active,0,2018-01-31,2018-01-31,1,2.0,503.0,79.98,0,,True,,False,,,,
Kern River,040295190001,Kern,271,Chevron U.S.A. Inc.,Active,0,2020-03-31,2020-03-31,1,4.0,2850.0,453.15,0,,True,,False,,,,
Kern River,040295202100,Sterling,538,Chevron U.S.A. Inc.,Active,0,2018-02-28,2018-02-28,1,1.0,216.0,34.34,0,,True,,False,,,,
Kern River,040295205100,San Joaquin,574,Chevron U.S.A. Inc.,Active,0,2018-01-31,2018-01-31,1,1.0,250.0,39.75,0,,True,,False,,,,
Kern River,040295207100,San Joaquin,325,Chevron U.S.A. Inc.,Active,0,2018-01-31,2018-01-31,1,2.0,489.0,77.75,0,,True,,False,,,,
Kern River,040295208400,Sovereign,504,Chevron U.S.A. Inc.,Active,0,2018-01-31,2018-01-31,1,1.0,261.0,41.5,0,,True,,False,,,,
Kern River,040295212800,Kern,507,Chevron U.S.A. Inc.,Active,0,2018-01-31,2018-01-31,1,1.0,168.0,26.71,0,,True,,False,,,,
Kern River,040295217502,Amazon,46,Chevron U.S.A. Inc.,Active,0,2019-04-30,2019-04-30,1,1.0,34.0,5.41,0,,True,,False,,,,
Kern River,040295230600,Green & Whittier,176,Chevron U.S.A. Inc.,Active,0,2018-01-31,2018-01-31,1,1.0,201.0,31.96,0,,True,,False,,,,
Kern River,040295231000,Aztec,509,Chevron U.S.A. Inc.,Active,0,2018-02-28,2018-02-28,1,2.0,265.0,42.13,0,731.0,False,,False,,,,
Kern River,040295231000,Aztec,509,Chevron U.S.A. Inc.,Active,1,2020-02-29,2020-02-29,1,2.0,705.0,112.09,0,,True,,False,,,,
Kern River,040295236200,Sterling,535,Chevron U.S.A. Inc.,Active,0,2018-01-31,2018-01-31,1,1.0,229.0,36.41,0,,True,,False,,,,
Kern River,040295236300,Reed Crude,513,Chevron U.S.A. Inc.,Active,0,2019-04-30,2019-04-30,1,1.0,143.0,22.74,0,,True,,False,,,,
Kern River,040295237000,San Joaquin,341,Chevron U.S.A. Inc.,Active,0,2018-01-31,2018-01-31,1,2.0,831.0,132.13,0,,True,,False,,,,
Kern River,040295237500,Kern,524,Chevron U.S.A. Inc.,Active,0,2018-01-31,2018-01-31,1,1.0,187.0,29.73,0,,True,,False,,,,
Kern River,040295239302,Lawton & Hannaman,100,Chevron U.S.A. Inc.,Active,0,2019-03-31,2019-03-31,1,2.0,46.0,7.31,0,,True,,False,,,,
Kern River,040295239900,Sterling,103,Chevron U.S.A. Inc.,Active,0,2018-01-31,2018-01-31,1,1.0,168.0,26.71,0,,True,,False,,,,
Kern River,040295278501,Rambler,38A,Chevron U.S.A. Inc.,Active,0,2019-04-30,2019-04-30,1,1.0,135.0,21.46,0,184.0,False,,False,,,,
Kern River,040295278501,Rambler,38A,Chevron U.S.A. Inc.,Active,1,2019-10-31,2019-10-31,1,1.0,115.0,18.29,0,,True,,False,,,,
Kern River,040295279600,American Naphtha,14-9B,Chevron U.S.A. Inc.,Active,0,2019-07-31,2019-07-31,1,3.0,1692.0,269.03,0,,True,,False,,,,
Kern River,040295280600,Mitchell,21,Chevron U.S.A. Inc.,Active,0,2019-08-31,2019-08-31,1,1.0,114.0,18.13,0,,True,,False,,,,
Kern River,040295290100,Wilson,14,Chevron U.S.A. Inc.,Active,0,2018-01-31,2018-01-31,1,2.0,225.0,35.77,0,,True,,False,,,,
Kern River,040295296500,Clampitt,37,Chevron U.S.A. Inc.,Idle,0,2019-08-31,2019-08-31,1,1.0,445.0,70.75,0,,True,,False,,,,
Kern River,040295298000,Alma Jr.,29,Chevron U.S.A. Inc.,Active,0,2019-07-31,2019-07-31,1,2.0,804.0,127.84,0,488.0,False,,False,,,,
Kern River,040295298000,Alma Jr.,29,Chevron U.S.A. Inc.,Active,1,2020-11-30,2020-11-30,1,3.0,1533.0,243.75,0,,True,,False,,,,
Kern River,040295299500,Sterling,104,Chevron U.S.A. Inc.,Active,0,2018-02-28,2018-02-28,1,1.0,224.0,35.62,0,,True,,False,,,,
Kern River,040295299501,Sterling,104,Chevron U.S.A. Inc.,Active,0,2019-01-31,2019-03-31,3,3.0,229.0,36.41,0,,True,,False,,,,
Kern River,040295302100,Clampitt,35,Chevron U.S.A. Inc.,Active,0,2019-09-30,2019-09-30,1,1.0,664.0,105.58,0,,True,,False,,,,
Kern River,040295306600,Revenue,119,Chevron U.S.A. Inc.,Active,0,2019-01-31,2019-02-28,2,2.0,250.0,39.75,0,,True,,False,,,,
Kern River,040295308901,Unspecified,1-16,Chevron U.S.A. Inc.,Active,0,2019-01-31,2019-02-28,2,2.0,264.0,41.98,0,,True,,False,,,,
Kern River,040295313300,Alma,27,Chevron U.S.A. Inc.,Active,0,2018-01-31,2018-01-31,1,1.0,154.0,24.49,0,,True,,False,,,,
Kern River,040295322101,Central Point,59,Chevron U.S.A. Inc.,Active,0,2019-04-30,2019-04-30,1,1.0,42.0,6.68,0,,True,,False,,,,
Kern River,040295325800,Knob Hill,52,Chevron U.S.A. Inc.,Active,0,2018-01-31,2018-01-31,1,1.0,203.0,32.28,0,,True,,False,,,,
Kern River,040295328600,Alma,22,Chevron U.S.A. Inc.,Active,0,2018-02-28,2018-03-31,2,2.0,760.0,120.84,0,518.0,False,,False,,,,
Kern River,040295328600,Alma,22,Chevron U.S.A. Inc.,Active,1,2019-08-31,2019-08-31,1,2.0,805.0,128.0,0,457.0,False,,False,,,,
Kern River,040295328600,Alma,22,Chevron U.S.A. Inc.,Active,2,2020-11-30,2020-11-30,1,3.0,1320.0,209.88,0,,True,,False,,,,
Kern River,040295330700,Wilson,15,Chevron U.S.A. Inc.,Active,0,2018-01-31,2018-01-31,1,1.0,212.0,33.71,0,,True,,False,,,,
Kern River,040295330800,Moneta,21,Chevron U.S.A. Inc.,Active,0,2018-01-31,2018-01-31,1,1.0,184.0,29.26,0,,True,,False,,,,
Kern River,040295334200,Revenue,118,Chevron U.S.A. Inc.,Active,0,2019-04-30,2019-04-30,1,1.0,128.0,20.35,0,,True,,False,,,,
Kern River,040295335300,Alma Jr.,28,Chevron U.S.A. Inc.,Active,0,2018-01-31,2018-01-31,1,2.0,151.0,24.01,0,,True,,False,,,,
Kern River,040295336800,Revenue,117,Chevron U.S.A. Inc.,Active,0,2019-01-31,2019-02-28,2,2.0,266.0,42.29,0,61.0,False,,False,,,,
Kern River,040295336800,Revenue,117,Chevron U.S.A. Inc.,Active,1,2019-04-30,2019-04-30,1,1.0,128.0,20.35,0,,True,,False,,,,
Kern River,040295342500,San Joaquin,352,Chevron U.S.A. Inc.,Active,0,2018-02-28,2018-02-28,1,1.0,214.0,34.03,0,,True,,False,,,,
Kern River,040295342601,San Joaquin,354,Chevron U.S.A. Inc.,Active,0,2019-07-31,2019-08-31,2,4.0,1972.0,313.55,0,,True,,False,,,,
Kern River,040295347400,Clampitt,512,Chevron U.S.A. Inc.,Active,0,2018-01-31,2018-01-31,1,1.0,661.0,105.1,0,,True,,False,,,,
Kern River,040295354400,Apollo,517,Chevron U.S.A. Inc.,Active,0,2019-04-30,2019-04-30,1,1.0,49.0,7.79,0,,True,,False,,,,
Kern River,040295364400,Clampitt,515,Chevron U.S.A. Inc.,Active,0,2018-01-31,2018-01-31,1,1.0,154.0,24.49,0,,True,,False,,,,
Kern River,040295367800,Wilson,500,Chevron U.S.A. Inc.,Active,0,2018-01-31,2018-01-31,1,2.0,858.0,136.42,0,,True,,False,,,,
Kern River,040295373000,Kern River Mutual,502,Chevron U.S.A. Inc.,Active,0,2018-01-31,2018-01-31,1,2.0,407.0,64.71,0,,True,,False,,,,
Kern River,040295377000,Wilson,501,Chevron U.S.A. Inc.,Active,0,2018-01-31,2018-01-31,1,2.0,407.0,64.71,0,,True,,False,,,,
Kern River,040295384200,Red Bank,39,Chevron U.S.A. Inc.,Active,0,2019-05-31,2019-05-31,1,1.0,421.0,66.94,0,,True,,False,,,,
Kern River,040295385700,Alma Jr.,33,Chevron U.S.A. Inc.,Active,0,2019-01-31,2019-02-28,2,2.0,86.0,13.67,0,214.0,False,,False,,,,
Kern River,040295385700,Alma Jr.,33,Chevron U.S.A. Inc.,Active,1,2019-09-30,2019-09-30,1,2.0,128.0,20.35,0,,True,,False,,,,
Kern River,040295388201,Red Bank,508,Chevron U.S.A. Inc.,Active,0,2019-07-31,2019-07-31,1,2.0,760.0,120.84,0,,True,,False,,,,
Kern River,040295389502,Junction,56,Chevron U.S.A. Inc.,Active,0,2019-03-31,2019-04-30,2,2.0,90.0,14.31,0,,True,,False,,,,
Kern River,040295392600,Green & Whittier,182,Chevron U.S.A. Inc.,Active,0,2018-01-31,2018-01-31,1,2.0,485.0,77.11,0,,True,,False,,,,
Kern River,040295392800,Blinn,21,Chevron U.S.A. Inc.,Active,0,2018-01-31,2018-01-31,1,1.0,383.0,60.9,0,,True,,False,,,,
Kern River,040295394101,Fee A,318,Chevron U.S.A. Inc.,Active,0,2019-09-30,2019-09-30,1,1.0,147.0,23.37,0,,True,,False,,,,
Kern River,040295397400,Alma Jr.,505,Chevron U.S.A. Inc.,Active,0,2018-01-31,2018-01-31,1,2.0,150.0,23.85,0,607.0,False,,False,,,,
Kern River,040295397400,Alma Jr.,505,Chevron U.S.A. Inc.,Active,1,2019-09-30,2019-09-30,1,2.0,156.0,24.8,0,,True,,False,,,,
Kern River,040295397700,Gold Standard,18,Chevron U.S.A. Inc.,Active,0,2020-03-31,2020-03-31,1,3.0,1383.0,219.9,0,,True,,False,,,,
Kern River,040295398000,Rasmussen,240,Chevron U.S.A. Inc.,Active,0,2019-07-31,2019-07-31,1,2.0,258.0,41.02,0,,True,,False,,,,
Kern River,040295402700,Cortez,30,Chevron U.S.A. Inc.,Active,0,2018-02-28,2018-02-28,1,1.0,282.0,44.84,0,,True,,False,,,,
Kern River,040295403900,Alma Jr.,32,Chevron U.S.A. Inc.,Active,0,2018-02-28,2018-02-28,1,1.0,323.0,51.36,0,518.0,False,,False,,,,
Kern River,040295403900,Alma Jr.,32,Chevron U.S.A. Inc.,Active,1,2019-07-31,2019-07-31,1,1.0,425.0,67.58,0,,True,,False,,,,
Kern River,040295404001,Alma Jr.,31,Chevron U.S.A. Inc.,Active,0,2019-07-31,2019-07-31,1,1.0,120.0,19.08,0,,True,,False,,,,
Kern River,040295406100,Sterling,106,Chevron U.S.A. Inc.,Active,0,2018-01-31,2018-01-31,1,1.0,379.0,60.26,0,,True,,False,,,,
Kern River,040295408800,Sterling,105,Chevron U.S.A. Inc.,Active,0,2018-02-28,2018-02-28,1,1.0,202.0,32.12,0,,True,,False,,,,
Kern River,040295408801,Sterling,105,Chevron U.S.A. Inc.,Active,0,2019-01-31,2019-02-28,2,6.0,2966.0,471.59,0,,True,,False,,,,
Kern River,040295411700,Rambler,104,Chevron U.S.A. Inc.,Active,0,2019-04-30,2019-04-30,1,1.0,134.0,21.31,0,,True,,False,,,,
Kern River,040295416900,Bishop Fee,108,Chevron U.S.A. Inc.,Active,0,2019-04-30,2019-04-30,1,1.0,50.0,7.95,0,,True,,False,,,,
Kern River,040295444000,KCL-10,43,Chevron U.S.A. Inc.,Active,0,2018-01-31,2018-01-31,1,1.0,178.0,28.3,0,,True,,False,,,,
Kern River,040295493400,Clampitt,34,Chevron U.S.A. Inc.,Active,0,2019-09-30,2019-09-30,1,2.0,805.0,128.0,0,,True,,False,,,,
Kern River,040295500300,Alma Jr.,503,Chevron U.S.A. Inc.,Active,0,2020-11-30,2020-11-30,1,4.0,2276.0,361.88,0,,True,,False,,,,
Kern River,040295508301,Potomac,32,Chevron U.S.A. Inc.,Active,0,2019-01-31,2019-02-28,2,2.0,276.0,43.88,0,,True,,False,,,,
Kern River,040295511801,San Joaquin,395,Chevron U.S.A. Inc.,Active,0,2019-01-31,2019-02-28,2,2.0,490.0,77.91,0,,True,,False,,,,
Kern River,040295513600,Del Rey West Fee,19,Chevron U.S.A. Inc.,Active,0,2019-03-31,2019-03-31,1,2.0,94.0,14.95,0,,True,,False,,,,
Kern River,040295513900,Cortez,38,Chevron U.S.A. Inc.,Active,0,2018-01-31,2018-01-31,1,1.0,178.0,28.3,0,,True,,False,,,,
Kern River,040295513901,Cortez,38,Chevron U.S.A. Inc.,Active,0,2019-09-30,2019-09-30,1,1.0,159.0,25.28,0,,True,,False,,,,
Kern River,040295517900,Junction,75,Chevron U.S.A. Inc.,Active,0,2019-08-31,2019-09-30,2,2.0,123.0,19.56,0,,True,,False,,,,
Kern River,040295529900,Wilson,503,Chevron U.S.A. Inc.,Active,0,2018-01-31,2018-01-31,1,1.0,309.0,49.13,0,,True,,False,,,,
Kern River,040295540900,Green & Whittier,188,Chevron U.S.A. Inc.,Active,0,2018-02-28,2018-02-28,1,4.0,3485.0,554.12,0,,True,,False,,,,
Kern River,040295541000,Green & Whittier,189,Chevron U.S.A. Inc.,Active,0,2018-01-31,2018-01-31,1,1.0,402.0,63.92,0,,True,,False,,,,
Kern River,040295541100,Green & Whittier,193,Chevron U.S.A. Inc.,Active,0,2018-02-28,2018-02-28,1,4.0,3490.0,554.91,0,,True,,False,,,,
Kern River,040295541101,Green & Whittier,193,Chevron U.S.A. Inc.,Active,0,2018-03-31,2018-03-31,1,2.0,198.0,31.48,0,61.0,False,,False,,,,
Kern River,040295541101,Green & Whittier,193,Chevron U.S.A. Inc.,Active,1,2018-05-31,2018-08-31,2,5.0,3505.0,557.29,0,456.0,False,,False,,,,
Kern River,040295541101,Green & Whittier,193,Chevron U.S.A. Inc.,Active,2,2019-11-30,2019-11-30,1,3.0,1781.0,283.18,0,,True,,False,,,,
Kern River,040295543500,San Joaquin,378,Chevron U.S.A. Inc.,Active,0,2018-02-28,2019-02-28,3,6.0,691.0,109.87,0,,True,,False,,,,
Kern River,040295543600,San Joaquin,381,Chevron U.S.A. Inc.,Active,0,2019-01-31,2019-02-28,2,4.0,314.0,49.93,0,61.0,False,,False,,,,
Kern River,040295543600,San Joaquin,381,Chevron U.S.A. Inc.,Active,1,2019-04-30,2019-04-30,1,1.0,149.0,23.69,0,,True,,False,,,,
Kern River,040295552100,Green & Whittier,183,Chevron U.S.A. Inc.,Active,0,2018-01-31,2018-02-28,2,4.0,763.0,121.32,0,,True,,False,,,,
Kern River,040295552101,Green & Whittier,183,Chevron U.S.A. Inc.,Active,0,2018-04-30,2018-08-31,3,4.0,599.0,95.24,0,242.0,False,,False,,,,
Kern River,040295552101,Green & Whittier,183,Chevron U.S.A. Inc.,Active,1,2019-04-30,2019-04-30,1,1.0,132.0,20.99,0,,True,,False,,,,
Kern River,040295552400,Green & Whittier,186,Chevron U.S.A. Inc.,Active,0,2018-02-28,2018-02-28,1,1.0,466.0,74.09,0,,True,,False,,,,
Kern River,040295564900,Junction,73,Chevron U.S.A. Inc.,Active,0,2019-01-31,2019-03-31,3,3.0,70.0,11.13,0,,True,,False,,,,
Kern River,040295574400,Junction,74,Chevron U.S.A. Inc.,Active,0,2019-01-31,2019-04-30,4,4.0,111.0,17.65,0,,True,,False,,,,
Kern River,040295574500,Junction,78,Chevron U.S.A. Inc.,Active,0,2019-01-31,2019-03-31,3,3.0,70.0,11.13,0,,True,,False,,,,
Kern River,040295578700,San Joaquin,373,Chevron U.S.A. Inc.,Active,0,2018-02-28,2019-02-28,3,3.0,534.0,84.91,0,122.0,False,,False,,,,
Kern River,040295578700,San Joaquin,373,Chevron U.S.A. Inc.,Active,1,2019-06-30,2019-06-30,1,1.0,191.0,30.37,0,,True,,False,,,,
Kern River,040295583000,Davis,15,Chevron U.S.A. Inc.,Active,0,2019-04-30,2019-04-30,1,1.0,41.0,6.52,0,,True,,False,,,,
Kern River,040295585700,Gray,11,Chevron U.S.A. Inc.,Active,0,2019-01-31,2019-03-31,3,3.0,66.0,10.49,0,,True,,False,,,,
Kern River,040295585800,San Joaquin,369,Chevron U.S.A. Inc.,Active,0,2018-01-31,2018-01-31,1,1.0,425.0,67.58,0,,True,,False,,,,
Kern River,040295586100,San Joaquin,377,Chevron U.S.A. Inc.,Active,0,2019-01-31,2019-02-28,2,4.0,306.0,48.65,0,,True,,False,,,,
Kern River,040295586400,San Joaquin,386,Chevron U.S.A. Inc.,Active,0,2018-01-31,2018-01-31,1,2.0,216.0,34.34,0,,True,,False,,,,
Kern River,040295586401,San Joaquin,386,Chevron U.S.A. Inc.,Active,0,2019-01-31,2019-02-28,2,4.0,314.0,49.93,0,61.0,False,,False,,,,
Kern River,040295586401,San Joaquin,386,Chevron U.S.A. Inc.,Active,1,2019-04-30,2019-04-30,1,1.0,143.0,22.74,0,61.0,False,,False,,,,
Kern River,040295586401,San Joaquin,386,Chevron U.S.A. Inc.,Active,2,2019-06-30,2019-06-30,1,1.0,206.0,32.75,0,,True,,False,,,,
Kern River,040295586502,San Joaquin,388,Chevron U.S.A. Inc.,Active,0,2019-01-31,2019-02-28,2,4.0,512.0,81.41,0,,True,,False,,,,
Kern River,040295586600,San Joaquin,396,Chevron U.S.A. Inc.,Active,0,2019-01-31,2019-02-28,2,4.0,406.0,64.55,0,,True,,False,,,,
Kern River,040295586701,San Joaquin,399,Chevron U.S.A. Inc.,Active,0,2019-01-31,2019-03-31,3,5.0,672.0,106.85,0,,True,,False,,,,
Kern River,040295592300,Cortez,35,Chevron U.S.A. Inc.,Active,0,2018-02-28,2019-02-28,3,5.0,382.0,60.74,0,,True,,False,,,,
Kern River,040295592400,Cortez,39,Chevron U.S.A. Inc.,Active,0,2018-02-28,2018-02-28,1,1.0,282.0,44.84,0,,True,,False,,,,
Kern River,040295592401,Cortez,39,Chevron U.S.A. Inc.,Active,0,2019-01-31,2019-02-28,2,4.0,102.0,16.22,0,,True,,False,,,,
Kern River,040295592501,San Joaquin,374,Chevron U.S.A. Inc.,Active,0,2019-09-30,2019-09-30,1,1.0,140.0,22.26,0,,True,,False,,,,
Kern River,040295592800,San Joaquin,389,Chevron U.S.A. Inc.,Active,0,2019-03-31,2019-03-31,1,1.0,161.0,25.6,0,,True,,False,,,,
Kern River,040295606300,Del Rey Fee,32,Chevron U.S.A. Inc.,Active,0,2018-01-31,2018-01-31,1,1.0,212.0,33.71,0,,True,,False,,,,
Kern River,040295606500,San Joaquin,368,Chevron U.S.A. Inc.,Active,0,2018-01-31,2018-02-28,2,3.0,1413.0,224.67,0,61.0,False,,False,,,,
Kern River,040295606500,San Joaquin,368,Chevron U.S.A. Inc.,Active,1,2018-04-30,2018-05-31,2,2.0,408.0,64.87,0,395.0,False,,False,,,,
Kern River,040295606500,San Joaquin,368,Chevron U.S.A. Inc.,Active,2,2019-06-30,2019-06-30,1,1.0,194.0,30.85,0,,True,,False,,,,
Kern River,040295606700,San Joaquin,379,Chevron U.S.A. Inc.,Active,0,2019-01-31,2019-02-28,2,4.0,2016.0,320.54,0,61.0,False,,False,,,,
Kern River,040295606700,San Joaquin,379,Chevron U.S.A. Inc.,Active,1,2019-04-30,2019-04-30,1,1.0,147.0,23.37,0,,True,,False,,,,
Kern River,040295607400,Junction,63,Chevron U.S.A. Inc.,Active,0,2018-01-31,2018-01-31,1,1.0,239.0,38.0,0,,True,,False,,,,
Kern River,040295607401,Junction,63,Chevron U.S.A. Inc.,Active,0,2019-03-31,2019-03-31,1,1.0,47.0,7.47,0,153.0,False,,False,,,,
Kern River,040295607401,Junction,63,Chevron U.S.A. Inc.,Active,1,2019-08-31,2019-08-31,1,1.0,124.0,19.72,0,,True,,False,,,,
Kern River,040295607500,Junction,66,Chevron U.S.A. Inc.,Active,0,2018-01-31,2018-01-31,1,1.0,572.0,90.95,0,,True,,False,,,,
Kern River,040295608600,Blinn,27,Chevron U.S.A. Inc.,Active,0,2018-02-28,2018-02-28,1,2.0,226.0,35.93,0,,True,,False,,,,
Kern River,040295608601,Blinn,27,Chevron U.S.A. Inc.,Active,0,2018-05-31,2018-05-31,1,1.0,159.0,25.28,0,,True,,False,,,,
Kern River,040295608800,Junction,68,Chevron U.S.A. Inc.,Active,0,2019-03-31,2019-03-31,1,1.0,46.0,7.31,0,,True,,False,,,,
Kern River,040295624800,Green & Whittier,539,Chevron U.S.A. Inc.,Active,0,2018-01-31,2019-02-28,3,5.0,716.0,113.84,0,,True,,False,,,,
Kern River,040295624900,Green & Whittier,540,Chevron U.S.A. Inc.,Active,0,2019-03-31,2019-03-31,1,1.0,283.0,45.0,0,,True,,False,,,,
Kern River,040295627000,Cortez,512,Chevron U.S.A. Inc.,Active,0,2018-02-28,2018-03-31,2,2.0,482.0,76.64,0,61.0,False,,False,,,,
Kern River,040295627000,Cortez,512,Chevron U.S.A. Inc.,Active,1,2018-05-31,2018-08-31,2,2.0,626.0,99.53,0,,True,,False,,,,
Kern River,040295628601,San Joaquin,580,Chevron U.S.A. Inc.,Active,0,2020-01-31,2020-01-31,1,2.0,528.0,83.95,0,,True,,False,,,,
Kern River,040295629700,San Joaquin,595,Chevron U.S.A. Inc.,Active,0,2018-01-31,2018-01-31,1,1.0,178.0,28.3,0,577.0,False,,False,,,,
Kern River,040295629700,San Joaquin,595,Chevron U.S.A. Inc.,Active,1,2019-08-31,2019-08-31,1,1.0,129.0,20.51,0,,True,,False,,,,
Kern River,040295630000,San Joaquin,598,Chevron U.S.A. Inc.,Active,0,2018-01-31,2018-02-28,2,2.0,526.0,83.63,0,,True,,False,,,,
Kern River,040295631900,San Joaquin,617,Chevron U.S.A. Inc.,Active,0,2018-01-31,2018-01-31,1,2.0,400.0,63.6,0,,True,,False,,,,
Kern River,040295634100,San Joaquin,639,Chevron U.S.A. Inc.,Active,0,2019-01-31,2019-02-28,2,2.0,306.0,48.65,0,61.0,False,,False,,,,
Kern River,040295634100,San Joaquin,639,Chevron U.S.A. Inc.,Active,1,2019-04-30,2019-04-30,1,1.0,145.0,23.05,0,,True,,False,,,,
Kern River,040295635600,Junction,516,Chevron U.S.A. Inc.,Active,0,2018-01-31,2018-01-31,1,2.0,482.0,76.64,0,,True,,False,,,,
Kern River,040295640700,Ojai,22,Chevron U.S.A. Inc.,Active,0,2019-10-31,2019-10-31,1,1.0,176.0,27.98,0,,True,,False,,,,
Kern River,040295640800,Ojai,23,Chevron U.S.A. Inc.,Active,0,2019-01-31,2019-02-28,2,2.0,266.0,42.29,0,245.0,False,,False,,,,
Kern River,040295640800,Ojai,23,Chevron U.S.A. Inc.,Active,1,2019-10-31,2019-10-31,1,1.0,176.0,27.98,0,,True,,False,,,,
Kern River,040295640900,Stauffer,26,Chevron U.S.A. Inc.,Active,0,2019-01-31,2019-02-28,2,2.0,316.0,50.24,0,,True,,False,,,,
Kern River,040295641000,Stauffer,27,Chevron U.S.A. Inc.,Idle,0,2019-01-31,2019-02-28,2,2.0,316.0,50.24,0,,True,,False,,,,
Kern River,040295660301,Sterling,111,Chevron U.S.A. Inc.,Active,0,2019-08-31,2019-08-31,1,1.0,106.0,16.85,0,,True,,False,,,,
Kern River,040295660800,Vesta,45,Chevron U.S.A. Inc.,Idle,0,2018-01-31,2018-01-31,1,2.0,235.0,37.37,0,,True,,False,,,,
Kern River,040295660801,Vesta,45,Chevron U.S.A. Inc.,Idle,0,2019-03-31,2019-03-31,1,1.0,146.0,23.21,0,,True,,False,,,,
Kern River,040295664200,Green & Whittier,194,Chevron U.S.A. Inc.,Plugged,0,2018-02-28,2018-02-28,1,4.0,3564.0,566.68,0,,True,,False,,,,
Kern River,040295671300,Thomas,15,Chevron U.S.A. Inc.,Active,0,2018-01-31,2018-01-31,1,1.0,439.0,69.8,0,1034.0,False,,False,,,,
Kern River,040295671300,Thomas,15,Chevron U.S.A. Inc.,Active,1,2020-11-30,2020-11-30,1,4.0,2405.0,382.39,0,,True,,False,,,,
Kern River,040295671400,U.S.L.,20,Chevron U.S.A. Inc.,Active,0,2019-03-31,2019-03-31,1,2.0,136.0,21.62,0,,True,,False,,,,
Kern River,040295680301,Westates,41,Chevron U.S.A. Inc.,Active,0,2019-04-30,2019-04-30,1,1.0,140.0,22.26,0,519.0,False,,False,,,,
Kern River,040295680301,Westates,41,Chevron U.S.A. Inc.,Active,1,2020-09-30,2020-09-30,1,2.0,712.0,113.21,0,,True,,False,,,,
Kern River,040295688902,Bear Flag,12,Chevron U.S.A. Inc.,Active,0,2019-01-31,2019-02-28,2,2.0,88.0,13.99,0,,True,,False,,,,
Kern River,040295689200,Queen Esther,25,Chevron U.S.A. Inc.,Active,0,2018-01-31,2018-01-31,1,1.0,526.0,83.63,0,,True,,False,,,,
Kern River,040295689201,Queen Esther,25,Chevron U.S.A. Inc.,Active,0,2019-01-31,2019-02-28,2,2.0,254.0,40.39,0,,True,,False,,,,
Kern River,040295689500,Senator,44,Chevron U.S.A. Inc.,Active,0,2018-02-28,2018-02-28,1,2.0,267.0,42.45,0,,True,,False,,,,
Kern River,040295689501,Senator,44,Chevron U.S.A. Inc.,Active,0,2020-03-31,2020-03-31,1,2.0,169.0,26.87,0,122.0,False,,False,,,,
Kern River,040295689501,Senator,44,Chevron U.S.A. Inc.,Active,1,2020-07-31,2020-07-31,1,2.0,658.0,104.62,0,,True,,False,,,,
Kern River,040295689602,Senator,45,Chevron U.S.A. Inc.,Active,0,2019-01-31,2019-02-28,2,4.0,396.0,62.96,0,61.0,False,,False,,,,
Kern River,040295689602,Senator,45,Chevron U.S.A. Inc.,Active,1,2019-04-30,2019-04-30,1,1.0,141.0,22.42,0,,True,,False,,,,
Kern River,040295689800,Sterling,117,Chevron U.S.A. Inc.,Active,0,2018-01-31,2018-01-31,1,1.0,308.0,48.97,0,,True,,False,,,,
Kern River,040295689801,Sterling,117,Chevron U.S.A. Inc.,Active,0,2019-01-31,2019-02-28,2,2.0,258.0,41.02,0,,True,,False,,,,
Kern River,040295690000,Sterling,119,Chevron U.S.A. Inc.,Idle,0,2018-01-31,2018-01-31,1,1.0,169.0,26.87,0,,True,,False,,,,
Kern River,040295690900,Westates,31,Chevron U.S.A. Inc.,Active,0,2019-04-30,2019-04-30,1,1.0,138.0,21.94,0,,True,,False,,,,
Kern River,040295691000,Westates,32,Chevron U.S.A. Inc.,Active,0,2020-09-30,2020-09-30,1,2.0,713.0,113.37,0,,True,,False,,,,
Kern River,040295696700,Unspecified,19-133,Chevron U.S.A. Inc.,Active,0,2019-01-31,2019-02-28,2,2.0,274.0,43.57,0,61.0,False,,False,,,,
Kern River,040295696700,Unspecified,19-133,Chevron U.S.A. Inc.,Active,1,2019-04-30,2019-04-30,1,1.0,147.0,23.37,0,153.0,False,,False,,,,
Kern River,040295696700,Unspecified,19-133,Chevron U.S.A. Inc.,Active,2,2019-09-30,2019-09-30,1,1.0,102.0,16.22,0,,True,,False,,,,
Kern River,040295696900,Unspecified,19-136,Chevron U.S.A. Inc.,Active,0,2018-01-31,2018-01-31,1,2.0,811.0,128.95,0,,True,,False,,,,
Kern River,040295696901,Unspecified,19-136,Chevron U.S.A. Inc.,Active,0,2019-03-31,2019-03-31,1,1.0,155.0,24.64,0,,True,,False,,,,
Kern River,040295697100,Unspecified,19-138,Chevron U.S.A. Inc.,Active,0,2019-03-31,2019-03-31,1,1.0,156.0,24.8,0,,True,,False,,,,
Kern River,040295697900,D & D A,38,Chevron U.S.A. Inc.,Active,0,2019-01-31,2019-02-28,2,2.0,84.0,13.36,0,,True,,False,,,,
Kern River,040295698000,D & D A,39,Chevron U.S.A. Inc.,Active,0,2018-02-28,2018-02-28,1,1.0,214.0,34.03,0,,True,,False,,,,
Kern River,040295698003,D & D A,39,Chevron U.S.A. Inc.,Active,0,2018-04-30,2018-04-30,1,1.0,192.0,30.53,0,276.0,False,,False,,,,
Kern River,040295698003,D & D A,39,Chevron U.S.A. Inc.,Active,1,2019-01-31,2019-02-28,2,2.0,82.0,13.04,0,,True,,False,,,,
Kern River,040295698101,D & D B,27,Chevron U.S.A. Inc.,Active,0,2019-04-30,2019-04-30,1,1.0,55.0,8.75,0,,True,,False,,,,
Kern River,040295698500,Y.M.K.,22,Chevron U.S.A. Inc.,Active,0,2018-01-31,2018-01-31,1,1.0,374.0,59.47,0,,True,,False,,,,
Kern River,040295698600,Y.M.K.,23,Chevron U.S.A. Inc.,Active,0,2018-01-31,2018-01-31,1,1.0,223.0,35.46,0,,True,,False,,,,
Kern River,040295699000,Y.M.K.,28,Chevron U.S.A. Inc.,Active,0,2018-01-31,2018-01-31,1,2.0,817.0,129.9,0,,True,,False,,,,
Kern River,040295699400,Bear Flag,13,Chevron U.S.A. Inc.,Active,0,2018-01-31,2018-01-31,1,1.0,202.0,32.12,0,,True,,False,,,,
Kern River,040295699401,Bear Flag,13,Chevron U.S.A. Inc.,Active,0,2019-06-30,2019-06-30,1,2.0,125.0,19.88,0,,True,,False,,,,
Kern River,040295700000,Queen Esther,26,Chevron U.S.A. Inc.,Active,0,2018-02-28,2018-02-28,1,1.0,199.0,31.64,0,184.0,False,,False,,,,
Kern River,040295700000,Queen Esther,26,Chevron U.S.A. Inc.,Active,1,2018-08-31,2018-08-31,1,1.0,166.0,26.39,0,,True,,False,,,,
Kern River,040295700102,Queen Esther,27,Chevron U.S.A. Inc.,Active,0,2019-07-31,2019-07-31,1,1.0,256.0,40.7,0,,True,,False,,,,
Kern River,040295700300,Senator,47,Chevron U.S.A. Inc.,Active,0,2018-01-31,2018-01-31,1,2.0,177.0,28.14,0,424.0,False,,False,,,,
Kern River,040295700300,Senator,47,Chevron U.S.A. Inc.,Active,1,2019-03-31,2019-03-31,1,1.0,134.0,21.31,0,,True,,False,,,,
Kern River,040295701001,Chanslor,12,Chevron U.S.A. Inc.,Active,0,2019-01-31,2019-02-28,2,2.0,106.0,16.85,0,61.0,False,,False,,,,
Kern River,040295701001,Chanslor,12,Chevron U.S.A. Inc.,Active,1,2019-04-30,2019-04-30,1,1.0,44.0,7.0,0,214.0,False,,False,,,,
Kern River,040295701001,Chanslor,12,Chevron U.S.A. Inc.,Active,2,2019-11-30,2019-11-30,1,1.0,437.0,69.48,0,,True,,False,,,,
Kern River,040295701100,Chanslor,14,Chevron U.S.A. Inc.,Active,0,2019-01-31,2019-02-28,2,2.0,106.0,16.85,0,61.0,False,,False,,,,
Kern River,040295701100,Chanslor,14,Chevron U.S.A. Inc.,Active,1,2019-04-30,2019-04-30,1,1.0,49.0,7.79,0,519.0,False,,False,,,,
Kern River,040295701100,Chanslor,14,Chevron U.S.A. Inc.,Active,2,2020-09-30,2020-09-30,1,2.0,1114.0,177.13,0,,True,,False,,,,
Kern River,040295701201,Chanslor,15,Chevron U.S.A. Inc.,Active,0,2019-11-30,2019-11-30,1,1.0,151.0,24.01,0,,True,,False,,,,
Kern River,040295701300,Chanslor,16,Chevron U.S.A. Inc.,Active,0,2018-01-31,2018-01-31,1,1.0,193.0,30.69,0,,True,,False,,,,
Kern River,040295701301,Chanslor,16,Chevron U.S.A. Inc.,Active,0,2019-11-30,2019-11-30,1,1.0,151.0,24.01,0,,True,,False,,,,
Kern River,040295701600,U.S.L.,22,Chevron U.S.A. Inc.,Active,0,2019-01-31,2019-02-28,2,2.0,300.0,47.7,0,61.0,False,,False,,,,
Kern River,040295701600,U.S.L.,22,Chevron U.S.A. Inc.,Active,1,2019-04-30,2019-04-30,1,1.0,212.0,33.71,0,,True,,False,,,,
Kern River,040295701801,H.S. Douglas,15,Chevron U.S.A. Inc.,Active,0,2019-01-31,2019-02-28,2,2.0,84.0,13.36,0,,True,,False,,,,
Kern River,040295701901,H.S. Douglas,16,Chevron U.S.A. Inc.,Active,0,2019-01-31,2019-02-28,2,2.0,90.0,14.31,0,,True,,False,,,,
Kern River,040295702901,Y.M.K.,21,Chevron U.S.A. Inc.,Active,0,2019-03-31,2019-03-31,1,2.0,156.0,24.8,0,,True,,False,,,,
Kern River,040295703000,Y.M.K.,24,Chevron U.S.A. Inc.,Active,0,2019-03-31,2019-03-31,1,2.0,156.0,24.8,0,,True,,False,,,,
Kern River,040295706500,H.S. Douglas,504,Chevron U.S.A. Inc.,Active,0,2018-01-31,2018-01-31,1,1.0,214.0,34.03,0,,True,,False,,,,
Kern River,040295712100,D & D A,505,Chevron U.S.A. Inc.,Active,0,2018-02-28,2018-02-28,1,1.0,214.0,34.03,0,,True,,False,,,,
Kern River,040295714800,Y.M.K.,511,Chevron U.S.A. Inc.,Active,0,2018-01-31,2018-01-31,1,1.0,213.0,33.87,0,,True,,False,,,,
Kern River,040295724101,Clarence,35,Chevron U.S.A. Inc.,Active,0,2019-07-31,2019-07-31,1,2.0,902.0,143.42,0,,True,,False,,,,
Kern River,040295724300,Sycamore,45,Chevron U.S.A. Inc.,Active,0,2018-02-28,2018-02-28,1,1.0,396.0,62.96,0,,True,,False,,,,
Kern River,040295724601,Sycamore,48,Chevron U.S.A. Inc.,Active,0,2019-04-30,2019-04-30,1,1.0,127.0,20.19,0,,True,,False,,,,
Kern River,040295724902,Sycamore,51,Chevron U.S.A. Inc.,Active,0,2019-04-30,2019-04-30,1,1.0,131.0,20.83,0,,True,,False,,,,
Kern River,040295730900,May,36,Chevron U.S.A. Inc.,Active,0,2018-02-28,2018-02-28,1,1.0,190.0,30.21,0,,True,,False,,,,
Kern River,040295731003,Pierce,21,Chevron U.S.A. Inc.,Active,0,2019-08-31,2019-08-31,1,1.0,107.0,17.01,0,,True,,False,,,,
Kern River,040295731300,Pierce,25,Chevron U.S.A. Inc.,Active,0,2018-02-28,2018-02-28,1,1.0,205.0,32.59,0,,True,,False,,,,
Kern River,040295731802,Tarr & McComb,27,Chevron U.S.A. Inc.,Active,0,2019-01-31,2019-03-31,3,3.0,185.0,29.41,0,,True,,False,,,,
Kern River,040295731900,Tarr & McComb,28,Chevron U.S.A. Inc.,Active,0,2018-01-31,2018-01-31,1,1.0,190.0,30.21,0,,True,,False,,,,
Kern River,040295731901,Tarr & McComb,28,Chevron U.S.A. Inc.,Active,0,2019-01-31,2019-02-28,2,2.0,250.0,39.75,0,153.0,False,,False,,,,
Kern River,040295731901,Tarr & McComb,28,Chevron U.S.A. Inc.,Active,1,2019-07-31,2019-07-31,1,1.0,67.0,10.65,0,244.0,False,,False,,,,
Kern River,040295731901,Tarr & McComb,28,Chevron U.S.A. Inc.,Active,2,2020-03-31,2020-03-31,1,2.0,642.0,102.08,0,,True,,False,,,,
Kern River,040295732801,Crestmont,11,Chevron U.S.A. Inc.,Active,0,2019-05-31,2019-05-31,1,1.0,3.0,0.48,0,,True,,False,,,,
Kern River,040295738700,San Joaquin,647,Chevron U.S.A. Inc.,Active,0,2018-02-28,2018-02-28,1,2.0,221.0,35.14,0,,True,,False,,,,
Kern River,040295739700,May,503,Chevron U.S.A. Inc.,Active,0,2018-01-31,2018-01-31,1,1.0,246.0,39.11,0,546.0,False,,False,,,,
Kern River,040295739700,May,503,Chevron U.S.A. Inc.,Active,1,2019-07-31,2019-07-31,1,1.0,237.0,37.68,0,,True,,False,,,,
Kern River,040295739900,Pierce,500,Chevron U.S.A. Inc.,Active,0,2020-03-31,2020-03-31,1,2.0,528.0,83.95,0,,True,,False,,,,
Kern River,040295742100,Crestmont,502,Chevron U.S.A. Inc.,Active,0,2019-05-31,2019-05-31,1,1.0,6.0,0.95,0,,True,,False,,,,
Kern River,040295744200,May,506,Chevron U.S.A. Inc.,Active,0,2018-02-28,2018-02-28,1,2.0,198.0,31.48,0,,True,,False,,,,
Kern River,040295751101,Vesta,49,Chevron U.S.A. Inc.,Active,0,2019-03-31,2019-04-30,2,3.0,249.0,39.59,0,,True,,False,,,,
Kern River,040295772801,Unspecified,19-158,Chevron U.S.A. Inc.,Active,0,2019-04-30,2019-04-30,1,1.0,147.0,23.37,0,,True,,False,,,,
Kern River,040295772901,Unspecified,19-159,Chevron U.S.A. Inc.,Active,0,2019-01-31,2019-02-28,2,2.0,288.0,45.79,0,,True,,False,,,,
Kern River,040295774200,Kern,279,Chevron U.S.A. Inc.,Active,0,2018-01-31,2018-01-31,1,1.0,174.0,27.67,0,,True,,False,,,,
Kern River,040295778701,Unspecified,19-163,Chevron U.S.A. Inc.,Active,0,2019-01-31,2019-02-28,2,2.0,254.0,40.39,0,61.0,False,,False,,,,
Kern River,040295778701,Unspecified,19-163,Chevron U.S.A. Inc.,Active,1,2019-04-30,2019-04-30,1,1.0,129.0,20.51,0,,True,,False,,,,
Kern River,040295789500,Green & Whittier,199,Chevron U.S.A. Inc.,Active,0,2018-01-31,2018-01-31,1,1.0,402.0,63.92,0,,True,,False,,,,
Kern River,040295789601,Sterling,120,Chevron U.S.A. Inc.,Active,0,2019-01-31,2019-02-28,2,4.0,392.0,62.33,0,,True,,False,,,,
Kern River,040295795902,American Naphtha,1-5B,Chevron U.S.A. Inc.,Active,0,2019-01-31,2019-02-28,2,2.0,96.0,15.26,0,,True,,False,,,,
Kern River,040295805700,Unspecified,20-13,Chevron U.S.A. Inc.,Active,0,2019-01-31,2019-02-28,2,4.0,402.0,63.92,0,,True,,False,,,,
Kern River,040295811301,Green & Whittier,200,Chevron U.S.A. Inc.,Active,0,2019-03-31,2019-03-31,1,2.0,47.0,7.47,0,,True,,False,,,,
Kern River,040295813700,Cork,185-28,Chevron U.S.A. Inc.,Active,0,2019-11-30,2019-11-30,1,1.0,136.0,21.62,0,,True,,False,,,,
Kern River,040295816600,Unspecified,16-19,Chevron U.S.A. Inc.,Active,0,2018-02-28,2018-02-28,1,1.0,416.0,66.14,0,,True,,False,,,,
Kern River,040295816700,Unspecified,16-20,Chevron U.S.A. Inc.,Active,0,2018-02-28,2018-02-28,1,2.0,451.0,71.71,0,,True,,False,,,,
Kern River,040295816900,Unspecified,18-19,Chevron U.S.A. Inc.,Active,0,2018-02-28,2018-02-28,1,2.0,419.0,66.62,0,,True,,False,,,,
Kern River,040295817000,Unspecified,18-20,Chevron U.S.A. Inc.,Active,0,2018-02-28,2018-02-28,1,2.0,435.0,69.17,0,,True,,False,,,,
Kern River,040295840800,Kern Co. Land Co.,600,Chevron U.S.A. Inc.,Active,0,2019-01-31,2019-03-31,3,3.0,156.0,24.8,0,,True,,False,,,,
Kern River,040295843600,Kern Co. Land Co.,321,Chevron U.S.A. Inc.,Active,0,2019-01-31,2019-03-31,3,3.0,151.0,24.01,0,,True,,False,,,,
Kern River,040295843700,Kern Co. Land Co.,322,Chevron U.S.A. Inc.,Active,0,2019-01-31,2019-03-31,3,3.0,143.0,22.74,0,,True,,False,,,,
Kern River,040295850100,San Joaquin,649,Chevron U.S.A. Inc.,Active,0,2018-01-31,2018-01-31,1,1.0,724.0,115.12,0,,True,,False,,,,
Kern River,040295855500,Rasmussen,245,Chevron U.S.A. Inc.,Active,0,2020-08-31,2020-08-31,1,2.0,848.0,134.83,0,61.0,False,,False,,,,
Kern River,040295855500,Rasmussen,245,Chevron U.S.A. Inc.,Active,1,2020-10-31,2020-10-31,1,4.0,2517.0,400.2,0,,True,,False,,,,
Kern River,040295856000,Kern Co. Land Co.,621,Chevron U.S.A. Inc.,Active,0,2020-01-31,2020-01-31,1,2.0,344.0,54.7,0,,True,,False,,,,
Kern River,040295862900,Kern Co. Land Co.,310,Chevron U.S.A. Inc.,Active,0,2019-03-31,2019-03-31,1,1.0,53.0,8.43,0,,True,,False,,,,
Kern River,040295863000,Kern Co. Land Co.,311,Chevron U.S.A. Inc.,Active,0,2019-01-31,2019-03-31,3,3.0,166.0,26.39,0,,True,,False,,,,
Kern River,040295863100,Kern Co. Land Co.,320,Chevron U.S.A. Inc.,Active,0,2019-01-31,2019-02-28,2,2.0,96.0,15.26,0,,True,,False,,,,
Kern River,040295863400,Kern Co. Land Co.,331,Chevron U.S.A. Inc.,Active,0,2019-01-31,2019-03-31,3,3.0,160.0,25.44,0,,True,,False,,,,
Kern River,040295863600,Kern Co. Land Co.,341,Chevron U.S.A. Inc.,Active,0,2018-01-31,2018-01-31,1,1.0,145.0,23.05,0,424.0,False,,False,,,,
Kern River,040295863600,Kern Co. Land Co.,341,Chevron U.S.A. Inc.,Active,1,2019-03-31,2019-03-31,1,2.0,30.0,4.77,0,,True,,False,,,,
Kern River,040295864300,Rasmussen,222,Chevron U.S.A. Inc.,Active,0,2018-01-31,2018-01-31,1,2.0,242.0,38.48,0,,True,,False,,,,
Kern River,040295864900,Rasmussen,235,Chevron U.S.A. Inc.,Active,0,2019-06-30,2019-06-30,1,1.0,440.0,69.96,0,,True,,False,,,,
Kern River,040295865100,Rasmussen,237,Chevron U.S.A. Inc.,Active,0,2020-03-31,2020-03-31,1,7.0,4257.0,676.86,0,122.0,False,,False,,,,
Kern River,040295865100,Rasmussen,237,Chevron U.S.A. Inc.,Active,1,2020-07-31,2020-07-31,1,1.0,201.0,31.96,0,,True,,False,,,,
Kern River,040295865200,Rasmussen,243,Chevron U.S.A. Inc.,Active,0,2019-01-31,2019-02-28,2,2.0,276.0,43.88,0,61.0,False,,False,,,,
Kern River,040295865200,Rasmussen,243,Chevron U.S.A. Inc.,Active,1,2019-04-30,2019-04-30,1,1.0,135.0,21.46,0,92.0,False,,False,,,,
Kern River,040295865200,Rasmussen,243,Chevron U.S.A. Inc.,Active,2,2019-07-31,2019-07-31,1,2.0,258.0,41.02,0,,True,,False,,,,
Kern River,040295868800,Rasmussen,515,Chevron U.S.A. Inc.,Active,0,2019-07-31,2019-07-31,1,1.0,273.0,43.41,0,61.0,False,,False,,,,
Kern River,040295868800,Rasmussen,515,Chevron U.S.A. Inc.,Active,1,2019-09-30,2019-09-30,1,1.0,551.0,87.61,0,,True,,False,,,,
Kern River,040295929301,Acme,19-29,Chevron U.S.A. Inc.,Active,0,2019-03-31,2019-03-31,1,1.0,47.0,7.47,0,,True,,False,,,,
Kern River,040295941800,Clarence,37,Chevron U.S.A. Inc.,Active,0,2018-01-31,2018-01-31,1,1.0,190.0,30.21,0,,True,,False,,,,
Kern River,040295942001,Vesta,50,Chevron U.S.A. Inc.,Active,0,2019-03-31,2019-03-31,1,2.0,165.0,26.23,0,,True,,False,,,,
Kern River,040295974100,East Puente B,21,Chevron U.S.A. Inc.,Active,0,2019-01-31,2019-02-28,2,2.0,96.0,15.26,0,337.0,False,,False,,,,
Kern River,040295974100,East Puente B,21,Chevron U.S.A. Inc.,Active,1,2020-01-31,2020-01-31,1,1.0,689.0,109.55,0,60.0,False,,False,,,,
Kern River,040295974100,East Puente B,21,Chevron U.S.A. Inc.,Active,2,2020-03-31,2020-03-31,1,1.0,658.0,104.62,0,153.0,False,,False,,,,
Kern River,040295974100,East Puente B,21,Chevron U.S.A. Inc.,Active,3,2020-08-31,2020-08-31,1,2.0,612.0,97.31,0,,True,,False,,,,
Kern River,040295980800,Mecca,51,Chevron U.S.A. Inc.,Active,0,2019-03-31,2019-03-31,1,1.0,141.0,22.42,0,,True,,False,,,,
Kern River,040295981800,Luck,159,Chevron U.S.A. Inc.,Active,0,2018-01-31,2018-01-31,1,1.0,209.0,33.23,0,,True,,False,,,,
Kern River,040295985501,Reardon,6,Chevron U.S.A. Inc.,Active,0,2019-08-31,2019-08-31,1,1.0,100.0,15.9,0,,True,,False,,,,
Kern River,040295985601,Unspecified,25-35,Chevron U.S.A. Inc.,Active,0,2019-08-31,2019-08-31,1,1.0,102.0,16.22,0,,True,,False,,,,
Kern River,040296004900,Aladdin,502,Chevron U.S.A. Inc.,Active,0,2018-01-31,2018-01-31,1,1.0,101.0,16.06,0,,True,,False,,,,
Kern River,040296004901,Aladdin,502,Chevron U.S.A. Inc.,Active,0,2019-08-31,2019-08-31,1,1.0,95.0,15.11,0,,True,,False,,,,
Kern River,040296030501,San Joaquin,430,Chevron U.S.A. Inc.,Idle,0,2019-01-31,2019-03-31,3,3.0,446.0,70.91,0,122.0,False,,False,,,,
Kern River,040296030501,San Joaquin,430,Chevron U.S.A. Inc.,Idle,1,2019-07-31,2019-07-31,1,4.0,1875.0,298.12,0,,True,,False,,,,
Kern River,040296066200,Rasmussen,233,Chevron U.S.A. Inc.,Plugged,0,2019-10-31,2019-10-31,1,2.0,170.0,27.03,0,152.0,False,,False,,,,
Kern River,040296066200,Rasmussen,233,Chevron U.S.A. Inc.,Plugged,1,2020-03-31,2020-03-31,1,1.0,125.0,19.88,0,,True,,False,,,,
Kern River,040296072300,Sovereign,21,Chevron U.S.A. Inc.,Active,0,2018-01-31,2018-01-31,1,1.0,196.0,31.16,0,,True,,False,,,,
Kern River,040296098800,Unspecified,25-41,Chevron U.S.A. Inc.,Active,0,2018-01-31,2018-01-31,1,1.0,118.0,18.76,0,,True,,False,,,,
Kern River,040296098900,Unspecified,25-68,Chevron U.S.A. Inc.,Active,0,2019-07-31,2019-07-31,1,2.0,416.0,66.14,0,122.0,False,,False,,,,
Kern River,040296098900,Unspecified,25-68,Chevron U.S.A. Inc.,Active,1,2019-11-30,2019-11-30,1,1.0,284.0,45.16,0,,True,,False,,,,
Kern River,040296099001,Tejon,54,Chevron U.S.A. Inc.,Active,0,2019-08-31,2019-08-31,1,2.0,534.0,84.91,0,,True,,False,,,,
Kern River,040296153800,Unspecified,33-291,Chevron U.S.A. Inc.,Active,0,2019-04-30,2019-04-30,1,1.0,143.0,22.74,0,,True,,False,,,,
Kern River,040296154100,Cauley,43,Chevron U.S.A. Inc.,Active,0,2018-02-28,2018-02-28,1,1.0,352.0,55.97,0,,True,,False,,,,
Kern River,040296180400,San Joaquin,431,Chevron U.S.A. Inc.,Active,0,2018-01-31,2018-01-31,1,1.0,302.0,48.02,0,,True,,False,,,,
Kern River,040296202200,Sovereign,22,Chevron U.S.A. Inc.,Active,0,2018-01-31,2018-02-28,2,2.0,550.0,87.45,0,,True,,False,,,,
Kern River,040296202201,Sovereign,22,Chevron U.S.A. Inc.,Active,0,2020-01-31,2020-01-31,1,2.0,775.0,123.23,0,,True,,False,,,,
Kern River,040296202300,San Joaquin,432,Chevron U.S.A. Inc.,Active,0,2018-01-31,2018-01-31,1,1.0,373.0,59.31,0,,True,,False,,,,
Kern River,040296205600,Rasmussen,219,Chevron U.S.A. Inc.,Active,0,2021-01-31,2021-01-31,1,4.0,2327.0,369.99,0,,True,,False,,,,
Kern River,040296206600,Rasmussen,703,Chevron U.S.A. Inc.,Active,0,2018-04-30,2018-08-31,3,69.0,4076.0,648.08,0,761.0,False,,False,,,,
Kern River,040296206600,Rasmussen,703,Chevron U.S.A. Inc.,Active,1,2020-09-30,2021-12-31,15,394.0,69245.0,11009.95,0,,True,,False,,,,
Kern River,040296211501,Chanslor,30,Chevron U.S.A. Inc.,Active,0,2019-09-30,2019-09-30,1,1.0,130.0,20.67,0,366.0,False,,False,,,,
Kern River,040296211501,Chanslor,30,Chevron U.S.A. Inc.,Active,1,2020-09-30,2020-09-30,1,2.0,1063.0,169.02,0,,True,,False,,,,
Kern River,040296211601,Chanslor,31,Chevron U.S.A. Inc.,Active,0,2019-01-31,2019-03-31,3,3.0,154.0,24.49,0,,True,,False,,,,
Kern River,040296224000,Unspecified,33-307,Chevron U.S.A. Inc.,Active,0,2019-04-30,2019-04-30,1,1.0,119.0,18.92,0,,True,,False,,,,
Kern River,040296241801,American Naphtha,3-5A,Chevron U.S.A. Inc.,Active,0,2019-04-30,2019-04-30,1,1.0,48.0,7.63,0,,True,,False,,,,
Kern River,040296258200,Jerry-Lee,19,"Kern River Holdings II, LLC",Plugged,0,2018-02-28,2018-02-28,1,7.0,7142.0,1135.58,0,184.0,False,,False,,,,
Kern River,040296258200,Jerry-Lee,19,"Kern River Holdings II, LLC",Plugged,1,2018-08-31,2018-08-31,1,6.0,6014.0,956.23,0,,True,,False,,,,
Kern River,040296266500,U.S.L.,28,Chevron U.S.A. Inc.,Active,0,2018-01-31,2018-01-31,1,2.0,486.0,77.27,0,,True,,False,,,,
Kern River,040296315700,Green & Whittier A,168,Chevron U.S.A. Inc.,Active,0,2019-01-31,2019-02-28,2,2.0,82.0,13.04,0,61.0,False,,False,,,,
Kern River,040296315700,Green & Whittier A,168,Chevron U.S.A. Inc.,Active,1,2019-04-30,2019-04-30,1,1.0,46.0,7.31,0,,True,,False,,,,
Kern River,040296315800,Green & Whittier A,169,Chevron U.S.A. Inc.,Active,0,2018-02-28,2018-02-28,1,1.0,257.0,40.86,0,184.0,False,,False,,,,
Kern River,040296315800,Green & Whittier A,169,Chevron U.S.A. Inc.,Active,1,2018-08-31,2018-08-31,1,1.0,202.0,32.12,0,212.0,False,,False,,,,
Kern River,040296315800,Green & Whittier A,169,Chevron U.S.A. Inc.,Active,2,2019-03-31,2019-03-31,1,1.0,65.0,10.34,0,,True,,False,,,,
Kern River,040296316100,Luck,166,Chevron U.S.A. Inc.,Active,0,2019-04-30,2019-04-30,1,1.0,40.0,6.36,0,,True,,False,,,,
Kern River,040296326603,Monte Cristo No. 1,15-5B,Chevron U.S.A. Inc.,Active,0,2019-03-31,2019-03-31,1,2.0,667.0,106.05,0,,True,,False,,,,
Kern River,040296329501,,18-11,Chevron U.S.A. Inc.,Active,0,2020-04-30,2020-04-30,1,2.0,517.0,82.2,0,,True,,False,,,,
Kern River,040296329600,,18-12,Chevron U.S.A. Inc.,Active,0,2018-02-28,2018-02-28,1,2.0,173.0,27.51,0,,True,,False,,,,
Kern River,040296334000,Sycamore,56,Chevron U.S.A. Inc.,Active,0,2018-01-31,2018-01-31,1,1.0,220.0,34.98,0,,True,,False,,,,
Kern River,040296334001,Sycamore,56,Chevron U.S.A. Inc.,Active,0,2020-03-31,2020-03-31,1,2.0,228.0,36.25,0,122.0,False,,False,,,,
Kern River,040296334001,Sycamore,56,Chevron U.S.A. Inc.,Active,1,2020-07-31,2020-07-31,1,2.0,773.0,122.91,0,,True,,False,,,,
Kern River,040296346800,Unspecified,33-808,Chevron U.S.A. Inc.,Active,0,2019-03-31,2019-03-31,1,1.0,129.0,20.51,0,,True,,False,,,,
Kern River,040296353900,American Naphtha,6-8B,Chevron U.S.A. Inc.,Active,0,2019-01-31,2019-02-28,2,4.0,102.0,16.22,0,,True,,False,,,,
Kern River,040296354100,American Naphtha,11-10A,Chevron U.S.A. Inc.,Active,0,2018-01-31,2018-01-31,1,1.0,149.0,23.69,0,,True,,False,,,,
Kern River,040296358100,Green & Whittier A,557,Chevron U.S.A. Inc.,Active,0,2019-03-31,2019-03-31,1,1.0,45.0,7.16,0,,True,,False,,,,
Kern River,040296358500,Green & Whittier A,561,Chevron U.S.A. Inc.,Active,0,2018-01-31,2018-01-31,1,1.0,584.0,92.86,0,,True,,False,,,,
Kern River,040296359101,Unspecified,25-45,Chevron U.S.A. Inc.,Active,0,2019-01-31,2019-02-28,2,2.0,250.0,39.75,0,550.0,False,,False,,,,
Kern River,040296359101,Unspecified,25-45,Chevron U.S.A. Inc.,Active,1,2020-08-31,2020-08-31,1,2.0,816.0,129.74,0,,True,,False,,,,
Kern River,040296360600,Unspecified,25-65,Chevron U.S.A. Inc.,Active,0,2019-04-30,2019-04-30,1,1.0,136.0,21.62,0,,True,,False,,,,
Kern River,040296360800,Unspecified,25-67,Chevron U.S.A. Inc.,Plugged,0,2018-01-31,2018-01-31,1,1.0,118.0,18.76,0,,True,,False,,,,
Kern River,040296361001,Kern Oil & Development,20,Chevron U.S.A. Inc.,Active,0,2019-03-31,2019-03-31,1,2.0,61.0,9.7,0,,True,,False,,,,
Kern River,040296361202,Hanford & Fresno,27,Chevron U.S.A. Inc.,Idle,0,2019-07-31,2019-07-31,1,1.0,426.0,67.73,0,,True,,False,,,,
Kern River,040296406100,Aztec,45,Chevron U.S.A. Inc.,Active,0,2018-01-31,2018-01-31,1,2.0,858.0,136.42,0,,True,,False,,,,
Kern River,040296406700,U.S.L.,516,Chevron U.S.A. Inc.,Active,0,2018-01-31,2018-01-31,1,1.0,187.0,29.73,0,,True,,False,,,,
Kern River,040296407401,Chanslor,38,Chevron U.S.A. Inc.,Active,0,2020-09-30,2020-09-30,1,2.0,1004.0,159.64,0,,True,,False,,,,
Kern River,040296422900,American Crude,15,Chevron U.S.A. Inc.,Active,0,2020-01-31,2020-01-31,1,2.0,847.0,134.67,0,,True,,False,,,,
Kern River,040296424900,Cordes,53,Chevron U.S.A. Inc.,Active,0,2018-01-31,2018-02-28,2,2.0,445.0,70.75,0,,True,,False,,,,
Kern River,040296425000,Cordes,54,Chevron U.S.A. Inc.,Active,0,2018-01-31,2018-01-31,1,2.0,409.0,65.03,0,,True,,False,,,,
Kern River,040296436600,Fee B,71,Chevron U.S.A. Inc.,Active,0,2018-01-31,2018-01-31,1,1.0,249.0,39.59,0,,True,,False,,,,
Kern River,040296498902,San Joaquin,435,Chevron U.S.A. Inc.,Active,0,2019-01-31,2019-02-28,2,2.0,266.0,42.29,0,,True,,False,,,,
Kern River,040296499200,Green & Whittier A,172,Chevron U.S.A. Inc.,Active,0,2018-01-31,2018-01-31,1,1.0,186.0,29.57,0,,True,,False,,,,
Kern River,040296499400,Unspecified,19-179,Chevron U.S.A. Inc.,Active,0,2018-01-31,2018-01-31,1,2.0,644.0,102.4,0,,True,,False,,,,
Kern River,040296530200,Green & Whittier,209,Chevron U.S.A. Inc.,Active,0,2019-01-31,2019-02-28,2,4.0,102.0,16.22,0,,True,,False,,,,
Kern River,040296530301,San Joaquin,436,Chevron U.S.A. Inc.,Active,0,2019-08-31,2019-08-31,1,3.0,1752.0,278.57,0,,True,,False,,,,
Kern River,040296654900,Fee A,67,Chevron U.S.A. Inc.,Active,0,2019-04-30,2019-04-30,1,1.0,44.0,7.0,0,,True,,False,,,,
Kern River,040296659400,Green & Whittier,210,Chevron U.S.A. Inc.,Active,0,2018-01-31,2018-01-31,1,1.0,205.0,32.59,0,,True,,False,,,,
Kern River,040296665700,Hanford & Fresno,29,Chevron U.S.A. Inc.,Active,0,2018-02-28,2018-02-28,1,1.0,396.0,62.96,0,,True,,False,,,,
Kern River,040296665701,Hanford & Fresno,29,Chevron U.S.A. Inc.,Active,0,2019-03-31,2019-04-30,2,2.0,95.0,15.11,0,,True,,False,,,,
Kern River,040296666200,Unspecified,20-1,Chevron U.S.A. Inc.,Active,0,2018-02-28,2018-02-28,1,1.0,442.0,70.28,0,,True,,False,,,,
Kern River,040296683700,U.S.L.,31,Chevron U.S.A. Inc.,Active,0,2019-03-31,2019-03-31,1,2.0,136.0,21.62,0,366.0,False,,False,,,,
Kern River,040296683700,U.S.L.,31,Chevron U.S.A. Inc.,Active,1,2020-03-31,2020-03-31,1,1.0,349.0,55.49,0,,True,,False,,,,
Kern River,040296702300,Green & Whittier A,177,Chevron U.S.A. Inc.,Active,0,2018-02-28,2018-02-28,1,2.0,185.0,29.41,0,,True,,False,,,,
Kern River,040296713900,Green & Whittier,212,Chevron U.S.A. Inc.,Active,0,2018-01-31,2018-01-31,1,1.0,452.0,71.87,0,,True,,False,,,,
Kern River,040296714400,Kern,284,Chevron U.S.A. Inc.,Active,0,2018-01-31,2018-01-31,1,2.0,640.0,101.76,0,,True,,False,,,,
Kern River,040296714500,Kern,285,Chevron U.S.A. Inc.,Active,0,2018-02-28,2018-02-28,1,2.0,197.0,31.32,0,,True,,False,,,,
Kern River,040296714601,San Joaquin,437,Chevron U.S.A. Inc.,Active,0,2019-01-31,2019-03-31,3,3.0,665.0,105.73,0,153.0,False,,False,,,,
Kern River,040296714601,San Joaquin,437,Chevron U.S.A. Inc.,Active,1,2019-08-31,2019-08-31,1,4.0,2521.0,400.84,0,,True,,False,,,,
Kern River,040296727900,Cauley,504,Chevron U.S.A. Inc.,Active,0,2020-07-31,2020-07-31,1,2.0,823.0,130.86,0,,True,,False,,,,
Kern River,040296742601,Queen Esther,29,Chevron U.S.A. Inc.,Active,0,2019-05-31,2019-05-31,1,2.0,671.0,106.69,0,,True,,False,,,,
Kern River,040296743100,Fee B,78,Chevron U.S.A. Inc.,Active,0,2020-02-29,2020-02-29,1,2.0,873.0,138.81,0,,True,,False,,,,
Kern River,040296751500,Fee B,340,Chevron U.S.A. Inc.,Active,0,2020-01-31,2020-01-31,1,2.0,913.0,145.17,0,,True,,False,,,,
Kern River,040296751700,Fee B,450,Chevron U.S.A. Inc.,Active,0,2020-01-31,2020-01-31,1,2.0,913.0,145.17,0,,True,,False,,,,
Kern River,040296756100,Tejon,514,Chevron U.S.A. Inc.,Active,0,2019-01-31,2019-02-28,2,4.0,310.0,49.29,0,245.0,False,,False,,,,
Kern River,040296756100,Tejon,514,Chevron U.S.A. Inc.,Active,1,2019-10-31,2019-10-31,1,2.0,671.0,106.69,0,,True,,False,,,,
Kern River,040296783700,Green & Whittier A,181,Chevron U.S.A. Inc.,Active,0,2018-01-31,2018-01-31,1,1.0,585.0,93.02,0,,True,,False,,,,
Kern River,040296784101,Sterling,127,Chevron U.S.A. Inc.,Active,0,2019-03-31,2019-03-31,1,2.0,133.0,21.15,0,,True,,False,,,,
Kern River,040296784501,Sterling,123,Chevron U.S.A. Inc.,Active,0,2019-03-31,2019-03-31,1,2.0,133.0,21.15,0,,True,,False,,,,
Kern River,040296784800,Kern,289,Chevron U.S.A. Inc.,Active,0,2018-01-31,2018-01-31,1,1.0,260.0,41.34,0,,True,,False,,,,
Kern River,040296785100,Kern,292,Chevron U.S.A. Inc.,Active,0,2018-01-31,2018-01-31,1,1.0,190.0,30.21,0,,True,,False,,,,
Kern River,040296802600,Tejon,57,Chevron U.S.A. Inc.,Active,0,2018-02-28,2018-02-28,1,1.0,492.0,78.23,0,,True,,False,,,,
Kern River,040296822500,Kern,293,Chevron U.S.A. Inc.,Active,0,2018-02-28,2018-02-28,1,1.0,207.0,32.91,0,,True,,False,,,,
Kern River,040296822600,Kern,295,Chevron U.S.A. Inc.,Active,0,2018-01-31,2018-01-31,1,1.0,363.0,57.72,0,,True,,False,,,,
Kern River,040296822800,Reed Crude A,76,Chevron U.S.A. Inc.,Active,0,2018-02-28,2018-02-28,1,1.0,255.0,40.55,0,,True,,False,,,,
Kern River,040296822801,Reed Crude A,76,Chevron U.S.A. Inc.,Active,0,2019-04-30,2019-04-30,1,1.0,142.0,22.58,0,123.0,False,,False,,,,
Kern River,040296822801,Reed Crude A,76,Chevron U.S.A. Inc.,Active,1,2019-08-31,2019-08-31,1,1.0,121.0,19.24,0,61.0,False,,False,,,,
Kern River,040296822801,Reed Crude A,76,Chevron U.S.A. Inc.,Active,2,2019-10-31,2019-10-31,1,1.0,107.0,17.01,0,,True,,False,,,,
Kern River,040296844900,Columbian,37,Chevron U.S.A. Inc.,Active,0,2019-03-31,2019-03-31,1,1.0,56.0,8.9,0,,True,,False,,,,
Kern River,040296845100,Columbian,39,Chevron U.S.A. Inc.,Active,0,2019-01-31,2019-02-28,2,2.0,102.0,16.22,0,,True,,False,,,,
Kern River,040296860000,Angus,101,Chevron U.S.A. Inc.,Active,0,2019-04-30,2019-04-30,1,1.0,52.0,8.27,0,,True,,False,,,,
Kern River,040296865900,Angus,107,Chevron U.S.A. Inc.,Active,0,2019-10-31,2019-10-31,1,3.0,1084.0,172.36,0,,True,,False,,,,
Kern River,040296866400,Angus,207,Chevron U.S.A. Inc.,Active,0,2019-04-30,2019-04-30,1,1.0,48.0,7.63,0,,True,,False,,,,
Kern River,040296872500,Green & Whittier A,173,Chevron U.S.A. Inc.,Active,0,2018-01-31,2018-01-31,1,1.0,152.0,24.17,0,,True,,False,,,,
Kern River,040296872501,Green & Whittier A,173,Chevron U.S.A. Inc.,Active,0,2019-03-31,2019-03-31,1,2.0,55.0,8.75,0,153.0,False,,False,,,,
Kern River,040296872501,Green & Whittier A,173,Chevron U.S.A. Inc.,Active,1,2019-08-31,2019-08-31,1,1.0,146.0,23.21,0,,True,,False,,,,
Kern River,040296872700,Hanford & Fresno,30,Chevron U.S.A. Inc.,Active,0,2018-02-28,2018-02-28,1,2.0,198.0,31.48,0,,True,,False,,,,
Kern River,040296872800,Sycamore,58,Chevron U.S.A. Inc.,Active,0,2018-02-28,2018-02-28,1,1.0,228.0,36.25,0,,True,,False,,,,
Kern River,040296894000,Vesta,51,Chevron U.S.A. Inc.,Active,0,2018-01-31,2018-01-31,1,2.0,235.0,37.37,0,,True,,False,,,,
Kern River,040296894001,Vesta,51,Chevron U.S.A. Inc.,Active,0,2019-03-31,2019-03-31,1,2.0,165.0,26.23,0,,True,,False,,,,
Kern River,040296899300,Kern A,145,Chevron U.S.A. Inc.,Active,0,2019-03-31,2019-03-31,1,1.0,47.0,7.47,0,,True,,False,,,,
Kern River,040296901001,Reed Crude A,78,Chevron U.S.A. Inc.,Active,0,2019-04-30,2019-04-30,1,1.0,133.0,21.15,0,,True,,False,,,,
Kern River,040296902701,Reed Crude A,80,Chevron U.S.A. Inc.,Active,0,2019-03-31,2019-03-31,1,1.0,183.0,29.1,0,,True,,False,,,,
Kern River,040296903300,Kern,299,Chevron U.S.A. Inc.,Active,0,2019-01-31,2019-02-28,2,2.0,76.0,12.08,0,,True,,False,,,,
Kern River,040296903900,Kern,305,Chevron U.S.A. Inc.,Active,0,2018-01-31,2018-01-31,1,1.0,169.0,26.87,0,,True,,False,,,,
Kern River,040296904100,Kern,307,Chevron U.S.A. Inc.,Active,0,2018-02-28,2018-02-28,1,1.0,214.0,34.03,0,,True,,False,,,,
Kern River,040296904500,Sterling,130,Chevron U.S.A. Inc.,Active,0,2018-01-31,2018-01-31,1,1.0,169.0,26.87,0,,True,,False,,,,
Kern River,040296907501,Canfield,211,Chevron U.S.A. Inc.,Active,0,2019-01-31,2019-02-28,2,2.0,90.0,14.31,0,61.0,False,,False,,,,
Kern River,040296907501,Canfield,211,Chevron U.S.A. Inc.,Active,1,2019-04-30,2019-04-30,1,1.0,50.0,7.95,0,,True,,False,,,,
Kern River,040296919501,Clarence,41,Chevron U.S.A. Inc.,Active,0,2019-05-31,2019-05-31,1,2.0,14.0,2.23,0,61.0,False,,False,,,,
Kern River,040296919501,Clarence,41,Chevron U.S.A. Inc.,Active,1,2019-07-31,2019-07-31,1,1.0,518.0,82.36,0,,True,,False,,,,
Kern River,040296958700,Queen Esther,517,Chevron U.S.A. Inc.,Active,0,2019-01-31,2019-02-28,2,2.0,254.0,40.39,0,,True,,False,,,,
Kern River,040296964701,Sterling,134,Chevron U.S.A. Inc.,Active,0,2019-01-31,2019-02-28,2,4.0,462.0,73.46,0,,True,,False,,,,
Kern River,040296971200,Stauffer,39,Chevron U.S.A. Inc.,Active,0,2019-03-31,2019-03-31,1,1.0,142.0,22.58,0,,True,,False,,,,
Kern River,040296973100,Stauffer,42,Chevron U.S.A. Inc.,Active,0,2019-01-31,2019-02-28,2,2.0,274.0,43.57,0,,True,,False,,,,
Kern River,040296973200,Stauffer,45,Chevron U.S.A. Inc.,Plugged,0,2019-03-31,2019-03-31,1,1.0,142.0,22.58,0,,True,,False,,,,
Kern River,040296994600,San Joaquin,439,Chevron U.S.A. Inc.,Active,0,2019-01-31,2019-03-31,3,6.0,651.0,103.51,0,122.0,False,,False,,,,
Kern River,040296994600,San Joaquin,439,Chevron U.S.A. Inc.,Active,1,2019-07-31,2019-07-31,1,4.0,1875.0,298.12,0,,True,,False,,,,
Kern River,040296994900,San Joaquin,652,Chevron U.S.A. Inc.,Active,0,2018-01-31,2018-01-31,1,2.0,298.0,47.38,0,,True,,False,,,,
Kern River,040297031800,Kern,323,Chevron U.S.A. Inc.,Active,0,2018-02-28,2018-02-28,1,1.0,212.0,33.71,0,,True,,False,,,,
Kern River,040297032100,Kern,326,Chevron U.S.A. Inc.,Active,0,2018-02-28,2018-02-28,1,1.0,262.0,41.66,0,,True,,False,,,,
Kern River,040297032200,Kern,327,Chevron U.S.A. Inc.,Active,0,2018-02-28,2018-02-28,1,1.0,213.0,33.87,0,,True,,False,,,,
Kern River,040297032300,Kern,328,Chevron U.S.A. Inc.,Active,0,2018-01-31,2018-01-31,1,1.0,224.0,35.62,0,,True,,False,,,,
Kern River,040297032600,Kern,331,Chevron U.S.A. Inc.,Active,0,2018-01-31,2018-01-31,1,1.0,446.0,70.91,0,,True,,False,,,,
Kern River,040297032601,Kern,331,Chevron U.S.A. Inc.,Active,0,2019-03-31,2019-03-31,1,1.0,77.0,12.24,0,,True,,False,,,,
Kern River,040297033400,Unspecified,19-4,Chevron U.S.A. Inc.,Active,0,2019-04-30,2019-04-30,1,1.0,392.0,62.33,0,,True,,False,,,,
Kern River,040297034500,Kern,320,Chevron U.S.A. Inc.,Active,0,2018-02-28,2018-02-28,1,1.0,275.0,43.73,0,,True,,False,,,,
Kern River,040297061100,Unspecified,378,Chevron U.S.A. Inc.,Idle,0,2019-03-31,2019-03-31,1,1.0,452.0,71.87,0,,True,,False,,,,
Kern River,040297066001,Sanguinetti,47,Chevron U.S.A. Inc.,Active,0,2019-01-31,2019-02-28,2,4.0,240.0,38.16,0,,True,,False,,,,
Kern River,040297066100,Sanguinetti,48,Chevron U.S.A. Inc.,Active,0,2019-09-30,2019-09-30,1,2.0,353.0,56.13,0,123.0,False,,False,,,,
Kern River,040297066100,Sanguinetti,48,Chevron U.S.A. Inc.,Active,1,2020-01-31,2020-02-29,2,2.0,620.0,98.58,0,153.0,False,,False,,,,
Kern River,040297066100,Sanguinetti,48,Chevron U.S.A. Inc.,Active,2,2020-07-31,2020-07-31,1,2.0,628.0,99.85,0,,True,,False,,,,
Kern River,040297066900,Sanguinetti,56,Chevron U.S.A. Inc.,Active,0,2019-01-31,2019-02-28,2,2.0,886.0,140.87,0,,True,,False,,,,
Kern River,040297067301,Reed Crude,132,Chevron U.S.A. Inc.,Active,0,2019-03-31,2019-03-31,1,2.0,163.0,25.92,0,,True,,False,,,,
Kern River,040297067901,Reed Crude,138,Chevron U.S.A. Inc.,Active,0,2019-03-31,2019-03-31,1,2.0,138.0,21.94,0,,True,,False,,,,
Kern River,040297077200,Reed Crude,147,Chevron U.S.A. Inc.,Active,0,2018-02-28,2018-02-28,1,1.0,153.0,24.33,0,,True,,False,,,,
Kern River,040297077300,American Naphtha,326,Chevron U.S.A. Inc.,Active,0,2019-08-31,2019-08-31,1,1.0,115.0,18.29,0,,True,,False,,,,
Kern River,040297081600,Unspecified,3504,Chevron U.S.A. Inc.,Active,0,2019-09-30,2019-09-30,1,1.0,112.0,17.81,0,,True,,False,,,,
Kern River,040297084000,Unspecified,3783,Chevron U.S.A. Inc.,Active,0,2019-03-31,2019-03-31,1,1.0,140.0,22.26,0,,True,,False,,,,
Kern River,040297084600,Unspecified,3884,Chevron U.S.A. Inc.,Active,0,2019-04-30,2019-04-30,1,1.0,383.0,60.9,0,153.0,False,,False,,,,
Kern River,040297084600,Unspecified,3884,Chevron U.S.A. Inc.,Active,1,2019-09-30,2019-09-30,1,1.0,112.0,17.81,0,,True,,False,,,,
Kern River,040297085100,Unspecified,3982,Chevron U.S.A. Inc.,Active,0,2019-04-30,2019-04-30,1,1.0,386.0,61.37,0,,True,,False,,,,
Kern River,040297085300,Unspecified,3984,Chevron U.S.A. Inc.,Active,0,2019-04-30,2019-04-30,1,1.0,383.0,60.9,0,,True,,False,,,,
Kern River,040297088801,Sterling,137,Chevron U.S.A. Inc.,Active,0,2019-01-31,2019-02-28,2,4.0,262.0,41.66,0,,True,,False,,,,
Kern River,040297088900,Sterling,138,Chevron U.S.A. Inc.,Active,0,2018-01-31,2018-01-31,1,1.0,271.0,43.09,0,,True,,False,,,,
Kern River,040297089100,Sterling,140,Chevron U.S.A. Inc.,Active,0,2018-01-31,2018-01-31,1,1.0,203.0,32.28,0,,True,,False,,,,
Kern River,040297089101,Sterling,140,Chevron U.S.A. Inc.,Active,0,2019-01-31,2019-02-28,2,4.0,262.0,41.66,0,,True,,False,,,,
Kern River,040297089400,Omar,40,Chevron U.S.A. Inc.,Active,0,2018-02-28,2018-02-28,1,2.0,230.0,36.57,0,,True,,False,,,,
Kern River,040297090701,Omar,54,Chevron U.S.A. Inc.,Active,0,2019-03-31,2019-03-31,1,2.0,189.0,30.05,0,214.0,False,,False,,,,
Kern River,040297090701,Omar,54,Chevron U.S.A. Inc.,Active,1,2019-10-31,2019-10-31,1,2.0,116.0,18.44,0,,True,,False,,,,
Kern River,040297090900,Omar,56,Chevron U.S.A. Inc.,Active,0,2018-02-28,2018-02-28,1,2.0,230.0,36.57,0,,True,,False,,,,
Kern River,040297093400,Cordes,65,Chevron U.S.A. Inc.,Active,0,2018-01-31,2018-01-31,1,2.0,384.0,61.06,0,,True,,False,,,,
Kern River,040297094500,Cordes,76,Chevron U.S.A. Inc.,Active,0,2018-02-28,2019-02-28,3,5.0,244.0,38.8,0,366.0,False,,False,,,,
Kern River,040297094500,Cordes,76,Chevron U.S.A. Inc.,Active,1,2020-02-29,2020-02-29,1,2.0,91.0,14.47,0,,True,,False,,,,
Kern River,040297094700,Cordes,78,Chevron U.S.A. Inc.,Idle,0,2018-02-28,2018-02-28,1,2.0,205.0,32.59,0,,True,,False,,,,
Kern River,040297095000,Cordes,81,Chevron U.S.A. Inc.,Active,0,2018-01-31,2018-02-28,2,3.0,646.0,102.71,0,,True,,False,,,,
Kern River,040297098300,Kern,340,Chevron U.S.A. Inc.,Active,0,2018-01-31,2018-01-31,1,1.0,213.0,33.87,0,,True,,False,,,,
Kern River,040297098301,Kern,340,Chevron U.S.A. Inc.,Active,0,2019-01-31,2019-02-28,2,2.0,76.0,12.08,0,,True,,False,,,,
Kern River,040297099000,Kern,347,Chevron U.S.A. Inc.,Active,0,2018-01-31,2018-01-31,1,1.0,193.0,30.69,0,,True,,False,,,,
Kern River,040297099700,Kern,354,Chevron U.S.A. Inc.,Active,0,2018-01-31,2018-01-31,1,1.0,193.0,30.69,0,,True,,False,,,,
Kern River,040297102000,Reed Crude A,95,Chevron U.S.A. Inc.,Active,0,2018-02-28,2018-02-28,1,1.0,155.0,24.64,0,,True,,False,,,,
Kern River,040297106100,Sterling,135,Chevron U.S.A. Inc.,Idle,0,2019-01-31,2019-03-31,3,3.0,243.0,38.64,0,,True,,False,,,,
Kern River,040297109202,Monte Cristo No. 1,3444,Chevron U.S.A. Inc.,Active,0,2020-02-29,2020-02-29,1,2.0,752.0,119.57,0,,True,,False,,,,
Kern River,040297109601,Monte Cristo No. 1,3523,Chevron U.S.A. Inc.,Active,0,2020-02-29,2020-02-29,1,2.0,613.0,97.47,0,,True,,False,,,,
Kern River,040297109902,Monte Cristo No. 1,3534,Chevron U.S.A. Inc.,Active,0,2019-01-31,2019-02-28,2,4.0,350.0,55.65,0,,True,,False,,,,
Kern River,040297110301,American Naphtha,3262,Chevron U.S.A. Inc.,Active,0,2019-01-31,2019-02-28,2,4.0,92.0,14.63,0,,True,,False,,,,
Kern River,040297110400,American Naphtha,3263,Chevron U.S.A. Inc.,Active,0,2018-01-31,2018-01-31,1,2.0,136.0,21.62,0,,True,,False,,,,
Kern River,040297110402,American Naphtha,3263,Chevron U.S.A. Inc.,Active,0,2019-03-31,2019-03-31,1,1.0,55.0,8.75,0,,True,,False,,,,
Kern River,040297110701,American Naphtha,3273,Chevron U.S.A. Inc.,Active,0,2019-09-30,2019-10-31,2,4.0,243.0,38.64,0,61.0,False,,False,,,,
Kern River,040297110701,American Naphtha,3273,Chevron U.S.A. Inc.,Active,1,2019-12-31,2019-12-31,1,3.0,1026.0,163.13,0,,True,,False,,,,
Kern River,040297110900,American Naphtha,3281,Chevron U.S.A. Inc.,Active,0,2018-01-31,2018-01-31,1,1.0,151.0,24.01,0,,True,,False,,,,
Kern River,040297110903,American Naphtha,3281,Chevron U.S.A. Inc.,Active,0,2019-07-31,2019-07-31,1,2.0,863.0,137.22,0,,True,,False,,,,
Kern River,040297111501,American Naphtha,3364,Chevron U.S.A. Inc.,Active,0,2019-03-31,2019-04-30,2,2.0,192.0,30.53,0,,True,,False,,,,
Kern River,040297111600,American Naphtha,3373,Chevron U.S.A. Inc.,Active,0,2018-01-31,2018-01-31,1,1.0,152.0,24.17,0,,True,,False,,,,
Kern River,040297111602,American Naphtha,3373,Chevron U.S.A. Inc.,Active,0,2019-03-31,2019-03-31,1,1.0,55.0,8.75,0,,True,,False,,,,
Kern River,040297111700,American Naphtha,3374,Chevron U.S.A. Inc.,Idle,0,2018-01-31,2018-01-31,1,1.0,152.0,24.17,0,,True,,False,,,,
Kern River,040297111701,American Naphtha,3374,Chevron U.S.A. Inc.,Idle,0,2019-03-31,2019-03-31,1,1.0,53.0,8.43,0,61.0,False,,False,,,,
Kern River,040297111701,American Naphtha,3374,Chevron U.S.A. Inc.,Idle,1,2019-05-31,2019-05-31,1,1.0,4.0,0.64,0,,True,,False,,,,
Kern River,040297111800,American Naphtha,3383,Chevron U.S.A. Inc.,Active,0,2018-02-28,2018-03-31,2,2.0,471.0,74.89,0,153.0,False,,False,,,,
Kern River,040297111800,American Naphtha,3383,Chevron U.S.A. Inc.,Active,1,2018-08-31,2018-08-31,1,4.0,5902.0,938.42,0,,True,,False,,,,
Kern River,040297112301,American Naphtha,3464,Chevron U.S.A. Inc.,Active,0,2019-03-31,2019-03-31,1,1.0,59.0,9.38,0,,True,,False,,,,
Kern River,040297112401,American Naphtha,3473,Chevron U.S.A. Inc.,Active,0,2019-04-30,2019-04-30,1,1.0,153.0,24.33,0,,True,,False,,,,
Kern River,040297112501,American Naphtha,3474,Chevron U.S.A. Inc.,Active,0,2019-04-30,2019-04-30,1,1.0,153.0,24.33,0,,True,,False,,,,
Kern River,040297117500,Knob Hill,56,Chevron U.S.A. Inc.,Active,0,2018-01-31,2018-01-31,1,1.0,219.0,34.82,0,,True,,False,,,,
Kern River,040297117700,San Joaquin,444,Chevron U.S.A. Inc.,Active,0,2018-01-31,2018-01-31,1,2.0,406.0,64.55,0,,True,,False,,,,
Kern River,040297117800,San Joaquin,445,Chevron U.S.A. Inc.,Active,0,2019-01-31,2019-02-28,2,4.0,310.0,49.29,0,,True,,False,,,,
Kern River,040297118200,Sterling,141,Chevron U.S.A. Inc.,Active,0,2019-03-31,2019-03-31,1,2.0,145.0,23.05,0,,True,,False,,,,
Kern River,040297118800,Sterling,147,Chevron U.S.A. Inc.,Active,0,2019-03-31,2019-03-31,1,2.0,146.0,23.21,0,,True,,False,,,,
Kern River,040297121500,Unspecified,12-9,Chevron U.S.A. Inc.,Active,0,2019-04-30,2019-04-30,1,1.0,398.0,63.28,0,,True,,False,,,,
Kern River,040297122200,Sovereign,26,Chevron U.S.A. Inc.,Active,0,2018-01-31,2018-01-31,1,1.0,366.0,58.19,0,,True,,False,,,,
Kern River,040297122301,Vesta,52,Chevron U.S.A. Inc.,Idle,0,2019-03-31,2019-03-31,1,1.0,146.0,23.21,0,,True,,False,,,,
Kern River,040297126201,Fee C,119,Chevron U.S.A. Inc.,Active,0,2019-01-31,2019-02-28,2,2.0,90.0,14.31,0,61.0,False,,False,,,,
Kern River,040297126201,Fee C,119,Chevron U.S.A. Inc.,Active,1,2019-04-30,2019-04-30,1,1.0,43.0,6.84,0,184.0,False,,False,,,,
Kern River,040297126201,Fee C,119,Chevron U.S.A. Inc.,Active,2,2019-10-31,2019-10-31,1,1.0,157.0,24.96,0,,True,,False,,,,
Kern River,040297131601,Reed Crude A,113,Chevron U.S.A. Inc.,Active,0,2019-03-31,2019-03-31,1,1.0,183.0,29.1,0,335.0,False,,False,,,,
Kern River,040297131601,Reed Crude A,113,Chevron U.S.A. Inc.,Active,1,2020-02-29,2020-02-29,1,3.0,2063.0,328.02,0,,True,,False,,,,
Kern River,040297142500,Fee A,40R,Chevron U.S.A. Inc.,Plugged,0,2018-01-31,2018-01-31,1,2.0,613.0,97.47,0,,True,,False,,,,
Kern River,040297142602,Fee A,43R,Chevron U.S.A. Inc.,Active,0,2019-04-30,2019-04-30,1,1.0,48.0,7.63,0,,True,,False,,,,
Kern River,040297162400,Fee A,57R,Chevron U.S.A. Inc.,Active,0,2020-11-30,2020-11-30,1,2.0,741.0,117.82,0,,True,,False,,,,
Kern River,040297189400,Green & Whittier,214,Chevron U.S.A. Inc.,Active,0,2018-01-31,2018-01-31,1,1.0,172.0,27.35,0,,True,,False,,,,
Kern River,040297189402,Green & Whittier,214,Chevron U.S.A. Inc.,Active,0,2019-09-30,2019-09-30,1,2.0,192.0,30.53,0,,True,,False,,,,
Kern River,040297192000,Kern,358,Chevron U.S.A. Inc.,Active,0,2018-01-31,2018-01-31,1,1.0,251.0,39.91,0,,True,,False,,,,
Kern River,040297192200,Kern,360,Chevron U.S.A. Inc.,Active,0,2018-01-31,2018-01-31,1,2.0,409.0,65.03,0,,True,,False,,,,
Kern River,040297195200,San Joaquin,450,Chevron U.S.A. Inc.,Active,0,2018-01-31,2018-01-31,1,1.0,196.0,31.16,0,,True,,False,,,,
Kern River,040297200601,Aztec,49,Chevron U.S.A. Inc.,Active,0,2019-05-31,2019-05-31,1,1.0,11.0,1.75,0,122.0,False,,False,,,,
Kern River,040297200601,Aztec,49,Chevron U.S.A. Inc.,Active,1,2019-09-30,2019-09-30,1,2.0,155.0,24.64,0,,True,,False,,,,
Kern River,040297201100,Aztec,56,Chevron U.S.A. Inc.,Active,0,2018-01-31,2018-01-31,1,1.0,354.0,56.29,0,,True,,False,,,,
Kern River,040297214500,Unspecified,3674,Chevron U.S.A. Inc.,Active,0,2019-04-30,2019-04-30,1,1.0,383.0,60.9,0,,True,,False,,,,
Kern River,040297219400,Unspecified,3953,Chevron U.S.A. Inc.,Active,0,2019-05-31,2019-05-31,1,1.0,421.0,66.94,0,,True,,False,,,,
Kern River,040297220400,Unspecified,4035,Chevron U.S.A. Inc.,Active,0,2018-02-28,2018-02-28,1,1.0,401.0,63.76,0,,True,,False,,,,
Kern River,040297221000,Unspecified,4086,Chevron U.S.A. Inc.,Active,0,2019-05-31,2019-05-31,1,1.0,395.0,62.8,0,,True,,False,,,,
Kern River,040297227700,Kern,356,Chevron U.S.A. Inc.,Active,0,2018-01-31,2018-01-31,1,1.0,259.0,41.18,0,,True,,False,,,,
Kern River,040297227701,Kern,356,Chevron U.S.A. Inc.,Active,0,2019-01-31,2019-02-28,2,4.0,92.0,14.63,0,,True,,False,,,,
Kern River,040297232601,Hanford & Fresno,32,Chevron U.S.A. Inc.,Active,0,2019-01-31,2019-02-28,2,2.0,92.0,14.63,0,61.0,False,,False,,,,
Kern River,040297232601,Hanford & Fresno,32,Chevron U.S.A. Inc.,Active,1,2019-04-30,2019-04-30,1,1.0,41.0,6.52,0,,True,,False,,,,
Kern River,040297232700,East Puente B,24,Chevron U.S.A. Inc.,Active,0,2019-09-30,2019-09-30,1,2.0,442.0,70.28,0,366.0,False,,False,,,,
Kern River,040297232700,East Puente B,24,Chevron U.S.A. Inc.,Active,1,2020-09-30,2020-09-30,1,2.0,1079.0,171.56,0,,True,,False,,,,
Kern River,040297233000,Clarence,42,Chevron U.S.A. Inc.,Active,0,2018-01-31,2018-01-31,1,1.0,190.0,30.21,0,,True,,False,,,,
Kern River,040297234200,Green & Whittier,552,Chevron U.S.A. Inc.,Active,0,2019-01-31,2019-02-28,2,2.0,82.0,13.04,0,,True,,False,,,,
Kern River,040297266601,Fee A,150,Chevron U.S.A. Inc.,Active,0,2019-01-31,2019-02-28,2,2.0,90.0,14.31,0,,True,,False,,,,
Kern River,040297266901,Fee A,155,Chevron U.S.A. Inc.,Active,0,2019-03-31,2019-03-31,1,2.0,51.0,8.11,0,,True,,False,,,,
Kern River,040297267000,Fee A,156,Chevron U.S.A. Inc.,Active,0,2018-01-31,2018-01-31,1,1.0,159.0,25.28,0,,True,,False,,,,
Kern River,040297267001,Fee A,156,Chevron U.S.A. Inc.,Active,0,2019-01-31,2019-02-28,2,2.0,98.0,15.58,0,61.0,False,,False,,,,
Kern River,040297267001,Fee A,156,Chevron U.S.A. Inc.,Active,1,2019-04-30,2019-04-30,1,1.0,48.0,7.63,0,336.0,False,,False,,,,
Kern River,040297267001,Fee A,156,Chevron U.S.A. Inc.,Active,2,2020-03-31,2020-03-31,1,2.0,710.0,112.89,0,,True,,False,,,,
Kern River,040297268302,American Naphtha,3224,Chevron U.S.A. Inc.,Active,0,2019-01-31,2019-02-28,2,2.0,94.0,14.95,0,,True,,False,,,,
Kern River,040297269101,American Naphtha,3333,Chevron U.S.A. Inc.,Active,0,2019-01-31,2019-02-28,2,4.0,454.0,72.19,0,,True,,False,,,,
Kern River,040297273800,Reed Crude,151,Chevron U.S.A. Inc.,Active,0,2018-02-28,2018-02-28,1,2.0,214.0,34.03,0,,True,,False,,,,
Kern River,040297277701,Fee A,148,Chevron U.S.A. Inc.,Active,0,2019-01-31,2019-03-31,3,3.0,132.0,20.99,0,,True,,False,,,,
Kern River,040297281000,American Naphtha,358,Chevron U.S.A. Inc.,Idle,0,2019-01-31,2019-02-28,2,4.0,148.0,23.53,0,,True,,False,,,,
Kern River,040297282100,American Naphtha,3154,Chevron U.S.A. Inc.,Active,0,2018-01-31,2018-01-31,1,1.0,130.0,20.67,0,,True,,False,,,,
Kern River,040297282600,American Naphtha,3181,Chevron U.S.A. Inc.,Active,0,2018-01-31,2018-01-31,1,1.0,152.0,24.17,0,,True,,False,,,,
Kern River,040297283001,American Naphtha,3352,Chevron U.S.A. Inc.,Active,0,2020-01-31,2020-01-31,1,2.0,404.0,64.24,0,,True,,False,,,,
Kern River,040297283101,American Naphtha,3353,Chevron U.S.A. Inc.,Active,0,2019-03-31,2019-03-31,1,1.0,45.0,7.16,0,,True,,False,,,,
Kern River,040297283901,American Naphtha,3534,Chevron U.S.A. Inc.,Active,0,2019-05-31,2019-05-31,1,1.0,3.0,0.48,0,92.0,False,,False,,,,
Kern River,040297283901,American Naphtha,3534,Chevron U.S.A. Inc.,Active,1,2019-08-31,2019-08-31,1,1.0,124.0,19.72,0,,True,,False,,,,
Kern River,040297284402,American Naphtha,3554,Chevron U.S.A. Inc.,Active,0,2019-03-31,2019-03-31,1,1.0,55.0,8.75,0,,True,,False,,,,
Kern River,040297284601,American Naphtha,3564,Chevron U.S.A. Inc.,Idle,0,2019-01-31,2019-03-31,3,5.0,207.0,32.91,0,,True,,False,,,,
Kern River,040297285000,American Naphtha,3584,Chevron U.S.A. Inc.,Active,0,2019-01-31,2019-02-28,2,4.0,148.0,23.53,0,,True,,False,,,,
Kern River,040297331601,Green & Whittier A,185,Chevron U.S.A. Inc.,Active,0,2019-03-31,2019-05-31,3,6.0,157.0,24.96,0,92.0,False,,False,,,,
Kern River,040297331601,Green & Whittier A,185,Chevron U.S.A. Inc.,Active,1,2019-08-31,2019-08-31,1,1.0,128.0,20.35,0,61.0,False,,False,,,,
Kern River,040297331601,Green & Whittier A,185,Chevron U.S.A. Inc.,Active,2,2019-10-31,2019-10-31,1,1.0,155.0,24.64,0,396.0,False,,False,,,,
Kern River,040297331601,Green & Whittier A,185,Chevron U.S.A. Inc.,Active,3,2020-11-30,2020-11-30,1,2.0,757.0,120.36,0,,True,,False,,,,
Kern River,040297331700,Green & Whittier,215,Chevron U.S.A. Inc.,Active,0,2018-02-28,2018-02-28,1,1.0,441.0,70.12,0,,True,,False,,,,
Kern River,040297331701,Green & Whittier,215,Chevron U.S.A. Inc.,Active,0,2019-01-31,2019-02-28,2,4.0,134.0,21.31,0,,True,,False,,,,
Kern River,040297331800,Green & Whittier,216,Chevron U.S.A. Inc.,Active,0,2018-01-31,2018-03-31,3,5.0,542.0,86.18,0,61.0,False,,False,,,,
Kern River,040297331800,Green & Whittier,216,Chevron U.S.A. Inc.,Active,1,2018-05-31,2018-08-31,2,3.0,460.0,73.14,0,242.0,False,,False,,,,
Kern River,040297331800,Green & Whittier,216,Chevron U.S.A. Inc.,Active,2,2019-04-30,2019-04-30,1,1.0,134.0,21.31,0,184.0,False,,False,,,,
Kern River,040297331800,Green & Whittier,216,Chevron U.S.A. Inc.,Active,3,2019-10-31,2019-10-31,1,2.0,601.0,95.56,0,182.0,False,,False,,,,
Kern River,040297331800,Green & Whittier,216,Chevron U.S.A. Inc.,Active,4,2020-04-30,2020-04-30,1,2.0,595.0,94.61,0,92.0,False,,False,,,,
Kern River,040297331800,Green & Whittier,216,Chevron U.S.A. Inc.,Active,5,2020-07-31,2020-07-31,1,2.0,458.0,72.82,0,61.0,False,,False,,,,
Kern River,040297331800,Green & Whittier,216,Chevron U.S.A. Inc.,Active,6,2020-09-30,2020-10-31,2,2.0,987.0,156.93,0,,True,,False,,,,
Kern River,040297332000,Green & Whittier,559,Chevron U.S.A. Inc.,Active,0,2018-01-31,2018-01-31,1,1.0,172.0,27.35,0,,True,,False,,,,
Kern River,040297359800,Bishop Fee,166,Chevron U.S.A. Inc.,Active,0,2019-03-31,2019-03-31,1,1.0,50.0,7.95,0,,True,,False,,,,
Kern River,040297360201,Kern A,181,Chevron U.S.A. Inc.,Active,0,2019-03-31,2019-03-31,1,1.0,46.0,7.31,0,153.0,False,,False,,,,
Kern River,040297360201,Kern A,181,Chevron U.S.A. Inc.,Active,1,2019-08-31,2019-08-31,1,1.0,153.0,24.33,0,,True,,False,,,,
Kern River,040297375800,Green & Whittier,217,Chevron U.S.A. Inc.,Active,0,2018-02-28,2018-02-28,1,1.0,312.0,49.61,0,,True,,False,,,,
Kern River,040297375801,Green & Whittier,217,Chevron U.S.A. Inc.,Active,0,2019-01-31,2019-02-28,2,2.0,82.0,13.04,0,,True,,False,,,,
Kern River,040297375900,San Joaquin,464,Chevron U.S.A. Inc.,Active,0,2018-01-31,2018-01-31,1,1.0,265.0,42.13,0,,True,,False,,,,
Kern River,040297376001,Fee C,124,Chevron U.S.A. Inc.,Active,0,2019-01-31,2019-02-28,2,2.0,98.0,15.58,0,61.0,False,,False,,,,
Kern River,040297376001,Fee C,124,Chevron U.S.A. Inc.,Active,1,2019-04-30,2019-04-30,1,1.0,47.0,7.47,0,184.0,False,,False,,,,
Kern River,040297376001,Fee C,124,Chevron U.S.A. Inc.,Active,2,2019-10-31,2019-10-31,1,1.0,141.0,22.42,0,,True,,False,,,,
Kern River,040297378600,Bear Flag,15,Chevron U.S.A. Inc.,Active,0,2018-02-28,2018-02-28,1,1.0,199.0,31.64,0,,True,,False,,,,
Kern River,040297378601,Bear Flag,15,Chevron U.S.A. Inc.,Active,0,2018-04-30,2018-04-30,1,1.0,340.0,54.06,0,,True,,False,,,,
Kern River,040297378700,Kern,373,Chevron U.S.A. Inc.,Active,0,2018-01-31,2018-01-31,1,1.0,225.0,35.77,0,,True,,False,,,,
Kern River,040297383000,Cork,192-28,Chevron U.S.A. Inc.,Active,0,2019-10-31,2019-10-31,1,2.0,137.0,21.78,0,,True,,False,,,,
Kern River,040297383200,Cork,194-28,Chevron U.S.A. Inc.,Active,0,2019-10-31,2019-10-31,1,2.0,137.0,21.78,0,,True,,False,,,,
Kern River,040297384500,Cork,81-28,Chevron U.S.A. Inc.,Active,0,2019-10-31,2019-10-31,1,1.0,142.0,22.58,0,,True,,False,,,,
Kern River,040297418101,Amazon,53,Chevron U.S.A. Inc.,Active,0,2019-08-31,2019-08-31,1,1.0,146.0,23.21,0,,True,,False,,,,
Kern River,040297419800,Toltec,55,Chevron U.S.A. Inc.,Idle,0,2019-01-31,2019-02-28,2,2.0,288.0,45.79,0,,True,,False,,,,
Kern River,040297420000,Sterling,158,Chevron U.S.A. Inc.,Active,0,2018-01-31,2018-01-31,1,1.0,361.0,57.4,0,,True,,False,,,,
Kern River,040297420200,Cordes,85,Chevron U.S.A. Inc.,Active,0,2018-01-31,2018-01-31,1,1.0,171.0,27.19,0,,True,,False,,,,
Kern River,040297420400,Kern,370,Chevron U.S.A. Inc.,Active,0,2018-01-31,2018-02-28,2,3.0,659.0,104.78,0,,True,,False,,,,
Kern River,040297421400,San Joaquin,463,Chevron U.S.A. Inc.,Active,0,2018-02-28,2018-02-28,1,2.0,1209.0,192.23,0,,True,,False,,,,
Kern River,040297449201,Euclid,20,Chevron U.S.A. Inc.,Active,0,2019-01-31,2019-02-28,2,2.0,94.0,14.95,0,,True,,False,,,,
Kern River,040297449701,Globe,50,Chevron U.S.A. Inc.,Active,0,2019-01-31,2019-02-28,2,2.0,82.0,13.04,0,61.0,False,,False,,,,
Kern River,040297449701,Globe,50,Chevron U.S.A. Inc.,Active,1,2019-04-30,2019-04-30,1,1.0,44.0,7.0,0,184.0,False,,False,,,,
Kern River,040297449701,Globe,50,Chevron U.S.A. Inc.,Active,2,2019-10-31,2019-10-31,1,1.0,129.0,20.51,0,,True,,False,,,,
Kern River,040297449901,Globe,52,Chevron U.S.A. Inc.,Active,0,2019-04-30,2019-04-30,1,1.0,45.0,7.16,0,184.0,False,,False,,,,
Kern River,040297449901,Globe,52,Chevron U.S.A. Inc.,Active,1,2019-10-31,2019-10-31,1,1.0,129.0,20.51,0,,True,,False,,,,
Kern River,040297450900,Hawkeye,16,Chevron U.S.A. Inc.,Active,0,2018-01-31,2018-01-31,1,1.0,152.0,24.17,0,,True,,False,,,,
Kern River,040297451100,Hawkeye,18,Chevron U.S.A. Inc.,Active,0,2018-01-31,2018-01-31,1,1.0,184.0,29.26,0,,True,,False,,,,
Kern River,040297451901,Marie,11,Chevron U.S.A. Inc.,Active,0,2019-03-31,2019-03-31,1,2.0,150.0,23.85,0,,True,,False,,,,
Kern River,040297452300,Moneta,41,Chevron U.S.A. Inc.,Active,0,2018-02-28,2018-02-28,1,1.0,239.0,38.0,0,,True,,False,,,,
Kern River,040297453600,Fee A,160,Chevron U.S.A. Inc.,Active,0,2018-01-31,2018-01-31,1,1.0,348.0,55.33,0,,True,,False,,,,
Kern River,040297458800,Fee A,161,Chevron U.S.A. Inc.,Active,0,2018-01-31,2018-01-31,1,1.0,348.0,55.33,0,,True,,False,,,,
Kern River,040297459400,Unspecified,7314,Chevron U.S.A. Inc.,Active,0,2019-01-31,2019-02-28,2,2.0,378.0,60.1,0,,True,,False,,,,
Kern River,040297472300,Fee B,440,Chevron U.S.A. Inc.,Active,0,2018-01-31,2018-01-31,1,1.0,249.0,39.59,0,,True,,False,,,,
Kern River,040297473200,Fee B,86,Chevron U.S.A. Inc.,Active,0,2020-03-31,2020-03-31,1,9.0,5465.0,868.94,0,,True,,False,,,,
Kern River,040297473600,Fee B,90,Chevron U.S.A. Inc.,Active,0,2019-10-31,2019-10-31,1,4.0,2763.0,439.32,0,396.0,False,,False,,,,
Kern River,040297473600,Fee B,90,Chevron U.S.A. Inc.,Active,1,2020-11-30,2020-11-30,1,2.0,906.0,144.05,0,,True,,False,,,,
Kern River,040297499300,Amazon,59,Chevron U.S.A. Inc.,Active,0,2018-01-31,2018-01-31,1,1.0,147.0,23.37,0,,True,,False,,,,
Kern River,040297501000,Green & Whittier A,195,Chevron U.S.A. Inc.,Active,0,2018-02-28,2018-02-28,1,1.0,591.0,93.97,0,,True,,False,,,,
Kern River,040297501001,Green & Whittier A,195,Chevron U.S.A. Inc.,Active,0,2019-03-31,2019-03-31,1,2.0,53.0,8.43,0,,True,,False,,,,
Kern River,040297501100,Green & Whittier A,196,Chevron U.S.A. Inc.,Active,0,2018-01-31,2018-01-31,1,1.0,147.0,23.37,0,,True,,False,,,,
Kern River,040297502001,Lawton & Hannaman,16,Chevron U.S.A. Inc.,Active,0,2019-04-30,2019-04-30,1,1.0,41.0,6.52,0,,True,,False,,,,
Kern River,040297502200,Lawton & Hannaman,18,Chevron U.S.A. Inc.,Active,0,2019-03-31,2019-03-31,1,1.0,45.0,7.16,0,,True,,False,,,,
Kern River,040297509601,Rambler,55R,Chevron U.S.A. Inc.,Active,0,2019-08-31,2019-08-31,1,1.0,122.0,19.4,0,61.0,False,,False,,,,
Kern River,040297509601,Rambler,55R,Chevron U.S.A. Inc.,Active,1,2019-10-31,2019-10-31,1,1.0,111.0,17.65,0,,True,,False,,,,
Kern River,040297524801,Hanford & Fresno,33,Chevron U.S.A. Inc.,Idle,0,2019-07-31,2019-07-31,1,1.0,426.0,67.73,0,,True,,False,,,,
Kern River,040297524900,Kern,374,Chevron U.S.A. Inc.,Active,0,2018-01-31,2018-01-31,1,1.0,446.0,70.91,0,,True,,False,,,,
Kern River,040297542700,Reed Crude A,144,Chevron U.S.A. Inc.,Active,0,2018-01-31,2018-01-31,1,1.0,201.0,31.96,0,,True,,False,,,,
Kern River,040297554500,Kern,375,Chevron U.S.A. Inc.,Active,0,2018-02-28,2018-02-28,1,1.0,255.0,40.55,0,,True,,False,,,,
Kern River,040297554600,Kern,376,Chevron U.S.A. Inc.,Active,0,2018-01-31,2018-01-31,1,1.0,542.0,86.18,0,,True,,False,,,,
Kern River,040297554702,Reed Crude,156,Chevron U.S.A. Inc.,Active,0,2019-11-30,2019-11-30,1,1.0,83.0,13.2,0,,True,,False,,,,
Kern River,040297571501,Unspecified,19-194,Chevron U.S.A. Inc.,Active,0,2019-01-31,2019-02-28,2,2.0,254.0,40.39,0,61.0,False,,False,,,,
Kern River,040297571501,Unspecified,19-194,Chevron U.S.A. Inc.,Active,1,2019-04-30,2019-04-30,1,1.0,129.0,20.51,0,,True,,False,,,,
Kern River,040297571901,Sterling,161,Chevron U.S.A. Inc.,Active,0,2019-03-31,2019-03-31,1,2.0,146.0,23.21,0,,True,,False,,,,
Kern River,040297572200,Sterling,164,Chevron U.S.A. Inc.,Active,0,2018-02-28,2018-02-28,1,1.0,224.0,35.62,0,,True,,False,,,,
Kern River,040297572201,Sterling,164,Chevron U.S.A. Inc.,Active,0,2018-04-30,2018-04-30,1,1.0,142.0,22.58,0,123.0,False,,False,,,,
Kern River,040297572201,Sterling,164,Chevron U.S.A. Inc.,Active,1,2018-08-31,2019-03-31,4,4.0,394.0,62.65,0,,True,,False,,,,
Kern River,040297572900,Sterling,171,Chevron U.S.A. Inc.,Active,0,2018-01-31,2018-01-31,1,1.0,251.0,39.91,0,,True,,False,,,,
Kern River,040297573200,Sterling,174,Chevron U.S.A. Inc.,Active,0,2018-01-31,2018-01-31,1,1.0,150.0,23.85,0,,True,,False,,,,
Kern River,040297573400,Sterling,176,Chevron U.S.A. Inc.,Active,0,2018-02-28,2018-02-28,1,2.0,284.0,45.16,0,,True,,False,,,,
Kern River,040297573500,Sterling,177,Chevron U.S.A. Inc.,Active,0,2018-01-31,2018-01-31,1,1.0,150.0,23.85,0,,True,,False,,,,
Kern River,040297573801,Sterling,180,Chevron U.S.A. Inc.,Active,0,2019-01-31,2019-02-28,2,4.0,462.0,73.46,0,,True,,False,,,,
Kern River,040297574000,Sterling,182,Chevron U.S.A. Inc.,Active,0,2018-02-28,2018-02-28,1,2.0,224.0,35.62,0,,True,,False,,,,
Kern River,040297574001,Sterling,182,Chevron U.S.A. Inc.,Active,0,2018-08-31,2018-08-31,1,2.0,231.0,36.73,0,,True,,False,,,,
Kern River,040297574100,Sterling,183,Chevron U.S.A. Inc.,Active,0,2019-01-31,2019-03-31,3,3.0,243.0,38.64,0,,True,,False,,,,
Kern River,040297574200,Sterling,184,Chevron U.S.A. Inc.,Active,0,2018-01-31,2018-01-31,1,1.0,169.0,26.87,0,,True,,False,,,,
Kern River,040297575100,San Joaquin,473,Chevron U.S.A. Inc.,Active,0,2018-01-31,2018-01-31,1,1.0,250.0,39.75,0,,True,,False,,,,
Kern River,040297575800,Kern,377,Chevron U.S.A. Inc.,Active,0,2018-02-28,2018-02-28,1,1.0,184.0,29.26,0,,True,,False,,,,
Kern River,040297576000,Kern,379,Chevron U.S.A. Inc.,Active,0,2018-02-28,2018-02-28,1,1.0,185.0,29.41,0,,True,,False,,,,
Kern River,040297576100,Kern,380,Chevron U.S.A. Inc.,Active,0,2018-01-31,2018-02-28,2,3.0,1047.0,166.47,0,,True,,False,,,,
Kern River,040297576200,Kern,381,Chevron U.S.A. Inc.,Active,0,2018-01-31,2018-01-31,1,1.0,174.0,27.67,0,,True,,False,,,,
Kern River,040297576500,Kern,386,Chevron U.S.A. Inc.,Active,0,2018-02-28,2018-02-28,1,1.0,471.0,74.89,0,702.0,False,,False,,,,
Kern River,040297576500,Kern,386,Chevron U.S.A. Inc.,Active,1,2020-01-31,2020-01-31,1,2.0,826.0,131.33,0,,True,,False,,,,
Kern River,040297577000,Kern,391,Chevron U.S.A. Inc.,Active,0,2020-02-29,2020-02-29,1,2.0,528.0,83.95,0,,True,,False,,,,
Kern River,040297577100,Kern,392,Chevron U.S.A. Inc.,Active,0,2020-01-31,2020-01-31,1,2.0,836.0,132.92,0,,True,,False,,,,
Kern River,040297579000,Green & Whittier A,203,Chevron U.S.A. Inc.,Active,0,2018-01-31,2018-01-31,1,1.0,243.0,38.64,0,,True,,False,,,,
Kern River,040297581800,Sovereign,27,Chevron U.S.A. Inc.,Active,0,2018-01-31,2018-01-31,1,1.0,278.0,44.2,0,,True,,False,,,,
Kern River,040297581900,Sovereign,28,Chevron U.S.A. Inc.,Active,0,2018-01-31,2018-01-31,1,1.0,217.0,34.5,0,,True,,False,,,,
Kern River,040297582100,Sovereign,30,Chevron U.S.A. Inc.,Active,0,2018-01-31,2018-01-31,1,2.0,177.0,28.14,0,,True,,False,,,,
Kern River,040297583100,Kern Co. Land Co.,1345,Chevron U.S.A. Inc.,Active,0,2018-01-31,2018-01-31,1,1.0,122.0,19.4,0,,True,,False,,,,
Kern River,040297583200,Rasmussen,1225,Chevron U.S.A. Inc.,Active,0,2020-03-31,2020-03-31,1,2.0,134.0,21.31,0,,True,,False,,,,
Kern River,040297592900,San Joaquin,492,Chevron U.S.A. Inc.,Active,0,2018-01-31,2018-01-31,1,1.0,194.0,30.85,0,,True,,False,,,,
Kern River,040297593100,San Joaquin,495,Chevron U.S.A. Inc.,Active,0,2018-01-31,2018-01-31,1,1.0,283.0,45.0,0,,True,,False,,,,
Kern River,040297593801,San Joaquin,704,Chevron U.S.A. Inc.,Active,0,2019-01-31,2019-02-28,2,4.0,476.0,75.68,0,61.0,False,,False,,,,
Kern River,040297593801,San Joaquin,704,Chevron U.S.A. Inc.,Active,1,2019-04-30,2019-04-30,1,1.0,147.0,23.37,0,,True,,False,,,,
Kern River,040297594801,San Joaquin,714,Chevron U.S.A. Inc.,Active,0,2020-11-30,2020-11-30,1,3.0,2094.0,332.95,0,,True,,False,,,,
Kern River,040297595000,San Joaquin,716,Chevron U.S.A. Inc.,Active,0,2018-01-31,2018-01-31,1,2.0,320.0,50.88,0,546.0,False,,False,,,,
Kern River,040297595000,San Joaquin,716,Chevron U.S.A. Inc.,Active,1,2019-07-31,2019-07-31,1,4.0,1915.0,304.49,0,,True,,False,,,,
Kern River,040297595300,San Joaquin,719,Chevron U.S.A. Inc.,Active,0,2018-01-31,2018-01-31,1,2.0,627.0,99.69,0,,True,,False,,,,
Kern River,040297595301,San Joaquin,719,Chevron U.S.A. Inc.,Active,0,2019-08-31,2019-08-31,1,1.0,155.0,24.64,0,,True,,False,,,,
Kern River,040297595800,East Puente,19,Chevron U.S.A. Inc.,Active,0,2018-01-31,2018-01-31,1,1.0,203.0,32.28,0,,True,,False,,,,
Kern River,040297595900,East Puente,20,Chevron U.S.A. Inc.,Active,0,2018-01-31,2018-01-31,1,1.0,203.0,32.28,0,,True,,False,,,,
Kern River,040297596800,Knob Hill,59,Chevron U.S.A. Inc.,Active,0,2018-01-31,2018-01-31,1,1.0,260.0,41.34,0,,True,,False,,,,
Kern River,040297597102,Knob Hill,62,Chevron U.S.A. Inc.,Active,0,2019-01-31,2019-03-31,3,3.0,159.0,25.28,0,,True,,False,,,,
Kern River,040297597400,Knob Hill,65,Chevron U.S.A. Inc.,Active,0,2018-01-31,2018-01-31,1,2.0,896.0,142.46,0,,True,,False,,,,
Kern River,040297598500,Kern River Mutual,15,Chevron U.S.A. Inc.,Active,0,2018-01-31,2018-01-31,1,2.0,722.0,114.8,0,,True,,False,,,,
Kern River,040297598800,Wilson,17,Chevron U.S.A. Inc.,Active,0,2018-01-31,2018-01-31,1,2.0,225.0,35.77,0,,True,,False,,,,
Kern River,040297599000,Wilson,19,Chevron U.S.A. Inc.,Active,0,2018-01-31,2018-01-31,1,1.0,767.0,121.95,0,,True,,False,,,,
Kern River,040297599200,Wilson,21,Chevron U.S.A. Inc.,Active,0,2018-01-31,2018-01-31,1,1.0,212.0,33.71,0,,True,,False,,,,
Kern River,040297632100,San Joaquin,722,Chevron U.S.A. Inc.,Active,0,2018-02-28,2018-02-28,1,1.0,271.0,43.09,0,,True,,False,,,,
Kern River,040297641500,San Joaquin,723,Chevron U.S.A. Inc.,Active,0,2018-01-31,2018-01-31,1,1.0,246.0,39.11,0,,True,,False,,,,
Kern River,040297641600,San Joaquin,773,Chevron U.S.A. Inc.,Active,0,2018-01-31,2018-01-31,1,2.0,415.0,65.98,0,,True,,False,,,,
Kern River,040297646000,Unspecified,25-80,Chevron U.S.A. Inc.,Active,0,2019-08-31,2019-08-31,1,1.0,100.0,15.9,0,,True,,False,,,,
Kern River,040297647100,Unspecified,25-91,Chevron U.S.A. Inc.,Active,0,2019-03-31,2019-03-31,1,1.0,146.0,23.21,0,,True,,False,,,,
Kern River,040297648201,Unspecified,25-102,Chevron U.S.A. Inc.,Active,0,2019-03-31,2019-03-31,1,1.0,131.0,20.83,0,,True,,False,,,,
Kern River,040297653900,Kern Co. Land Co.,253R,Chevron U.S.A. Inc.,Active,0,2019-04-30,2019-05-31,2,2.0,180.0,28.62,0,549.0,False,,False,,,,
Kern River,040297653900,Kern Co. Land Co.,253R,Chevron U.S.A. Inc.,Active,1,2020-11-30,2020-11-30,1,4.0,2259.0,359.18,0,,True,,False,,,,
Kern River,040297654300,San Joaquin,777,Chevron U.S.A. Inc.,Active,0,2018-02-28,2018-02-28,1,1.0,301.0,47.86,0,,True,,False,,,,
Kern River,040297677900,San Joaquin,775,Chevron U.S.A. Inc.,Active,0,2019-01-31,2019-02-28,2,4.0,566.0,89.99,0,,True,,False,,,,
Kern River,040297679800,Senator,51,Chevron U.S.A. Inc.,Active,0,2019-03-31,2019-03-31,1,1.0,142.0,22.58,0,,True,,False,,,,
Kern River,040297682000,San Joaquin,744,Chevron U.S.A. Inc.,Active,0,2018-02-28,2018-02-28,1,1.0,428.0,68.05,0,518.0,False,,False,,,,
Kern River,040297682000,San Joaquin,744,Chevron U.S.A. Inc.,Active,1,2019-07-31,2019-07-31,1,4.0,1914.0,304.33,0,,True,,False,,,,
Kern River,040297682200,San Joaquin,746,Chevron U.S.A. Inc.,Active,0,2018-02-28,2018-02-28,1,2.0,1190.0,189.21,0,,True,,False,,,,
Kern River,040297682400,San Joaquin,748,Chevron U.S.A. Inc.,Active,0,2018-01-31,2018-01-31,1,1.0,248.0,39.43,0,,True,,False,,,,
Kern River,040297682900,San Joaquin,753,Chevron U.S.A. Inc.,Active,0,2018-01-31,2018-01-31,1,2.0,217.0,34.5,0,,True,,False,,,,
Kern River,040297682901,San Joaquin,753,Chevron U.S.A. Inc.,Active,0,2020-03-31,2020-03-31,1,2.0,859.0,136.58,0,,True,,False,,,,
Kern River,040297683100,San Joaquin,755,Chevron U.S.A. Inc.,Active,0,2018-01-31,2018-01-31,1,1.0,247.0,39.27,0,,True,,False,,,,
Kern River,040297683600,San Joaquin,760,Chevron U.S.A. Inc.,Active,0,2018-01-31,2018-01-31,1,1.0,756.0,120.2,0,,True,,False,,,,
Kern River,040297683802,San Joaquin,762,Chevron U.S.A. Inc.,Active,0,2019-01-31,2019-02-28,2,2.0,328.0,52.15,0,,True,,False,,,,
Kern River,040297684101,San Joaquin,766,Chevron U.S.A. Inc.,Active,0,2019-01-31,2019-02-28,2,2.0,306.0,48.65,0,,True,,False,,,,
Kern River,040297694100,Cortez,42,Chevron U.S.A. Inc.,Active,0,2018-02-28,2018-02-28,1,1.0,245.0,38.95,0,,True,,False,,,,
Kern River,040297694501,Del Rey Fee,37,Chevron U.S.A. Inc.,Active,0,2019-01-31,2019-02-28,2,4.0,100.0,15.9,0,,True,,False,,,,
Kern River,040297694700,San Joaquin,724,Chevron U.S.A. Inc.,Active,0,2019-01-31,2019-02-28,2,4.0,566.0,89.99,0,,True,,False,,,,
Kern River,040297694800,San Joaquin,725,Chevron U.S.A. Inc.,Active,0,2018-01-31,2018-01-31,1,1.0,207.0,32.91,0,,True,,False,,,,
Kern River,040297695100,San Joaquin,728,Chevron U.S.A. Inc.,Active,0,2018-02-28,2018-02-28,1,1.0,477.0,75.84,0,,True,,False,,,,
Kern River,040297695200,San Joaquin,729,Chevron U.S.A. Inc.,Active,0,2019-01-31,2019-02-28,2,2.0,332.0,52.79,0,61.0,False,,False,,,,
Kern River,040297695200,San Joaquin,729,Chevron U.S.A. Inc.,Active,1,2019-04-30,2019-04-30,1,1.0,147.0,23.37,0,,True,,False,,,,
Kern River,040297695301,San Joaquin,730,Chevron U.S.A. Inc.,Active,0,2019-03-31,2019-03-31,1,2.0,161.0,25.6,0,,True,,False,,,,
Kern River,040297695400,San Joaquin,731,Chevron U.S.A. Inc.,Active,0,2018-02-28,2018-02-28,1,1.0,444.0,70.6,0,,True,,False,,,,
Kern River,040297695500,San Joaquin,732,Chevron U.S.A. Inc.,Active,0,2019-11-30,2019-11-30,1,2.0,130.0,20.67,0,,True,,False,,,,
Kern River,040297695700,San Joaquin,734,Chevron U.S.A. Inc.,Active,0,2018-01-31,2018-01-31,1,2.0,542.0,86.18,0,,True,,False,,,,
Kern River,040297695900,San Joaquin,736,Chevron U.S.A. Inc.,Active,0,2019-01-31,2019-02-28,2,2.0,306.0,48.65,0,61.0,False,,False,,,,
Kern River,040297695900,San Joaquin,736,Chevron U.S.A. Inc.,Active,1,2019-04-30,2019-04-30,1,1.0,150.0,23.85,0,,True,,False,,,,
Kern River,040297696000,San Joaquin,737,Chevron U.S.A. Inc.,Active,0,2018-01-31,2018-01-31,1,1.0,264.0,41.98,0,546.0,False,,False,,,,
Kern River,040297696000,San Joaquin,737,Chevron U.S.A. Inc.,Active,1,2019-07-31,2019-07-31,1,4.0,1916.0,304.64,0,,True,,False,,,,
Kern River,040297696100,San Joaquin,738,Chevron U.S.A. Inc.,Active,0,2018-02-28,2018-02-28,1,1.0,318.0,50.56,0,,True,,False,,,,
Kern River,040297696102,San Joaquin,738,Chevron U.S.A. Inc.,Active,0,2018-04-30,2018-08-31,3,5.0,683.0,108.6,0,212.0,False,,False,,,,
Kern River,040297696102,San Joaquin,738,Chevron U.S.A. Inc.,Active,1,2019-03-31,2019-03-31,1,1.0,149.0,23.69,0,,True,,False,,,,
Kern River,040297709000,San Joaquin,741,Chevron U.S.A. Inc.,Active,0,2018-01-31,2018-01-31,1,1.0,206.0,32.75,0,,True,,False,,,,
Kern River,040297715400,Marco Fee,94,Chevron U.S.A. Inc.,Active,0,2019-12-31,2019-12-31,1,1.0,133.0,21.15,0,,True,,False,,,,
Kern River,040297715700,Marco Fee,97,Chevron U.S.A. Inc.,Active,0,2018-01-31,2018-01-31,1,2.0,608.0,96.67,0,,True,,False,,,,
Kern River,040297734601,Vesta,63,Chevron U.S.A. Inc.,Active,0,2019-01-31,2019-03-31,3,3.0,217.0,34.5,0,,True,,False,,,,
Kern River,040297736000,Blinn,34,Chevron U.S.A. Inc.,Active,0,2018-01-31,2018-02-28,2,2.0,827.0,131.49,0,,True,,False,,,,
Kern River,040297736001,Blinn,34,Chevron U.S.A. Inc.,Active,0,2019-03-31,2019-03-31,1,1.0,57.0,9.06,0,,True,,False,,,,
Kern River,040297736301,Blinn,37,Chevron U.S.A. Inc.,Active,0,2019-09-30,2019-09-30,1,1.0,155.0,24.64,0,,True,,False,,,,
Kern River,040297740401,Sterling,187,Chevron U.S.A. Inc.,Active,0,2019-01-31,2019-02-28,2,4.0,262.0,41.66,0,,True,,False,,,,
Kern River,040297740600,Sterling,189,Chevron U.S.A. Inc.,Active,0,2018-02-28,2018-02-28,1,2.0,283.0,45.0,0,,True,,False,,,,
Kern River,040297740601,Sterling,189,Chevron U.S.A. Inc.,Active,0,2018-03-31,2018-03-31,1,1.0,168.0,26.71,0,,True,,False,,,,
Kern River,040297740800,Sterling,191,Chevron U.S.A. Inc.,Active,0,2018-02-28,2018-02-28,1,1.0,550.0,87.45,0,,True,,False,,,,
Kern River,040297740802,Sterling,191,Chevron U.S.A. Inc.,Active,0,2019-01-31,2019-02-28,2,2.0,258.0,41.02,0,,True,,False,,,,
Kern River,040297741000,Sterling,193,Chevron U.S.A. Inc.,Active,0,2018-02-28,2018-02-28,1,2.0,241.0,38.32,0,,True,,False,,,,
Kern River,040297741001,Sterling,193,Chevron U.S.A. Inc.,Active,0,2018-03-31,2018-03-31,1,2.0,136.0,21.62,0,153.0,False,,False,,,,
Kern River,040297741001,Sterling,193,Chevron U.S.A. Inc.,Active,1,2018-08-31,2018-08-31,1,2.0,229.0,36.41,0,,True,,False,,,,
Kern River,040297741101,Sterling,194,Chevron U.S.A. Inc.,Active,0,2019-01-31,2019-02-28,2,4.0,286.0,45.47,0,,True,,False,,,,
Kern River,040297744700,Calloma,20,Chevron U.S.A. Inc.,Active,0,2018-01-31,2018-01-31,1,1.0,172.0,27.35,0,,True,,False,,,,
Kern River,040297847700,Y.M.K.,31,Chevron U.S.A. Inc.,Active,0,2019-05-31,2019-05-31,1,1.0,422.0,67.1,0,122.0,False,,False,,,,
Kern River,040297847700,Y.M.K.,31,Chevron U.S.A. Inc.,Active,1,2019-09-30,2019-09-30,1,2.0,361.0,57.4,0,92.0,False,,False,,,,
Kern River,040297847700,Y.M.K.,31,Chevron U.S.A. Inc.,Active,2,2019-12-31,2019-12-31,1,2.0,512.0,81.41,0,91.0,False,,False,,,,
Kern River,040297847700,Y.M.K.,31,Chevron U.S.A. Inc.,Active,3,2020-03-31,2020-03-31,1,7.0,4255.0,676.54,0,122.0,False,,False,,,,
Kern River,040297847700,Y.M.K.,31,Chevron U.S.A. Inc.,Active,4,2020-07-31,2020-08-31,2,3.0,1545.0,245.66,0,,True,,False,,,,
Kern River,040297878400,Kern,215,Chevron U.S.A. Inc.,Active,0,2019-05-31,2019-05-31,1,1.0,9.0,1.43,0,153.0,False,,False,,,,
Kern River,040297878400,Kern,215,Chevron U.S.A. Inc.,Active,1,2019-10-31,2019-10-31,1,2.0,120.0,19.08,0,,True,,False,,,,
Kern River,040297878500,Kern,225,Chevron U.S.A. Inc.,Active,0,2019-05-31,2019-05-31,1,1.0,9.0,1.43,0,153.0,False,,False,,,,
Kern River,040297878500,Kern,225,Chevron U.S.A. Inc.,Active,1,2019-10-31,2019-10-31,1,2.0,120.0,19.08,0,,True,,False,,,,
Kern River,040297878600,Kernview,185,Chevron U.S.A. Inc.,Active,0,2019-10-31,2019-10-31,1,1.0,120.0,19.08,0,,True,,False,,,,
Kern River,040297888700,Fee A,183,Chevron U.S.A. Inc.,Active,0,2020-02-29,2020-02-29,1,1.0,388.0,61.69,0,,True,,False,,,,
Kern River,040297934800,Rasmussen,1511,Chevron U.S.A. Inc.,Active,0,2020-11-30,2020-11-30,1,4.0,2436.0,387.32,0,,True,,False,,,,
Kern River,040297935900,Kern Co. Land Co.,1601,Chevron U.S.A. Inc.,Active,0,2019-03-31,2019-04-30,2,2.0,103.0,16.38,0,,True,,False,,,,
Kern River,040297936500,Elwood,98,Chevron U.S.A. Inc.,Active,0,2020-11-30,2020-11-30,1,1.0,204.0,32.44,0,,True,,False,,,,
Kern River,040297936600,Elwood,99,Chevron U.S.A. Inc.,Active,0,2018-01-31,2018-01-31,1,1.0,95.0,15.11,0,1034.0,False,,False,,,,
Kern River,040297936600,Elwood,99,Chevron U.S.A. Inc.,Active,1,2020-11-30,2020-11-30,1,1.0,176.0,27.98,0,,True,,False,,,,
Kern River,040297977301,Sycamore,81,Chevron U.S.A. Inc.,Active,0,2019-03-31,2019-03-31,1,1.0,173.0,27.51,0,,True,,False,,,,
Kern River,040298036300,Fee A,191,Chevron U.S.A. Inc.,Active,0,2019-10-31,2019-10-31,1,2.0,624.0,99.22,0,,True,,False,,,,
Kern River,040298055700,Green & Whittier A,242,Chevron U.S.A. Inc.,Active,0,2018-01-31,2018-01-31,1,1.0,178.0,28.3,0,,True,,False,,,,
Kern River,040298055701,Green & Whittier A,242,Chevron U.S.A. Inc.,Active,0,2019-03-31,2019-03-31,1,1.0,64.0,10.18,0,,True,,False,,,,
Kern River,040298055801,Green & Whittier A,243,Chevron U.S.A. Inc.,Active,0,2019-03-31,2019-03-31,1,1.0,65.0,10.34,0,,True,,False,,,,
Kern River,040298055901,Green & Whittier A,244,Chevron U.S.A. Inc.,Active,0,2019-03-31,2019-03-31,1,1.0,64.0,10.18,0,,True,,False,,,,
Kern River,040298058400,Alma Jr.,35,Chevron U.S.A. Inc.,Active,0,2019-07-31,2019-07-31,1,1.0,482.0,76.64,0,488.0,False,,False,,,,
Kern River,040298058400,Alma Jr.,35,Chevron U.S.A. Inc.,Active,1,2020-11-30,2020-11-30,1,4.0,2295.0,364.91,0,,True,,False,,,,
Kern River,040298059000,San Joaquin,768,Chevron U.S.A. Inc.,Active,0,2018-02-28,2019-06-30,2,3.0,1740.0,276.66,0,92.0,False,,False,,,,
Kern River,040298059000,San Joaquin,768,Chevron U.S.A. Inc.,Active,1,2019-09-30,2019-09-30,1,3.0,1760.0,279.84,0,,True,,False,,,,
Kern River,040298059200,San Joaquin,770,Chevron U.S.A. Inc.,Active,0,2018-01-31,2018-01-31,1,1.0,206.0,32.75,0,,True,,False,,,,
Kern River,040298059201,San Joaquin,770,Chevron U.S.A. Inc.,Active,0,2019-08-31,2019-08-31,1,1.0,152.0,24.17,0,153.0,False,,False,,,,
Kern River,040298059201,San Joaquin,770,Chevron U.S.A. Inc.,Active,1,2020-01-31,2020-01-31,1,2.0,959.0,152.48,0,,True,,False,,,,
Kern River,040298059300,San Joaquin,771,Chevron U.S.A. Inc.,Active,0,2018-01-31,2018-01-31,1,1.0,760.0,120.84,0,424.0,False,,False,,,,
Kern River,040298059300,San Joaquin,771,Chevron U.S.A. Inc.,Active,1,2019-03-31,2019-03-31,1,2.0,182.0,28.94,0,306.0,False,,False,,,,
Kern River,040298059300,San Joaquin,771,Chevron U.S.A. Inc.,Active,2,2020-01-31,2020-01-31,1,2.0,775.0,123.23,0,304.0,False,,False,,,,
Kern River,040298059300,San Joaquin,771,Chevron U.S.A. Inc.,Active,3,2020-11-30,2020-11-30,1,2.0,796.0,126.56,0,,True,,False,,,,
Kern River,040298059801,San Joaquin,783,Chevron U.S.A. Inc.,Active,0,2020-02-29,2020-02-29,1,1.0,333.0,52.95,0,,True,,False,,,,
Kern River,040298060000,San Joaquin,785,Chevron U.S.A. Inc.,Active,0,2018-01-31,2018-01-31,1,1.0,245.0,38.95,0,,True,,False,,,,
Kern River,040298060500,San Joaquin,791,Chevron U.S.A. Inc.,Active,0,2018-01-31,2018-01-31,1,1.0,245.0,38.95,0,,True,,False,,,,
Kern River,040298060900,San Joaquin,795,Chevron U.S.A. Inc.,Active,0,2018-01-31,2018-01-31,1,2.0,204.0,32.44,0,,True,,False,,,,
Kern River,040298061000,San Joaquin,796,Chevron U.S.A. Inc.,Active,0,2018-01-31,2018-01-31,1,2.0,696.0,110.66,0,,True,,False,,,,
Kern River,040298061101,San Joaquin,797,Chevron U.S.A. Inc.,Active,0,2020-01-31,2020-01-31,1,2.0,765.0,121.64,0,,True,,False,,,,
Kern River,040298061400,San Joaquin,800,Chevron U.S.A. Inc.,Idle,0,2018-02-28,2018-03-31,2,2.0,1092.0,173.63,0,61.0,False,,False,,,,
Kern River,040298061400,San Joaquin,800,Chevron U.S.A. Inc.,Idle,1,2018-05-31,2018-05-31,1,1.0,173.0,27.51,0,,True,,False,,,,
Kern River,040298061800,San Joaquin,804,Chevron U.S.A. Inc.,Active,0,2018-01-31,2018-02-28,2,2.0,736.0,117.02,0,,True,,False,,,,
Kern River,040298061801,San Joaquin,804,Chevron U.S.A. Inc.,Active,0,2019-08-31,2019-08-31,1,1.0,112.0,17.81,0,153.0,False,,False,,,,
Kern River,040298061801,San Joaquin,804,Chevron U.S.A. Inc.,Active,1,2020-01-31,2020-01-31,1,2.0,764.0,121.48,0,,True,,False,,,,
Kern River,040298062200,San Joaquin,808,Chevron U.S.A. Inc.,Active,0,2018-01-31,2018-02-28,2,2.0,676.0,107.48,0,,True,,False,,,,
Kern River,040298062300,San Joaquin,809,Chevron U.S.A. Inc.,Active,0,2018-01-31,2018-01-31,1,2.0,204.0,32.44,0,,True,,False,,,,
Kern River,040298062500,San Joaquin,811,Chevron U.S.A. Inc.,Active,0,2019-08-31,2019-08-31,1,1.0,161.0,25.6,0,,True,,False,,,,
Kern River,040298063200,San Joaquin,818,Chevron U.S.A. Inc.,Active,0,2018-01-31,2018-01-31,1,1.0,194.0,30.85,0,,True,,False,,,,
Kern River,040298063201,San Joaquin,818,Chevron U.S.A. Inc.,Active,0,2020-11-30,2020-11-30,1,4.0,3287.0,522.63,0,,True,,False,,,,
Kern River,040298063900,Sovereign,33,Chevron U.S.A. Inc.,Active,0,2018-01-31,2018-01-31,1,2.0,186.0,29.57,0,,True,,False,,,,
Kern River,040298064600,Kern,402,Chevron U.S.A. Inc.,Active,0,2018-01-31,2018-02-28,2,2.0,466.0,74.09,0,337.0,False,,False,,,,
Kern River,040298064600,Kern,402,Chevron U.S.A. Inc.,Active,1,2019-01-31,2019-02-28,2,4.0,94.0,14.95,0,,True,,False,,,,
Kern River,040298081600,Green & Whittier A,253,Chevron U.S.A. Inc.,Active,0,2018-02-28,2018-02-28,1,1.0,216.0,34.34,0,,True,,False,,,,
Kern River,040298084202,Green & Whittier,219,Chevron U.S.A. Inc.,Active,0,2019-03-31,2019-03-31,1,1.0,50.0,7.95,0,,True,,False,,,,
Kern River,040298084300,Green & Whittier,220,Chevron U.S.A. Inc.,Active,0,2018-01-31,2018-01-31,1,1.0,205.0,32.59,0,,True,,False,,,,
Kern River,040298084400,Green & Whittier,221,Chevron U.S.A. Inc.,Active,0,2018-01-31,2018-01-31,1,1.0,162.0,25.76,0,,True,,False,,,,
Kern River,040298084600,Sycamore,75,Chevron U.S.A. Inc.,Active,0,2018-01-31,2018-01-31,1,1.0,215.0,34.19,0,,True,,False,,,,
Kern River,040298084601,Sycamore,75,Chevron U.S.A. Inc.,Active,0,2019-04-30,2019-04-30,1,1.0,127.0,20.19,0,,True,,False,,,,
Kern River,040298085400,Reed Crude,168,Chevron U.S.A. Inc.,Active,0,2018-01-31,2018-01-31,1,1.0,230.0,36.57,0,,True,,False,,,,
Kern River,040298086700,Reed Crude,181,Chevron U.S.A. Inc.,Active,0,2019-04-30,2019-04-30,1,1.0,142.0,22.58,0,,True,,False,,,,
Kern River,040298087501,Junction,86,Chevron U.S.A. Inc.,Active,0,2019-12-31,2019-12-31,1,2.0,133.0,21.15,0,,True,,False,,,,
Kern River,040298088400,Davis,18,Chevron U.S.A. Inc.,Active,0,2018-02-28,2018-02-28,1,1.0,221.0,35.14,0,,True,,False,,,,
Kern River,040298111100,KCL-10,73,Chevron U.S.A. Inc.,Active,0,2018-01-31,2018-01-31,1,1.0,342.0,54.38,0,,True,,False,,,,
Kern River,040298123600,San Joaquin,820,Chevron U.S.A. Inc.,Active,0,2018-01-31,2018-01-31,1,1.0,194.0,30.85,0,,True,,False,,,,
Kern River,040298123800,San Joaquin,822,Chevron U.S.A. Inc.,Active,0,2018-02-28,2018-02-28,1,2.0,234.0,37.21,0,,True,,False,,,,
Kern River,040298124200,San Joaquin,826,Chevron U.S.A. Inc.,Active,0,2020-11-30,2020-11-30,1,4.0,3287.0,522.63,0,,True,,False,,,,
Kern River,040298133300,Calex,24,Chevron U.S.A. Inc.,Active,0,2018-01-31,2018-01-31,1,1.0,305.0,48.49,0,,True,,False,,,,
Kern River,040298133301,Calex,24,Chevron U.S.A. Inc.,Active,0,2019-04-30,2019-04-30,1,1.0,47.0,7.47,0,,True,,False,,,,
Kern River,040298133900,Senator,63,Chevron U.S.A. Inc.,Active,0,2018-01-31,2018-01-31,1,2.0,170.0,27.03,0,,True,,False,,,,
Kern River,040298133903,Senator,63,Chevron U.S.A. Inc.,Active,0,2019-03-31,2019-03-31,1,1.0,134.0,21.31,0,,True,,False,,,,
Kern River,040298134401,Senator,69,Chevron U.S.A. Inc.,Active,0,2019-03-31,2019-03-31,1,1.0,142.0,22.58,0,,True,,False,,,,
Kern River,040298134900,Senator,74,Chevron U.S.A. Inc.,Active,0,2018-02-28,2018-02-28,1,1.0,615.0,97.78,0,,True,,False,,,,
Kern River,040298134902,Senator,74,Chevron U.S.A. Inc.,Active,0,2018-04-30,2018-08-31,3,4.0,546.0,86.81,0,212.0,False,,False,,,,
Kern River,040298134902,Senator,74,Chevron U.S.A. Inc.,Active,1,2019-03-31,2019-03-31,1,1.0,50.0,7.95,0,,True,,False,,,,
Kern River,040298135101,Senator,76,Chevron U.S.A. Inc.,Active,0,2019-03-31,2019-03-31,1,1.0,136.0,21.62,0,,True,,False,,,,
Kern River,040298135200,Senator,77,Chevron U.S.A. Inc.,Active,0,2018-01-31,2018-01-31,1,2.0,170.0,27.03,0,,True,,False,,,,
Kern River,040298135301,Senator,78,Chevron U.S.A. Inc.,Active,0,2019-09-30,2019-09-30,1,1.0,106.0,16.85,0,,True,,False,,,,
Kern River,040298135602,Sterling,204,Chevron U.S.A. Inc.,Active,0,2019-01-31,2019-02-28,2,2.0,220.0,34.98,0,,True,,False,,,,
Kern River,040298136600,Sycamore,88,Chevron U.S.A. Inc.,Active,0,2018-01-31,2018-01-31,1,1.0,239.0,38.0,0,,True,,False,,,,
Kern River,040298164300,Apollo,69,Chevron U.S.A. Inc.,Active,0,2019-05-31,2019-05-31,1,1.0,4.0,0.64,0,,True,,False,,,,
Kern River,040298169000,Chicago Crude,194,Chevron U.S.A. Inc.,Active,0,2018-01-31,2018-01-31,1,1.0,351.0,55.81,0,,True,,False,,,,
Kern River,040298238400,Melwood,54,Chevron U.S.A. Inc.,Active,0,2019-10-31,2019-10-31,1,2.0,111.0,17.65,0,,True,,False,,,,
Kern River,040298257900,San Joaquin,833,Chevron U.S.A. Inc.,Active,0,2018-01-31,2018-01-31,1,2.0,274.0,43.57,0,,True,,False,,,,
Kern River,040298259100,San Joaquin,855,Chevron U.S.A. Inc.,Active,0,2018-01-31,2018-01-31,1,2.0,627.0,99.69,0,1034.0,False,,False,,,,
Kern River,040298259100,San Joaquin,855,Chevron U.S.A. Inc.,Active,1,2020-11-30,2020-11-30,1,4.0,3287.0,522.63,0,,True,,False,,,,
Kern River,040298259400,San Joaquin,858,Chevron U.S.A. Inc.,Active,0,2018-01-31,2018-01-31,1,1.0,283.0,45.0,0,,True,,False,,,,
Kern River,040298260100,San Joaquin,653,Chevron U.S.A. Inc.,Active,0,2018-01-31,2018-01-31,1,1.0,213.0,33.87,0,,True,,False,,,,
Kern River,040298297800,Mecca,11-19,Chevron U.S.A. Inc.,Active,0,2018-01-31,2019-03-31,4,4.0,1028.0,163.45,0,214.0,False,,False,,,,
Kern River,040298297800,Mecca,11-19,Chevron U.S.A. Inc.,Active,1,2019-10-31,2019-10-31,1,1.0,108.0,17.17,0,,True,,False,,,,
Kern River,040298297900,Mecca,68-19,Chevron U.S.A. Inc.,Active,0,2018-01-31,2018-01-31,1,2.0,578.0,91.9,0,,True,,False,,,,
Kern River,040298297901,Mecca,68-19,Chevron U.S.A. Inc.,Active,0,2019-09-30,2019-09-30,1,2.0,356.0,56.6,0,92.0,False,,False,,,,
Kern River,040298297901,Mecca,68-19,Chevron U.S.A. Inc.,Active,1,2019-12-31,2019-12-31,1,1.0,87.0,13.83,0,,True,,False,,,,
Kern River,040298298200,Mecca,1A-19,Chevron U.S.A. Inc.,Active,0,2019-03-31,2019-03-31,1,1.0,146.0,23.21,0,214.0,False,,False,,,,
Kern River,040298298200,Mecca,1A-19,Chevron U.S.A. Inc.,Active,1,2019-10-31,2019-10-31,1,1.0,108.0,17.17,0,,True,,False,,,,
Kern River,040298298601,Mecca,22R-19,Chevron U.S.A. Inc.,Active,0,2019-03-31,2019-03-31,1,1.0,143.0,22.74,0,214.0,False,,False,,,,
Kern River,040298298601,Mecca,22R-19,Chevron U.S.A. Inc.,Active,1,2019-10-31,2019-10-31,1,1.0,146.0,23.21,0,,True,,False,,,,
Kern River,040298299800,Mecca,12R-19,Chevron U.S.A. Inc.,Active,0,2019-03-31,2019-03-31,1,1.0,159.0,25.28,0,214.0,False,,False,,,,
Kern River,040298299800,Mecca,12R-19,Chevron U.S.A. Inc.,Active,1,2019-10-31,2019-10-31,1,1.0,112.0,17.81,0,,True,,False,,,,
Kern River,040298301402,Mecca,30X-19,Chevron U.S.A. Inc.,Active,0,2019-08-31,2019-08-31,1,1.0,123.0,19.56,0,61.0,False,,False,,,,
Kern River,040298301402,Mecca,30X-19,Chevron U.S.A. Inc.,Active,1,2019-10-31,2019-10-31,1,1.0,136.0,21.62,0,,True,,False,,,,
Kern River,040298302300,Mecca,79X-19,Chevron U.S.A. Inc.,Active,0,2018-01-31,2018-01-31,1,2.0,576.0,91.58,0,,True,,False,,,,
Kern River,040298305900,Green & Whittier A,258,Chevron U.S.A. Inc.,Active,0,2018-02-28,2019-02-28,3,4.0,261.0,41.5,0,,True,,False,,,,
Kern River,040298306000,Green & Whittier A,260,Chevron U.S.A. Inc.,Active,0,2018-02-28,2018-02-28,1,1.0,202.0,32.12,0,,True,,False,,,,
Kern River,040298306001,Green & Whittier A,260,Chevron U.S.A. Inc.,Active,0,2019-03-31,2019-03-31,1,1.0,45.0,7.16,0,,True,,False,,,,
Kern River,040298306200,Calloma,21,Chevron U.S.A. Inc.,Active,0,2018-01-31,2018-01-31,1,1.0,214.0,34.03,0,,True,,False,,,,
Kern River,040298329700,Vesta,92,Chevron U.S.A. Inc.,Active,0,2019-01-31,2019-03-31,3,3.0,421.0,66.94,0,,True,,False,,,,
Kern River,040298333001,American Naphtha,24BT1,Chevron U.S.A. Inc.,Active,0,2019-05-31,2019-05-31,1,1.0,9.0,1.43,0,,True,,False,,,,
Kern River,040298459400,Clarence,44,Chevron U.S.A. Inc.,Active,0,2019-10-31,2019-10-31,1,2.0,797.0,126.72,0,,True,,False,,,,
Kern River,040298459500,Hanford & Fresno,34,Chevron U.S.A. Inc.,Active,0,2018-02-28,2018-02-28,1,1.0,233.0,37.05,0,,True,,False,,,,
Kern River,040298460000,Senator,80,Chevron U.S.A. Inc.,Active,0,2018-01-31,2018-01-31,1,1.0,237.0,37.68,0,,True,,False,,,,
Kern River,040298462000,Vesta,91,Chevron U.S.A. Inc.,Active,0,2019-01-31,2019-03-31,3,3.0,421.0,66.94,0,,True,,False,,,,
Kern River,040298462200,Vesta,94,Chevron U.S.A. Inc.,Active,0,2019-03-31,2019-03-31,1,1.0,146.0,23.21,0,,True,,False,,,,
Kern River,040298462700,Unspecified,19-200,Chevron U.S.A. Inc.,Active,0,2019-01-31,2019-02-28,2,2.0,272.0,43.25,0,,True,,False,,,,
Kern River,040298464300,Reed Crude,184,Chevron U.S.A. Inc.,Active,0,2019-01-31,2019-02-28,2,4.0,262.0,41.66,0,,True,,False,,,,
Kern River,040298485600,Vesta,95,Chevron U.S.A. Inc.,Active,0,2019-03-31,2019-03-31,1,1.0,146.0,23.21,0,,True,,False,,,,
Kern River,040298531601,Fee A,206,Chevron U.S.A. Inc.,Active,0,2019-01-31,2019-02-28,2,2.0,98.0,15.58,0,61.0,False,,False,,,,
Kern River,040298531601,Fee A,206,Chevron U.S.A. Inc.,Active,1,2019-04-30,2019-04-30,1,1.0,48.0,7.63,0,,True,,False,,,,
Kern River,040298546800,Bear Flag,16,Chevron U.S.A. Inc.,Active,0,2018-01-31,2018-02-28,2,2.0,701.0,111.46,0,,True,,False,,,,
Kern River,040298546802,Bear Flag,16,Chevron U.S.A. Inc.,Active,0,2019-01-31,2019-02-28,2,4.0,96.0,15.26,0,245.0,False,,False,,,,
Kern River,040298546802,Bear Flag,16,Chevron U.S.A. Inc.,Active,1,2019-10-31,2019-10-31,1,2.0,630.0,100.17,0,,True,,False,,,,
Kern River,040298547000,Bear Flag,18,Chevron U.S.A. Inc.,Active,0,2018-01-31,2018-01-31,1,1.0,251.0,39.91,0,,True,,False,,,,
Kern River,040298556200,Reed Crude,189,Chevron U.S.A. Inc.,Active,0,2019-01-31,2019-02-28,2,4.0,262.0,41.66,0,,True,,False,,,,
Kern River,040298561400,Green & Whittier A,278,Chevron U.S.A. Inc.,Active,0,2019-04-30,2019-04-30,1,1.0,51.0,8.11,0,,True,,False,,,,
Kern River,040298561500,Green & Whittier A,279,Chevron U.S.A. Inc.,Active,0,2019-04-30,2019-04-30,1,1.0,52.0,8.27,0,,True,,False,,,,
Kern River,040298561900,Clarence,48,Chevron U.S.A. Inc.,Active,0,2018-01-31,2018-01-31,1,1.0,214.0,34.03,0,,True,,False,,,,
Kern River,040298562001,Hanford & Fresno,38,Chevron U.S.A. Inc.,Active,0,2019-03-31,2019-03-31,1,2.0,50.0,7.95,0,214.0,False,,False,,,,
Kern River,040298562001,Hanford & Fresno,38,Chevron U.S.A. Inc.,Active,1,2019-10-31,2019-10-31,1,2.0,774.0,123.07,0,,True,,False,,,,
Kern River,040298562400,Hanford & Fresno,42,Chevron U.S.A. Inc.,Idle,0,2019-04-30,2019-04-30,1,1.0,41.0,6.52,0,,True,,False,,,,
Kern River,040298569500,American Crude A,70,Chevron U.S.A. Inc.,Idle,0,2020-02-29,2020-02-29,1,2.0,529.0,84.11,0,,True,,False,,,,
Kern River,040298586300,Green & Whittier A,280,Chevron U.S.A. Inc.,Active,0,2019-04-30,2019-04-30,1,1.0,46.0,7.31,0,,True,,False,,,,
Kern River,040298586501,Senator,84,Chevron U.S.A. Inc.,Active,0,2019-03-31,2019-03-31,1,1.0,135.0,21.46,0,,True,,False,,,,
Kern River,040298593501,Sycamore,106,Chevron U.S.A. Inc.,Active,0,2019-03-31,2019-03-31,1,1.0,173.0,27.51,0,,True,,False,,,,
Kern River,040298598000,Sesame,805,Chevron U.S.A. Inc.,Idle,0,2019-10-31,2019-10-31,1,2.0,306.0,48.65,0,,True,,False,,,,
Kern River,040298598200,Bishop Fee,802,Chevron U.S.A. Inc.,Idle,0,2019-01-31,2019-02-28,2,2.0,92.0,14.63,0,,True,,False,,,,
Kern River,040298622100,Green & Whittier A,282,Chevron U.S.A. Inc.,Active,0,2018-02-28,2018-02-28,1,1.0,241.0,38.32,0,,True,,False,,,,
Kern River,040298622101,Green & Whittier A,282,Chevron U.S.A. Inc.,Active,0,2019-03-31,2019-03-31,1,1.0,56.0,8.9,0,183.0,False,,False,,,,
Kern River,040298622101,Green & Whittier A,282,Chevron U.S.A. Inc.,Active,1,2019-09-30,2019-09-30,1,2.0,124.0,19.72,0,427.0,False,,False,,,,
Kern River,040298622101,Green & Whittier A,282,Chevron U.S.A. Inc.,Active,2,2020-11-30,2020-11-30,1,2.0,742.0,117.98,0,,True,,False,,,,
Kern River,040298622200,Green & Whittier A,283,Chevron U.S.A. Inc.,Active,0,2019-08-31,2019-08-31,1,2.0,795.0,126.41,0,,True,,False,,,,
Kern River,040298639100,Wilmar,152,Chevron U.S.A. Inc.,Active,0,2020-09-30,2020-09-30,1,2.0,636.0,101.12,0,,True,,False,,,,
Kern River,040298642300,Bear Flag,20,Chevron U.S.A. Inc.,Active,0,2018-01-31,2018-02-28,2,2.0,636.0,101.12,0,,True,,False,,,,
Kern River,040298642301,Bear Flag,20,Chevron U.S.A. Inc.,Active,0,2018-03-31,2018-04-30,2,3.0,296.0,47.06,0,123.0,False,,False,,,,
Kern River,040298642301,Bear Flag,20,Chevron U.S.A. Inc.,Active,1,2018-08-31,2018-08-31,1,1.0,187.0,29.73,0,,True,,False,,,,
Kern River,040298642600,Green & Whittier,223,Chevron U.S.A. Inc.,Active,0,2018-01-31,2018-01-31,1,1.0,578.0,91.9,0,,True,,False,,,,
Kern River,040298647700,Green & Whittier A,286,Chevron U.S.A. Inc.,Active,0,2019-03-31,2019-03-31,1,1.0,188.0,29.89,0,,True,,False,,,,
Kern River,040298647900,Green & Whittier A,288,Chevron U.S.A. Inc.,Active,0,2018-01-31,2018-02-28,2,2.0,701.0,111.46,0,,True,,False,,,,
Kern River,040298649700,Green & Whittier A,289,Chevron U.S.A. Inc.,Active,0,2019-06-30,2019-06-30,1,2.0,130.0,20.67,0,,True,,False,,,,
Kern River,040298653000,Melwood,56,Chevron U.S.A. Inc.,Active,0,2019-10-31,2019-10-31,1,2.0,111.0,17.65,0,,True,,False,,,,
Kern River,040298688400,Wilmar,101,Chevron U.S.A. Inc.,Active,0,2020-09-30,2020-09-30,1,2.0,621.0,98.74,0,,True,,False,,,,
Kern River,040298688700,Wilmar,111,Chevron U.S.A. Inc.,Active,0,2020-09-30,2020-09-30,1,2.0,626.0,99.53,0,,True,,False,,,,
Kern River,040298688800,Wilmar,121,Chevron U.S.A. Inc.,Active,0,2020-09-30,2020-09-30,1,2.0,625.0,99.38,0,,True,,False,,,,
Kern River,040298689600,Wilmar,103,Chevron U.S.A. Inc.,Active,0,2020-09-30,2020-09-30,1,2.0,623.0,99.06,0,,True,,False,,,,
Kern River,040298689800,Wilmar,105,Chevron U.S.A. Inc.,Active,0,2019-01-31,2019-02-28,2,2.0,270.0,42.93,0,550.0,False,,False,,,,
Kern River,040298689800,Wilmar,105,Chevron U.S.A. Inc.,Active,1,2020-08-31,2020-08-31,1,2.0,751.0,119.41,0,122.0,False,,False,,,,
Kern River,040298689800,Wilmar,105,Chevron U.S.A. Inc.,Active,2,2020-12-31,2020-12-31,1,2.0,1072.0,170.45,0,,True,,False,,,,
Kern River,040298690100,Wilmar,123,Chevron U.S.A. Inc.,Active,0,2020-09-30,2020-09-30,1,2.0,640.0,101.76,0,,True,,False,,,,
Kern River,040298690200,Wilmar,124,Chevron U.S.A. Inc.,Active,0,2020-09-30,2020-09-30,1,2.0,638.0,101.44,0,,True,,False,,,,
Kern River,040298690600,Wilmar,107,Chevron U.S.A. Inc.,Active,0,2019-01-31,2019-03-31,3,3.0,460.0,73.14,0,366.0,False,,False,,,,
Kern River,040298690600,Wilmar,107,Chevron U.S.A. Inc.,Active,1,2020-03-31,2020-03-31,1,1.0,341.0,54.22,0,122.0,False,,False,,,,
Kern River,040298690600,Wilmar,107,Chevron U.S.A. Inc.,Active,2,2020-07-31,2020-08-31,2,4.0,1479.0,235.16,0,,True,,False,,,,
Kern River,040298690800,Wilmar,114,Chevron U.S.A. Inc.,Active,0,2019-01-31,2019-02-28,2,2.0,316.0,50.24,0,306.0,False,,False,,,,
Kern River,040298690800,Wilmar,114,Chevron U.S.A. Inc.,Active,1,2019-12-31,2019-12-31,1,2.0,421.0,66.94,0,274.0,False,,False,,,,
Kern River,040298690800,Wilmar,114,Chevron U.S.A. Inc.,Active,2,2020-09-30,2020-09-30,1,2.0,678.0,107.8,0,,True,,False,,,,
Kern River,040298691000,Wilmar,125,Chevron U.S.A. Inc.,Active,0,2020-01-31,2020-01-31,1,2.0,620.0,98.58,0,213.0,False,,False,,,,
Kern River,040298691000,Wilmar,125,Chevron U.S.A. Inc.,Active,1,2020-08-31,2020-09-30,2,2.0,734.0,116.71,0,,True,,False,,,,
Kern River,040298691200,Wilmar,128,Chevron U.S.A. Inc.,Active,0,2019-01-31,2019-03-31,3,3.0,509.0,80.93,0,519.0,False,,False,,,,
Kern River,040298691200,Wilmar,128,Chevron U.S.A. Inc.,Active,1,2020-08-31,2020-09-30,2,2.0,735.0,116.86,0,,True,,False,,,,
Kern River,040298691800,Wilmar,145,Chevron U.S.A. Inc.,Active,0,2019-01-31,2019-02-28,2,2.0,264.0,41.98,0,580.0,False,,False,,,,
Kern River,040298691800,Wilmar,145,Chevron U.S.A. Inc.,Active,1,2020-09-30,2020-09-30,1,2.0,634.0,100.81,0,,True,,False,,,,
Kern River,040298707301,Calex,25,Chevron U.S.A. Inc.,Active,0,2019-10-31,2019-10-31,1,2.0,712.0,113.21,0,,True,,False,,,,
Kern River,040298709300,San Joaquin,872,Chevron U.S.A. Inc.,Active,0,2019-03-31,2019-03-31,1,1.0,154.0,24.49,0,153.0,False,,False,,,,
Kern River,040298709300,San Joaquin,872,Chevron U.S.A. Inc.,Active,1,2019-08-31,2019-08-31,1,1.0,159.0,25.28,0,,True,,False,,,,
Kern River,040298724301,Green & Whittier A,563,Chevron U.S.A. Inc.,Active,0,2019-01-31,2019-03-31,3,3.0,171.0,27.19,0,,True,,False,,,,
Kern River,040298724400,Kern A,197,Chevron U.S.A. Inc.,Active,0,2019-03-31,2019-03-31,1,1.0,47.0,7.47,0,,True,,False,,,,
Kern River,040298726300,Green & Whittier A,294,Chevron U.S.A. Inc.,Active,0,2018-01-31,2018-01-31,1,1.0,229.0,36.41,0,,True,,False,,,,
Kern River,040298726401,Green & Whittier A,295,Chevron U.S.A. Inc.,Active,0,2019-03-31,2019-03-31,1,1.0,47.0,7.47,0,,True,,False,,,,
Kern River,040298729001,Green & Whittier A,290,Chevron U.S.A. Inc.,Active,0,2019-01-31,2019-03-31,3,3.0,171.0,27.19,0,,True,,False,,,,
Kern River,040298734700,Green & Whittier A,291,Chevron U.S.A. Inc.,Active,0,2018-02-28,2018-02-28,1,1.0,478.0,76.0,0,,True,,False,,,,
Kern River,040298734800,Green & Whittier A,292,Chevron U.S.A. Inc.,Active,0,2018-02-28,2018-02-28,1,1.0,255.0,40.55,0,,True,,False,,,,
Kern River,040298734803,Green & Whittier A,292,Chevron U.S.A. Inc.,Active,0,2019-01-31,2019-02-28,2,2.0,82.0,13.04,0,61.0,False,,False,,,,
Kern River,040298734803,Green & Whittier A,292,Chevron U.S.A. Inc.,Active,1,2019-04-30,2019-04-30,1,1.0,31.0,4.93,0,580.0,False,,False,,,,
Kern River,040298734803,Green & Whittier A,292,Chevron U.S.A. Inc.,Active,2,2020-11-30,2020-11-30,1,2.0,750.0,119.25,0,,True,,False,,,,
Kern River,040298735300,San Joaquin,877,Chevron U.S.A. Inc.,Active,0,2018-01-31,2018-01-31,1,1.0,209.0,33.23,0,,True,,False,,,,
Kern River,040298759500,Kern,409,Chevron U.S.A. Inc.,Active,0,2018-01-31,2018-01-31,1,2.0,424.0,67.42,0,,True,,False,,,,
Kern River,040298763900,San Joaquin,879,Chevron U.S.A. Inc.,Active,0,2019-01-31,2019-02-28,2,4.0,350.0,55.65,0,184.0,False,,False,,,,
Kern River,040298763900,San Joaquin,879,Chevron U.S.A. Inc.,Active,1,2019-08-31,2019-08-31,1,1.0,147.0,23.37,0,,True,,False,,,,
Kern River,040298771200,Angus,114,Chevron U.S.A. Inc.,Active,0,2020-01-31,2020-01-31,1,2.0,545.0,86.66,0,,True,,False,,,,
Kern River,040298784100,Green & Whittier A,399,Chevron U.S.A. Inc.,Active,0,2018-01-31,2018-02-28,2,3.0,382.0,60.74,0,396.0,False,,False,,,,
Kern River,040298784100,Green & Whittier A,399,Chevron U.S.A. Inc.,Active,1,2019-03-31,2019-03-31,1,1.0,49.0,7.79,0,153.0,False,,False,,,,
Kern River,040298784100,Green & Whittier A,399,Chevron U.S.A. Inc.,Active,2,2019-08-31,2019-08-31,1,1.0,129.0,20.51,0,61.0,False,,False,,,,
Kern River,040298784100,Green & Whittier A,399,Chevron U.S.A. Inc.,Active,3,2019-10-31,2019-10-31,1,1.0,155.0,24.64,0,,True,,False,,,,
Kern River,040298798200,San Joaquin,887,Chevron U.S.A. Inc.,Active,0,2019-03-31,2019-03-31,1,1.0,161.0,25.6,0,,True,,False,,,,
Kern River,040298808400,Green & Whittier A,300,Chevron U.S.A. Inc.,Active,0,2018-02-28,2018-02-28,1,1.0,202.0,32.12,0,396.0,False,,False,,,,
Kern River,040298808400,Green & Whittier A,300,Chevron U.S.A. Inc.,Active,1,2019-03-31,2019-03-31,1,1.0,58.0,9.22,0,,True,,False,,,,
Kern River,040298830100,Green & Whittier A,298,Chevron U.S.A. Inc.,Active,0,2018-02-28,2018-02-28,1,1.0,256.0,40.7,0,,True,,False,,,,
Kern River,040298830200,Hanford & Fresno,45,Chevron U.S.A. Inc.,Active,0,2018-02-28,2018-02-28,1,1.0,204.0,32.44,0,,True,,False,,,,
Kern River,040298831700,Hanford & Fresno,44,Chevron U.S.A. Inc.,Active,0,2018-02-28,2018-02-28,1,1.0,204.0,32.44,0,,True,,False,,,,
Kern River,040298831701,Hanford & Fresno,44,Chevron U.S.A. Inc.,Active,0,2019-09-30,2019-09-30,1,2.0,652.0,103.67,0,,True,,False,,,,
Kern River,040298832101,Sterling,216,Chevron U.S.A. Inc.,Active,0,2019-01-31,2019-02-28,2,2.0,220.0,34.98,0,,True,,False,,,,
Kern River,040298832200,Omar,69,Chevron U.S.A. Inc.,Active,0,2019-03-31,2019-03-31,1,1.0,131.0,20.83,0,,True,,False,,,,
Kern River,040298845400,Kern Oil & Development,24,Chevron U.S.A. Inc.,Active,0,2019-06-30,2019-06-30,1,2.0,171.0,27.19,0,519.0,False,,False,,,,
Kern River,040298845400,Kern Oil & Development,24,Chevron U.S.A. Inc.,Active,1,2020-11-30,2020-11-30,1,2.0,768.0,122.11,0,,True,,False,,,,
Kern River,040298845600,Unspecified,19-206,Chevron U.S.A. Inc.,Active,0,2019-01-31,2019-02-28,2,2.0,270.0,42.93,0,,True,,False,,,,
Kern River,040298846000,Yellowstone,28,Chevron U.S.A. Inc.,Active,0,2019-03-31,2019-03-31,1,1.0,149.0,23.69,0,,True,,False,,,,
Kern River,040298850600,Kern Oil & Development,25,Chevron U.S.A. Inc.,Active,0,2020-11-30,2020-11-30,1,2.0,754.0,119.89,0,,True,,False,,,,
Kern River,040298884500,Sovereign,38,Chevron U.S.A. Inc.,Active,0,2018-01-31,2018-01-31,1,1.0,278.0,44.2,0,,True,,False,,,,
Kern River,040298885900,Green & Whittier A,307,Chevron U.S.A. Inc.,Active,0,2018-01-31,2018-01-31,1,2.0,236.0,37.52,0,,True,,False,,,,
Kern River,040298887300,Green & Whittier,229,Chevron U.S.A. Inc.,Active,0,2018-02-28,2018-02-28,1,2.0,199.0,31.64,0,,True,,False,,,,
Kern River,040298887301,Green & Whittier,229,Chevron U.S.A. Inc.,Active,0,2018-03-31,2018-03-31,1,2.0,143.0,22.74,0,61.0,False,,False,,,,
Kern River,040298887301,Green & Whittier,229,Chevron U.S.A. Inc.,Active,1,2018-05-31,2019-02-28,4,5.0,566.0,89.99,0,214.0,False,,False,,,,
Kern River,040298887301,Green & Whittier,229,Chevron U.S.A. Inc.,Active,2,2019-09-30,2019-09-30,1,1.0,137.0,21.78,0,,True,,False,,,,
Kern River,040298887400,Green & Whittier,230,Chevron U.S.A. Inc.,Active,0,2018-01-31,2018-01-31,1,1.0,329.0,52.31,0,,True,,False,,,,
Kern River,040298887401,Green & Whittier,230,Chevron U.S.A. Inc.,Active,0,2019-08-31,2019-08-31,1,1.0,136.0,21.62,0,,True,,False,,,,
Kern River,040298887500,Green & Whittier,231,Chevron U.S.A. Inc.,Active,0,2018-02-28,2018-02-28,1,1.0,200.0,31.8,0,,True,,False,,,,
Kern River,040298887501,Green & Whittier,231,Chevron U.S.A. Inc.,Active,0,2018-03-31,2018-03-31,1,2.0,137.0,21.78,0,61.0,False,,False,,,,
Kern River,040298887501,Green & Whittier,231,Chevron U.S.A. Inc.,Active,1,2018-05-31,2019-02-28,4,6.0,497.0,79.02,0,184.0,False,,False,,,,
Kern River,040298887501,Green & Whittier,231,Chevron U.S.A. Inc.,Active,2,2019-08-31,2019-08-31,1,1.0,139.0,22.1,0,,True,,False,,,,
Kern River,040298887600,Sovereign,35,Chevron U.S.A. Inc.,Active,0,2018-01-31,2018-01-31,1,1.0,251.0,39.91,0,,True,,False,,,,
Kern River,040298911800,Green & Whittier A,569,Chevron U.S.A. Inc.,Active,0,2018-02-28,2018-02-28,1,1.0,216.0,34.34,0,,True,,False,,,,
Kern River,040298957300,Green & Whittier A,574,Chevron U.S.A. Inc.,Active,0,2018-02-28,2018-02-28,1,1.0,241.0,38.32,0,,True,,False,,,,
Kern River,040298976500,Reed Crude,190,Chevron U.S.A. Inc.,Active,0,2018-01-31,2018-01-31,1,1.0,188.0,29.89,0,,True,,False,,,,
Kern River,040300110401,American Naphtha,3114,Chevron U.S.A. Inc.,Active,0,2019-01-31,2019-02-28,2,2.0,84.0,13.36,0,,True,,False,,,,
Kern River,040300111100,American Naphtha,3663,Chevron U.S.A. Inc.,Active,0,2018-01-31,2018-01-31,1,1.0,175.0,27.82,0,,True,,False,,,,
Kern River,040300111200,American Naphtha,3673,Chevron U.S.A. Inc.,Active,0,2019-01-31,2019-02-28,2,4.0,102.0,16.22,0,,True,,False,,,,
Kern River,040300116300,American Naphtha,3633,Chevron U.S.A. Inc.,Active,0,2020-02-29,2020-02-29,1,2.0,163.0,25.92,0,,True,,False,,,,
Kern River,040300129500,Rasmussen,1513,Chevron U.S.A. Inc.,Active,0,2018-01-31,2018-01-31,1,2.0,236.0,37.52,0,,True,,False,,,,
Kern River,040300129600,Rasmussen,1517,Chevron U.S.A. Inc.,Active,0,2018-02-28,2018-02-28,1,1.0,216.0,34.34,0,,True,,False,,,,
Kern River,040300129601,Rasmussen,1517,Chevron U.S.A. Inc.,Active,0,2019-06-30,2019-06-30,1,1.0,139.0,22.1,0,,True,,False,,,,
Kern River,040300130400,Kern Co. Land Co.,1626,Chevron U.S.A. Inc.,Active,0,2019-01-31,2019-02-28,2,2.0,94.0,14.95,0,,True,,False,,,,
Kern River,040300169001,Rasmussen,1525,Chevron U.S.A. Inc.,Active,0,2019-06-30,2019-06-30,1,1.0,440.0,69.96,0,123.0,False,,False,,,,
Kern River,040300169001,Rasmussen,1525,Chevron U.S.A. Inc.,Active,1,2019-10-31,2019-10-31,1,2.0,181.0,28.78,0,396.0,False,,False,,,,
Kern River,040300169001,Rasmussen,1525,Chevron U.S.A. Inc.,Active,2,2020-11-30,2020-11-30,1,4.0,2365.0,376.04,0,,True,,False,,,,
Kern River,040300169401,Rasmussen,1235,Chevron U.S.A. Inc.,Active,0,2019-06-30,2019-06-30,1,1.0,440.0,69.96,0,,True,,False,,,,
Kern River,040300170500,Kern Co. Land Co.,1622,Chevron U.S.A. Inc.,Active,0,2019-01-31,2019-03-31,3,3.0,145.0,23.05,0,,True,,False,,,,
Kern River,040300170600,Kern Co. Land Co.,1621,Chevron U.S.A. Inc.,Active,0,2019-01-31,2019-02-28,2,2.0,100.0,15.9,0,,True,,False,,,,
Kern River,040300183401,Rasmussen,1524R,Chevron U.S.A. Inc.,Active,0,2019-05-31,2019-05-31,1,3.0,1157.0,183.96,0,61.0,False,,False,,,,
Kern River,040300183401,Rasmussen,1524R,Chevron U.S.A. Inc.,Active,1,2019-07-31,2019-08-31,2,3.0,826.0,131.33,0,,True,,False,,,,
Kern River,040300205400,Kern Co. Land Co.,1310,Chevron U.S.A. Inc.,Active,0,2019-01-31,2019-02-28,2,2.0,110.0,17.49,0,,True,,False,,,,
Kern River,040300205700,Rasmussen,1215,Chevron U.S.A. Inc.,Active,0,2019-09-30,2019-09-30,1,1.0,118.0,18.76,0,,True,,False,,,,
Kern River,040300206000,Rasmussen,1210,Chevron U.S.A. Inc.,Active,0,2018-01-31,2018-01-31,1,2.0,242.0,38.48,0,,True,,False,,,,
Kern River,040300238200,Del Rey West Fee,23,Chevron U.S.A. Inc.,Active,0,2019-03-31,2019-03-31,1,2.0,85.0,13.52,0,,True,,False,,,,
Kern River,040300238400,Thomas,22,Chevron U.S.A. Inc.,Active,0,2018-01-31,2018-01-31,1,1.0,101.0,16.06,0,,True,,False,,,,
Kern River,040300239400,San Joaquin,890,Chevron U.S.A. Inc.,Idle,0,2018-02-28,2018-02-28,1,1.0,348.0,55.33,0,,True,,False,,,,
Kern River,040300268500,Rasmussen,1506,Chevron U.S.A. Inc.,Active,0,2020-01-31,2020-01-31,1,2.0,538.0,85.54,0,60.0,False,,False,,,,
Kern River,040300268500,Rasmussen,1506,Chevron U.S.A. Inc.,Active,1,2020-03-31,2020-03-31,1,2.0,134.0,21.31,0,,True,,False,,,,
Kern River,040300269000,Rasmussen,1216,Chevron U.S.A. Inc.,Active,0,2020-03-31,2020-03-31,1,7.0,4253.0,676.23,0,,True,,False,,,,
Kern River,040300269100,Rasmussen,1246,Chevron U.S.A. Inc.,Active,0,2020-04-30,2020-04-30,1,1.0,519.0,82.52,0,92.0,False,,False,,,,
Kern River,040300269100,Rasmussen,1246,Chevron U.S.A. Inc.,Active,1,2020-07-31,2020-07-31,1,2.0,135.0,21.46,0,,True,,False,,,,
Kern River,040300269300,Rasmussen,1244,Chevron U.S.A. Inc.,Active,0,2020-11-30,2020-11-30,1,4.0,2374.0,377.47,0,,True,,False,,,,
Kern River,040300269400,Rasmussen,1243,Chevron U.S.A. Inc.,Active,0,2020-11-30,2020-11-30,1,2.0,968.0,153.91,0,,True,,False,,,,
Kern River,040300269701,Kern Co. Land Co.,1251,Chevron U.S.A. Inc.,Active,0,2019-07-31,2019-07-31,1,1.0,430.0,68.37,0,,True,,False,,,,
Kern River,040300299200,Alma Jr.,37,Chevron U.S.A. Inc.,Active,0,2020-11-30,2020-11-30,1,4.0,2295.0,364.91,0,62.0,False,,False,,,,
Kern River,040300299200,Alma Jr.,37,Chevron U.S.A. Inc.,Active,1,2021-01-31,2021-01-31,1,4.0,2323.0,369.36,0,,True,,False,,,,
Kern River,040300307501,Vanderlip,26,Chevron U.S.A. Inc.,Active,0,2019-09-30,2019-10-31,2,3.0,663.0,105.42,0,,True,,False,,,,
Kern River,040300307600,Vanderlip,25,Chevron U.S.A. Inc.,Active,0,2019-09-30,2019-11-30,3,3.0,664.0,105.58,0,,True,,False,,,,
Kern River,040300307801,Tejon,66,Chevron U.S.A. Inc.,Active,0,2019-05-31,2019-05-31,1,2.0,674.0,107.17,0,,True,,False,,,,
Kern River,040300348700,Sesame,47,Chevron U.S.A. Inc.,Idle,0,2019-10-31,2019-10-31,1,1.0,353.0,56.13,0,,True,,False,,,,
Kern River,040300359600,Elwood,1700,Chevron U.S.A. Inc.,Active,0,2018-01-31,2018-01-31,1,1.0,121.0,19.24,0,,True,,False,,,,
Kern River,040300364100,Elwood,412,Chevron U.S.A. Inc.,Active,0,2020-11-30,2020-11-30,1,1.0,215.0,34.19,0,,True,,False,,,,
Kern River,040300371700,Elwood,1720,Chevron U.S.A. Inc.,Active,0,2018-01-31,2019-02-28,3,3.0,251.0,39.91,0,641.0,False,,False,,,,
Kern River,040300371700,Elwood,1720,Chevron U.S.A. Inc.,Active,1,2020-11-30,2020-11-30,1,1.0,204.0,32.44,0,,True,,False,,,,
Kern River,040300464400,Melwood,83,Chevron U.S.A. Inc.,Active,0,2019-10-31,2019-10-31,1,2.0,112.0,17.81,0,,True,,False,,,,
Kern River,040300466300,Ojai,80,Chevron U.S.A. Inc.,Active,0,2019-10-31,2019-10-31,1,2.0,112.0,17.81,0,,True,,False,,,,
Kern River,040300466400,Sesame,84,Chevron U.S.A. Inc.,Idle,0,2019-10-31,2019-10-31,1,2.0,306.0,48.65,0,,True,,False,,,,
Kern River,040300481100,Elwood,1702,Chevron U.S.A. Inc.,Active,0,2019-01-31,2019-02-28,2,2.0,48.0,7.63,0,641.0,False,,False,,,,
Kern River,040300481100,Elwood,1702,Chevron U.S.A. Inc.,Active,1,2020-11-30,2020-11-30,1,1.0,177.0,28.14,0,,True,,False,,,,
Kern River,040300481500,Elwood,1810,Chevron U.S.A. Inc.,Active,0,2018-01-31,2018-01-31,1,1.0,199.0,31.64,0,,True,,False,,,,
Kern River,040300487800,Elwood,1130,Chevron U.S.A. Inc.,Active,0,2018-01-31,2018-01-31,1,1.0,200.0,31.8,0,1034.0,False,,False,,,,
Kern River,040300487800,Elwood,1130,Chevron U.S.A. Inc.,Active,1,2020-11-30,2020-11-30,1,1.0,184.0,29.26,0,,True,,False,,,,
Kern River,040300558300,Elwood,1112,Chevron U.S.A. Inc.,Active,0,2019-01-31,2019-02-28,2,2.0,48.0,7.63,0,,True,,False,,,,
Kern River,040300558600,Elwood,1122,Chevron U.S.A. Inc.,Active,0,2018-01-31,2018-01-31,1,1.0,95.0,15.11,0,,True,,False,,,,
Kern River,040300558800,Elwood,1131,Chevron U.S.A. Inc.,Active,0,2018-01-31,2018-01-31,1,1.0,144.0,22.9,0,,True,,False,,,,
Kern River,040300559200,Elwood,1800,Chevron U.S.A. Inc.,Active,0,2019-05-31,2019-05-31,1,1.0,9.0,1.43,0,,True,,False,,,,
Kern River,040300559300,Elwood,1801,Chevron U.S.A. Inc.,Active,0,2019-01-31,2019-02-28,2,2.0,64.0,10.18,0,,True,,False,,,,
Kern River,040300566000,Kern Co. Land Co.,93R,Chevron U.S.A. Inc.,Active,0,2019-03-31,2019-03-31,1,1.0,67.0,10.65,0,,True,,False,,,,
Kern River,040300566201,Kern Co. Land Co.,1612,Chevron U.S.A. Inc.,Active,0,2019-01-31,2019-03-31,3,3.0,145.0,23.05,0,,True,,False,,,,
Kern River,040300589201,San Joaquin,897,Chevron U.S.A. Inc.,Active,0,2020-02-29,2020-02-29,1,1.0,323.0,51.36,0,,True,,False,,,,
Kern River,040300592300,Fee A,400,Chevron U.S.A. Inc.,Active,0,2018-01-31,2018-01-31,1,1.0,193.0,30.69,0,,True,,False,,,,
Kern River,040300627200,American Naphtha,3052D,Chevron U.S.A. Inc.,Active,0,2019-04-30,2019-04-30,1,1.0,42.0,6.68,0,153.0,False,,False,,,,
Kern River,040300627200,American Naphtha,3052D,Chevron U.S.A. Inc.,Active,1,2019-09-30,2019-10-31,2,2.0,264.0,41.98,0,,True,,False,,,,
Kern River,040300627300,American Naphtha,3042N,Chevron U.S.A. Inc.,Active,0,2019-04-30,2019-04-30,1,1.0,165.0,26.23,0,,True,,False,,,,
Kern River,040300627400,American Naphtha,3021A,Chevron U.S.A. Inc.,Active,0,2018-02-28,2018-02-28,1,2.0,144.0,22.9,0,,True,,False,,,,
Kern River,040300627401,American Naphtha,3021A,Chevron U.S.A. Inc.,Active,0,2018-04-30,2018-04-30,1,1.0,687.0,109.23,0,,True,,False,,,,
Kern River,040300640101,Unspecified,20-15,Chevron U.S.A. Inc.,Active,0,2019-01-31,2019-02-28,2,4.0,404.0,64.24,0,214.0,False,,False,,,,
Kern River,040300640101,Unspecified,20-15,Chevron U.S.A. Inc.,Active,1,2019-09-30,2019-09-30,1,1.0,96.0,15.26,0,,True,,False,,,,
Kern River,040300653700,Kern,413,Chevron U.S.A. Inc.,Active,0,2018-01-31,2018-01-31,1,2.0,576.0,91.58,0,,True,,False,,,,
Kern River,040300665300,Central Point,88,Chevron U.S.A. Inc.,Active,0,2019-04-30,2019-04-30,1,1.0,42.0,6.68,0,,True,,False,,,,
Kern River,040300665900,Clampitt,69,Chevron U.S.A. Inc.,Active,0,2018-02-28,2018-02-28,1,2.0,634.0,100.81,0,,True,,False,,,,
Kern River,040300665901,Clampitt,69,Chevron U.S.A. Inc.,Active,0,2018-05-31,2018-08-31,2,3.0,367.0,58.35,0,,True,,False,,,,
Kern River,040300695300,Unspecified,19-13,Chevron U.S.A. Inc.,Active,0,2018-02-28,2019-02-28,3,6.0,777.0,123.54,0,,True,,False,,,,
Kern River,040300700900,Elwood,950,Chevron U.S.A. Inc.,Active,0,2018-01-31,2018-01-31,1,1.0,187.0,29.73,0,,True,,False,,,,
Kern River,040300701100,Elwood,940,Chevron U.S.A. Inc.,Active,0,2021-10-31,2021-12-31,3,92.0,26616.0,4231.94,0,,True,,False,,,,
Kern River,040300724300,American Naphtha,5-6AR,Chevron U.S.A. Inc.,Active,0,2019-04-30,2019-05-31,2,2.0,168.0,26.71,0,,True,,False,,,,
Kern River,040300724400,Monte Cristo No. 1,178R,Chevron U.S.A. Inc.,Active,0,2019-03-31,2019-03-31,1,2.0,129.0,20.51,0,,True,,False,,,,
Kern River,040300758700,Chanslor,46,Chevron U.S.A. Inc.,Active,0,2019-07-31,2019-07-31,1,2.0,625.0,99.38,0,,True,,False,,,,
Kern River,040300789200,Green & Whittier,237,Chevron U.S.A. Inc.,Active,0,2018-01-31,2018-01-31,1,1.0,574.0,91.27,0,,True,,False,,,,
Kern River,040300789301,Green & Whittier,236,Chevron U.S.A. Inc.,Active,0,2020-11-30,2020-11-30,1,2.0,753.0,119.73,0,,True,,False,,,,
Kern River,040300794500,Junction,94,Chevron U.S.A. Inc.,Active,0,2018-01-31,2018-01-31,1,1.0,167.0,26.55,0,,True,,False,,,,
Kern River,040300798200,Junction,99,Chevron U.S.A. Inc.,Active,0,2019-04-30,2019-04-30,1,1.0,40.0,6.36,0,,True,,False,,,,
Kern River,040300800600,Clampitt,72,Chevron U.S.A. Inc.,Active,0,2019-01-31,2019-02-28,2,2.0,84.0,13.36,0,,True,,False,,,,
Kern River,040300810600,Green & Whittier,248,Chevron U.S.A. Inc.,Active,0,2018-01-31,2018-01-31,1,1.0,395.0,62.8,0,,True,,False,,,,
Kern River,040300810601,Green & Whittier,248,Chevron U.S.A. Inc.,Active,0,2019-01-31,2019-02-28,2,4.0,142.0,22.58,0,,True,,False,,,,
Kern River,040300820600,Vanderlip,31,Chevron U.S.A. Inc.,Active,0,2018-01-31,2018-01-31,1,1.0,337.0,53.58,0,607.0,False,,False,,,,
Kern River,040300820600,Vanderlip,31,Chevron U.S.A. Inc.,Active,1,2019-09-30,2019-09-30,1,1.0,107.0,17.01,0,,True,,False,,,,
Kern River,040300822000,Green & Whittier,243,Chevron U.S.A. Inc.,Active,0,2018-01-31,2018-01-31,1,1.0,174.0,27.67,0,,True,,False,,,,
Kern River,040300822201,Green & Whittier,250,Chevron U.S.A. Inc.,Active,0,2020-08-31,2020-08-31,1,1.0,137.0,21.78,0,426.0,False,,False,,,,
Kern River,040300822201,Green & Whittier,250,Chevron U.S.A. Inc.,Active,1,2021-10-31,2021-10-31,1,6.0,4261.0,677.5,0,,True,,False,,,,
Kern River,040300822400,Vanderlip,29,Chevron U.S.A. Inc.,Active,0,2018-01-31,2018-01-31,1,1.0,189.0,30.05,0,668.0,False,,False,,,,
Kern River,040300822400,Vanderlip,29,Chevron U.S.A. Inc.,Active,1,2019-11-30,2019-11-30,1,2.0,419.0,66.62,0,,True,,False,,,,
Kern River,040300822501,Tejon,69,Chevron U.S.A. Inc.,Active,0,2019-10-31,2019-10-31,1,2.0,570.0,90.63,0,152.0,False,,False,,,,
Kern River,040300822501,Tejon,69,Chevron U.S.A. Inc.,Active,1,2020-03-31,2020-03-31,1,2.0,192.0,30.53,0,,True,,False,,,,
Kern River,040300841001,Vanderlip,32,Chevron U.S.A. Inc.,Active,0,2019-01-31,2019-02-28,2,4.0,330.0,52.47,0,,True,,False,,,,
Kern River,040300841201,Tejon,73,Chevron U.S.A. Inc.,Active,0,2019-10-31,2019-10-31,1,2.0,763.0,121.32,0,,True,,False,,,,
Kern River,040300841700,Tejon,78,Chevron U.S.A. Inc.,Active,0,2018-01-31,2018-02-28,2,2.0,344.0,54.7,0,,True,,False,,,,
Kern River,040300848101,East Puente B,30,Chevron U.S.A. Inc.,Active,0,2019-08-31,2019-08-31,1,1.0,143.0,22.74,0,,True,,False,,,,
Kern River,040300851400,American Naphtha,3131,Chevron U.S.A. Inc.,Active,0,2018-01-31,2018-01-31,1,1.0,486.0,77.27,0,,True,,False,,,,
Kern River,040300870000,Yellowstone,29,Chevron U.S.A. Inc.,Idle,0,2019-03-31,2019-03-31,1,2.0,241.0,38.32,0,,True,,False,,,,
Kern River,040300890400,Green & Whittier A,315,Chevron U.S.A. Inc.,Active,0,2019-03-31,2019-03-31,1,1.0,54.0,8.59,0,610.0,False,,False,,,,
Kern River,040300890400,Green & Whittier A,315,Chevron U.S.A. Inc.,Active,1,2020-11-30,2020-11-30,1,2.0,745.0,118.45,0,,True,,False,,,,
Kern River,040300891202,Tejon,83,Chevron U.S.A. Inc.,Active,0,2019-07-31,2019-08-31,2,5.0,1773.0,281.91,0,,True,,False,,,,
Kern River,040300891300,Tejon,82,Chevron U.S.A. Inc.,Active,0,2018-01-31,2018-02-28,2,3.0,434.0,69.01,0,610.0,False,,False,,,,
Kern River,040300891300,Tejon,82,Chevron U.S.A. Inc.,Active,1,2019-10-31,2019-10-31,1,2.0,546.0,86.81,0,,True,,False,,,,
Kern River,040300891400,Tejon,81,Chevron U.S.A. Inc.,Active,0,2018-02-28,2018-02-28,1,1.0,157.0,24.96,0,,True,,False,,,,
Kern River,040300898900,Junction,104,Chevron U.S.A. Inc.,Active,0,2019-04-30,2019-04-30,1,1.0,41.0,6.52,0,,True,,False,,,,
Kern River,040300900900,Junction,102,Chevron U.S.A. Inc.,Active,0,2019-03-31,2019-03-31,1,1.0,46.0,7.31,0,,True,,False,,,,
Kern River,040300901000,Junction,103,Chevron U.S.A. Inc.,Active,0,2019-04-30,2019-04-30,1,1.0,40.0,6.36,0,,True,,False,,,,
Kern River,040300905500,Chicago Crude,206,Chevron U.S.A. Inc.,Active,0,2018-01-31,2018-01-31,1,1.0,225.0,35.77,0,,True,,False,,,,
Kern River,040300906401,D & D A,48,Chevron U.S.A. Inc.,Idle,0,2019-03-31,2019-03-31,1,2.0,183.0,29.1,0,,True,,False,,,,
Kern River,040300909201,20th Century,17,Chevron U.S.A. Inc.,Active,0,2020-11-30,2020-11-30,1,2.0,762.0,121.16,0,,True,,False,,,,
Kern River,040300915700,Jacalitas,38,Chevron U.S.A. Inc.,Active,0,2018-01-31,2018-01-31,1,1.0,225.0,35.77,0,,True,,False,,,,
Kern River,040300915701,Jacalitas,38,Chevron U.S.A. Inc.,Active,0,2019-10-31,2019-10-31,1,2.0,620.0,98.58,0,,True,,False,,,,
Kern River,040300916201,Mecca,61,Chevron U.S.A. Inc.,Active,0,2019-03-31,2019-03-31,1,1.0,152.0,24.17,0,,True,,False,,,,
Kern River,040300936900,Knob Hill,81,Chevron U.S.A. Inc.,Plugged,0,2018-02-28,2018-02-28,1,2.0,239.0,38.0,0,,True,,False,,,,
Kern River,040300936901,Knob Hill,81,Chevron U.S.A. Inc.,Plugged,0,2018-03-31,2018-03-31,1,1.0,493.0,78.39,0,61.0,False,,False,,,,
Kern River,040300936901,Knob Hill,81,Chevron U.S.A. Inc.,Plugged,1,2018-05-31,2018-05-31,1,1.0,180.0,28.62,0,,True,,False,,,,
Kern River,040300937200,Green & Whittier,252,Chevron U.S.A. Inc.,Active,0,2018-02-28,2018-02-28,1,1.0,200.0,31.8,0,,True,,False,,,,
Kern River,040300949900,Kern A,206,Chevron U.S.A. Inc.,Active,0,2018-01-31,2018-01-31,1,2.0,640.0,101.76,0,,True,,False,,,,
Kern River,040300966900,San Joaquin,901,Chevron U.S.A. Inc.,Active,0,2018-01-31,2018-01-31,1,2.0,883.0,140.4,0,,True,,False,,,,
Kern River,040300980600,20th Century,19,Chevron U.S.A. Inc.,Active,0,2018-01-31,2018-02-28,2,2.0,382.0,60.74,0,,True,,False,,,,
Kern River,040300980601,20th Century,19,Chevron U.S.A. Inc.,Active,0,2018-03-31,2018-03-31,1,1.0,182.0,28.94,0,306.0,False,,False,,,,
Kern River,040300980601,20th Century,19,Chevron U.S.A. Inc.,Active,1,2019-01-31,2019-02-28,2,2.0,94.0,14.95,0,,True,,False,,,,
Kern River,040300980800,Y.M.K.,35,Chevron U.S.A. Inc.,Active,0,2019-03-31,2019-03-31,1,2.0,181.0,28.78,0,,True,,False,,,,
Kern River,040300980901,Y.M.K.,36,Chevron U.S.A. Inc.,Active,0,2019-03-31,2019-03-31,1,1.0,127.0,20.19,0,,True,,False,,,,
Kern River,040300993000,U.S.A.,6,Chevron U.S.A. Inc.,Active,0,2019-03-31,2019-03-31,1,1.0,165.0,26.23,0,,True,,False,,,,
Kern River,040301000200,Unspecified,25-120,Chevron U.S.A. Inc.,Active,0,2019-01-31,2019-02-28,2,2.0,262.0,41.66,0,397.0,False,,False,,,,
Kern River,040301000200,Unspecified,25-120,Chevron U.S.A. Inc.,Active,1,2020-03-31,2020-04-30,2,2.0,161.0,25.6,0,92.0,False,,False,,,,
Kern River,040301000200,Unspecified,25-120,Chevron U.S.A. Inc.,Active,2,2020-07-31,2020-07-31,1,2.0,747.0,118.77,0,61.0,False,,False,,,,
Kern River,040301000200,Unspecified,25-120,Chevron U.S.A. Inc.,Active,3,2020-09-30,2020-09-30,1,2.0,677.0,107.64,0,,True,,False,,,,
Kern River,040301002701,Unspecified,25-540,Chevron U.S.A. Inc.,Plugged,0,2019-04-30,2019-04-30,1,1.0,120.0,19.08,0,,True,,False,,,,
Kern River,040301004001,Unspecified,19-241,Chevron U.S.A. Inc.,Active,0,2019-01-31,2019-02-28,2,2.0,274.0,43.57,0,,True,,False,,,,
Kern River,040301015901,Mecca,41R-19,Chevron U.S.A. Inc.,Active,0,2019-09-30,2019-09-30,1,1.0,333.0,52.95,0,,True,,False,,,,
Kern River,040301022101,Oakland,56,Chevron U.S.A. Inc.,Active,0,2020-03-31,2020-03-31,1,1.0,367.0,58.35,0,,True,,False,,,,
Kern River,040301022700,Mitchell,28,Chevron U.S.A. Inc.,Active,0,2019-08-31,2019-08-31,1,1.0,122.0,19.4,0,,True,,False,,,,
Kern River,040301023100,Mitchell,32,Chevron U.S.A. Inc.,Active,0,2019-03-31,2019-03-31,1,1.0,177.0,28.14,0,153.0,False,,False,,,,
Kern River,040301023100,Mitchell,32,Chevron U.S.A. Inc.,Active,1,2019-08-31,2019-08-31,1,1.0,121.0,19.24,0,,True,,False,,,,
Kern River,040301023500,Mitchell,36,Chevron U.S.A. Inc.,Active,0,2019-03-31,2019-04-30,2,3.0,310.0,49.29,0,123.0,False,,False,,,,
Kern River,040301023500,Mitchell,36,Chevron U.S.A. Inc.,Active,1,2019-08-31,2019-09-30,2,3.0,582.0,92.54,0,92.0,False,,False,,,,
Kern River,040301023500,Mitchell,36,Chevron U.S.A. Inc.,Active,2,2019-12-31,2019-12-31,1,1.0,390.0,62.01,0,,True,,False,,,,
Kern River,040301023600,Mitchell,37,Chevron U.S.A. Inc.,Active,0,2019-03-31,2019-03-31,1,1.0,153.0,24.33,0,,True,,False,,,,
Kern River,040301031400,Green & Whittier,257,Chevron U.S.A. Inc.,Active,0,2018-02-28,2018-02-28,1,1.0,173.0,27.51,0,1006.0,False,,False,,,,
Kern River,040301031400,Green & Whittier,257,Chevron U.S.A. Inc.,Active,1,2020-11-30,2020-11-30,1,2.0,1132.0,179.99,0,,True,,False,,,,
Kern River,040301036800,Green & Whittier,261,Chevron U.S.A. Inc.,Active,0,2018-01-31,2018-02-28,2,3.0,439.0,69.8,0,,True,,False,,,,
Kern River,040301037000,Green & Whittier,263,Chevron U.S.A. Inc.,Active,0,2018-02-28,2019-09-30,2,4.0,2110.0,335.49,0,,True,,False,,,,
Kern River,040301037100,Green & Whittier,264,Chevron U.S.A. Inc.,Active,0,2019-03-31,2019-03-31,1,1.0,50.0,7.95,0,244.0,False,,False,,,,
Kern River,040301037100,Green & Whittier,264,Chevron U.S.A. Inc.,Active,1,2019-11-30,2019-11-30,1,3.0,2106.0,334.85,0,62.0,False,,False,,,,
Kern River,040301037100,Green & Whittier,264,Chevron U.S.A. Inc.,Active,2,2020-01-31,2020-01-31,1,2.0,852.0,135.47,0,304.0,False,,False,,,,
Kern River,040301037100,Green & Whittier,264,Chevron U.S.A. Inc.,Active,3,2020-11-30,2020-11-30,1,2.0,1112.0,176.81,0,,True,,False,,,,
Kern River,040301037200,Green & Whittier,265,Chevron U.S.A. Inc.,Active,0,2021-08-31,2021-08-31,1,4.0,3387.0,538.53,0,,True,,False,,,,
Kern River,040301037400,Green & Whittier,267,Chevron U.S.A. Inc.,Active,0,2018-01-31,2019-03-31,2,2.0,503.0,79.98,0,,True,,False,,,,
Kern River,040301037500,Green & Whittier,268,Chevron U.S.A. Inc.,Active,0,2018-01-31,2018-02-28,2,3.0,643.0,102.24,0,579.0,False,,False,,,,
Kern River,040301037500,Green & Whittier,268,Chevron U.S.A. Inc.,Active,1,2019-09-30,2019-10-31,2,5.0,2363.0,375.72,0,,True,,False,,,,
Kern River,040301080300,Knob Hill,516,Chevron U.S.A. Inc.,Active,0,2018-01-31,2018-01-31,1,2.0,896.0,142.46,0,,True,,False,,,,
Kern River,040301080401,Knob Hill,517,Chevron U.S.A. Inc.,Active,0,2019-01-31,2019-03-31,3,3.0,142.0,22.58,0,,True,,False,,,,
Kern River,040301123900,Vanderlip,510,Chevron U.S.A. Inc.,Active,0,2019-11-30,2019-11-30,1,2.0,422.0,67.1,0,,True,,False,,,,
Kern River,040301128500,Unspecified,22-8,Chevron U.S.A. Inc.,Active,0,2018-02-28,2018-02-28,1,1.0,395.0,62.8,0,,True,,False,,,,
Kern River,040301137300,Monte Cristo No. 1,3133,Chevron U.S.A. Inc.,Active,0,2019-10-31,2019-10-31,1,2.0,112.0,17.81,0,,True,,False,,,,
Kern River,040301137801,Monte Cristo No. 1,3253,Chevron U.S.A. Inc.,Idle,0,2020-09-30,2021-03-31,6,184.0,440.0,69.96,0,183.0,False,,False,,,,
Kern River,040301137801,Monte Cristo No. 1,3253,Chevron U.S.A. Inc.,Idle,1,2021-09-30,2021-09-30,1,30.0,59.0,9.38,0,,True,,False,,,,
Kern River,040301167600,Kern County Land Co. Lease 39,7045-9,Chevron U.S.A. Inc.,Active,0,2019-04-30,2019-04-30,1,1.0,42.0,6.68,0,580.0,False,,False,,,,
Kern River,040301167600,Kern County Land Co. Lease 39,7045-9,Chevron U.S.A. Inc.,Active,1,2020-11-30,2020-11-30,1,2.0,778.0,123.7,0,,True,,False,,,,
Kern River,040301167700,Kern County Land Co. Lease 39,6550-9,Chevron U.S.A. Inc.,Active,0,2020-11-30,2020-11-30,1,2.0,661.0,105.1,0,,True,,False,,,,
Kern River,040301167800,Kern County Land Co. Lease 39,6540-9,Chevron U.S.A. Inc.,Active,0,2019-05-31,2019-05-31,1,2.0,14.0,2.23,0,549.0,False,,False,,,,
Kern River,040301167800,Kern County Land Co. Lease 39,6540-9,Chevron U.S.A. Inc.,Active,1,2020-11-30,2020-11-30,1,2.0,661.0,105.1,0,,True,,False,,,,
Kern River,040301167900,Kern County Land Co. Lease 39,6055-9,Chevron U.S.A. Inc.,Active,0,2019-03-31,2019-03-31,1,1.0,43.0,6.84,0,91.0,False,,False,,,,
Kern River,040301167900,Kern County Land Co. Lease 39,6055-9,Chevron U.S.A. Inc.,Active,1,2019-06-30,2019-06-30,1,1.0,81.0,12.88,0,519.0,False,,False,,,,
Kern River,040301167900,Kern County Land Co. Lease 39,6055-9,Chevron U.S.A. Inc.,Active,2,2020-11-30,2020-11-30,1,1.0,394.0,62.65,0,,True,,False,,,,
Kern River,040301168000,Kern County Land Co. Lease 39,6045-9,Chevron U.S.A. Inc.,Active,0,2019-01-31,2019-02-28,2,2.0,112.0,17.81,0,641.0,False,,False,,,,
Kern River,040301168000,Kern County Land Co. Lease 39,6045-9,Chevron U.S.A. Inc.,Active,1,2020-11-30,2020-11-30,1,1.0,214.0,34.03,0,,True,,False,,,,
Kern River,040301168100,Kern County Land Co. Lease 39,5550-9,Chevron U.S.A. Inc.,Active,0,2019-03-31,2019-05-31,3,4.0,111.0,17.65,0,245.0,False,,False,,,,
Kern River,040301168100,Kern County Land Co. Lease 39,5550-9,Chevron U.S.A. Inc.,Active,1,2020-01-31,2020-01-31,1,1.0,421.0,66.94,0,,True,,False,,,,
Kern River,040301192800,U.S.A.,7,Chevron U.S.A. Inc.,Active,0,2019-03-31,2019-03-31,1,1.0,165.0,26.23,0,306.0,False,,False,,,,
Kern River,040301192800,U.S.A.,7,Chevron U.S.A. Inc.,Active,1,2020-01-31,2020-01-31,1,1.0,453.0,72.03,0,,True,,False,,,,
Kern River,040301192900,U.S.A.,8,Chevron U.S.A. Inc.,Active,0,2018-02-28,2018-02-28,1,1.0,468.0,74.41,0,61.0,False,,False,,,,
Kern River,040301192900,U.S.A.,8,Chevron U.S.A. Inc.,Active,1,2018-04-30,2018-04-30,1,1.0,150.0,23.85,0,335.0,False,,False,,,,
Kern River,040301192900,U.S.A.,8,Chevron U.S.A. Inc.,Active,2,2019-03-31,2019-03-31,1,1.0,157.0,24.96,0,275.0,False,,False,,,,
Kern River,040301192900,U.S.A.,8,Chevron U.S.A. Inc.,Active,3,2019-12-31,2019-12-31,1,2.0,410.0,65.19,0,,True,,False,,,,
Kern River,040301193000,U.S.A.,9,Chevron U.S.A. Inc.,Active,0,2019-03-31,2019-03-31,1,1.0,165.0,26.23,0,,True,,False,,,,
Kern River,040301254500,Kern County Land Co. Lease 39,6035-9,Chevron U.S.A. Inc.,Active,0,2019-07-31,2019-07-31,1,1.0,429.0,68.21,0,,True,,False,,,,
Kern River,040301254600,Kern County Land Co. Lease 39,6530-9,Chevron U.S.A. Inc.,Active,0,2019-04-30,2019-04-30,1,1.0,155.0,24.64,0,,True,,False,,,,
Kern River,040301254700,Kern County Land Co. Lease 39,7035-9,Chevron U.S.A. Inc.,Active,0,2019-06-30,2019-06-30,1,1.0,20.0,3.18,0,275.0,False,,False,,,,
Kern River,040301254700,Kern County Land Co. Lease 39,7035-9,Chevron U.S.A. Inc.,Active,1,2020-03-31,2020-03-31,1,2.0,618.0,98.26,0,122.0,False,,False,,,,
Kern River,040301254700,Kern County Land Co. Lease 39,7035-9,Chevron U.S.A. Inc.,Active,2,2020-07-31,2020-07-31,1,1.0,177.0,28.14,0,61.0,False,,False,,,,
Kern River,040301254700,Kern County Land Co. Lease 39,7035-9,Chevron U.S.A. Inc.,Active,3,2020-09-30,2020-09-30,1,2.0,1035.0,164.56,0,61.0,False,,False,,,,
Kern River,040301254700,Kern County Land Co. Lease 39,7035-9,Chevron U.S.A. Inc.,Active,4,2020-11-30,2020-11-30,1,2.0,785.0,124.81,0,,True,,False,,,,
Kern River,040301254900,Kern County Land Co. Lease 39,7540-9,Chevron U.S.A. Inc.,Active,0,2019-05-31,2019-06-30,2,4.0,114.0,18.13,0,215.0,False,,False,,,,
Kern River,040301254900,Kern County Land Co. Lease 39,7540-9,Chevron U.S.A. Inc.,Active,1,2020-01-31,2020-01-31,1,1.0,402.0,63.92,0,304.0,False,,False,,,,
Kern River,040301254900,Kern County Land Co. Lease 39,7540-9,Chevron U.S.A. Inc.,Active,2,2020-11-30,2020-11-30,1,2.0,778.0,123.7,0,,True,,False,,,,
Kern River,040301255100,Kern County Land Co. Lease 39,8045-9,Chevron U.S.A. Inc.,Active,0,2019-03-31,2019-04-30,2,2.0,107.0,17.01,0,61.0,False,,False,,,,
Kern River,040301255100,Kern County Land Co. Lease 39,8045-9,Chevron U.S.A. Inc.,Active,1,2019-06-30,2019-06-30,1,2.0,130.0,20.67,0,519.0,False,,False,,,,
Kern River,040301255100,Kern County Land Co. Lease 39,8045-9,Chevron U.S.A. Inc.,Active,2,2020-11-30,2020-11-30,1,2.0,686.0,109.07,0,,True,,False,,,,
Kern River,040301255200,Kern County Land Co. Lease 39,8530-9,Chevron U.S.A. Inc.,Active,0,2019-06-30,2019-06-30,1,1.0,88.0,13.99,0,,True,,False,,,,
Kern River,040301257000,Kern County Land Co. Lease 39,6065-9,Chevron U.S.A. Inc.,Active,0,2019-05-31,2019-05-31,1,2.0,14.0,2.23,0,305.0,False,,False,,,,
Kern River,040301257000,Kern County Land Co. Lease 39,6065-9,Chevron U.S.A. Inc.,Active,1,2020-03-31,2020-03-31,1,3.0,1359.0,216.08,0,,True,,False,,,,
Kern River,040301257100,Kern County Land Co. Lease 39,6560-9,Chevron U.S.A. Inc.,Active,0,2018-01-31,2018-01-31,1,2.0,468.0,74.41,0,485.0,False,,False,,,,
Kern River,040301257100,Kern County Land Co. Lease 39,6560-9,Chevron U.S.A. Inc.,Active,1,2019-05-31,2019-07-31,3,3.0,466.0,74.09,0,,True,,False,,,,
Kern River,040301259401,Unspecified,1-13,Chevron U.S.A. Inc.,Active,0,2019-03-31,2019-04-30,2,2.0,258.0,41.02,0,,True,,False,,,,
Kern River,040301259500,Unspecified,1-17,Chevron U.S.A. Inc.,Active,0,2019-01-31,2019-02-28,2,2.0,264.0,41.98,0,,True,,False,,,,
Kern River,040301270600,Sterling,223,Chevron U.S.A. Inc.,Active,0,2018-02-28,2019-02-28,3,6.0,919.0,146.12,0,,True,,False,,,,
Kern River,040301270800,Sterling,225,Chevron U.S.A. Inc.,Active,0,2019-01-31,2019-03-31,3,3.0,217.0,34.5,0,,True,,False,,,,
Kern River,040301284301,Senator,91,Chevron U.S.A. Inc.,Idle,0,2019-01-31,2019-03-31,3,5.0,495.0,78.7,0,,True,,False,,,,
Kern River,040301288200,Monte Cristo No. 1,3163,Chevron U.S.A. Inc.,Active,0,2019-03-31,2019-03-31,1,2.0,130.0,20.67,0,,True,,False,,,,
Kern River,040301291100,Kern County Land Co. Lease 39,9035-9,Chevron U.S.A. Inc.,Active,0,2020-02-29,2020-02-29,1,2.0,226.0,35.93,0,,True,,False,,,,
Kern River,040301291501,Kern County Land Co. Lease 39,1560-9,Chevron U.S.A. Inc.,Active,0,2019-07-31,2019-07-31,1,1.0,176.0,27.98,0,,True,,False,,,,
Kern River,040301291600,Kern County Land Co. Lease 39,2055-9,Chevron U.S.A. Inc.,Active,0,2019-07-31,2019-07-31,1,1.0,176.0,27.98,0,,True,,False,,,,
Kern River,040301291900,Kern County Land Co. Lease 39,7550-9,Chevron U.S.A. Inc.,Active,0,2019-03-31,2019-05-31,3,4.0,152.0,24.17,0,,True,,False,,,,
Kern River,040301292000,Kern County Land Co. Lease 39,8065-9,Chevron U.S.A. Inc.,Active,0,2019-05-31,2019-05-31,1,2.0,15.0,2.39,0,,True,,False,,,,
Kern River,040301292100,Kern County Land Co. Lease 39,8570-9,Chevron U.S.A. Inc.,Active,0,2019-05-31,2019-05-31,1,2.0,13.0,2.07,0,61.0,False,,False,,,,
Kern River,040301292100,Kern County Land Co. Lease 39,8570-9,Chevron U.S.A. Inc.,Active,1,2019-07-31,2019-07-31,1,1.0,412.0,65.51,0,,True,,False,,,,
Kern River,040301292200,Kern County Land Co. Lease 39,9045-9,Chevron U.S.A. Inc.,Active,0,2019-05-31,2019-05-31,1,2.0,17.0,2.7,0,,True,,False,,,,
Kern River,040301300600,Green & Whittier,561,Chevron U.S.A. Inc.,Active,0,2018-02-28,2018-02-28,1,2.0,200.0,31.8,0,,True,,False,,,,
Kern River,040301303700,Elwood,951,Chevron U.S.A. Inc.,Idle,0,2021-10-31,2021-12-31,3,84.0,21080.0,3351.72,0,,True,,False,,,,
Kern River,040301357700,Kern County Land Co. Lease 39,5560-9,Chevron U.S.A. Inc.,Active,0,2019-03-31,2019-03-31,1,1.0,50.0,7.95,0,61.0,False,,False,,,,
Kern River,040301357700,Kern County Land Co. Lease 39,5560-9,Chevron U.S.A. Inc.,Active,1,2019-05-31,2019-05-31,1,2.0,13.0,2.07,0,245.0,False,,False,,,,
Kern River,040301357700,Kern County Land Co. Lease 39,5560-9,Chevron U.S.A. Inc.,Active,2,2020-01-31,2020-01-31,1,1.0,378.0,60.1,0,60.0,False,,False,,,,
Kern River,040301357700,Kern County Land Co. Lease 39,5560-9,Chevron U.S.A. Inc.,Active,3,2020-03-31,2020-03-31,1,1.0,350.0,55.65,0,122.0,False,,False,,,,
Kern River,040301357700,Kern County Land Co. Lease 39,5560-9,Chevron U.S.A. Inc.,Active,4,2020-07-31,2020-07-31,1,1.0,168.0,26.71,0,61.0,False,,False,,,,
Kern River,040301357700,Kern County Land Co. Lease 39,5560-9,Chevron U.S.A. Inc.,Active,5,2020-09-30,2020-09-30,1,1.0,259.0,41.18,0,61.0,False,,False,,,,
Kern River,040301357700,Kern County Land Co. Lease 39,5560-9,Chevron U.S.A. Inc.,Active,6,2020-11-30,2020-11-30,1,1.0,360.0,57.24,0,,True,,False,,,,
Kern River,040301357800,Kern County Land Co. Lease 39,7560-9,Chevron U.S.A. Inc.,Active,0,2019-05-31,2019-05-31,1,2.0,14.0,2.23,0,,True,,False,,,,
Kern River,040301376800,Kern County Land Co. Lease 39,5570-9,Chevron U.S.A. Inc.,Active,0,2019-05-31,2019-05-31,1,2.0,14.0,2.23,0,,True,,False,,,,
Kern River,040301376900,Kern County Land Co. Lease 39,6570-9,Chevron U.S.A. Inc.,Active,0,2018-02-28,2018-02-28,1,2.0,453.0,72.03,0,,True,,False,,,,
Kern River,040301417900,KCL-10,76,Chevron U.S.A. Inc.,Plugged,0,2019-03-31,2019-03-31,1,1.0,31.0,4.93,0,,True,,False,,,,
Kern River,040301418500,Kern County Land Co. Lease 39,3065-9,Chevron U.S.A. Inc.,Active,0,2019-04-30,2019-04-30,1,1.0,41.0,6.52,0,,True,,False,,,,
Kern River,040301419700,Kern County Land Co. Lease 39,8550-9,Chevron U.S.A. Inc.,Active,0,2019-01-31,2019-02-28,2,2.0,90.0,14.31,0,92.0,False,,False,,,,
Kern River,040301419700,Kern County Land Co. Lease 39,8550-9,Chevron U.S.A. Inc.,Active,1,2019-05-31,2019-05-31,1,2.0,15.0,2.39,0,,True,,False,,,,
Kern River,040301419800,Kern County Land Co. Lease 39,8560-9,Chevron U.S.A. Inc.,Active,0,2019-03-31,2019-03-31,1,2.0,50.0,7.95,0,91.0,False,,False,,,,
Kern River,040301419800,Kern County Land Co. Lease 39,8560-9,Chevron U.S.A. Inc.,Active,1,2019-06-30,2019-07-31,2,4.0,1159.0,184.28,0,,True,,False,,,,
Kern River,040301420500,Unspecified,25-5A,Chevron U.S.A. Inc.,Active,0,2019-05-31,2019-06-30,2,2.0,379.0,60.26,0,,True,,False,,,,
Kern River,040301420700,Monte Cristo No. 1,3363,Chevron U.S.A. Inc.,Active,0,2018-01-31,2018-01-31,1,1.0,137.0,21.78,0,,True,,False,,,,
Kern River,040301421101,Monte Cristo No. 1,3483,Chevron U.S.A. Inc.,Active,0,2020-03-31,2020-03-31,1,2.0,704.0,111.94,0,,True,,False,,,,
Kern River,040301421200,Monte Cristo No. 1,3484,Chevron U.S.A. Inc.,Active,0,2018-01-31,2018-01-31,1,1.0,130.0,20.67,0,,True,,False,,,,
Kern River,040301422300,Unspecified,24-6,Chevron U.S.A. Inc.,Active,0,2018-02-28,2018-02-28,1,1.0,395.0,62.8,0,,True,,False,,,,
Kern River,040301424202,Unspecified,25-124,Chevron U.S.A. Inc.,Active,0,2019-04-30,2019-04-30,1,1.0,136.0,21.62,0,611.0,False,,False,,,,
Kern River,040301424202,Unspecified,25-124,Chevron U.S.A. Inc.,Active,1,2020-12-31,2020-12-31,1,2.0,1063.0,169.02,0,,True,,False,,,,
Kern River,040301448600,Kern,417,Chevron U.S.A. Inc.,Active,0,2018-02-28,2018-02-28,1,1.0,275.0,43.73,0,,True,,False,,,,
Kern River,040301460000,Knob Hill,84,Chevron U.S.A. Inc.,Active,0,2018-02-28,2018-02-28,1,2.0,245.0,38.95,0,,True,,False,,,,
Kern River,040301460200,Knob Hill,86,Chevron U.S.A. Inc.,Active,0,2018-01-31,2018-01-31,1,1.0,206.0,32.75,0,,True,,False,,,,
Kern River,040301460400,Pierce,31,Chevron U.S.A. Inc.,Active,0,2019-08-31,2019-08-31,1,1.0,102.0,16.22,0,,True,,False,,,,
Kern River,040301460600,Pierce,33,Chevron U.S.A. Inc.,Active,0,2018-02-28,2018-02-28,1,2.0,198.0,31.48,0,,True,,False,,,,
Kern River,040301479800,KCL-10,78,Chevron U.S.A. Inc.,Active,0,2018-01-31,2018-01-31,1,1.0,145.0,23.05,0,1034.0,False,,False,,,,
Kern River,040301479800,KCL-10,78,Chevron U.S.A. Inc.,Active,1,2020-11-30,2020-11-30,1,1.0,123.0,19.56,0,,True,,False,,,,
Kern River,040301480100,KCL-10,81,Chevron U.S.A. Inc.,Active,0,2018-01-31,2018-01-31,1,1.0,145.0,23.05,0,,True,,False,,,,
Kern River,040301481100,KCL-10,91,Chevron U.S.A. Inc.,Active,0,2018-01-31,2018-01-31,1,1.0,145.0,23.05,0,,True,,False,,,,
Kern River,040301481200,KCL-10,92,Chevron U.S.A. Inc.,Active,0,2018-01-31,2018-01-31,1,1.0,145.0,23.05,0,730.0,False,,False,,,,
Kern River,040301481200,KCL-10,92,Chevron U.S.A. Inc.,Active,1,2020-01-31,2020-01-31,1,1.0,96.0,15.26,0,,True,,False,,,,
Kern River,040301481400,KCL-10,94,Chevron U.S.A. Inc.,Active,0,2019-03-31,2019-03-31,1,1.0,31.0,4.93,0,,True,,False,,,,
Kern River,040301481500,KCL-10,95,Chevron U.S.A. Inc.,Active,0,2018-02-28,2018-02-28,1,1.0,175.0,27.82,0,,True,,False,,,,
Kern River,040301483300,Santa Fe Energy KCL-10,377,Chevron U.S.A. Inc.,Active,0,2018-01-31,2018-01-31,1,1.0,207.0,32.91,0,,True,,False,,,,
Kern River,040301487800,U.S.A.,12,Chevron U.S.A. Inc.,Active,0,2018-02-28,2018-02-28,1,1.0,468.0,74.41,0,61.0,False,,False,,,,
Kern River,040301487800,U.S.A.,12,Chevron U.S.A. Inc.,Active,1,2018-04-30,2018-04-30,1,1.0,384.0,61.06,0,335.0,False,,False,,,,
Kern River,040301487800,U.S.A.,12,Chevron U.S.A. Inc.,Active,2,2019-03-31,2019-03-31,1,1.0,159.0,25.28,0,214.0,False,,False,,,,
Kern River,040301487800,U.S.A.,12,Chevron U.S.A. Inc.,Active,3,2019-10-31,2019-10-31,1,1.0,407.0,64.71,0,,True,,False,,,,
Kern River,040301490100,Santa Fe Energy KCL-10,374,Chevron U.S.A. Inc.,Active,0,2018-02-28,2018-02-28,1,1.0,175.0,27.82,0,,True,,False,,,,
Kern River,040301523300,Sycamore,110,Chevron U.S.A. Inc.,Active,0,2018-02-28,2018-02-28,1,1.0,228.0,36.25,0,,True,,False,,,,
Kern River,040301526300,Del Rey Fee,43,Chevron U.S.A. Inc.,Active,0,2018-02-28,2018-02-28,1,1.0,348.0,55.33,0,,True,,False,,,,
Kern River,040301526500,San Joaquin,905,Chevron U.S.A. Inc.,Active,0,2019-06-30,2019-06-30,1,1.0,525.0,83.47,0,,True,,False,,,,
Kern River,040301532700,Kern Co. Land Co.,632,Chevron U.S.A. Inc.,Active,0,2019-03-31,2019-03-31,1,1.0,67.0,10.65,0,,True,,False,,,,
Kern River,040301537401,Tejon,87,Chevron U.S.A. Inc.,Active,0,2019-11-30,2019-11-30,1,1.0,419.0,66.62,0,,True,,False,,,,
Kern River,040301538000,Unspecified,25-129,Chevron U.S.A. Inc.,Active,0,2019-10-31,2019-10-31,1,2.0,627.0,99.69,0,,True,,False,,,,
Kern River,040301538900,Unspecified,25-138,Chevron U.S.A. Inc.,Active,0,2018-01-31,2018-01-31,1,1.0,326.0,51.83,0,,True,,False,,,,
Kern River,040301539200,Green & Whittier,274,Chevron U.S.A. Inc.,Active,0,2019-01-31,2019-03-31,3,5.0,186.0,29.57,0,,True,,False,,,,
Kern River,040301543000,KCL-10,97,Chevron U.S.A. Inc.,Active,0,2018-01-31,2018-01-31,1,1.0,133.0,21.15,0,,True,,False,,,,
Kern River,040301543200,KCL-10,101,Chevron U.S.A. Inc.,Active,0,2018-01-31,2018-01-31,1,1.0,112.0,17.81,0,,True,,False,,,,
Kern River,040301543300,KCL-10,102,Chevron U.S.A. Inc.,Active,0,2019-03-31,2019-03-31,1,2.0,41.0,6.52,0,,True,,False,,,,
Kern River,040301543600,KCL-10,98,Chevron U.S.A. Inc.,Active,0,2018-01-31,2018-01-31,1,1.0,112.0,17.81,0,,True,,False,,,,
Kern River,040301555600,Unspecified,25-153,Chevron U.S.A. Inc.,Active,0,2019-03-31,2019-03-31,1,1.0,131.0,20.83,0,,True,,False,,,,
Kern River,040301561301,Tejon,89,Chevron U.S.A. Inc.,Active,0,2019-10-31,2019-10-31,1,2.0,740.0,117.66,0,,True,,False,,,,
Kern River,040301578000,Alva,506,Chevron U.S.A. Inc.,Active,0,2019-03-31,2019-03-31,1,1.0,54.0,8.59,0,,True,,False,,,,
Kern River,040301587400,Green & Whittier,279,Chevron U.S.A. Inc.,Active,0,2018-02-28,2018-02-28,1,2.0,281.0,44.68,0,,True,,False,,,,
Kern River,040301587401,Green & Whittier,279,Chevron U.S.A. Inc.,Active,0,2019-09-30,2019-09-30,1,1.0,137.0,21.78,0,,True,,False,,,,
Kern River,040301587501,Green & Whittier,283,Chevron U.S.A. Inc.,Active,0,2019-03-31,2019-03-31,1,1.0,48.0,7.63,0,,True,,False,,,,
Kern River,040301587600,Green & Whittier,280,Chevron U.S.A. Inc.,Idle,0,2019-01-31,2019-02-28,2,4.0,126.0,20.03,0,,True,,False,,,,
Kern River,040301587700,Green & Whittier,281,Chevron U.S.A. Inc.,Active,0,2018-02-28,2018-02-28,1,2.0,281.0,44.68,0,,True,,False,,,,
Kern River,040301587701,Green & Whittier,281,Chevron U.S.A. Inc.,Active,0,2019-01-31,2019-02-28,2,4.0,134.0,21.31,0,122.0,False,,False,,,,
Kern River,040301587701,Green & Whittier,281,Chevron U.S.A. Inc.,Active,1,2019-06-30,2019-06-30,1,2.0,90.0,14.31,0,92.0,False,,False,,,,
Kern River,040301587701,Green & Whittier,281,Chevron U.S.A. Inc.,Active,2,2019-09-30,2019-09-30,1,2.0,127.0,20.19,0,,True,,False,,,,
Kern River,040301590800,Calex,28,Chevron U.S.A. Inc.,Active,0,2019-04-30,2019-04-30,1,1.0,47.0,7.47,0,,True,,False,,,,
Kern River,040301591000,Unspecified,25-547,Chevron U.S.A. Inc.,Active,0,2018-01-31,2018-01-31,1,2.0,902.0,143.42,0,,True,,False,,,,
Kern River,040301591001,Unspecified,25-547,Chevron U.S.A. Inc.,Active,0,2019-03-31,2019-03-31,1,1.0,174.0,27.67,0,,True,,False,,,,
Kern River,040301591100,Unspecified,25-548,Chevron U.S.A. Inc.,Active,0,2019-03-31,2019-03-31,1,1.0,172.0,27.35,0,,True,,False,,,,
Kern River,040301600600,Tejon,91,Chevron U.S.A. Inc.,Active,0,2018-01-31,2018-01-31,1,1.0,195.0,31.0,0,,True,,False,,,,
Kern River,040301600601,Tejon,91,Chevron U.S.A. Inc.,Active,0,2019-11-30,2019-11-30,1,2.0,415.0,65.98,0,,True,,False,,,,
Kern River,040301600700,Tejon,93,Chevron U.S.A. Inc.,Active,0,2018-01-31,2018-01-31,1,2.0,1035.0,164.56,0,,True,,False,,,,
Kern River,040301605200,Unspecified,17-6,Chevron U.S.A. Inc.,Active,0,2018-02-28,2018-02-28,1,1.0,398.0,63.28,0,,True,,False,,,,
Kern River,040301605400,Cortez,47,Chevron U.S.A. Inc.,Active,0,2018-01-31,2018-01-31,1,2.0,508.0,80.77,0,,True,,False,,,,
Kern River,040301605501,San Joaquin,906,Chevron U.S.A. Inc.,Active,0,2019-01-31,2019-02-28,2,4.0,322.0,51.2,0,,True,,False,,,,
Kern River,040301633601,Kern River Drillers,506,Chevron U.S.A. Inc.,Active,0,2019-01-31,2019-02-28,2,2.0,82.0,13.04,0,,True,,False,,,,
Kern River,040301645301,San Joaquin,907,Chevron U.S.A. Inc.,Active,0,2019-03-31,2019-03-31,1,1.0,160.0,25.44,0,,True,,False,,,,
Kern River,040301660800,Kern River Drillers,519,Chevron U.S.A. Inc.,Active,0,2018-01-31,2018-01-31,1,2.0,657.0,104.46,0,,True,,False,,,,
Kern River,040301663100,Omar,74,Chevron U.S.A. Inc.,Active,0,2018-01-31,2018-01-31,1,2.0,424.0,67.42,0,,True,,False,,,,
Kern River,040301670900,Unspecified,25-146,Chevron U.S.A. Inc.,Active,0,2018-01-31,2018-01-31,1,1.0,132.0,20.99,0,1034.0,False,,False,,,,
Kern River,040301670900,Unspecified,25-146,Chevron U.S.A. Inc.,Active,1,2020-11-30,2020-11-30,1,2.0,788.0,125.29,0,,True,,False,,,,
Kern River,040301676400,Fee A,147R,Chevron U.S.A. Inc.,Active,0,2018-01-31,2018-01-31,1,1.0,178.0,28.3,0,,True,,False,,,,
Kern River,040301716200,Cortez,51,Chevron U.S.A. Inc.,Active,0,2018-01-31,2018-01-31,1,2.0,1202.0,191.12,0,,True,,False,,,,
Kern River,040301722900,Junction,112,Chevron U.S.A. Inc.,Active,0,2018-02-28,2018-02-28,1,1.0,229.0,36.41,0,,True,,False,,,,
Kern River,040301757800,Del Rey Fee,44,Chevron U.S.A. Inc.,Active,0,2019-03-31,2019-03-31,1,1.0,73.0,11.61,0,,True,,False,,,,
Kern River,040301831900,Green & Whittier,284,Chevron U.S.A. Inc.,Active,0,2018-02-28,2018-02-28,1,2.0,246.0,39.11,0,,True,,False,,,,
Kern River,040301849500,Del Rey Fee,513,Chevron U.S.A. Inc.,Active,0,2019-03-31,2019-03-31,1,2.0,88.0,13.99,0,,True,,False,,,,
Kern River,040301850500,Kern River Drillers,505,Chevron U.S.A. Inc.,Active,0,2020-11-30,2020-11-30,1,2.0,759.0,120.68,0,,True,,False,,,,
Kern River,040301870701,Fee A,411,Chevron U.S.A. Inc.,Active,0,2019-08-31,2019-08-31,1,2.0,426.0,67.73,0,,True,,False,,,,
Kern River,040301881400,Del Rey Fee,514,Chevron U.S.A. Inc.,Active,0,2018-01-31,2018-01-31,1,1.0,209.0,33.23,0,,True,,False,,,,
Kern River,040301881500,Del Rey Fee,515,Chevron U.S.A. Inc.,Active,0,2018-01-31,2018-01-31,1,1.0,262.0,41.66,0,,True,,False,,,,
Kern River,040301901200,Green & Whittier,290,Chevron U.S.A. Inc.,Active,0,2019-09-30,2019-09-30,1,3.0,1810.0,287.79,0,427.0,False,,False,,,,
Kern River,040301901200,Green & Whittier,290,Chevron U.S.A. Inc.,Active,1,2020-11-30,2020-11-30,1,3.0,1529.0,243.11,0,304.0,False,,False,,,,
Kern River,040301901200,Green & Whittier,290,Chevron U.S.A. Inc.,Active,2,2021-09-30,2021-10-31,2,5.0,3537.0,562.38,0,,True,,False,,,,
Kern River,040302066300,Monte Cristo No. 1,3024,Chevron U.S.A. Inc.,Active,0,2018-01-31,2018-01-31,1,1.0,201.0,31.96,0,,True,,False,,,,
Kern River,040302066400,Monte Cristo No. 1,3043,Chevron U.S.A. Inc.,Idle,0,2018-01-31,2018-01-31,1,1.0,195.0,31.0,0,,True,,False,,,,
Kern River,040302066700,Monte Cristo No. 1,3064,Chevron U.S.A. Inc.,Active,0,2018-01-31,2018-01-31,1,1.0,183.0,29.1,0,454.0,False,,False,,,,
Kern River,040302066700,Monte Cristo No. 1,3064,Chevron U.S.A. Inc.,Active,1,2019-04-30,2019-04-30,1,1.0,398.0,63.28,0,,True,,False,,,,
Kern River,040302067100,Monte Cristo No. 1,3634,Chevron U.S.A. Inc.,Active,0,2018-02-28,2018-03-31,2,3.0,613.0,97.47,0,61.0,False,,False,,,,
Kern River,040302067100,Monte Cristo No. 1,3634,Chevron U.S.A. Inc.,Active,1,2018-05-31,2018-08-31,2,3.0,498.0,79.18,0,212.0,False,,False,,,,
Kern River,040302067100,Monte Cristo No. 1,3634,Chevron U.S.A. Inc.,Active,2,2019-03-31,2019-03-31,1,2.0,133.0,21.15,0,91.0,False,,False,,,,
Kern River,040302067100,Monte Cristo No. 1,3634,Chevron U.S.A. Inc.,Active,3,2019-06-30,2019-06-30,1,2.0,1247.0,198.27,0,92.0,False,,False,,,,
Kern River,040302067100,Monte Cristo No. 1,3634,Chevron U.S.A. Inc.,Active,4,2019-09-30,2019-09-30,1,3.0,1403.0,223.08,0,,True,,False,,,,
Kern River,040302093901,Kern River Drillers,507,Chevron U.S.A. Inc.,Active,0,2019-01-31,2019-02-28,2,4.0,88.0,13.99,0,,True,,False,,,,
Kern River,040302094000,Kern River Drillers,510,Chevron U.S.A. Inc.,Active,0,2018-01-31,2018-01-31,1,1.0,580.0,92.22,0,,True,,False,,,,
Kern River,040302097300,Y.M.K.,38,Chevron U.S.A. Inc.,Active,0,2019-03-31,2019-03-31,1,2.0,144.0,22.9,0,,True,,False,,,,
Kern River,040302114900,U.S.L.,42,Chevron U.S.A. Inc.,Active,0,2019-03-31,2019-04-30,2,3.0,360.0,57.24,0,,True,,False,,,,
Kern River,040302125300,Alma Jr.,40,Chevron U.S.A. Inc.,Active,0,2018-01-31,2018-01-31,1,2.0,151.0,24.01,0,,True,,False,,,,
Kern River,040302125301,Alma Jr.,40,Chevron U.S.A. Inc.,Active,0,2019-09-30,2019-09-30,1,1.0,133.0,21.15,0,427.0,False,,False,,,,
Kern River,040302125301,Alma Jr.,40,Chevron U.S.A. Inc.,Active,1,2020-11-30,2020-11-30,1,4.0,2259.0,359.18,0,,True,,False,,,,
Kern River,040302125400,Alma Jr.,41,Chevron U.S.A. Inc.,Active,0,2018-01-31,2018-01-31,1,2.0,151.0,24.01,0,,True,,False,,,,
Kern River,040302125600,Clampitt,78,Chevron U.S.A. Inc.,Active,0,2019-03-31,2019-03-31,1,1.0,129.0,20.51,0,,True,,False,,,,
Kern River,040302125900,Clampitt,75,Chevron U.S.A. Inc.,Active,0,2019-09-30,2019-09-30,1,2.0,855.0,135.94,0,,True,,False,,,,
Kern River,040302126000,Clampitt,76,Chevron U.S.A. Inc.,Active,0,2019-08-31,2019-08-31,1,1.0,432.0,68.69,0,,True,,False,,,,
Kern River,040302126100,Clampitt,77,Chevron U.S.A. Inc.,Active,0,2018-02-28,2018-02-28,1,2.0,569.0,90.47,0,,True,,False,,,,
Kern River,040302126200,Red Bank,47,Chevron U.S.A. Inc.,Active,0,2018-02-28,2018-02-28,1,1.0,234.0,37.21,0,,True,,False,,,,
Kern River,040302126900,Red Bank,54,Chevron U.S.A. Inc.,Active,0,2018-02-28,2018-02-28,1,1.0,234.0,37.21,0,,True,,False,,,,
Kern River,040302126901,Red Bank,54,Chevron U.S.A. Inc.,Active,0,2018-05-31,2018-08-31,2,3.0,321.0,51.04,0,273.0,False,,False,,,,
Kern River,040302126901,Red Bank,54,Chevron U.S.A. Inc.,Active,1,2019-05-31,2019-05-31,1,1.0,408.0,64.87,0,,True,,False,,,,
Kern River,040302173600,Junction,113,Chevron U.S.A. Inc.,Active,0,2018-01-31,2018-01-31,1,2.0,186.0,29.57,0,,True,,False,,,,
Kern River,040302271601,Kern A,64R,Chevron U.S.A. Inc.,Active,0,2019-08-31,2019-08-31,1,1.0,152.0,24.17,0,,True,,False,,,,
Kern River,040302279502,H.H. & F.,3-2C,Chevron U.S.A. Inc.,Active,0,2019-08-31,2019-08-31,1,1.0,117.0,18.6,0,,True,,False,,,,
Kern River,040302279600,Davis Fee,1-1B,Chevron U.S.A. Inc.,Active,0,2018-02-28,2018-02-28,1,2.0,450.0,71.55,0,,True,,False,,,,
Kern River,040302289700,Chicago Crude,213,Chevron U.S.A. Inc.,Active,0,2018-01-31,2018-01-31,1,2.0,964.0,153.28,0,,True,,False,,,,
Kern River,040302290200,Hecla,30,Chevron U.S.A. Inc.,Active,0,2019-01-31,2019-02-28,2,2.0,86.0,13.67,0,,True,,False,,,,
Kern River,040302297100,Junction,115,Chevron U.S.A. Inc.,Idle,0,2018-01-31,2018-01-31,1,2.0,482.0,76.64,0,,True,,False,,,,
Kern River,040302341700,Junction,116,Chevron U.S.A. Inc.,Active,0,2019-09-30,2019-09-30,1,1.0,124.0,19.72,0,,True,,False,,,,
Kern River,040302359900,American Naphtha,3123,Chevron U.S.A. Inc.,Active,0,2019-09-30,2019-09-30,1,2.0,140.0,22.26,0,,True,,False,,,,
Kern River,040302360100,Senator,45B,Chevron U.S.A. Inc.,Active,0,2019-01-31,2019-02-28,2,4.0,394.0,62.65,0,61.0,False,,False,,,,
Kern River,040302360100,Senator,45B,Chevron U.S.A. Inc.,Active,1,2019-04-30,2019-04-30,1,1.0,141.0,22.42,0,,True,,False,,,,
Kern River,040302360400,San Joaquin,147R,Chevron U.S.A. Inc.,Active,0,2018-01-31,2018-01-31,1,2.0,319.0,50.72,0,,True,,False,,,,
Kern River,040302381900,American Crude A,79,Chevron U.S.A. Inc.,Active,0,2020-03-31,2020-04-30,2,2.0,765.0,121.64,0,92.0,False,,False,,,,
Kern River,040302381900,American Crude A,79,Chevron U.S.A. Inc.,Active,1,2020-07-31,2020-07-31,1,2.0,704.0,111.94,0,,True,,False,,,,
Kern River,040302400000,Kern,420,Chevron U.S.A. Inc.,Active,0,2018-01-31,2018-01-31,1,1.0,171.0,27.19,0,,True,,False,,,,
Kern River,040302401500,Alva,31,Chevron U.S.A. Inc.,Active,0,2019-01-31,2019-02-28,2,2.0,100.0,15.9,0,,True,,False,,,,
Kern River,040302403501,Kern A,217,Chevron U.S.A. Inc.,Active,0,2019-03-31,2019-03-31,1,1.0,49.0,7.79,0,,True,,False,,,,
Kern River,040302414401,Unspecified,33-457,Chevron U.S.A. Inc.,Active,0,2019-10-31,2019-10-31,1,1.0,118.0,18.76,0,,True,,False,,,,
Kern River,040302414900,Apollo,82,Chevron U.S.A. Inc.,Active,0,2018-02-28,2018-02-28,1,1.0,340.0,54.06,0,61.0,False,,False,,,,
Kern River,040302414900,Apollo,82,Chevron U.S.A. Inc.,Active,1,2018-04-30,2018-04-30,1,1.0,144.0,22.9,0,,True,,False,,,,
Kern River,040302428700,Del Rey Fee,49,Chevron U.S.A. Inc.,Active,0,2018-01-31,2018-01-31,1,1.0,213.0,33.87,0,,True,,False,,,,
Kern River,040302428800,Junction,117,Chevron U.S.A. Inc.,Active,0,2019-04-30,2019-04-30,1,1.0,45.0,7.16,0,,True,,False,,,,
Kern River,040302428900,Junction,118,Chevron U.S.A. Inc.,Active,0,2018-02-28,2018-02-28,1,1.0,200.0,31.8,0,,True,,False,,,,
Kern River,040302430700,Kern County Land Co. Lease 39,153-9,Chevron U.S.A. Inc.,Active,0,2019-02-28,2019-03-31,2,3.0,107.0,17.01,0,,True,,False,,,,
Kern River,040302432800,Chanslor,61,Chevron U.S.A. Inc.,Active,0,2019-07-31,2019-07-31,1,2.0,625.0,99.38,0,61.0,False,,False,,,,
Kern River,040302432800,Chanslor,61,Chevron U.S.A. Inc.,Active,1,2019-09-30,2019-09-30,1,2.0,127.0,20.19,0,,True,,False,,,,
Kern River,040302433300,Del Rey Fee,51,Chevron U.S.A. Inc.,Active,0,2019-03-31,2019-03-31,1,2.0,88.0,13.99,0,153.0,False,,False,,,,
Kern River,040302433300,Del Rey Fee,51,Chevron U.S.A. Inc.,Active,1,2019-08-31,2019-08-31,1,1.0,192.0,30.53,0,213.0,False,,False,,,,
Kern River,040302433300,Del Rey Fee,51,Chevron U.S.A. Inc.,Active,2,2020-03-31,2020-03-31,1,2.0,710.0,112.89,0,91.0,False,,False,,,,
Kern River,040302433300,Del Rey Fee,51,Chevron U.S.A. Inc.,Active,3,2020-06-30,2020-06-30,1,2.0,797.0,126.72,0,62.0,False,,False,,,,
Kern River,040302433300,Del Rey Fee,51,Chevron U.S.A. Inc.,Active,4,2020-08-31,2020-08-31,1,1.0,96.0,15.26,0,,True,,False,,,,
Kern River,040302433601,Unspecified,33-462,Chevron U.S.A. Inc.,Active,0,2019-01-31,2019-02-28,2,2.0,248.0,39.43,0,61.0,False,,False,,,,
Kern River,040302433601,Unspecified,33-462,Chevron U.S.A. Inc.,Active,1,2019-04-30,2019-04-30,1,1.0,119.0,18.92,0,61.0,False,,False,,,,
Kern River,040302433601,Unspecified,33-462,Chevron U.S.A. Inc.,Active,2,2019-06-30,2019-06-30,1,1.0,445.0,70.75,0,,True,,False,,,,
Kern River,040302434600,U.S.L.,43,Chevron U.S.A. Inc.,Active,0,2019-04-30,2019-04-30,1,1.0,134.0,21.31,0,,True,,False,,,,
Kern River,040302435300,Junction,119,Chevron U.S.A. Inc.,Active,0,2019-08-31,2019-08-31,1,1.0,116.0,18.44,0,,True,,False,,,,
Kern River,040302445100,San Joaquin,923,Chevron U.S.A. Inc.,Active,0,2019-03-31,2019-03-31,1,1.0,150.0,23.85,0,,True,,False,,,,
Kern River,040302445200,San Joaquin,925,Chevron U.S.A. Inc.,Active,0,2019-03-31,2019-03-31,1,1.0,165.0,26.23,0,,True,,False,,,,
Kern River,040302449500,Tejon,113,Chevron U.S.A. Inc.,Active,0,2018-01-31,2018-01-31,1,1.0,163.0,25.92,0,,True,,False,,,,
Kern River,040302449600,Tejon,114,Chevron U.S.A. Inc.,Active,0,2018-01-31,2018-01-31,1,1.0,190.0,30.21,0,,True,,False,,,,
Kern River,040302449700,Tejon,120,Chevron U.S.A. Inc.,Active,0,2018-02-28,2018-02-28,1,1.0,492.0,78.23,0,640.0,False,,False,,,,
Kern River,040302449700,Tejon,120,Chevron U.S.A. Inc.,Active,1,2019-11-30,2019-11-30,1,2.0,436.0,69.32,0,,True,,False,,,,
Kern River,040302450100,Tejon,124,Chevron U.S.A. Inc.,Active,0,2018-01-31,2018-01-31,1,1.0,270.0,42.93,0,,True,,False,,,,
Kern River,040302450601,D & D A,61,Chevron U.S.A. Inc.,Active,0,2019-09-30,2019-09-30,1,2.0,133.0,21.15,0,,True,,False,,,,
Kern River,040302450700,Y.M.K.,56,Chevron U.S.A. Inc.,Active,0,2018-01-31,2018-01-31,1,1.0,184.0,29.26,0,,True,,False,,,,
Kern River,040302450800,D & D A,63,Chevron U.S.A. Inc.,Active,0,2018-01-31,2018-01-31,1,2.0,819.0,130.22,0,,True,,False,,,,
Kern River,040302454300,Unspecified,19-245,Chevron U.S.A. Inc.,Active,0,2019-03-31,2019-03-31,1,2.0,128.0,20.35,0,,True,,False,,,,
Kern River,040302454501,Mecca,89-19,Chevron U.S.A. Inc.,Active,0,2019-03-31,2019-03-31,1,1.0,129.0,20.51,0,,True,,False,,,,
Kern River,040302455301,Y.M.K.,47,Chevron U.S.A. Inc.,Active,0,2019-03-31,2019-03-31,1,2.0,177.0,28.14,0,,True,,False,,,,
Kern River,040302455401,Y.M.K.,49,Chevron U.S.A. Inc.,Active,0,2019-03-31,2019-03-31,1,2.0,177.0,28.14,0,,True,,False,,,,
Kern River,040302455600,Y.M.K.,51,Chevron U.S.A. Inc.,Active,0,2018-01-31,2018-01-31,1,1.0,184.0,29.26,0,,True,,False,,,,
Kern River,040302455601,Y.M.K.,51,Chevron U.S.A. Inc.,Active,0,2019-03-31,2019-03-31,1,2.0,137.0,21.78,0,,True,,False,,,,
Kern River,040302455800,Y.M.K.,53,Chevron U.S.A. Inc.,Active,0,2018-01-31,2018-01-31,1,1.0,594.0,94.45,0,,True,,False,,,,
Kern River,040302456001,Y.M.K.,55,Chevron U.S.A. Inc.,Active,0,2019-03-31,2019-03-31,1,2.0,132.0,20.99,0,,True,,False,,,,
Kern River,040302456900,Cauley,63,Chevron U.S.A. Inc.,Active,0,2020-07-31,2020-07-31,1,2.0,826.0,131.33,0,92.0,False,,False,,,,
Kern River,040302456900,Cauley,63,Chevron U.S.A. Inc.,Active,1,2020-10-31,2020-10-31,1,2.0,838.0,133.24,0,,True,,False,,,,
Kern River,040302457000,Cauley,65,Chevron U.S.A. Inc.,Active,0,2020-07-31,2020-07-31,1,1.0,82.0,13.04,0,,True,,False,,,,
Kern River,040302480400,H.H. & F.,27,Chevron U.S.A. Inc.,Active,0,2019-01-31,2019-02-28,2,4.0,80.0,12.72,0,184.0,False,,False,,,,
Kern River,040302480400,H.H. & F.,27,Chevron U.S.A. Inc.,Active,1,2019-08-31,2019-08-31,1,1.0,123.0,19.56,0,,True,,False,,,,
Kern River,040302480500,H.H. & F.,28,Chevron U.S.A. Inc.,Active,0,2019-01-31,2019-02-28,2,4.0,110.0,17.49,0,,True,,False,,,,
Kern River,040302481301,Thomas,25,Chevron U.S.A. Inc.,Active,0,2019-03-31,2019-03-31,1,1.0,128.0,20.35,0,,True,,False,,,,
Kern River,040302481400,East Puente B,31,Chevron U.S.A. Inc.,Active,0,2020-03-31,2020-03-31,1,1.0,16.0,2.54,0,,True,,False,,,,
Kern River,040302496400,Westates,5R,Chevron U.S.A. Inc.,Active,0,2019-09-30,2019-09-30,1,1.0,365.0,58.04,0,,True,,False,,,,
Kern River,040302496600,Tejon,25R,Chevron U.S.A. Inc.,Active,0,2018-01-31,2019-02-28,4,4.0,681.0,108.28,0,,True,,False,,,,
Kern River,040302497300,Sycamore,47R,Chevron U.S.A. Inc.,Active,0,2018-02-28,2018-02-28,1,2.0,198.0,31.48,0,,True,,False,,,,
Kern River,040302506201,Tejon,110,Chevron U.S.A. Inc.,Active,0,2019-10-31,2019-10-31,1,2.0,569.0,90.47,0,,True,,False,,,,
Kern River,040302506300,Tejon,111,Chevron U.S.A. Inc.,Active,0,2018-01-31,2018-01-31,1,2.0,190.0,30.21,0,,True,,False,,,,
Kern River,040302506400,Tejon,112,Chevron U.S.A. Inc.,Active,0,2018-01-31,2018-01-31,1,1.0,246.0,39.11,0,,True,,False,,,,
Kern River,040302506600,Tejon,116,Chevron U.S.A. Inc.,Active,0,2018-01-31,2018-01-31,1,1.0,185.0,29.41,0,,True,,False,,,,
Kern River,040302507300,Queen Esther,35,Chevron U.S.A. Inc.,Active,0,2018-02-28,2018-03-31,2,3.0,324.0,51.52,0,153.0,False,,False,,,,
Kern River,040302507300,Queen Esther,35,Chevron U.S.A. Inc.,Active,1,2018-08-31,2018-08-31,1,2.0,203.0,32.28,0,212.0,False,,False,,,,
Kern River,040302507300,Queen Esther,35,Chevron U.S.A. Inc.,Active,2,2019-03-31,2019-03-31,1,1.0,133.0,21.15,0,,True,,False,,,,
Kern River,040302513700,Tejon,130,Chevron U.S.A. Inc.,Active,0,2020-11-30,2020-11-30,1,2.0,785.0,124.81,0,,True,,False,,,,
Kern River,040302520300,Alma,40,Chevron U.S.A. Inc.,Active,0,2019-01-31,2019-02-28,2,2.0,86.0,13.67,0,,True,,False,,,,
Kern River,040302520800,Monte Cristo No. 1,1-3B,Chevron U.S.A. Inc.,Active,0,2018-01-31,2018-01-31,1,1.0,202.0,32.12,0,,True,,False,,,,
Kern River,040302521100,Monte Cristo No. 1,3284,Chevron U.S.A. Inc.,Active,0,2019-04-30,2019-04-30,1,1.0,398.0,63.28,0,,True,,False,,,,
Kern River,040302521300,Monte Cristo No. 1,3773,Chevron U.S.A. Inc.,Active,0,2019-05-31,2019-05-31,1,1.0,427.0,67.89,0,,True,,False,,,,
Kern River,040302521400,San Joaquin,927,Chevron U.S.A. Inc.,Active,0,2018-01-31,2018-01-31,1,1.0,209.0,33.23,0,,True,,False,,,,
Kern River,040302521500,San Joaquin,928,Chevron U.S.A. Inc.,Active,0,2019-01-31,2019-02-28,2,2.0,372.0,59.15,0,61.0,False,,False,,,,
Kern River,040302521500,San Joaquin,928,Chevron U.S.A. Inc.,Active,1,2019-04-30,2019-04-30,1,1.0,147.0,23.37,0,,True,,False,,,,
Kern River,040302521900,San Joaquin,932,Chevron U.S.A. Inc.,Active,0,2019-03-31,2019-03-31,1,1.0,150.0,23.85,0,,True,,False,,,,
Kern River,040302528400,U.S.L.,17R,Chevron U.S.A. Inc.,Active,0,2018-01-31,2018-01-31,1,2.0,597.0,94.92,0,454.0,False,,False,,,,
Kern River,040302528400,U.S.L.,17R,Chevron U.S.A. Inc.,Active,1,2019-04-30,2019-04-30,1,1.0,132.0,20.99,0,92.0,False,,False,,,,
Kern River,040302528400,U.S.L.,17R,Chevron U.S.A. Inc.,Active,2,2019-07-31,2019-07-31,1,1.0,86.0,13.67,0,61.0,False,,False,,,,
Kern River,040302528400,U.S.L.,17R,Chevron U.S.A. Inc.,Active,3,2019-09-30,2019-09-30,1,1.0,136.0,21.62,0,,True,,False,,,,
Kern River,040302529200,San Joaquin,508R,Chevron U.S.A. Inc.,Active,0,2018-01-31,2018-01-31,1,1.0,274.0,43.57,0,,True,,False,,,,
Kern River,040302538400,Queen Esther,37,Chevron U.S.A. Inc.,Active,0,2018-01-31,2018-01-31,1,1.0,201.0,31.96,0,,True,,False,,,,
Kern River,040302588200,Unspecified,25-263,Chevron U.S.A. Inc.,Active,0,2018-01-31,2018-01-31,1,1.0,195.0,31.0,0,,True,,False,,,,
Kern River,040302590400,Kern River Drillers,145,Chevron U.S.A. Inc.,Active,0,2018-02-28,2018-02-28,1,2.0,638.0,101.44,0,,True,,False,,,,
Kern River,040302590800,Kern River Drillers,149,Chevron U.S.A. Inc.,Active,0,2019-01-31,2019-02-28,2,4.0,82.0,13.04,0,,True,,False,,,,
Kern River,040302591000,Kern River Drillers,151,Chevron U.S.A. Inc.,Active,0,2018-01-31,2018-01-31,1,1.0,175.0,27.82,0,,True,,False,,,,
Kern River,040302591100,Kern River Drillers,152,Chevron U.S.A. Inc.,Active,0,2018-01-31,2018-01-31,1,1.0,175.0,27.82,0,,True,,False,,,,
Kern River,040302592000,Kern River Drillers,162,Chevron U.S.A. Inc.,Active,0,2020-11-30,2020-11-30,1,2.0,759.0,120.68,0,,True,,False,,,,
Kern River,040302592100,Kern River Drillers,163,Chevron U.S.A. Inc.,Active,0,2019-01-31,2019-02-28,2,2.0,82.0,13.04,0,,True,,False,,,,
Kern River,040302608600,Tejon,132,Chevron U.S.A. Inc.,Active,0,2019-01-31,2019-02-28,2,4.0,246.0,39.11,0,245.0,False,,False,,,,
Kern River,040302608600,Tejon,132,Chevron U.S.A. Inc.,Active,1,2019-10-31,2019-10-31,1,2.0,763.0,121.32,0,,True,,False,,,,
Kern River,040302624601,Oakland,22R,Chevron U.S.A. Inc.,Active,0,2019-08-31,2019-09-30,2,3.0,514.0,81.73,0,,True,,False,,,,
Kern River,040302624700,Oakland,33R,Chevron U.S.A. Inc.,Active,0,2019-03-31,2019-03-31,1,2.0,156.0,24.8,0,,True,,False,,,,
Kern River,040302624800,Oakland,44R,Chevron U.S.A. Inc.,Active,0,2018-02-28,2018-02-28,1,1.0,585.0,93.02,0,,True,,False,,,,
Kern River,040302624801,Oakland,44R,Chevron U.S.A. Inc.,Active,0,2019-03-31,2019-03-31,1,2.0,134.0,21.31,0,,True,,False,,,,
Kern River,040302625101,Oakland,50R,Chevron U.S.A. Inc.,Active,0,2019-01-31,2019-02-28,2,2.0,294.0,46.75,0,,True,,False,,,,
Kern River,040302675500,Cortez,33R,Chevron U.S.A. Inc.,Active,0,2018-01-31,2019-02-28,3,6.0,678.0,107.8,0,397.0,False,,False,,,,
Kern River,040302675500,Cortez,33R,Chevron U.S.A. Inc.,Active,1,2020-03-31,2020-03-31,1,2.0,696.0,110.66,0,,True,,False,,,,
Kern River,040302675700,San Joaquin,102R,Chevron U.S.A. Inc.,Active,0,2019-01-31,2019-02-28,2,4.0,524.0,83.32,0,61.0,False,,False,,,,
Kern River,040302675700,San Joaquin,102R,Chevron U.S.A. Inc.,Active,1,2019-04-30,2019-04-30,1,1.0,147.0,23.37,0,153.0,False,,False,,,,
Kern River,040302675700,San Joaquin,102R,Chevron U.S.A. Inc.,Active,2,2019-09-30,2019-09-30,1,1.0,142.0,22.58,0,,True,,False,,,,
Kern River,040302675800,San Joaquin,247R,Chevron U.S.A. Inc.,Active,0,2018-01-31,2019-03-31,4,6.0,844.0,134.2,0,,True,,False,,,,
Kern River,040302676001,San Joaquin,385R,Chevron U.S.A. Inc.,Active,0,2019-01-31,2019-02-28,2,4.0,524.0,83.32,0,,True,,False,,,,
Kern River,040302680900,Tejon,18R,Chevron U.S.A. Inc.,Active,0,2018-01-31,2018-01-31,1,1.0,584.0,92.86,0,,True,,False,,,,
Kern River,040302681000,Tejon,29R,Chevron U.S.A. Inc.,Active,0,2018-01-31,2018-01-31,1,1.0,185.0,29.41,0,,True,,False,,,,
Kern River,040302681100,Tejon,55R,Chevron U.S.A. Inc.,Active,0,2018-02-28,2018-02-28,1,1.0,218.0,34.66,0,,True,,False,,,,
Kern River,040302681300,Green & Whittier,56R,Chevron U.S.A. Inc.,Active,0,2018-01-31,2018-01-31,1,1.0,225.0,35.77,0,,True,,False,,,,
Kern River,040302701600,H.S. Douglas,23,Chevron U.S.A. Inc.,Active,0,2019-01-31,2019-02-28,2,2.0,86.0,13.67,0,,True,,False,,,,
Kern River,040302711600,Unspecified,19-254,Chevron U.S.A. Inc.,Active,0,2019-03-31,2019-03-31,1,1.0,155.0,24.64,0,,True,,False,,,,
Kern River,040302712302,Unspecified,19-265,Chevron U.S.A. Inc.,Active,0,2019-08-31,2019-09-30,2,2.0,101.0,16.06,0,,True,,False,,,,
Kern River,040302752000,Cauley,67,Chevron U.S.A. Inc.,Active,0,2019-03-31,2019-03-31,1,1.0,253.0,40.23,0,,True,,False,,,,
Kern River,040302752100,Cauley,68,Chevron U.S.A. Inc.,Active,0,2020-07-31,2020-07-31,1,2.0,837.0,133.08,0,61.0,False,,False,,,,
Kern River,040302752100,Cauley,68,Chevron U.S.A. Inc.,Active,1,2020-09-30,2020-09-30,1,2.0,1326.0,210.83,0,61.0,False,,False,,,,
Kern River,040302752100,Cauley,68,Chevron U.S.A. Inc.,Active,2,2020-11-30,2020-11-30,1,2.0,904.0,143.74,0,,True,,False,,,,
Kern River,040302752400,Cauley,71,Chevron U.S.A. Inc.,Active,0,2020-07-31,2020-07-31,1,2.0,823.0,130.86,0,61.0,False,,False,,,,
Kern River,040302752400,Cauley,71,Chevron U.S.A. Inc.,Active,1,2020-09-30,2020-09-30,1,2.0,1327.0,210.99,0,,True,,False,,,,
Kern River,040302752600,Green & Whittier,295,Chevron U.S.A. Inc.,Active,0,2019-04-30,2019-04-30,1,1.0,138.0,21.94,0,,True,,False,,,,
Kern River,040302752800,Green & Whittier,297,Chevron U.S.A. Inc.,Active,0,2019-09-30,2019-09-30,1,2.0,866.0,137.69,0,,True,,False,,,,
Kern River,040302752900,Green & Whittier,298,Chevron U.S.A. Inc.,Active,0,2018-01-31,2018-01-31,1,1.0,145.0,23.05,0,,True,,False,,,,
Kern River,040302760300,Davis,20,Chevron U.S.A. Inc.,Active,0,2019-04-30,2019-04-30,1,1.0,40.0,6.36,0,,True,,False,,,,
Kern River,040302792100,Green & Whittier,192R,Chevron U.S.A. Inc.,Active,0,2018-01-31,2018-01-31,1,1.0,211.0,33.55,0,1338.0,False,,False,,,,
Kern River,040302792100,Green & Whittier,192R,Chevron U.S.A. Inc.,Active,1,2021-09-30,2021-09-30,1,2.0,1307.0,207.81,0,,True,,False,,,,
Kern River,040302806400,Oakland,59,Chevron U.S.A. Inc.,Active,0,2018-01-31,2018-01-31,1,2.0,649.0,103.19,0,,True,,False,,,,
Kern River,040302806401,Oakland,59,Chevron U.S.A. Inc.,Active,0,2019-03-31,2019-03-31,1,1.0,151.0,24.01,0,,True,,False,,,,
Kern River,040302806500,Oakland,60,Chevron U.S.A. Inc.,Active,0,2019-09-30,2019-09-30,1,2.0,111.0,17.65,0,,True,,False,,,,
Kern River,040302806800,Oakland,63,Chevron U.S.A. Inc.,Active,0,2019-04-30,2019-04-30,1,1.0,122.0,19.4,0,,True,,False,,,,
Kern River,040302807101,Oakland,66,Chevron U.S.A. Inc.,Active,0,2019-03-31,2019-03-31,1,1.0,152.0,24.17,0,183.0,False,,False,,,,
Kern River,040302807101,Oakland,66,Chevron U.S.A. Inc.,Active,1,2019-09-30,2019-09-30,1,1.0,334.0,53.11,0,,True,,False,,,,
Kern River,040302807301,Oakland,68,Chevron U.S.A. Inc.,Active,0,2019-01-31,2019-02-28,2,2.0,274.0,43.57,0,,True,,False,,,,
Kern River,040302807400,Oakland,69,Chevron U.S.A. Inc.,Active,0,2019-03-31,2019-03-31,1,1.0,146.0,23.21,0,306.0,False,,False,,,,
Kern River,040302807400,Oakland,69,Chevron U.S.A. Inc.,Active,1,2020-01-31,2020-01-31,1,2.0,442.0,70.28,0,,True,,False,,,,
Kern River,040302807500,Oakland,70,Chevron U.S.A. Inc.,Active,0,2019-03-31,2019-03-31,1,1.0,160.0,25.44,0,275.0,False,,False,,,,
Kern River,040302807500,Oakland,70,Chevron U.S.A. Inc.,Active,1,2019-12-31,2019-12-31,1,1.0,422.0,67.1,0,,True,,False,,,,
Kern River,040302807901,Oakland,73,Chevron U.S.A. Inc.,Active,0,2019-01-31,2019-02-28,2,2.0,270.0,42.93,0,,True,,False,,,,
Kern River,040302808001,Oakland,74,Chevron U.S.A. Inc.,Active,0,2019-01-31,2019-02-28,2,2.0,256.0,40.7,0,,True,,False,,,,
Kern River,040302808300,Oakland,77,Chevron U.S.A. Inc.,Active,0,2019-03-31,2019-03-31,1,1.0,166.0,26.39,0,,True,,False,,,,
Kern River,040302808400,Oakland,78,Chevron U.S.A. Inc.,Active,0,2019-03-31,2019-03-31,1,1.0,161.0,25.6,0,,True,,False,,,,
Kern River,040302808500,Oakland,79,Chevron U.S.A. Inc.,Active,0,2019-03-31,2019-03-31,1,1.0,168.0,26.71,0,,True,,False,,,,
Kern River,040302808600,Oakland,80,Chevron U.S.A. Inc.,Active,0,2019-01-31,2019-02-28,2,2.0,286.0,45.47,0,275.0,False,,False,,,,
Kern River,040302808600,Oakland,80,Chevron U.S.A. Inc.,Active,1,2019-11-30,2019-11-30,1,2.0,659.0,104.78,0,62.0,False,,False,,,,
Kern River,040302808600,Oakland,80,Chevron U.S.A. Inc.,Active,2,2020-01-31,2020-02-29,2,2.0,348.0,55.33,0,,True,,False,,,,
Kern River,040302809000,Oakland,84,Chevron U.S.A. Inc.,Active,0,2018-01-31,2018-01-31,1,1.0,230.0,36.57,0,424.0,False,,False,,,,
Kern River,040302809000,Oakland,84,Chevron U.S.A. Inc.,Active,1,2019-03-31,2019-03-31,1,2.0,163.0,25.92,0,,True,,False,,,,
Kern River,040302811300,H.H. & F.,29,Chevron U.S.A. Inc.,Active,0,2018-02-28,2018-02-28,1,1.0,199.0,31.64,0,,True,,False,,,,
Kern River,040302811700,H.H. & F.,33,Chevron U.S.A. Inc.,Active,0,2018-02-28,2018-02-28,1,1.0,145.0,23.05,0,61.0,False,,False,,,,
Kern River,040302811700,H.H. & F.,33,Chevron U.S.A. Inc.,Active,1,2018-04-30,2018-04-30,1,2.0,343.0,54.54,0,276.0,False,,False,,,,
Kern River,040302811700,H.H. & F.,33,Chevron U.S.A. Inc.,Active,2,2019-01-31,2019-02-28,2,4.0,80.0,12.72,0,,True,,False,,,,
Kern River,040302811800,H.H. & F.,34,Chevron U.S.A. Inc.,Active,0,2018-02-28,2018-02-28,1,1.0,151.0,24.01,0,,True,,False,,,,
Kern River,040302823301,Davis Fee,4-1D,Chevron U.S.A. Inc.,Active,0,2019-09-30,2019-09-30,1,1.0,121.0,19.24,0,,True,,False,,,,
Kern River,040302830100,San Joaquin,661,Chevron U.S.A. Inc.,Active,0,2019-04-30,2019-04-30,1,1.0,518.0,82.36,0,,True,,False,,,,
Kern River,040302837200,Davis Fee,4-4,Chevron U.S.A. Inc.,Active,0,2018-01-31,2018-01-31,1,1.0,158.0,25.12,0,,True,,False,,,,
Kern River,040302837201,Davis Fee,4-4,Chevron U.S.A. Inc.,Active,0,2019-01-31,2019-02-28,2,4.0,108.0,17.17,0,,True,,False,,,,
Kern River,040302860800,Pierce,9R,Chevron U.S.A. Inc.,Active,0,2018-02-28,2018-02-28,1,1.0,205.0,32.59,0,,True,,False,,,,
Kern River,040302860900,Central Point,27R,Chevron U.S.A. Inc.,Active,0,2018-02-28,2018-02-28,1,1.0,241.0,38.32,0,,True,,False,,,,
Kern River,040302869300,Kern Co. Land Co.,49R,Chevron U.S.A. Inc.,Active,0,2019-01-31,2019-03-31,3,3.0,166.0,26.39,0,,True,,False,,,,
Kern River,040302872100,Kern County Land Co. Lease 39,304-9,Chevron U.S.A. Inc.,Active,0,2018-01-31,2018-01-31,1,2.0,595.0,94.61,0,,True,,False,,,,
Kern River,040302872200,Kern County Land Co. Lease 39,305-9,Chevron U.S.A. Inc.,Active,0,2018-02-28,2018-02-28,1,1.0,181.0,28.78,0,549.0,False,,False,,,,
Kern River,040302872200,Kern County Land Co. Lease 39,305-9,Chevron U.S.A. Inc.,Active,1,2019-08-31,2019-08-31,1,1.0,117.0,18.6,0,,True,,False,,,,
Kern River,040302872300,Kern County Land Co. Lease 39,306-9,Chevron U.S.A. Inc.,Active,0,2019-04-30,2019-04-30,1,1.0,141.0,22.42,0,123.0,False,,False,,,,
Kern River,040302872300,Kern County Land Co. Lease 39,306-9,Chevron U.S.A. Inc.,Active,1,2019-08-31,2019-08-31,1,1.0,117.0,18.6,0,,True,,False,,,,
Kern River,040302872400,Kern County Land Co. Lease 39,307-9,Chevron U.S.A. Inc.,Active,0,2020-06-30,2020-06-30,1,2.0,793.0,126.09,0,,True,,False,,,,
Kern River,040302872500,Kern County Land Co. Lease 39,308-9,Chevron U.S.A. Inc.,Active,0,2018-02-28,2018-02-28,1,1.0,438.0,69.64,0,,True,,False,,,,
Kern River,040302875300,Junction,121,Chevron U.S.A. Inc.,Active,0,2018-01-31,2018-01-31,1,2.0,482.0,76.64,0,577.0,False,,False,,,,
Kern River,040302875300,Junction,121,Chevron U.S.A. Inc.,Active,1,2019-08-31,2019-08-31,1,1.0,122.0,19.4,0,,True,,False,,,,
Kern River,040302875400,Junction,122,Chevron U.S.A. Inc.,Active,0,2019-09-30,2019-09-30,1,1.0,125.0,19.88,0,92.0,False,,False,,,,
Kern River,040302875400,Junction,122,Chevron U.S.A. Inc.,Active,1,2019-12-31,2019-12-31,1,2.0,754.0,119.89,0,,True,,False,,,,
Kern River,040302875600,Junction,124,Chevron U.S.A. Inc.,Active,0,2019-09-30,2019-09-30,1,1.0,125.0,19.88,0,,True,,False,,,,
Kern River,040302875700,Junction,125,Chevron U.S.A. Inc.,Active,0,2019-09-30,2019-09-30,1,1.0,124.0,19.72,0,,True,,False,,,,
Kern River,040302875800,Junction,126,Chevron U.S.A. Inc.,Active,0,2018-01-31,2018-01-31,1,1.0,296.0,47.06,0,638.0,False,,False,,,,
Kern River,040302875800,Junction,126,Chevron U.S.A. Inc.,Active,1,2019-10-31,2019-10-31,1,1.0,123.0,19.56,0,,True,,False,,,,
Kern River,040302906600,Junction,114A,Chevron U.S.A. Inc.,Active,0,2018-01-31,2018-01-31,1,1.0,296.0,47.06,0,,True,,False,,,,
Kern River,040302945300,Green & Whittier,80R,Chevron U.S.A. Inc.,Active,0,2019-04-30,2019-04-30,1,1.0,131.0,20.83,0,123.0,False,,False,,,,
Kern River,040302945300,Green & Whittier,80R,Chevron U.S.A. Inc.,Active,1,2019-08-31,2019-08-31,1,1.0,139.0,22.1,0,,True,,False,,,,
Kern River,040302945400,Green & Whittier,96R,Chevron U.S.A. Inc.,Active,0,2019-03-31,2019-03-31,1,1.0,49.0,7.79,0,183.0,False,,False,,,,
Kern River,040302945400,Green & Whittier,96R,Chevron U.S.A. Inc.,Active,1,2019-09-30,2019-09-30,1,2.0,127.0,20.19,0,,True,,False,,,,
Kern River,040302945600,Green & Whittier,99R,Chevron U.S.A. Inc.,Active,0,2018-01-31,2018-01-31,1,1.0,172.0,27.35,0,485.0,False,,False,,,,
Kern River,040302945600,Green & Whittier,99R,Chevron U.S.A. Inc.,Active,1,2019-05-31,2019-05-31,1,2.0,22.0,3.5,0,,True,,False,,,,
Kern River,040302945700,Green & Whittier,110R,Chevron U.S.A. Inc.,Active,0,2019-08-31,2019-08-31,1,1.0,123.0,19.56,0,153.0,False,,False,,,,
Kern River,040302945700,Green & Whittier,110R,Chevron U.S.A. Inc.,Active,1,2020-01-31,2020-01-31,1,2.0,852.0,135.47,0,,True,,False,,,,
Kern River,040302946000,Marie,15R,Chevron U.S.A. Inc.,Active,0,2018-02-28,2018-02-28,1,2.0,609.0,96.83,0,,True,,False,,,,
Kern River,040302965400,Bolena,36,Chevron U.S.A. Inc.,Active,0,2020-01-31,2020-01-31,1,1.0,736.0,117.02,0,,True,,False,,,,
Kern River,040302965600,Senator,81R,Chevron U.S.A. Inc.,Active,0,2018-01-31,2018-01-31,1,1.0,306.0,48.65,0,,True,,False,,,,
Kern River,040302965900,Alma Jr.,22R,Chevron U.S.A. Inc.,Active,0,2020-11-30,2020-11-30,1,5.0,2936.0,466.82,0,,True,,False,,,,
Kern River,040302968500,Westates,47,Chevron U.S.A. Inc.,Active,0,2019-09-30,2019-09-30,1,2.0,413.0,65.67,0,366.0,False,,False,,,,
Kern River,040302968500,Westates,47,Chevron U.S.A. Inc.,Active,1,2020-09-30,2020-09-30,1,2.0,695.0,110.5,0,,True,,False,,,,
Kern River,040302971700,U.S.L.,52,Chevron U.S.A. Inc.,Active,0,2019-03-31,2019-03-31,1,1.0,146.0,23.21,0,275.0,False,,False,,,,
Kern River,040302971700,U.S.L.,52,Chevron U.S.A. Inc.,Active,1,2019-12-31,2019-12-31,1,2.0,397.0,63.12,0,91.0,False,,False,,,,
Kern River,040302971700,U.S.L.,52,Chevron U.S.A. Inc.,Active,2,2020-03-31,2020-03-31,1,1.0,366.0,58.19,0,,True,,False,,,,
Kern River,040302971800,U.S.L.,53,Chevron U.S.A. Inc.,Active,0,2020-03-31,2020-03-31,1,2.0,349.0,55.49,0,,True,,False,,,,
Kern River,040302971900,U.S.L.,54,Chevron U.S.A. Inc.,Active,0,2018-01-31,2018-01-31,1,2.0,597.0,94.92,0,,True,,False,,,,
Kern River,040302982200,U.S.L.,55,Chevron U.S.A. Inc.,Active,0,2019-01-31,2019-02-28,2,2.0,340.0,54.06,0,,True,,False,,,,
Kern River,040302982301,U.S.L.,56,Chevron U.S.A. Inc.,Active,0,2019-03-31,2019-03-31,1,2.0,148.0,23.53,0,153.0,False,,False,,,,
Kern River,040302982301,U.S.L.,56,Chevron U.S.A. Inc.,Active,1,2019-08-31,2019-08-31,1,2.0,98.0,15.58,0,,True,,False,,,,
Kern River,040302982500,U.S.L.,58,Chevron U.S.A. Inc.,Active,0,2019-12-31,2019-12-31,1,2.0,397.0,63.12,0,91.0,False,,False,,,,
Kern River,040302982500,U.S.L.,58,Chevron U.S.A. Inc.,Active,1,2020-03-31,2020-03-31,1,2.0,350.0,55.65,0,,True,,False,,,,
Kern River,040302982700,U.S.L.,60,Chevron U.S.A. Inc.,Active,0,2019-01-31,2019-02-28,2,2.0,340.0,54.06,0,337.0,False,,False,,,,
Kern River,040302982700,U.S.L.,60,Chevron U.S.A. Inc.,Active,1,2020-01-31,2020-01-31,1,1.0,422.0,67.1,0,60.0,False,,False,,,,
Kern River,040302982700,U.S.L.,60,Chevron U.S.A. Inc.,Active,2,2020-03-31,2020-03-31,1,8.0,4560.0,725.04,0,,True,,False,,,,
Kern River,040302982900,U.S.L.,62,Chevron U.S.A. Inc.,Active,0,2019-03-31,2019-03-31,1,2.0,143.0,22.74,0,,True,,False,,,,
Kern River,040302997200,Chanslor,65H,Chevron U.S.A. Inc.,Active,0,2019-01-31,2019-02-28,2,2.0,98.0,15.58,0,275.0,False,,False,,,,
Kern River,040302997200,Chanslor,65H,Chevron U.S.A. Inc.,Active,1,2019-11-30,2019-11-30,1,1.0,141.0,22.42,0,62.0,False,,False,,,,
Kern River,040302997200,Chanslor,65H,Chevron U.S.A. Inc.,Active,2,2020-01-31,2020-01-31,1,2.0,842.0,133.88,0,366.0,False,,False,,,,
Kern River,040302997200,Chanslor,65H,Chevron U.S.A. Inc.,Active,3,2021-01-31,2021-01-31,1,2.0,842.0,133.88,0,,True,,False,,,,
Kern River,040302999000,Revenue,155,Chevron U.S.A. Inc.,Plugged,0,2018-02-28,2018-02-28,1,1.0,242.0,38.48,0,,True,,False,,,,
Kern River,040303011100,Kern County Land Co. Lease 39,440-9,Chevron U.S.A. Inc.,Active,0,2019-04-30,2019-04-30,1,1.0,40.0,6.36,0,,True,,False,,,,
Kern River,040303011200,Kern County Land Co. Lease 39,441-9,Chevron U.S.A. Inc.,Active,0,2019-04-30,2019-04-30,1,1.0,40.0,6.36,0,,True,,False,,,,
Kern River,040303037000,American Naphtha,3333R,Chevron U.S.A. Inc.,Active,0,2019-04-30,2019-04-30,1,1.0,46.0,7.31,0,,True,,False,,,,
Kern River,040303089300,Tejon,502R,Chevron U.S.A. Inc.,Active,0,2018-01-31,2018-01-31,1,1.0,577.0,91.74,0,,True,,False,,,,
Kern River,040303089401,American Naphtha,3-1AR,Chevron U.S.A. Inc.,Active,0,2019-01-31,2019-02-28,2,4.0,134.0,21.31,0,61.0,False,,False,,,,
Kern River,040303089401,American Naphtha,3-1AR,Chevron U.S.A. Inc.,Active,1,2019-04-30,2019-04-30,1,1.0,48.0,7.63,0,,True,,False,,,,
Kern River,040303090000,Green & Whittier,203R,Chevron U.S.A. Inc.,Active,0,2018-01-31,2018-01-31,1,2.0,553.0,87.93,0,,True,,False,,,,
Kern River,040303090400,San Joaquin,131R,Chevron U.S.A. Inc.,Active,0,2019-01-31,2019-02-28,2,4.0,552.0,87.77,0,,True,,False,,,,
Kern River,040303090500,San Joaquin,133R,Chevron U.S.A. Inc.,Active,0,2019-06-30,2019-06-30,1,1.0,266.0,42.29,0,,True,,False,,,,
Kern River,040303125900,Unspecified,25-266,Chevron U.S.A. Inc.,Active,0,2019-04-30,2019-04-30,1,1.0,136.0,21.62,0,184.0,False,,False,,,,
Kern River,040303125900,Unspecified,25-266,Chevron U.S.A. Inc.,Active,1,2019-10-31,2019-10-31,1,2.0,637.0,101.28,0,,True,,False,,,,
Kern River,040303126000,Unspecified,25-267,Chevron U.S.A. Inc.,Active,0,2018-01-31,2018-01-31,1,1.0,270.0,42.93,0,,True,,False,,,,
Kern River,040303149800,U.S.L.,64,Chevron U.S.A. Inc.,Active,0,2020-03-31,2020-03-31,1,8.0,4568.0,726.31,0,153.0,False,,False,,,,
Kern River,040303149800,U.S.L.,64,Chevron U.S.A. Inc.,Active,1,2020-08-31,2020-08-31,1,2.0,768.0,122.11,0,,True,,False,,,,
Kern River,040303149900,U.S.L.,65,Chevron U.S.A. Inc.,Active,0,2020-02-29,2020-02-29,1,3.0,1260.0,200.34,0,184.0,False,,False,,,,
Kern River,040303149900,U.S.L.,65,Chevron U.S.A. Inc.,Active,1,2020-08-31,2020-08-31,1,2.0,769.0,122.27,0,,True,,False,,,,
Kern River,040303150700,U.S.L.,73,Chevron U.S.A. Inc.,Idle,0,2018-01-31,2018-01-31,1,1.0,187.0,29.73,0,,True,,False,,,,
Kern River,040303152100,Kern,529,Chevron U.S.A. Inc.,Active,0,2018-01-31,2018-01-31,1,1.0,196.0,31.16,0,,True,,False,,,,
Kern River,040303152400,Kern,217R,Chevron U.S.A. Inc.,Active,0,2018-01-31,2018-01-31,1,1.0,209.0,33.23,0,,True,,False,,,,
Kern River,040303152601,Kern,301R,Chevron U.S.A. Inc.,Active,0,2019-01-31,2019-02-28,2,2.0,76.0,12.08,0,,True,,False,,,,
Kern River,040303153000,Kern,330R,Chevron U.S.A. Inc.,Active,0,2018-02-28,2018-02-28,1,1.0,263.0,41.82,0,,True,,False,,,,
Kern River,040303153400,Aztec,75,Chevron U.S.A. Inc.,Active,0,2019-04-30,2019-04-30,1,1.0,66.0,10.49,0,,True,,False,,,,
Kern River,040303153500,Aztec,28R,Chevron U.S.A. Inc.,Active,0,2018-01-31,2018-01-31,1,3.0,1504.0,239.14,0,,True,,False,,,,
Kern River,040303153600,San Joaquin,326R,Chevron U.S.A. Inc.,Idle,0,2018-01-31,2018-01-31,1,2.0,821.0,130.54,0,,True,,False,,,,
Kern River,040303172800,Kern,384R,Chevron U.S.A. Inc.,Active,0,2018-01-31,2018-01-31,1,1.0,260.0,41.34,0,,True,,False,,,,
Kern River,040303182300,Chanslor,68H,Chevron U.S.A. Inc.,Active,0,2019-01-31,2019-02-28,2,2.0,98.0,15.58,0,275.0,False,,False,,,,
Kern River,040303182300,Chanslor,68H,Chevron U.S.A. Inc.,Active,1,2019-11-30,2019-11-30,1,1.0,173.0,27.51,0,91.0,False,,False,,,,
Kern River,040303182300,Chanslor,68H,Chevron U.S.A. Inc.,Active,2,2020-02-29,2020-02-29,1,1.0,145.0,23.05,0,,True,,False,,,,
Kern River,040303182400,Chanslor,69H,Chevron U.S.A. Inc.,Active,0,2019-11-30,2019-11-30,1,1.0,146.0,23.21,0,91.0,False,,False,,,,
Kern River,040303182400,Chanslor,69H,Chevron U.S.A. Inc.,Active,1,2020-02-29,2020-02-29,1,1.0,135.0,21.46,0,,True,,False,,,,
Kern River,040303182500,Chanslor,70H,Chevron U.S.A. Inc.,Active,0,2019-01-31,2019-03-31,3,3.0,144.0,22.9,0,183.0,False,,False,,,,
Kern River,040303182500,Chanslor,70H,Chevron U.S.A. Inc.,Active,1,2019-09-30,2019-09-30,1,2.0,127.0,20.19,0,61.0,False,,False,,,,
Kern River,040303182500,Chanslor,70H,Chevron U.S.A. Inc.,Active,2,2019-11-30,2019-12-31,2,2.0,293.0,46.59,0,91.0,False,,False,,,,
Kern River,040303182500,Chanslor,70H,Chevron U.S.A. Inc.,Active,3,2020-03-31,2020-03-31,1,2.0,110.0,17.49,0,,True,,False,,,,
Kern River,040303182600,Unspecified,19-267H,Chevron U.S.A. Inc.,Active,0,2019-03-31,2019-03-31,1,2.0,128.0,20.35,0,214.0,False,,False,,,,
Kern River,040303182600,Unspecified,19-267H,Chevron U.S.A. Inc.,Active,1,2019-10-31,2019-10-31,1,2.0,135.0,21.46,0,61.0,False,,False,,,,
Kern River,040303182600,Unspecified,19-267H,Chevron U.S.A. Inc.,Active,2,2019-12-31,2019-12-31,1,1.0,144.0,22.9,0,60.0,False,,False,,,,
Kern River,040303182600,Unspecified,19-267H,Chevron U.S.A. Inc.,Active,3,2020-02-29,2020-02-29,1,2.0,97.0,15.42,0,,True,,False,,,,
Kern River,040303182900,U.S.L.,23R,Chevron U.S.A. Inc.,Active,0,2018-01-31,2018-01-31,1,2.0,486.0,77.27,0,424.0,False,,False,,,,
Kern River,040303182900,U.S.L.,23R,Chevron U.S.A. Inc.,Active,1,2019-03-31,2019-03-31,1,2.0,141.0,22.42,0,306.0,False,,False,,,,
Kern River,040303182900,U.S.L.,23R,Chevron U.S.A. Inc.,Active,2,2020-01-31,2020-01-31,1,1.0,617.0,98.1,0,,True,,False,,,,
Kern River,040303197301,H.S. Douglas,33,Chevron U.S.A. Inc.,Active,0,2019-03-31,2019-03-31,1,1.0,49.0,7.79,0,183.0,False,,False,,,,
Kern River,040303197301,H.S. Douglas,33,Chevron U.S.A. Inc.,Active,1,2019-09-30,2019-09-30,1,1.0,118.0,18.76,0,,True,,False,,,,
Kern River,040303197401,20th Century,8R,Chevron U.S.A. Inc.,Active,0,2020-11-30,2020-11-30,1,2.0,762.0,121.16,0,,True,,False,,,,
Kern River,040303226500,Vanderlip,40,Chevron U.S.A. Inc.,Active,0,2019-09-30,2019-11-30,3,3.0,664.0,105.58,0,,True,,False,,,,
Kern River,040303226600,Vanderlip,41,Chevron U.S.A. Inc.,Active,0,2019-11-30,2019-11-30,1,2.0,426.0,67.73,0,,True,,False,,,,
Kern River,040303226800,Tejon,136,Chevron U.S.A. Inc.,Active,0,2019-11-30,2019-11-30,1,2.0,419.0,66.62,0,,True,,False,,,,
Kern River,040303227100,Tejon,140,Chevron U.S.A. Inc.,Active,0,2018-01-31,2018-01-31,1,2.0,172.0,27.35,0,,True,,False,,,,
Kern River,040303227200,Tejon,141,Chevron U.S.A. Inc.,Active,0,2018-01-31,2018-01-31,1,1.0,188.0,29.89,0,1034.0,False,,False,,,,
Kern River,040303227200,Tejon,141,Chevron U.S.A. Inc.,Active,1,2020-11-30,2020-11-30,1,2.0,817.0,129.9,0,,True,,False,,,,
Kern River,040303227300,Tejon,143,Chevron U.S.A. Inc.,Active,0,2018-01-31,2018-01-31,1,2.0,193.0,30.69,0,,True,,False,,,,
Kern River,040303227400,Hanford & Fresno,52,Chevron U.S.A. Inc.,Active,0,2018-02-28,2018-02-28,1,1.0,241.0,38.32,0,,True,,False,,,,
Kern River,040303227500,Hanford & Fresno,53,Chevron U.S.A. Inc.,Active,0,2018-01-31,2018-02-28,2,2.0,440.0,69.96,0,,True,,False,,,,
Kern River,040303227600,D & D B,24R,Chevron U.S.A. Inc.,Active,0,2019-04-30,2019-04-30,1,1.0,55.0,8.75,0,,True,,False,,,,
Kern River,040303227900,American Naphtha,6-6AR,Chevron U.S.A. Inc.,Idle,0,2019-08-31,2019-08-31,1,3.0,1690.0,268.71,0,,True,,False,,,,
Kern River,040303229400,Vanderlip,534,Chevron U.S.A. Inc.,Active,0,2018-01-31,2018-01-31,1,1.0,181.0,28.78,0,,True,,False,,,,
Kern River,040303229401,Vanderlip,534,Chevron U.S.A. Inc.,Active,0,2019-11-30,2019-11-30,1,1.0,419.0,66.62,0,,True,,False,,,,
Kern River,040303230400,Monte Cristo No. 1,101R,Chevron U.S.A. Inc.,Active,0,2020-02-29,2020-02-29,1,2.0,575.0,91.42,0,275.0,False,,False,,,,
Kern River,040303230400,Monte Cristo No. 1,101R,Chevron U.S.A. Inc.,Active,1,2020-11-30,2020-11-30,1,2.0,982.0,156.14,0,,True,,False,,,,
Kern River,040303230600,Monte Cristo No. 1,3543R,Chevron U.S.A. Inc.,Active,0,2018-01-31,2018-01-31,1,2.0,532.0,84.59,0,,True,,False,,,,
Kern River,040303251500,Monte Cristo No. 1,3-11AR,Chevron U.S.A. Inc.,Active,0,2018-01-31,2018-01-31,1,1.0,183.0,29.1,0,454.0,False,,False,,,,
Kern River,040303251500,Monte Cristo No. 1,3-11AR,Chevron U.S.A. Inc.,Active,1,2019-04-30,2019-04-30,1,1.0,408.0,64.87,0,305.0,False,,False,,,,
Kern River,040303251500,Monte Cristo No. 1,3-11AR,Chevron U.S.A. Inc.,Active,2,2020-02-29,2020-02-29,1,1.0,491.0,78.07,0,,True,,False,,,,
Kern River,040303373300,Chicago Crude,218H,Chevron U.S.A. Inc.,Active,0,2018-02-28,2018-02-28,1,2.0,1181.0,187.78,0,731.0,False,,False,,,,
Kern River,040303373300,Chicago Crude,218H,Chevron U.S.A. Inc.,Active,1,2020-02-29,2020-02-29,1,2.0,218.0,34.66,0,,True,,False,,,,
Kern River,040303373400,Angus,253H,Chevron U.S.A. Inc.,Active,0,2019-10-31,2019-10-31,1,2.0,122.0,19.4,0,61.0,False,,False,,,,
Kern River,040303373400,Angus,253H,Chevron U.S.A. Inc.,Active,1,2019-12-31,2019-12-31,1,1.0,130.0,20.67,0,60.0,False,,False,,,,
Kern River,040303373400,Angus,253H,Chevron U.S.A. Inc.,Active,2,2020-02-29,2020-02-29,1,1.0,134.0,21.31,0,,True,,False,,,,
Kern River,040303373500,Angus,700H,Chevron U.S.A. Inc.,Active,0,2019-10-31,2019-10-31,1,2.0,468.0,74.41,0,,True,,False,,,,
Kern River,040303373700,Y.M.K.,59H,Chevron U.S.A. Inc.,Active,0,2018-01-31,2018-01-31,1,1.0,223.0,35.46,0,424.0,False,,False,,,,
Kern River,040303373700,Y.M.K.,59H,Chevron U.S.A. Inc.,Active,1,2019-03-31,2019-03-31,1,2.0,137.0,21.78,0,244.0,False,,False,,,,
Kern River,040303373700,Y.M.K.,59H,Chevron U.S.A. Inc.,Active,2,2019-11-30,2019-11-30,1,1.0,104.0,16.54,0,91.0,False,,False,,,,
Kern River,040303373700,Y.M.K.,59H,Chevron U.S.A. Inc.,Active,3,2020-02-29,2020-02-29,1,1.0,97.0,15.42,0,153.0,False,,False,,,,
Kern River,040303373700,Y.M.K.,59H,Chevron U.S.A. Inc.,Active,4,2020-07-31,2020-07-31,1,2.0,802.0,127.52,0,,True,,False,,,,
Kern River,040303394300,Unspecified,33-826H,Chevron U.S.A. Inc.,Active,0,2019-01-31,2019-03-31,3,3.0,386.0,61.37,0,214.0,False,,False,,,,
Kern River,040303394300,Unspecified,33-826H,Chevron U.S.A. Inc.,Active,1,2019-10-31,2019-11-30,2,2.0,199.0,31.64,0,62.0,False,,False,,,,
Kern River,040303394300,Unspecified,33-826H,Chevron U.S.A. Inc.,Active,2,2020-01-31,2020-02-29,2,3.0,230.0,36.57,0,,True,,False,,,,
Kern River,040303394400,Unspecified,33-827H,Chevron U.S.A. Inc.,Active,0,2019-01-31,2019-02-28,2,2.0,272.0,43.25,0,,True,,False,,,,
Kern River,040303394500,Unspecified,33-828H,Chevron U.S.A. Inc.,Active,0,2019-03-31,2019-03-31,1,1.0,139.0,22.1,0,183.0,False,,False,,,,
Kern River,040303394500,Unspecified,33-828H,Chevron U.S.A. Inc.,Active,1,2019-09-30,2019-11-30,3,3.0,307.0,48.81,0,62.0,False,,False,,,,
Kern River,040303394500,Unspecified,33-828H,Chevron U.S.A. Inc.,Active,2,2020-01-31,2020-02-29,2,3.0,230.0,36.57,0,,True,,False,,,,
Kern River,040303398700,Oakland,87H,Chevron U.S.A. Inc.,Active,0,2018-02-28,2018-02-28,1,1.0,564.0,89.68,0,396.0,False,,False,,,,
Kern River,040303398700,Oakland,87H,Chevron U.S.A. Inc.,Active,1,2019-03-31,2019-03-31,1,1.0,146.0,23.21,0,153.0,False,,False,,,,
Kern River,040303398700,Oakland,87H,Chevron U.S.A. Inc.,Active,2,2019-08-31,2019-08-31,1,1.0,114.0,18.13,0,91.0,False,,False,,,,
Kern River,040303398700,Oakland,87H,Chevron U.S.A. Inc.,Active,3,2019-11-30,2019-11-30,1,1.0,105.0,16.7,0,91.0,False,,False,,,,
Kern River,040303398700,Oakland,87H,Chevron U.S.A. Inc.,Active,4,2020-02-29,2020-02-29,1,1.0,114.0,18.13,0,,True,,False,,,,
Kern River,040303398800,Unspecified,19-268H,Chevron U.S.A. Inc.,Active,0,2019-01-31,2019-02-28,2,2.0,276.0,43.88,0,92.0,False,,False,,,,
Kern River,040303398800,Unspecified,19-268H,Chevron U.S.A. Inc.,Active,1,2019-05-31,2019-05-31,1,1.0,407.0,64.71,0,122.0,False,,False,,,,
Kern River,040303398800,Unspecified,19-268H,Chevron U.S.A. Inc.,Active,2,2019-09-30,2019-11-30,3,3.0,357.0,56.76,0,91.0,False,,False,,,,
Kern River,040303398800,Unspecified,19-268H,Chevron U.S.A. Inc.,Active,3,2020-02-29,2020-02-29,1,1.0,111.0,17.65,0,,True,,False,,,,
Kern River,040303398900,Von Breyman,14H,Chevron U.S.A. Inc.,Active,0,2019-10-31,2019-10-31,1,1.0,108.0,17.17,0,61.0,False,,False,,,,
Kern River,040303398900,Von Breyman,14H,Chevron U.S.A. Inc.,Active,1,2019-12-31,2020-01-31,2,4.0,247.0,39.27,0,60.0,False,,False,,,,
Kern River,040303398900,Von Breyman,14H,Chevron U.S.A. Inc.,Active,2,2020-03-31,2020-04-30,2,2.0,759.0,120.68,0,,True,,False,,,,
Kern River,040303401400,Calloma,28,Chevron U.S.A. Inc.,Active,0,2019-06-30,2019-06-30,1,2.0,131.0,20.83,0,,True,,False,,,,
Kern River,040303401800,Senator,98,Chevron U.S.A. Inc.,Active,0,2018-01-31,2018-01-31,1,2.0,176.0,27.98,0,638.0,False,,False,,,,
Kern River,040303401800,Senator,98,Chevron U.S.A. Inc.,Active,1,2019-10-31,2019-10-31,1,2.0,388.0,61.69,0,,True,,False,,,,
Kern River,040303402600,Bear Flag,23,Chevron U.S.A. Inc.,Active,0,2018-01-31,2018-01-31,1,2.0,166.0,26.39,0,,True,,False,,,,
Kern River,040303403000,Hanford & Fresno,54,Chevron U.S.A. Inc.,Active,0,2018-02-28,2018-02-28,1,1.0,397.0,63.12,0,,True,,False,,,,
Kern River,040303403100,Hanford & Fresno,55,Chevron U.S.A. Inc.,Active,0,2019-10-31,2019-10-31,1,2.0,772.0,122.75,0,,True,,False,,,,
Kern River,040303405500,Clarence,60,Chevron U.S.A. Inc.,Active,0,2018-01-31,2018-01-31,1,2.0,227.0,36.09,0,,True,,False,,,,
Kern River,040303405600,Clarence,61,Chevron U.S.A. Inc.,Active,0,2018-01-31,2018-01-31,1,2.0,198.0,31.48,0,,True,,False,,,,
Kern River,040303405700,Clarence,62,Chevron U.S.A. Inc.,Active,0,2019-01-31,2019-02-28,2,4.0,84.0,13.36,0,245.0,False,,False,,,,
Kern River,040303405700,Clarence,62,Chevron U.S.A. Inc.,Active,1,2019-10-31,2019-10-31,1,1.0,121.0,19.24,0,,True,,False,,,,
Kern River,040303414100,Fee A,128R,Chevron U.S.A. Inc.,Active,0,2018-01-31,2018-01-31,1,1.0,644.0,102.4,0,638.0,False,,False,,,,
Kern River,040303414100,Fee A,128R,Chevron U.S.A. Inc.,Active,1,2019-10-31,2019-11-30,2,2.0,858.0,136.42,0,,True,,False,,,,
Kern River,040303417200,Mecca,75H,Chevron U.S.A. Inc.,Active,0,2019-09-30,2019-09-30,1,1.0,103.0,16.38,0,92.0,False,,False,,,,
Kern River,040303417200,Mecca,75H,Chevron U.S.A. Inc.,Active,1,2019-12-31,2019-12-31,1,1.0,116.0,18.44,0,60.0,False,,False,,,,
Kern River,040303417200,Mecca,75H,Chevron U.S.A. Inc.,Active,2,2020-02-29,2020-02-29,1,1.0,88.0,13.99,0,306.0,False,,False,,,,
Kern River,040303417200,Mecca,75H,Chevron U.S.A. Inc.,Active,3,2020-12-31,2020-12-31,1,2.0,1108.0,176.17,0,,True,,False,,,,
Kern River,040303419100,Canfield,239H,Chevron U.S.A. Inc.,Active,0,2019-03-31,2019-04-30,2,2.0,93.0,14.79,0,184.0,False,,False,,,,
Kern River,040303419100,Canfield,239H,Chevron U.S.A. Inc.,Active,1,2019-10-31,2019-11-30,2,2.0,293.0,46.59,0,62.0,False,,False,,,,
Kern River,040303419100,Canfield,239H,Chevron U.S.A. Inc.,Active,2,2020-01-31,2020-01-31,1,1.0,162.0,25.76,0,,True,,False,,,,
Kern River,040303419300,Unspecified,33-829H,Chevron U.S.A. Inc.,Active,0,2019-03-31,2019-03-31,1,1.0,153.0,24.33,0,214.0,False,,False,,,,
Kern River,040303419300,Unspecified,33-829H,Chevron U.S.A. Inc.,Active,1,2019-10-31,2019-11-30,2,2.0,210.0,33.39,0,62.0,False,,False,,,,
Kern River,040303419300,Unspecified,33-829H,Chevron U.S.A. Inc.,Active,2,2020-01-31,2020-03-31,3,3.0,250.0,39.75,0,,True,,False,,,,
Kern River,040303419400,Unspecified,33-830H,Chevron U.S.A. Inc.,Active,0,2019-03-31,2019-04-30,2,2.0,254.0,40.39,0,184.0,False,,False,,,,
Kern River,040303419400,Unspecified,33-830H,Chevron U.S.A. Inc.,Active,1,2019-10-31,2019-10-31,1,1.0,112.0,17.81,0,61.0,False,,False,,,,
Kern River,040303419400,Unspecified,33-830H,Chevron U.S.A. Inc.,Active,2,2019-12-31,2020-01-31,2,3.0,248.0,39.43,0,,True,,False,,,,
Kern River,040303419500,Unspecified,33-831H,Chevron U.S.A. Inc.,Active,0,2019-03-31,2019-03-31,1,1.0,131.0,20.83,0,214.0,False,,False,,,,
Kern River,040303419500,Unspecified,33-831H,Chevron U.S.A. Inc.,Active,1,2019-10-31,2019-10-31,1,1.0,121.0,19.24,0,121.0,False,,False,,,,
Kern River,040303419500,Unspecified,33-831H,Chevron U.S.A. Inc.,Active,2,2020-02-29,2020-02-29,1,1.0,106.0,16.85,0,,True,,False,,,,
Kern River,040303425400,San Joaquin,939,Chevron U.S.A. Inc.,Active,0,2018-01-31,2018-01-31,1,2.0,298.0,47.38,0,424.0,False,,False,,,,
Kern River,040303425400,San Joaquin,939,Chevron U.S.A. Inc.,Active,1,2019-03-31,2019-03-31,1,2.0,160.0,25.44,0,,True,,False,,,,
Kern River,040303433300,Nukern,83,"Kern River Holdings II, LLC",Active,0,2018-01-31,2020-12-31,2,9.0,5057.0,804.06,0,59.0,False,,False,,,,
Kern River,040303433300,Nukern,83,"Kern River Holdings II, LLC",Active,1,2021-02-28,2021-02-28,1,5.0,4638.0,737.44,0,,True,,False,,,,
Kern River,040303438300,Monte Cristo No. 1,187,Chevron U.S.A. Inc.,Active,0,2018-01-31,2018-01-31,1,1.0,195.0,31.0,0,,True,,False,,,,
Kern River,040303442400,Nukern,88,"Kern River Holdings II, LLC",Active,0,2020-12-31,2020-12-31,1,3.0,2724.0,433.12,0,,True,,False,,,,
Kern River,040303442500,Nukern,89,"Kern River Holdings II, LLC",Active,0,2020-12-31,2021-02-28,3,14.0,8028.0,1276.45,0,,True,,False,,,,
Kern River,040303450900,Missouri,27H,Chevron U.S.A. Inc.,Active,0,2019-03-31,2019-04-30,2,2.0,325.0,51.68,0,184.0,False,,False,,,,
Kern River,040303450900,Missouri,27H,Chevron U.S.A. Inc.,Active,1,2019-10-31,2019-11-30,2,2.0,202.0,32.12,0,91.0,False,,False,,,,
Kern River,040303450900,Missouri,27H,Chevron U.S.A. Inc.,Active,2,2020-02-29,2020-02-29,1,1.0,113.0,17.97,0,,True,,False,,,,
Kern River,040303451000,Sanguinetti,57H,Chevron U.S.A. Inc.,Active,0,2019-10-31,2019-10-31,1,1.0,126.0,20.03,0,92.0,False,,False,,,,
Kern River,040303451000,Sanguinetti,57H,Chevron U.S.A. Inc.,Active,1,2020-01-31,2020-01-31,1,1.0,122.0,19.4,0,,True,,False,,,,
Kern River,040303458900,Clarence,63,Chevron U.S.A. Inc.,Active,0,2019-01-31,2019-02-28,2,2.0,18.0,2.86,0,,True,,False,,,,
Kern River,040303460700,Linda Vista,30H,Chevron U.S.A. Inc.,Active,0,2018-01-31,2018-01-31,1,1.0,613.0,97.47,0,,True,,False,,,,
Kern River,040303460900,Richmond,20H,Chevron U.S.A. Inc.,Active,0,2019-03-31,2019-03-31,1,1.0,158.0,25.12,0,153.0,False,,False,,,,
Kern River,040303460900,Richmond,20H,Chevron U.S.A. Inc.,Active,1,2019-08-31,2019-08-31,1,1.0,122.0,19.4,0,61.0,False,,False,,,,
Kern River,040303460900,Richmond,20H,Chevron U.S.A. Inc.,Active,2,2019-10-31,2019-11-30,2,2.0,246.0,39.11,0,62.0,False,,False,,,,
Kern River,040303460900,Richmond,20H,Chevron U.S.A. Inc.,Active,3,2020-01-31,2020-01-31,1,2.0,772.0,122.75,0,60.0,False,,False,,,,
Kern River,040303460900,Richmond,20H,Chevron U.S.A. Inc.,Active,4,2020-03-31,2020-04-30,2,2.0,746.0,118.61,0,,True,,False,,,,
Kern River,040303470600,East Puente B,34H,Chevron U.S.A. Inc.,Active,0,2019-01-31,2019-02-28,2,2.0,84.0,13.36,0,214.0,False,,False,,,,
Kern River,040303470600,East Puente B,34H,Chevron U.S.A. Inc.,Active,1,2019-09-30,2019-10-31,2,4.0,1167.0,185.55,0,61.0,False,,False,,,,
Kern River,040303470600,East Puente B,34H,Chevron U.S.A. Inc.,Active,2,2019-12-31,2019-12-31,1,1.0,121.0,19.24,0,60.0,False,,False,,,,
Kern River,040303470600,East Puente B,34H,Chevron U.S.A. Inc.,Active,3,2020-02-29,2020-02-29,1,1.0,142.0,22.58,0,,True,,False,,,,
Kern River,040303470700,Yellowstone,31H,Chevron U.S.A. Inc.,Active,0,2019-08-31,2019-08-31,1,1.0,100.0,15.9,0,,True,,False,,,,
Kern River,040303471700,Sterling,226,Chevron U.S.A. Inc.,Active,0,2018-01-31,2018-01-31,1,1.0,178.0,28.3,0,,True,,False,,,,
Kern River,040303471800,Sterling,510R,Chevron U.S.A. Inc.,Active,0,2018-01-31,2018-01-31,1,1.0,271.0,43.09,0,,True,,False,,,,
Kern River,040303472000,Sycamore,49R,Chevron U.S.A. Inc.,Active,0,2018-02-28,2018-02-28,1,1.0,559.0,88.88,0,,True,,False,,,,
Kern River,040303472400,San Joaquin,940,Chevron U.S.A. Inc.,Active,0,2018-01-31,2018-01-31,1,1.0,253.0,40.23,0,,True,,False,,,,
Kern River,040303472500,H.H. & F.,1R,Chevron U.S.A. Inc.,Active,0,2018-02-28,2018-02-28,1,1.0,163.0,25.92,0,396.0,False,,False,,,,
Kern River,040303472500,H.H. & F.,1R,Chevron U.S.A. Inc.,Active,1,2019-03-31,2019-03-31,1,2.0,77.0,12.24,0,183.0,False,,False,,,,
Kern River,040303472500,H.H. & F.,1R,Chevron U.S.A. Inc.,Active,2,2019-09-30,2019-09-30,1,2.0,130.0,20.67,0,,True,,False,,,,
Kern River,040303488000,American Naphtha,11-6,Chevron U.S.A. Inc.,Active,0,2019-04-30,2019-04-30,1,1.0,135.0,21.46,0,,True,,False,,,,
Kern River,040303488200,May,2R,Chevron U.S.A. Inc.,Active,0,2018-02-28,2018-02-28,1,2.0,674.0,107.17,0,,True,,False,,,,
Kern River,040303488300,May,9R,Chevron U.S.A. Inc.,Active,0,2018-02-28,2018-02-28,1,2.0,674.0,107.17,0,,True,,False,,,,
Kern River,040303496200,Green & Whittier A,326,Chevron U.S.A. Inc.,Active,0,2019-04-30,2019-04-30,1,1.0,47.0,7.47,0,,True,,False,,,,
Kern River,040303496300,Green & Whittier A,327,Chevron U.S.A. Inc.,Active,0,2018-01-31,2018-02-28,2,2.0,528.0,83.95,0,579.0,False,,False,,,,
Kern River,040303496300,Green & Whittier A,327,Chevron U.S.A. Inc.,Active,1,2019-09-30,2019-09-30,1,1.0,152.0,24.17,0,,True,,False,,,,
Kern River,040303496400,Green & Whittier A,331,Chevron U.S.A. Inc.,Active,0,2019-10-31,2019-10-31,1,2.0,624.0,99.22,0,,True,,False,,,,
Kern River,040303496500,Green & Whittier A,332,Chevron U.S.A. Inc.,Active,0,2019-03-31,2019-03-31,1,1.0,83.0,13.2,0,610.0,False,,False,,,,
Kern River,040303496500,Green & Whittier A,332,Chevron U.S.A. Inc.,Active,1,2020-11-30,2020-11-30,1,2.0,749.0,119.09,0,,True,,False,,,,
Kern River,040303496600,Green & Whittier A,333,Chevron U.S.A. Inc.,Active,0,2018-01-31,2018-01-31,1,1.0,229.0,36.41,0,424.0,False,,False,,,,
Kern River,040303496600,Green & Whittier A,333,Chevron U.S.A. Inc.,Active,1,2019-03-31,2019-03-31,1,1.0,82.0,13.04,0,610.0,False,,False,,,,
Kern River,040303496600,Green & Whittier A,333,Chevron U.S.A. Inc.,Active,2,2020-11-30,2020-11-30,1,2.0,749.0,119.09,0,,True,,False,,,,
Kern River,040303496700,Green & Whittier A,335,Chevron U.S.A. Inc.,Active,0,2018-01-31,2018-01-31,1,2.0,629.0,100.01,0,454.0,False,,False,,,,
Kern River,040303496700,Green & Whittier A,335,Chevron U.S.A. Inc.,Active,1,2019-04-30,2019-04-30,1,1.0,48.0,7.63,0,580.0,False,,False,,,,
Kern River,040303496700,Green & Whittier A,335,Chevron U.S.A. Inc.,Active,2,2020-11-30,2020-11-30,1,2.0,746.0,118.61,0,,True,,False,,,,
Kern River,040303496900,Green & Whittier A,340,Chevron U.S.A. Inc.,Active,0,2019-03-31,2019-03-31,1,2.0,229.0,36.41,0,,True,,False,,,,
Kern River,040303497200,Green & Whittier A,343,Chevron U.S.A. Inc.,Active,0,2018-02-28,2019-02-28,3,3.0,329.0,52.31,0,61.0,False,,False,,,,
Kern River,040303497200,Green & Whittier A,343,Chevron U.S.A. Inc.,Active,1,2019-04-30,2019-04-30,1,1.0,45.0,7.16,0,,True,,False,,,,
Kern River,040303497800,Green & Whittier A,346,Chevron U.S.A. Inc.,Active,0,2018-02-28,2018-02-28,1,1.0,508.0,80.77,0,396.0,False,,False,,,,
Kern River,040303497800,Green & Whittier A,346,Chevron U.S.A. Inc.,Active,1,2019-03-31,2019-03-31,1,1.0,49.0,7.79,0,183.0,False,,False,,,,
Kern River,040303497800,Green & Whittier A,346,Chevron U.S.A. Inc.,Active,2,2019-09-30,2019-09-30,1,1.0,152.0,24.17,0,61.0,False,,False,,,,
Kern River,040303497800,Green & Whittier A,346,Chevron U.S.A. Inc.,Active,3,2019-11-30,2019-11-30,1,2.0,139.0,22.1,0,,True,,False,,,,
Kern River,040303497900,Green & Whittier A,350,Chevron U.S.A. Inc.,Active,0,2018-02-28,2018-02-28,1,1.0,241.0,38.32,0,,True,,False,,,,
Kern River,040303504400,Green & Whittier A,328,Chevron U.S.A. Inc.,Active,0,2018-01-31,2018-02-28,2,3.0,385.0,61.22,0,,True,,False,,,,
Kern River,040303504700,Green & Whittier A,337,Chevron U.S.A. Inc.,Active,0,2018-01-31,2018-01-31,1,1.0,661.0,105.1,0,424.0,False,,False,,,,
Kern River,040303504700,Green & Whittier A,337,Chevron U.S.A. Inc.,Active,1,2019-03-31,2019-03-31,1,1.0,46.0,7.31,0,,True,,False,,,,
Kern River,040303504800,Green & Whittier A,338,Chevron U.S.A. Inc.,Active,0,2018-02-28,2018-02-28,1,1.0,256.0,40.7,0,396.0,False,,False,,,,
Kern River,040303504800,Green & Whittier A,338,Chevron U.S.A. Inc.,Active,1,2019-03-31,2019-04-30,2,3.0,194.0,30.85,0,,True,,False,,,,
Kern River,040303505100,Green & Whittier A,348,Chevron U.S.A. Inc.,Active,0,2019-03-31,2019-03-31,1,1.0,58.0,9.22,0,,True,,False,,,,
Kern River,040303505200,Green & Whittier A,349,Chevron U.S.A. Inc.,Active,0,2018-02-28,2019-03-31,4,4.0,396.0,62.96,0,610.0,False,,False,,,,
Kern River,040303505200,Green & Whittier A,349,Chevron U.S.A. Inc.,Active,1,2020-11-30,2020-11-30,1,2.0,745.0,118.45,0,,True,,False,,,,
Kern River,040303508400,Green & Whittier A,324,Chevron U.S.A. Inc.,Active,0,2018-01-31,2018-02-28,2,2.0,371.0,58.99,0,,True,,False,,,,
Kern River,040303508600,Green & Whittier A,339,Chevron U.S.A. Inc.,Active,0,2018-01-31,2018-02-28,2,2.0,371.0,58.99,0,,True,,False,,,,
Kern River,040303508702,Green & Whittier A,344,Chevron U.S.A. Inc.,Active,0,2019-04-30,2019-04-30,1,2.0,209.0,33.23,0,,True,,False,,,,
Kern River,040303508800,Green & Whittier A,351,Chevron U.S.A. Inc.,Active,0,2018-01-31,2018-01-31,1,1.0,186.0,29.57,0,,True,,False,,,,
Kern River,040303508900,Green & Whittier A,352,Chevron U.S.A. Inc.,Active,0,2018-01-31,2018-02-28,2,2.0,701.0,111.46,0,549.0,False,,False,,,,
Kern River,040303508900,Green & Whittier A,352,Chevron U.S.A. Inc.,Active,1,2019-08-31,2019-08-31,1,1.0,133.0,21.15,0,,True,,False,,,,
Kern River,040303509000,Green & Whittier A,353,Chevron U.S.A. Inc.,Active,0,2018-01-31,2018-01-31,1,1.0,667.0,106.05,0,638.0,False,,False,,,,
Kern River,040303509000,Green & Whittier A,353,Chevron U.S.A. Inc.,Active,1,2019-10-31,2019-10-31,1,2.0,601.0,95.56,0,,True,,False,,,,
Kern River,040303560900,Chanslor,32R,Chevron U.S.A. Inc.,Active,0,2020-12-31,2020-12-31,1,2.0,1087.0,172.83,0,,True,,False,,,,
Kern River,040303564000,Junction,23R,Chevron U.S.A. Inc.,Active,0,2018-01-31,2018-01-31,1,1.0,612.0,97.31,0,,True,,False,,,,
Kern River,040303578500,Y.M.K.,60R,Chevron U.S.A. Inc.,Active,0,2018-02-28,2018-02-28,1,1.0,502.0,79.82,0,,True,,False,,,,
Kern River,040303578800,Fee A,421,Chevron U.S.A. Inc.,Idle,0,2019-03-31,2019-03-31,1,1.0,254.0,40.39,0,,True,,False,,,,
Kern River,040303581200,Davis Fee,2-1AR,Chevron U.S.A. Inc.,Active,0,2018-02-28,2018-02-28,1,1.0,145.0,23.05,0,61.0,False,,False,,,,
Kern River,040303581200,Davis Fee,2-1AR,Chevron U.S.A. Inc.,Active,1,2018-04-30,2018-05-31,2,3.0,418.0,66.46,0,,True,,False,,,,
Kern River,040303582200,Green & Whittier,72R,Chevron U.S.A. Inc.,Active,0,2018-01-31,2018-01-31,1,1.0,154.0,24.49,0,,True,,False,,,,
Kern River,040303591800,Cortez,1000,Chevron U.S.A. Inc.,Active,0,2019-01-31,2019-02-28,2,4.0,100.0,15.9,0,,True,,False,,,,
Kern River,040303619400,Angus,702H,Chevron U.S.A. Inc.,Active,0,2019-10-31,2019-10-31,1,1.0,152.0,24.17,0,,True,,False,,,,
Kern River,040303619500,Angus,703H,Chevron U.S.A. Inc.,Active,0,2019-09-30,2019-11-30,3,4.0,437.0,69.48,0,62.0,False,,False,,,,
Kern River,040303619500,Angus,703H,Chevron U.S.A. Inc.,Active,1,2020-01-31,2020-01-31,1,1.0,140.0,22.26,0,60.0,False,,False,,,,
Kern River,040303619500,Angus,703H,Chevron U.S.A. Inc.,Active,2,2020-03-31,2020-03-31,1,1.0,103.0,16.38,0,,True,,False,,,,
Kern River,040303619600,Angus,710H,Chevron U.S.A. Inc.,Active,0,2019-04-30,2019-04-30,1,1.0,42.0,6.68,0,,True,,False,,,,
Kern River,040303619700,Angus,712H,Chevron U.S.A. Inc.,Active,0,2020-01-31,2020-01-31,1,1.0,140.0,22.26,0,60.0,False,,False,,,,
Kern River,040303619700,Angus,712H,Chevron U.S.A. Inc.,Active,1,2020-03-31,2020-03-31,1,1.0,103.0,16.38,0,,True,,False,,,,
Kern River,040303628000,Fee C,203H,Chevron U.S.A. Inc.,Active,0,2019-01-31,2019-02-28,2,2.0,126.0,20.03,0,61.0,False,,False,,,,
Kern River,040303628000,Fee C,203H,Chevron U.S.A. Inc.,Active,1,2019-04-30,2019-04-30,1,1.0,48.0,7.63,0,153.0,False,,False,,,,
Kern River,040303628000,Fee C,203H,Chevron U.S.A. Inc.,Active,2,2019-09-30,2019-09-30,1,1.0,140.0,22.26,0,61.0,False,,False,,,,
Kern River,040303628000,Fee C,203H,Chevron U.S.A. Inc.,Active,3,2019-11-30,2020-01-31,3,4.0,410.0,65.19,0,335.0,False,,False,,,,
Kern River,040303628000,Fee C,203H,Chevron U.S.A. Inc.,Active,4,2020-12-31,2020-12-31,1,2.0,1076.0,171.08,0,,True,,False,,,,
Kern River,040303651900,Chanslor,76H,Chevron U.S.A. Inc.,Active,0,2019-08-31,2019-08-31,1,1.0,123.0,19.56,0,153.0,False,,False,,,,
Kern River,040303651900,Chanslor,76H,Chevron U.S.A. Inc.,Active,1,2020-01-31,2020-01-31,1,2.0,653.0,103.83,0,60.0,False,,False,,,,
Kern River,040303651900,Chanslor,76H,Chevron U.S.A. Inc.,Active,2,2020-03-31,2020-03-31,1,1.0,102.0,16.22,0,122.0,False,,False,,,,
Kern River,040303651900,Chanslor,76H,Chevron U.S.A. Inc.,Active,3,2020-07-31,2020-07-31,1,2.0,827.0,131.49,0,,True,,False,,,,
Kern River,040303652100,Chanslor,78H,Chevron U.S.A. Inc.,Active,0,2018-02-28,2018-02-28,1,2.0,580.0,92.22,0,92.0,False,,False,,,,
Kern River,040303652100,Chanslor,78H,Chevron U.S.A. Inc.,Active,1,2018-05-31,2018-08-31,2,4.0,934.0,148.51,0,242.0,False,,False,,,,
Kern River,040303652100,Chanslor,78H,Chevron U.S.A. Inc.,Active,2,2019-04-30,2019-04-30,1,1.0,52.0,8.27,0,184.0,False,,False,,,,
Kern River,040303652100,Chanslor,78H,Chevron U.S.A. Inc.,Active,3,2019-10-31,2019-10-31,1,2.0,209.0,33.23,0,152.0,False,,False,,,,
Kern River,040303652100,Chanslor,78H,Chevron U.S.A. Inc.,Active,4,2020-03-31,2020-03-31,1,2.0,110.0,17.49,0,153.0,False,,False,,,,
Kern River,040303652100,Chanslor,78H,Chevron U.S.A. Inc.,Active,5,2020-08-31,2020-08-31,1,2.0,805.0,128.0,0,,True,,False,,,,
Kern River,040303652300,Unspecified,19-270H,Chevron U.S.A. Inc.,Active,0,2019-10-31,2019-11-30,2,2.0,222.0,35.3,0,,True,,False,,,,
Kern River,040303652500,Mecca,97H-19,Chevron U.S.A. Inc.,Active,0,2018-01-31,2018-01-31,1,1.0,557.0,88.56,0,,True,,False,,,,
Kern River,040303660800,Kern County Land Co. Lease 39,14-9,Chevron U.S.A. Inc.,Active,0,2018-01-31,2018-01-31,1,1.0,170.0,27.03,0,,True,,False,,,,
Kern River,040303660900,Kern County Land Co. Lease 39,442-9,Chevron U.S.A. Inc.,Idle,0,2019-07-31,2019-07-31,1,1.0,218.0,34.66,0,,True,,False,,,,
Kern River,040303662300,Chanslor,75H,Chevron U.S.A. Inc.,Active,0,2018-02-28,2018-02-28,1,1.0,273.0,43.41,0,426.0,False,,False,,,,
Kern River,040303662300,Chanslor,75H,Chevron U.S.A. Inc.,Active,1,2019-04-30,2019-04-30,1,1.0,49.0,7.79,0,92.0,False,,False,,,,
Kern River,040303662300,Chanslor,75H,Chevron U.S.A. Inc.,Active,2,2019-07-31,2019-07-31,1,1.0,384.0,61.06,0,61.0,False,,False,,,,
Kern River,040303662300,Chanslor,75H,Chevron U.S.A. Inc.,Active,3,2019-09-30,2019-09-30,1,1.0,160.0,25.44,0,61.0,False,,False,,,,
Kern River,040303662300,Chanslor,75H,Chevron U.S.A. Inc.,Active,4,2019-11-30,2019-12-31,2,3.0,297.0,47.22,0,91.0,False,,False,,,,
Kern River,040303662300,Chanslor,75H,Chevron U.S.A. Inc.,Active,5,2020-03-31,2020-03-31,1,1.0,102.0,16.22,0,122.0,False,,False,,,,
Kern River,040303662300,Chanslor,75H,Chevron U.S.A. Inc.,Active,6,2020-07-31,2020-07-31,1,2.0,826.0,131.33,0,,True,,False,,,,
Kern River,040303666500,May,41H,Chevron U.S.A. Inc.,Active,0,2018-02-28,2018-02-28,1,1.0,634.0,100.81,0,,True,,False,,,,
Kern River,040303666501,May,41H,Chevron U.S.A. Inc.,Active,0,2019-11-30,2019-11-30,1,1.0,81.0,12.88,0,62.0,False,,False,,,,
Kern River,040303666501,May,41H,Chevron U.S.A. Inc.,Active,1,2020-01-31,2020-02-29,2,2.0,230.0,36.57,0,,True,,False,,,,
Kern River,040303666600,May,42H,Chevron U.S.A. Inc.,Active,0,2018-01-31,2018-01-31,1,2.0,174.0,27.67,0,,True,,False,,,,
Kern River,040303666700,May,43H,Chevron U.S.A. Inc.,Active,0,2019-11-30,2019-11-30,1,1.0,79.0,12.56,0,62.0,False,,False,,,,
Kern River,040303666700,May,43H,Chevron U.S.A. Inc.,Active,1,2020-01-31,2020-01-31,1,1.0,138.0,21.94,0,60.0,False,,False,,,,
Kern River,040303666700,May,43H,Chevron U.S.A. Inc.,Active,2,2020-03-31,2020-03-31,1,1.0,114.0,18.13,0,,True,,False,,,,
Kern River,040303668200,Unspecified,19-271H,Chevron U.S.A. Inc.,Active,0,2019-04-30,2019-05-31,2,2.0,625.0,99.38,0,153.0,False,,False,,,,
Kern River,040303668200,Unspecified,19-271H,Chevron U.S.A. Inc.,Active,1,2019-10-31,2019-11-30,2,3.0,227.0,36.09,0,,True,,False,,,,
Kern River,040303672000,Cordes,86,Chevron U.S.A. Inc.,Active,0,2018-01-31,2018-01-31,1,2.0,576.0,91.58,0,,True,,False,,,,
Kern River,040303672100,Cordes,89,Chevron U.S.A. Inc.,Active,0,2018-01-31,2018-01-31,1,1.0,172.0,27.35,0,,True,,False,,,,
Kern River,040303672700,Cordes,520,Chevron U.S.A. Inc.,Active,0,2018-02-28,2018-02-28,1,1.0,152.0,24.17,0,,True,,False,,,,
Kern River,040303674900,Cordes,91,Chevron U.S.A. Inc.,Active,0,2018-01-31,2018-01-31,1,1.0,317.0,50.4,0,,True,,False,,,,
Kern River,040303675000,Cordes,93,Chevron U.S.A. Inc.,Active,0,2018-01-31,2018-01-31,1,1.0,317.0,50.4,0,,True,,False,,,,
Kern River,040303675100,Cordes,94,Chevron U.S.A. Inc.,Active,0,2018-01-31,2018-01-31,1,1.0,208.0,33.07,0,,True,,False,,,,
Kern River,040303677200,Kern,441,Chevron U.S.A. Inc.,Active,0,2018-01-31,2018-01-31,1,1.0,194.0,30.85,0,,True,,False,,,,
Kern River,040303677300,Kern,442,Chevron U.S.A. Inc.,Active,0,2018-01-31,2018-01-31,1,1.0,250.0,39.75,0,,True,,False,,,,
Kern River,040303677400,Kern,443,Chevron U.S.A. Inc.,Active,0,2018-01-31,2018-01-31,1,1.0,194.0,30.85,0,,True,,False,,,,
Kern River,040303677500,Kern,444,Chevron U.S.A. Inc.,Active,0,2018-01-31,2018-01-31,1,2.0,401.0,63.76,0,,True,,False,,,,
Kern River,040303678800,Cordes,517,Chevron U.S.A. Inc.,Active,0,2018-01-31,2018-01-31,1,1.0,366.0,58.19,0,,True,,False,,,,
Kern River,040303680100,Kern,432,Chevron U.S.A. Inc.,Active,0,2018-01-31,2018-01-31,1,2.0,401.0,63.76,0,,True,,False,,,,
Kern River,040303680500,Kern,436,Chevron U.S.A. Inc.,Active,0,2018-01-31,2018-01-31,1,1.0,213.0,33.87,0,,True,,False,,,,
Kern River,040303684401,Kern,439,Chevron U.S.A. Inc.,Active,0,2019-01-31,2019-02-28,2,2.0,76.0,12.08,0,,True,,False,,,,
Kern River,040303701700,Green & Whittier A,566,Chevron U.S.A. Inc.,Active,0,2019-03-31,2019-03-31,1,1.0,57.0,9.06,0,214.0,False,,False,,,,
Kern River,040303701700,Green & Whittier A,566,Chevron U.S.A. Inc.,Active,1,2019-10-31,2019-10-31,1,1.0,143.0,22.74,0,,True,,False,,,,
Kern River,040303701900,Toltec,70H,Chevron U.S.A. Inc.,Active,0,2019-01-31,2019-02-28,2,2.0,334.0,53.11,0,61.0,False,,False,,,,
Kern River,040303701900,Toltec,70H,Chevron U.S.A. Inc.,Active,1,2019-04-30,2019-04-30,1,1.0,149.0,23.69,0,123.0,False,,False,,,,
Kern River,040303701900,Toltec,70H,Chevron U.S.A. Inc.,Active,2,2019-08-31,2019-08-31,1,1.0,119.0,18.92,0,61.0,False,,False,,,,
Kern River,040303701900,Toltec,70H,Chevron U.S.A. Inc.,Active,3,2019-10-31,2019-11-30,2,2.0,194.0,30.85,0,91.0,False,,False,,,,
Kern River,040303701900,Toltec,70H,Chevron U.S.A. Inc.,Active,4,2020-02-29,2020-02-29,1,1.0,104.0,16.54,0,,True,,False,,,,
Kern River,040303705000,Amazon,73H,Chevron U.S.A. Inc.,Active,0,2018-01-31,2018-08-31,6,8.0,2359.0,375.08,0,212.0,False,,False,,,,
Kern River,040303705000,Amazon,73H,Chevron U.S.A. Inc.,Active,1,2019-03-31,2019-03-31,1,2.0,48.0,7.63,0,153.0,False,,False,,,,
Kern River,040303705000,Amazon,73H,Chevron U.S.A. Inc.,Active,2,2019-08-31,2019-08-31,1,1.0,149.0,23.69,0,61.0,False,,False,,,,
Kern River,040303705000,Amazon,73H,Chevron U.S.A. Inc.,Active,3,2019-10-31,2019-11-30,2,3.0,327.0,51.99,0,62.0,False,,False,,,,
Kern River,040303705000,Amazon,73H,Chevron U.S.A. Inc.,Active,4,2020-01-31,2020-01-31,1,1.0,130.0,20.67,0,335.0,False,,False,,,,
Kern River,040303705000,Amazon,73H,Chevron U.S.A. Inc.,Active,5,2020-12-31,2020-12-31,1,2.0,1110.0,176.49,0,,True,,False,,,,
Kern River,040303710500,Cordes,95,Chevron U.S.A. Inc.,Active,0,2018-02-28,2018-02-28,1,1.0,277.0,44.04,0,,True,,False,,,,
Kern River,040303710600,Cordes,96,Chevron U.S.A. Inc.,Active,0,2018-01-31,2018-01-31,1,1.0,366.0,58.19,0,,True,,False,,,,
Kern River,040303710700,Reed Crude,201H,Chevron U.S.A. Inc.,Active,0,2019-10-31,2019-11-30,2,2.0,217.0,34.5,0,62.0,False,,False,,,,
Kern River,040303710700,Reed Crude,201H,Chevron U.S.A. Inc.,Active,1,2020-01-31,2020-02-29,2,3.0,222.0,35.3,0,,True,,False,,,,
Kern River,040303710800,Reed Crude,202H,Chevron U.S.A. Inc.,Active,0,2019-10-31,2020-01-31,4,4.0,436.0,69.32,0,60.0,False,,False,,,,
Kern River,040303710800,Reed Crude,202H,Chevron U.S.A. Inc.,Active,1,2020-03-31,2020-03-31,1,1.0,125.0,19.88,0,,True,,False,,,,
Kern River,040303721800,Sterling,227H,Chevron U.S.A. Inc.,Active,0,2019-10-31,2019-11-30,2,2.0,194.0,30.85,0,62.0,False,,False,,,,
Kern River,040303721800,Sterling,227H,Chevron U.S.A. Inc.,Active,1,2020-01-31,2020-01-31,1,1.0,131.0,20.83,0,60.0,False,,False,,,,
Kern River,040303721800,Sterling,227H,Chevron U.S.A. Inc.,Active,2,2020-03-31,2020-03-31,1,1.0,110.0,17.49,0,306.0,False,,False,,,,
Kern River,040303721800,Sterling,227H,Chevron U.S.A. Inc.,Active,3,2021-01-31,2021-01-31,1,2.0,1055.0,167.75,0,,True,,False,,,,
Kern River,040303723400,Unspecified,3321H,Chevron U.S.A. Inc.,Active,0,2018-02-28,2018-02-28,1,1.0,169.0,26.87,0,92.0,False,,False,,,,
Kern River,040303723400,Unspecified,3321H,Chevron U.S.A. Inc.,Active,1,2018-05-31,2019-02-28,4,5.0,2699.0,429.14,0,61.0,False,,False,,,,
Kern River,040303723400,Unspecified,3321H,Chevron U.S.A. Inc.,Active,2,2019-04-30,2019-04-30,1,1.0,128.0,20.35,0,123.0,False,,False,,,,
Kern River,040303723400,Unspecified,3321H,Chevron U.S.A. Inc.,Active,3,2019-08-31,2019-08-31,1,1.0,131.0,20.83,0,61.0,False,,False,,,,
Kern River,040303723400,Unspecified,3321H,Chevron U.S.A. Inc.,Active,4,2019-10-31,2019-11-30,2,3.0,221.0,35.14,0,62.0,False,,False,,,,
Kern River,040303723400,Unspecified,3321H,Chevron U.S.A. Inc.,Active,5,2020-01-31,2020-01-31,1,1.0,160.0,25.44,0,60.0,False,,False,,,,
Kern River,040303723400,Unspecified,3321H,Chevron U.S.A. Inc.,Active,6,2020-03-31,2020-03-31,1,1.0,143.0,22.74,0,122.0,False,,False,,,,
Kern River,040303723400,Unspecified,3321H,Chevron U.S.A. Inc.,Active,7,2020-07-31,2020-07-31,1,2.0,774.0,123.07,0,153.0,False,,False,,,,
Kern River,040303723400,Unspecified,3321H,Chevron U.S.A. Inc.,Active,8,2020-12-31,2020-12-31,1,2.0,1428.0,227.05,0,,True,,False,,,,
Kern River,040303723800,Unspecified,3755H,Chevron U.S.A. Inc.,Active,0,2019-01-31,2019-02-28,2,2.0,284.0,45.16,0,337.0,False,,False,,,,
Kern River,040303723800,Unspecified,3755H,Chevron U.S.A. Inc.,Active,1,2020-01-31,2020-01-31,1,1.0,106.0,16.85,0,304.0,False,,False,,,,
Kern River,040303723800,Unspecified,3755H,Chevron U.S.A. Inc.,Active,2,2020-11-30,2020-11-30,1,2.0,929.0,147.71,0,,True,,False,,,,
Kern River,040303724800,Reed,201H,Chevron U.S.A. Inc.,Active,0,2019-01-31,2019-03-31,3,3.0,464.0,73.78,0,214.0,False,,False,,,,
Kern River,040303724800,Reed,201H,Chevron U.S.A. Inc.,Active,1,2019-10-31,2019-10-31,1,2.0,118.0,18.76,0,61.0,False,,False,,,,
Kern River,040303724800,Reed,201H,Chevron U.S.A. Inc.,Active,2,2019-12-31,2020-01-31,2,3.0,234.0,37.21,0,,True,,False,,,,
Kern River,040303724900,H.S. Douglas,34H,Chevron U.S.A. Inc.,Active,0,2018-01-31,2019-02-28,3,3.0,304.0,48.34,0,245.0,False,,False,,,,
Kern River,040303724900,H.S. Douglas,34H,Chevron U.S.A. Inc.,Active,1,2019-10-31,2019-11-30,2,3.0,249.0,39.59,0,62.0,False,,False,,,,
Kern River,040303724900,H.S. Douglas,34H,Chevron U.S.A. Inc.,Active,2,2020-01-31,2020-02-29,2,2.0,260.0,41.34,0,153.0,False,,False,,,,
Kern River,040303724900,H.S. Douglas,34H,Chevron U.S.A. Inc.,Active,3,2020-07-31,2020-07-31,1,2.0,843.0,134.04,0,,True,,False,,,,
Kern River,040303727300,Unspecified,19-272H,Chevron U.S.A. Inc.,Idle,0,2019-10-31,2019-10-31,1,1.0,135.0,21.46,0,,True,,False,,,,
Kern River,040303737300,Mecca,96-19,Chevron U.S.A. Inc.,Active,0,2019-12-31,2019-12-31,1,2.0,406.0,64.55,0,,True,,False,,,,
Kern River,040303737400,Mecca,97-19,Chevron U.S.A. Inc.,Active,0,2018-01-31,2018-01-31,1,2.0,631.0,100.33,0,,True,,False,,,,
Kern River,040303739000,Revenue,157H,Chevron U.S.A. Inc.,Active,0,2019-10-31,2019-11-30,2,2.0,196.0,31.16,0,62.0,False,,False,,,,
Kern River,040303739000,Revenue,157H,Chevron U.S.A. Inc.,Active,1,2020-01-31,2020-01-31,1,2.0,514.0,81.73,0,304.0,False,,False,,,,
Kern River,040303739000,Revenue,157H,Chevron U.S.A. Inc.,Active,2,2020-11-30,2020-11-30,1,3.0,1518.0,241.36,0,,True,,False,,,,
Kern River,040303755400,Vanderlip,42H,Chevron U.S.A. Inc.,Active,0,2018-01-31,2018-01-31,1,1.0,189.0,30.05,0,607.0,False,,False,,,,
Kern River,040303755400,Vanderlip,42H,Chevron U.S.A. Inc.,Active,1,2019-09-30,2019-09-30,1,2.0,126.0,20.03,0,,True,,False,,,,
Kern River,040303765400,Green & Whittier A,601H,Chevron U.S.A. Inc.,Active,0,2019-09-30,2019-10-31,2,2.0,309.0,49.13,0,92.0,False,,False,,,,
Kern River,040303765400,Green & Whittier A,601H,Chevron U.S.A. Inc.,Active,1,2020-01-31,2020-01-31,1,1.0,147.0,23.37,0,,True,,False,,,,
Kern River,040303795500,,18-25H,Chevron U.S.A. Inc.,Active,0,2019-10-31,2019-10-31,1,1.0,66.0,10.49,0,92.0,False,,False,,,,
Kern River,040303795500,,18-25H,Chevron U.S.A. Inc.,Active,1,2020-01-31,2020-02-29,2,2.0,148.0,23.53,0,,True,,False,,,,
Kern River,040303795600,Unspecified,19-273H,Chevron U.S.A. Inc.,Active,0,2019-10-31,2019-10-31,1,1.0,138.0,21.94,0,61.0,False,,False,,,,
Kern River,040303795600,Unspecified,19-273H,Chevron U.S.A. Inc.,Active,1,2019-12-31,2019-12-31,1,1.0,124.0,19.72,0,60.0,False,,False,,,,
Kern River,040303795600,Unspecified,19-273H,Chevron U.S.A. Inc.,Active,2,2020-02-29,2020-02-29,1,1.0,109.0,17.33,0,,True,,False,,,,
Kern River,040303795700,Unspecified,19-274H,Chevron U.S.A. Inc.,Active,0,2019-03-31,2019-03-31,1,1.0,158.0,25.12,0,214.0,False,,False,,,,
Kern River,040303795700,Unspecified,19-274H,Chevron U.S.A. Inc.,Active,1,2019-10-31,2019-10-31,1,1.0,130.0,20.67,0,92.0,False,,False,,,,
Kern River,040303795700,Unspecified,19-274H,Chevron U.S.A. Inc.,Active,2,2020-01-31,2020-01-31,1,2.0,842.0,133.88,0,,True,,False,,,,
Kern River,040303802400,American Naphtha,8-7BR,Chevron U.S.A. Inc.,Active,0,2018-01-31,2018-01-31,1,2.0,443.0,70.44,0,454.0,False,,False,,,,
Kern River,040303802400,American Naphtha,8-7BR,Chevron U.S.A. Inc.,Active,1,2019-04-30,2019-04-30,1,1.0,135.0,21.46,0,276.0,False,,False,,,,
Kern River,040303802400,American Naphtha,8-7BR,Chevron U.S.A. Inc.,Active,2,2020-01-31,2020-01-31,1,2.0,492.0,78.23,0,,True,,False,,,,
Kern River,040303803800,San Joaquin,184R,Chevron U.S.A. Inc.,Active,0,2018-01-31,2018-02-28,2,3.0,434.0,69.01,0,,True,,False,,,,
Kern River,040303805800,D & D A,16R,Chevron U.S.A. Inc.,Active,0,2018-01-31,2019-02-28,3,4.0,907.0,144.21,0,,True,,False,,,,
Kern River,040303805900,Clarence,24R,Chevron U.S.A. Inc.,Active,0,2019-04-30,2019-04-30,1,1.0,149.0,23.69,0,,True,,False,,,,
Kern River,040303806000,Green & Whittier,300,Chevron U.S.A. Inc.,Active,0,2019-03-31,2019-03-31,1,2.0,210.0,33.39,0,,True,,False,,,,
Kern River,040303806100,Green & Whittier,301,Chevron U.S.A. Inc.,Active,0,2019-01-31,2019-02-28,2,4.0,134.0,21.31,0,,True,,False,,,,
Kern River,040303806200,Green & Whittier,302,Chevron U.S.A. Inc.,Active,0,2018-01-31,2019-02-28,3,5.0,308.0,48.97,0,214.0,False,,False,,,,
Kern River,040303806200,Green & Whittier,302,Chevron U.S.A. Inc.,Active,1,2019-09-30,2019-09-30,1,2.0,814.0,129.43,0,,True,,False,,,,
Kern River,040303806300,Green & Whittier,303,Chevron U.S.A. Inc.,Active,0,2018-01-31,2018-02-28,2,2.0,436.0,69.32,0,,True,,False,,,,
Kern River,040303806400,Green & Whittier,304,Chevron U.S.A. Inc.,Active,0,2018-01-31,2019-02-28,3,8.0,1308.0,207.97,0,,True,,False,,,,
Kern River,040303806600,Green & Whittier,306,Chevron U.S.A. Inc.,Active,0,2018-01-31,2019-02-28,3,5.0,363.0,57.72,0,,True,,False,,,,
Kern River,040303812800,20th Century,6R,Chevron U.S.A. Inc.,Active,0,2019-01-31,2019-02-28,2,2.0,88.0,13.99,0,245.0,False,,False,,,,
Kern River,040303812800,20th Century,6R,Chevron U.S.A. Inc.,Active,1,2019-10-31,2019-10-31,1,2.0,645.0,102.56,0,396.0,False,,False,,,,
Kern River,040303812800,20th Century,6R,Chevron U.S.A. Inc.,Active,2,2020-11-30,2020-11-30,1,2.0,778.0,123.7,0,,True,,False,,,,
Kern River,040303815900,Tejon,148,Chevron U.S.A. Inc.,Active,0,2018-01-31,2018-01-31,1,2.0,190.0,30.21,0,577.0,False,,False,,,,
Kern River,040303815900,Tejon,148,Chevron U.S.A. Inc.,Active,1,2019-08-31,2019-08-31,1,2.0,534.0,84.91,0,,True,,False,,,,
Kern River,040303823300,Angus,711H,Chevron U.S.A. Inc.,Active,0,2019-04-30,2019-04-30,1,1.0,42.0,6.68,0,153.0,False,,False,,,,
Kern River,040303823300,Angus,711H,Chevron U.S.A. Inc.,Active,1,2019-09-30,2019-09-30,1,2.0,132.0,20.99,0,61.0,False,,False,,,,
Kern River,040303823300,Angus,711H,Chevron U.S.A. Inc.,Active,2,2019-11-30,2019-11-30,1,1.0,139.0,22.1,0,62.0,False,,False,,,,
Kern River,040303823300,Angus,711H,Chevron U.S.A. Inc.,Active,3,2020-01-31,2020-02-29,2,2.0,270.0,42.93,0,,True,,False,,,,
Kern River,040303823500,Reed,202H,Chevron U.S.A. Inc.,Active,0,2019-03-31,2019-03-31,1,1.0,132.0,20.99,0,214.0,False,,False,,,,
Kern River,040303823500,Reed,202H,Chevron U.S.A. Inc.,Active,1,2019-10-31,2019-11-30,2,3.0,199.0,31.64,0,91.0,False,,False,,,,
Kern River,040303823500,Reed,202H,Chevron U.S.A. Inc.,Active,2,2020-02-29,2020-02-29,1,1.0,102.0,16.22,0,,True,,False,,,,
Kern River,040303823600,Reed,203H,Chevron U.S.A. Inc.,Active,0,2019-03-31,2019-03-31,1,1.0,132.0,20.99,0,214.0,False,,False,,,,
Kern River,040303823600,Reed,203H,Chevron U.S.A. Inc.,Active,1,2019-10-31,2019-11-30,2,2.0,197.0,31.32,0,62.0,False,,False,,,,
Kern River,040303823600,Reed,203H,Chevron U.S.A. Inc.,Active,2,2020-01-31,2020-01-31,1,1.0,150.0,23.85,0,60.0,False,,False,,,,
Kern River,040303823600,Reed,203H,Chevron U.S.A. Inc.,Active,3,2020-03-31,2020-03-31,1,2.0,117.0,18.6,0,,True,,False,,,,
Kern River,040303823700,Bolena,37H,Chevron U.S.A. Inc.,Active,0,2018-01-31,2018-01-31,1,2.0,569.0,90.47,0,424.0,False,,False,,,,
Kern River,040303823700,Bolena,37H,Chevron U.S.A. Inc.,Active,1,2019-03-31,2019-04-30,2,2.0,126.0,20.03,0,184.0,False,,False,,,,
Kern River,040303823700,Bolena,37H,Chevron U.S.A. Inc.,Active,2,2019-10-31,2019-12-31,3,3.0,398.0,63.28,0,60.0,False,,False,,,,
Kern River,040303823700,Bolena,37H,Chevron U.S.A. Inc.,Active,3,2020-02-29,2020-02-29,1,1.0,143.0,22.74,0,306.0,False,,False,,,,
Kern River,040303823700,Bolena,37H,Chevron U.S.A. Inc.,Active,4,2020-12-31,2020-12-31,1,2.0,1072.0,170.45,0,,True,,False,,,,
Kern River,040303824200,U.S.L.,10R,Chevron U.S.A. Inc.,Active,0,2019-03-31,2019-03-31,1,1.0,146.0,23.21,0,183.0,False,,False,,,,
Kern River,040303824200,U.S.L.,10R,Chevron U.S.A. Inc.,Active,1,2019-09-30,2019-09-30,1,1.0,106.0,16.85,0,123.0,False,,False,,,,
Kern River,040303824200,U.S.L.,10R,Chevron U.S.A. Inc.,Active,2,2020-01-31,2020-01-31,1,2.0,783.0,124.5,0,,True,,False,,,,
Kern River,040303844700,Unspecified,3712H,Chevron U.S.A. Inc.,Active,0,2019-03-31,2019-03-31,1,1.0,139.0,22.1,0,183.0,False,,False,,,,
Kern River,040303844700,Unspecified,3712H,Chevron U.S.A. Inc.,Active,1,2019-09-30,2019-09-30,1,1.0,126.0,20.03,0,123.0,False,,False,,,,
Kern River,040303844700,Unspecified,3712H,Chevron U.S.A. Inc.,Active,2,2020-01-31,2020-01-31,1,1.0,166.0,26.39,0,,True,,False,,,,
Kern River,040303844800,Unspecified,3935H,Chevron U.S.A. Inc.,Active,0,2019-03-31,2019-03-31,1,1.0,131.0,20.83,0,153.0,False,,False,,,,
Kern River,040303844800,Unspecified,3935H,Chevron U.S.A. Inc.,Active,1,2019-08-31,2019-08-31,1,1.0,122.0,19.4,0,61.0,False,,False,,,,
Kern River,040303844800,Unspecified,3935H,Chevron U.S.A. Inc.,Active,2,2019-10-31,2019-10-31,1,1.0,139.0,22.1,0,61.0,False,,False,,,,
Kern River,040303844800,Unspecified,3935H,Chevron U.S.A. Inc.,Active,3,2019-12-31,2020-01-31,2,3.0,278.0,44.2,0,,True,,False,,,,
Kern River,040303844900,San Joaquin,941H,Chevron U.S.A. Inc.,Active,0,2018-01-31,2019-02-28,3,3.0,979.0,155.66,0,245.0,False,,False,,,,
Kern River,040303844900,San Joaquin,941H,Chevron U.S.A. Inc.,Active,1,2019-10-31,2019-11-30,2,3.0,302.0,48.02,0,62.0,False,,False,,,,
Kern River,040303844900,San Joaquin,941H,Chevron U.S.A. Inc.,Active,2,2020-01-31,2020-01-31,1,1.0,121.0,19.24,0,60.0,False,,False,,,,
Kern River,040303844900,San Joaquin,941H,Chevron U.S.A. Inc.,Active,3,2020-03-31,2020-03-31,1,2.0,118.0,18.76,0,,True,,False,,,,
Kern River,040303853300,Angus,251H,Chevron U.S.A. Inc.,Active,0,2018-01-31,2018-01-31,1,1.0,604.0,96.04,0,638.0,False,,False,,,,
Kern River,040303853300,Angus,251H,Chevron U.S.A. Inc.,Active,1,2019-10-31,2019-10-31,1,2.0,122.0,19.4,0,61.0,False,,False,,,,
Kern River,040303853300,Angus,251H,Chevron U.S.A. Inc.,Active,2,2019-12-31,2019-12-31,1,1.0,130.0,20.67,0,,True,,False,,,,
Kern River,040303853400,Chanslor,81H,Chevron U.S.A. Inc.,Active,0,2018-02-28,2018-03-31,2,3.0,828.0,131.65,0,61.0,False,,False,,,,
Kern River,040303853400,Chanslor,81H,Chevron U.S.A. Inc.,Active,1,2018-05-31,2018-08-31,2,3.0,927.0,147.39,0,456.0,False,,False,,,,
Kern River,040303853400,Chanslor,81H,Chevron U.S.A. Inc.,Active,2,2019-11-30,2019-12-31,2,2.0,280.0,44.52,0,60.0,False,,False,,,,
Kern River,040303853400,Chanslor,81H,Chevron U.S.A. Inc.,Active,3,2020-02-29,2020-02-29,1,1.0,145.0,23.05,0,337.0,False,,False,,,,
Kern River,040303853400,Chanslor,81H,Chevron U.S.A. Inc.,Active,4,2021-01-31,2021-01-31,1,2.0,842.0,133.88,0,,True,,False,,,,
Kern River,040303853500,Chanslor,82H,Chevron U.S.A. Inc.,Active,0,2019-09-30,2019-09-30,1,2.0,866.0,137.69,0,61.0,False,,False,,,,
Kern River,040303853500,Chanslor,82H,Chevron U.S.A. Inc.,Active,1,2019-11-30,2019-12-31,2,2.0,266.0,42.29,0,366.0,False,,False,,,,
Kern River,040303853500,Chanslor,82H,Chevron U.S.A. Inc.,Active,2,2020-12-31,2020-12-31,1,3.0,2063.0,328.02,0,,True,,False,,,,
Kern River,040303853700,Tejon,144H,Chevron U.S.A. Inc.,Active,0,2018-01-31,2018-02-28,2,2.0,410.0,65.19,0,92.0,False,,False,,,,
Kern River,040303853700,Tejon,144H,Chevron U.S.A. Inc.,Active,1,2018-05-31,2019-02-28,4,8.0,2085.0,331.51,0,214.0,False,,False,,,,
Kern River,040303853700,Tejon,144H,Chevron U.S.A. Inc.,Active,2,2019-09-30,2019-09-30,1,1.0,118.0,18.76,0,61.0,False,,False,,,,
Kern River,040303853700,Tejon,144H,Chevron U.S.A. Inc.,Active,3,2019-11-30,2019-11-30,1,1.0,95.0,15.11,0,91.0,False,,False,,,,
Kern River,040303853700,Tejon,144H,Chevron U.S.A. Inc.,Active,4,2020-02-29,2020-03-31,2,4.0,195.0,31.0,0,122.0,False,,False,,,,
Kern River,040303853700,Tejon,144H,Chevron U.S.A. Inc.,Active,5,2020-07-31,2020-07-31,1,2.0,793.0,126.09,0,61.0,False,,False,,,,
Kern River,040303853700,Tejon,144H,Chevron U.S.A. Inc.,Active,6,2020-09-30,2020-09-30,1,2.0,492.0,78.23,0,,True,,False,,,,
Kern River,040303853800,Vernon,39H,Chevron U.S.A. Inc.,Active,0,2019-01-31,2019-02-28,2,2.0,384.0,61.06,0,61.0,False,,False,,,,
Kern River,040303853800,Vernon,39H,Chevron U.S.A. Inc.,Active,1,2019-04-30,2019-04-30,1,1.0,142.0,22.58,0,153.0,False,,False,,,,
Kern River,040303853800,Vernon,39H,Chevron U.S.A. Inc.,Active,2,2019-09-30,2019-09-30,1,1.0,123.0,19.56,0,61.0,False,,False,,,,
Kern River,040303853800,Vernon,39H,Chevron U.S.A. Inc.,Active,3,2019-11-30,2019-12-31,2,3.0,265.0,42.13,0,60.0,False,,False,,,,
Kern River,040303853800,Vernon,39H,Chevron U.S.A. Inc.,Active,4,2020-02-29,2020-02-29,1,2.0,79.0,12.56,0,,True,,False,,,,
Kern River,040303853900,Chicago Crude,220H,Chevron U.S.A. Inc.,Active,0,2018-02-28,2018-02-28,1,2.0,656.0,104.3,0,61.0,False,,False,,,,
Kern River,040303853900,Chicago Crude,220H,Chevron U.S.A. Inc.,Active,1,2018-04-30,2018-04-30,1,2.0,714.0,113.53,0,549.0,False,,False,,,,
Kern River,040303853900,Chicago Crude,220H,Chevron U.S.A. Inc.,Active,2,2019-10-31,2019-11-30,2,3.0,307.0,48.81,0,91.0,False,,False,,,,
Kern River,040303853900,Chicago Crude,220H,Chevron U.S.A. Inc.,Active,3,2020-02-29,2020-02-29,1,2.0,111.0,17.65,0,153.0,False,,False,,,,
Kern River,040303853900,Chicago Crude,220H,Chevron U.S.A. Inc.,Active,4,2020-07-31,2020-07-31,1,3.0,1638.0,260.44,0,61.0,False,,False,,,,
Kern River,040303853900,Chicago Crude,220H,Chevron U.S.A. Inc.,Active,5,2020-09-30,2020-09-30,1,2.0,769.0,122.27,0,61.0,False,,False,,,,
Kern River,040303853900,Chicago Crude,220H,Chevron U.S.A. Inc.,Active,6,2020-11-30,2020-11-30,1,2.0,754.0,119.89,0,,True,,False,,,,
Kern River,040303854100,Sterling,228H,Chevron U.S.A. Inc.,Active,0,2018-01-31,2018-01-31,1,1.0,640.0,101.76,0,638.0,False,,False,,,,
Kern River,040303854100,Sterling,228H,Chevron U.S.A. Inc.,Active,1,2019-10-31,2019-10-31,1,1.0,135.0,21.46,0,121.0,False,,False,,,,
Kern River,040303854100,Sterling,228H,Chevron U.S.A. Inc.,Active,2,2020-02-29,2020-02-29,1,2.0,630.0,100.17,0,306.0,False,,False,,,,
Kern River,040303854100,Sterling,228H,Chevron U.S.A. Inc.,Active,3,2020-12-31,2020-12-31,1,2.0,1044.0,166.0,0,,True,,False,,,,
Kern River,040303854200,Reed Crude,203H,Chevron U.S.A. Inc.,Active,0,2019-03-31,2019-03-31,1,2.0,138.0,21.94,0,61.0,False,,False,,,,
Kern River,040303854200,Reed Crude,203H,Chevron U.S.A. Inc.,Active,1,2019-05-31,2019-05-31,1,1.0,146.0,23.21,0,92.0,False,,False,,,,
Kern River,040303854200,Reed Crude,203H,Chevron U.S.A. Inc.,Active,2,2019-08-31,2019-08-31,1,1.0,103.0,16.38,0,61.0,False,,False,,,,
Kern River,040303854200,Reed Crude,203H,Chevron U.S.A. Inc.,Active,3,2019-10-31,2020-01-31,4,4.0,455.0,72.34,0,60.0,False,,False,,,,
Kern River,040303854200,Reed Crude,203H,Chevron U.S.A. Inc.,Active,4,2020-03-31,2020-03-31,1,1.0,125.0,19.88,0,,True,,False,,,,
Kern River,040303855400,Marco Fee,129H,Chevron U.S.A. Inc.,Active,0,2019-01-31,2019-02-28,2,2.0,252.0,40.07,0,61.0,False,,False,,,,
Kern River,040303855400,Marco Fee,129H,Chevron U.S.A. Inc.,Active,1,2019-04-30,2019-04-30,1,1.0,134.0,21.31,0,184.0,False,,False,,,,
Kern River,040303855400,Marco Fee,129H,Chevron U.S.A. Inc.,Active,2,2019-10-31,2019-11-30,2,2.0,225.0,35.77,0,91.0,False,,False,,,,
Kern River,040303855400,Marco Fee,129H,Chevron U.S.A. Inc.,Active,3,2020-02-29,2020-02-29,1,1.0,105.0,16.7,0,,True,,False,,,,
Kern River,040303855600,Reed,204H,Chevron U.S.A. Inc.,Active,0,2019-03-31,2019-03-31,1,1.0,49.0,7.79,0,214.0,False,,False,,,,
Kern River,040303855600,Reed,204H,Chevron U.S.A. Inc.,Active,1,2019-10-31,2019-11-30,2,2.0,199.0,31.64,0,91.0,False,,False,,,,
Kern River,040303855600,Reed,204H,Chevron U.S.A. Inc.,Active,2,2020-02-29,2020-02-29,1,1.0,139.0,22.1,0,,True,,False,,,,
Kern River,040303855700,Rasmussen,401H,Chevron U.S.A. Inc.,Active,0,2018-01-31,2019-02-28,3,3.0,826.0,131.33,0,214.0,False,,False,,,,
Kern River,040303855700,Rasmussen,401H,Chevron U.S.A. Inc.,Active,1,2019-09-30,2019-10-31,2,3.0,216.0,34.34,0,61.0,False,,False,,,,
Kern River,040303855700,Rasmussen,401H,Chevron U.S.A. Inc.,Active,2,2019-12-31,2019-12-31,1,1.0,126.0,20.03,0,60.0,False,,False,,,,
Kern River,040303855700,Rasmussen,401H,Chevron U.S.A. Inc.,Active,3,2020-02-29,2020-02-29,1,1.0,107.0,17.01,0,184.0,False,,False,,,,
Kern River,040303855700,Rasmussen,401H,Chevron U.S.A. Inc.,Active,4,2020-08-31,2020-08-31,1,3.0,1762.0,280.16,0,,True,,False,,,,
Kern River,040303870300,Reed,205H,Chevron U.S.A. Inc.,Active,0,2019-03-31,2019-03-31,1,1.0,166.0,26.39,0,275.0,False,,False,,,,
Kern River,040303870300,Reed,205H,Chevron U.S.A. Inc.,Active,1,2019-12-31,2019-12-31,1,1.0,140.0,22.26,0,60.0,False,,False,,,,
Kern River,040303870300,Reed,205H,Chevron U.S.A. Inc.,Active,2,2020-02-29,2020-02-29,1,1.0,128.0,20.35,0,,True,,False,,,,
Kern River,040303870400,Chicago Crude,221H,Chevron U.S.A. Inc.,Active,0,2019-10-31,2019-12-31,3,3.0,410.0,65.19,0,60.0,False,,False,,,,
Kern River,040303870400,Chicago Crude,221H,Chevron U.S.A. Inc.,Active,1,2020-02-29,2020-02-29,1,2.0,110.0,17.49,0,,True,,False,,,,
Kern River,040303870500,Hanford & Fresno,57H,Chevron U.S.A. Inc.,Active,0,2018-01-31,2018-01-31,1,1.0,189.0,30.05,0,,True,,False,,,,
Kern River,040303872900,Reed,206H,Chevron U.S.A. Inc.,Active,0,2019-03-31,2019-03-31,1,1.0,129.0,20.51,0,,True,,False,,,,
Kern River,040303881400,Unspecified,33-837H,Chevron U.S.A. Inc.,Active,0,2019-03-31,2019-03-31,1,1.0,154.0,24.49,0,214.0,False,,False,,,,
Kern River,040303881400,Unspecified,33-837H,Chevron U.S.A. Inc.,Active,1,2019-10-31,2019-11-30,2,2.0,210.0,33.39,0,62.0,False,,False,,,,
Kern River,040303881400,Unspecified,33-837H,Chevron U.S.A. Inc.,Active,2,2020-01-31,2020-03-31,3,3.0,244.0,38.8,0,,True,,False,,,,
Kern River,040303881700,Unspecified,33-840H,Chevron U.S.A. Inc.,Plugged,0,2018-02-28,2018-02-28,1,2.0,621.0,98.74,0,396.0,False,,False,,,,
Kern River,040303881700,Unspecified,33-840H,Chevron U.S.A. Inc.,Plugged,1,2019-03-31,2019-03-31,1,1.0,130.0,20.67,0,214.0,False,,False,,,,
Kern River,040303881700,Unspecified,33-840H,Chevron U.S.A. Inc.,Plugged,2,2019-10-31,2019-10-31,1,2.0,110.0,17.49,0,92.0,False,,False,,,,
Kern River,040303881700,Unspecified,33-840H,Chevron U.S.A. Inc.,Plugged,3,2020-01-31,2020-02-29,2,3.0,199.0,31.64,0,,True,,False,,,,
Kern River,040303892000,Globe,100H,Chevron U.S.A. Inc.,Active,0,2019-01-31,2019-02-28,2,2.0,94.0,14.95,0,61.0,False,,False,,,,
Kern River,040303892000,Globe,100H,Chevron U.S.A. Inc.,Active,1,2019-04-30,2019-04-30,1,1.0,45.0,7.16,0,123.0,False,,False,,,,
Kern River,040303892000,Globe,100H,Chevron U.S.A. Inc.,Active,2,2019-08-31,2019-08-31,1,1.0,131.0,20.83,0,182.0,False,,False,,,,
Kern River,040303892000,Globe,100H,Chevron U.S.A. Inc.,Active,3,2020-02-29,2020-02-29,1,2.0,113.0,17.97,0,184.0,False,,False,,,,
Kern River,040303892000,Globe,100H,Chevron U.S.A. Inc.,Active,4,2020-08-31,2020-09-30,2,2.0,899.0,142.94,0,92.0,False,,False,,,,
Kern River,040303892000,Globe,100H,Chevron U.S.A. Inc.,Active,5,2020-12-31,2020-12-31,1,2.0,1128.0,179.35,0,,True,,False,,,,
Kern River,040303892100,Sterling,229H,Chevron U.S.A. Inc.,Active,0,2019-10-31,2019-10-31,1,2.0,116.0,18.44,0,92.0,False,,False,,,,
Kern River,040303892100,Sterling,229H,Chevron U.S.A. Inc.,Active,1,2020-01-31,2020-01-31,1,1.0,131.0,20.83,0,60.0,False,,False,,,,
Kern River,040303892100,Sterling,229H,Chevron U.S.A. Inc.,Active,2,2020-03-31,2020-03-31,1,1.0,110.0,17.49,0,275.0,False,,False,,,,
Kern River,040303892100,Sterling,229H,Chevron U.S.A. Inc.,Active,3,2020-12-31,2020-12-31,1,2.0,1067.0,169.65,0,,True,,False,,,,
Kern River,040303892200,Reed Crude A,149H,Chevron U.S.A. Inc.,Active,0,2019-04-30,2019-04-30,1,1.0,139.0,22.1,0,123.0,False,,False,,,,
Kern River,040303892200,Reed Crude A,149H,Chevron U.S.A. Inc.,Active,1,2019-08-31,2019-08-31,1,1.0,121.0,19.24,0,,True,,False,,,,
Kern River,040303892400,Unspecified,404H,Chevron U.S.A. Inc.,Active,0,2018-01-31,2018-01-31,1,2.0,377.0,59.94,0,,True,,False,,,,
Kern River,040303892500,San Joaquin,942H,Chevron U.S.A. Inc.,Active,0,2018-01-31,2019-02-28,3,3.0,626.0,99.53,0,214.0,False,,False,,,,
Kern River,040303892500,San Joaquin,942H,Chevron U.S.A. Inc.,Active,1,2019-09-30,2019-10-31,2,2.0,263.0,41.82,0,61.0,False,,False,,,,
Kern River,040303892500,San Joaquin,942H,Chevron U.S.A. Inc.,Active,2,2019-12-31,2020-01-31,2,2.0,330.0,52.47,0,,True,,False,,,,
Kern River,040303895300,Unspecified,33-844H,Chevron U.S.A. Inc.,Active,0,2019-03-31,2019-03-31,1,1.0,130.0,20.67,0,153.0,False,,False,,,,
Kern River,040303895300,Unspecified,33-844H,Chevron U.S.A. Inc.,Active,1,2019-08-31,2019-08-31,1,2.0,107.0,17.01,0,61.0,False,,False,,,,
Kern River,040303895300,Unspecified,33-844H,Chevron U.S.A. Inc.,Active,2,2019-10-31,2019-10-31,1,1.0,120.0,19.08,0,92.0,False,,False,,,,
Kern River,040303895300,Unspecified,33-844H,Chevron U.S.A. Inc.,Active,3,2020-01-31,2020-02-29,2,4.0,978.0,155.5,0,,True,,False,,,,
Kern River,040303895400,Unspecified,405H,Chevron U.S.A. Inc.,Active,0,2018-01-31,2018-01-31,1,2.0,377.0,59.94,0,,True,,False,,,,
Kern River,040303898100,American Crude A,93H,Chevron U.S.A. Inc.,Active,0,2019-11-30,2019-11-30,1,2.0,569.0,90.47,0,,True,,False,,,,
Kern River,040303898300,Mecca,76H,Chevron U.S.A. Inc.,Active,0,2018-02-28,2018-02-28,1,2.0,667.0,106.05,0,92.0,False,,False,,,,
Kern River,040303898300,Mecca,76H,Chevron U.S.A. Inc.,Active,1,2018-05-31,2018-05-31,1,2.0,724.0,115.12,0,,True,,False,,,,
Kern River,040303899500,American Crude A,94H,Chevron U.S.A. Inc.,Active,0,2018-02-28,2018-02-28,1,2.0,584.0,92.86,0,61.0,False,,False,,,,
Kern River,040303899500,American Crude A,94H,Chevron U.S.A. Inc.,Active,1,2018-04-30,2018-04-30,1,2.0,727.0,115.59,0,123.0,False,,False,,,,
Kern River,040303899500,American Crude A,94H,Chevron U.S.A. Inc.,Active,2,2018-08-31,2019-02-28,3,3.0,283.0,45.0,0,61.0,False,,False,,,,
Kern River,040303899500,American Crude A,94H,Chevron U.S.A. Inc.,Active,3,2019-04-30,2019-04-30,1,1.0,50.0,7.95,0,184.0,False,,False,,,,
Kern River,040303899500,American Crude A,94H,Chevron U.S.A. Inc.,Active,4,2019-10-31,2019-11-30,2,2.0,285.0,45.31,0,62.0,False,,False,,,,
Kern River,040303899500,American Crude A,94H,Chevron U.S.A. Inc.,Active,5,2020-01-31,2020-02-29,2,2.0,258.0,41.02,0,153.0,False,,False,,,,
Kern River,040303899500,American Crude A,94H,Chevron U.S.A. Inc.,Active,6,2020-07-31,2020-07-31,1,2.0,827.0,131.49,0,,True,,False,,,,
Kern River,040303899600,American Crude A,95H,Chevron U.S.A. Inc.,Active,0,2019-01-31,2019-02-28,2,2.0,90.0,14.31,0,61.0,False,,False,,,,
Kern River,040303899600,American Crude A,95H,Chevron U.S.A. Inc.,Active,1,2019-04-30,2019-04-30,1,1.0,48.0,7.63,0,184.0,False,,False,,,,
Kern River,040303899600,American Crude A,95H,Chevron U.S.A. Inc.,Active,2,2019-10-31,2019-11-30,2,2.0,404.0,64.24,0,62.0,False,,False,,,,
Kern River,040303899600,American Crude A,95H,Chevron U.S.A. Inc.,Active,3,2020-01-31,2020-01-31,1,1.0,144.0,22.9,0,,True,,False,,,,
Kern River,040303907300,Chicago Crude,222H,Chevron U.S.A. Inc.,Active,0,2019-10-31,2019-12-31,3,3.0,466.0,74.09,0,60.0,False,,False,,,,
Kern River,040303907300,Chicago Crude,222H,Chevron U.S.A. Inc.,Active,1,2020-02-29,2020-02-29,1,2.0,218.0,34.66,0,,True,,False,,,,
Kern River,040303917600,Tejon,6R,Chevron U.S.A. Inc.,Active,0,2019-03-31,2019-03-31,1,2.0,135.0,21.46,0,244.0,False,,False,,,,
Kern River,040303917600,Tejon,6R,Chevron U.S.A. Inc.,Active,1,2019-11-30,2019-11-30,1,2.0,417.0,66.3,0,,True,,False,,,,
Kern River,040303918000,Y.M.K.,64,Chevron U.S.A. Inc.,Active,0,2019-03-31,2019-03-31,1,2.0,156.0,24.8,0,,True,,False,,,,
Kern River,040303935100,Santa Fe Energy KCL-10,108,Chevron U.S.A. Inc.,Active,0,2018-01-31,2020-02-29,2,2.0,285.0,45.31,0,153.0,False,,False,,,,
Kern River,040303935100,Santa Fe Energy KCL-10,108,Chevron U.S.A. Inc.,Active,1,2020-07-31,2020-07-31,1,1.0,83.0,13.2,0,,True,,False,,,,
Kern River,040303935400,KCL-10,112,Chevron U.S.A. Inc.,Active,0,2018-01-31,2018-01-31,1,1.0,119.0,18.92,0,,True,,False,,,,
Kern River,040303945400,Unspecified,19-275H,Chevron U.S.A. Inc.,Active,0,2019-03-31,2019-03-31,1,1.0,165.0,26.23,0,214.0,False,,False,,,,
Kern River,040303945400,Unspecified,19-275H,Chevron U.S.A. Inc.,Active,1,2019-10-31,2020-01-31,4,4.0,489.0,77.75,0,60.0,False,,False,,,,
Kern River,040303945400,Unspecified,19-275H,Chevron U.S.A. Inc.,Active,2,2020-03-31,2020-03-31,1,2.0,129.0,20.51,0,122.0,False,,False,,,,
Kern River,040303945400,Unspecified,19-275H,Chevron U.S.A. Inc.,Active,3,2020-07-31,2020-07-31,1,2.0,787.0,125.13,0,,True,,False,,,,
Kern River,040303945600,Sterling,230H,Chevron U.S.A. Inc.,Active,0,2018-01-31,2018-02-28,2,3.0,740.0,117.66,0,579.0,False,,False,,,,
Kern River,040303945600,Sterling,230H,Chevron U.S.A. Inc.,Active,1,2019-09-30,2019-09-30,1,1.0,124.0,19.72,0,61.0,False,,False,,,,
Kern River,040303945600,Sterling,230H,Chevron U.S.A. Inc.,Active,2,2019-11-30,2020-01-31,3,3.0,327.0,51.99,0,335.0,False,,False,,,,
Kern River,040303945600,Sterling,230H,Chevron U.S.A. Inc.,Active,3,2020-12-31,2020-12-31,1,2.0,1057.0,168.06,0,,True,,False,,,,
Kern River,040303945700,Revenue,158H,Chevron U.S.A. Inc.,Active,0,2020-01-31,2020-01-31,1,1.0,142.0,22.58,0,60.0,False,,False,,,,
Kern River,040303945700,Revenue,158H,Chevron U.S.A. Inc.,Active,1,2020-03-31,2020-03-31,1,1.0,147.0,23.37,0,153.0,False,,False,,,,
Kern River,040303945700,Revenue,158H,Chevron U.S.A. Inc.,Active,2,2020-08-31,2020-08-31,1,3.0,1737.0,276.18,0,,True,,False,,,,
Kern River,040303948200,Unspecified,19-276H,Chevron U.S.A. Inc.,Active,0,2019-01-31,2019-02-28,2,2.0,244.0,38.8,0,245.0,False,,False,,,,
Kern River,040303948200,Unspecified,19-276H,Chevron U.S.A. Inc.,Active,1,2019-10-31,2019-10-31,1,1.0,115.0,18.29,0,61.0,False,,False,,,,
Kern River,040303948200,Unspecified,19-276H,Chevron U.S.A. Inc.,Active,2,2019-12-31,2020-01-31,2,2.0,264.0,41.98,0,60.0,False,,False,,,,
Kern River,040303948200,Unspecified,19-276H,Chevron U.S.A. Inc.,Active,3,2020-03-31,2020-03-31,1,2.0,129.0,20.51,0,122.0,False,,False,,,,
Kern River,040303948200,Unspecified,19-276H,Chevron U.S.A. Inc.,Active,4,2020-07-31,2020-07-31,1,2.0,790.0,125.61,0,,True,,False,,,,
Kern River,040303948300,Rasmussen,402H,Chevron U.S.A. Inc.,Active,0,2019-10-31,2019-10-31,1,2.0,117.0,18.6,0,121.0,False,,False,,,,
Kern River,040303948300,Rasmussen,402H,Chevron U.S.A. Inc.,Active,1,2020-02-29,2020-02-29,1,1.0,139.0,22.1,0,153.0,False,,False,,,,
Kern River,040303948300,Rasmussen,402H,Chevron U.S.A. Inc.,Active,2,2020-07-31,2020-07-31,1,2.0,444.0,70.6,0,,True,,False,,,,
Kern River,040303979000,Canfield,241H,Chevron U.S.A. Inc.,Active,0,2019-04-30,2019-04-30,1,1.0,46.0,7.31,0,184.0,False,,False,,,,
Kern River,040303979000,Canfield,241H,Chevron U.S.A. Inc.,Active,1,2019-10-31,2019-11-30,2,2.0,294.0,46.75,0,62.0,False,,False,,,,
Kern River,040303979000,Canfield,241H,Chevron U.S.A. Inc.,Active,2,2020-01-31,2020-02-29,2,4.0,268.0,42.61,0,,True,,False,,,,
Kern River,040303979100,Oakland,89H,Chevron U.S.A. Inc.,Active,0,2018-02-28,2018-02-28,1,1.0,187.0,29.73,0,61.0,False,,False,,,,
Kern River,040303979100,Oakland,89H,Chevron U.S.A. Inc.,Active,1,2018-04-30,2019-03-31,6,8.0,1542.0,245.18,0,214.0,False,,False,,,,
Kern River,040303979100,Oakland,89H,Chevron U.S.A. Inc.,Active,2,2019-10-31,2019-10-31,1,2.0,110.0,17.49,0,92.0,False,,False,,,,
Kern River,040303979100,Oakland,89H,Chevron U.S.A. Inc.,Active,3,2020-01-31,2020-02-29,2,3.0,905.0,143.9,0,,True,,False,,,,
Kern River,040303979300,Westates,51H,Chevron U.S.A. Inc.,Active,0,2018-02-28,2018-02-28,1,1.0,615.0,97.78,0,61.0,False,,False,,,,
Kern River,040303979300,Westates,51H,Chevron U.S.A. Inc.,Active,1,2018-04-30,2018-04-30,1,2.0,725.0,115.28,0,123.0,False,,False,,,,
Kern River,040303979300,Westates,51H,Chevron U.S.A. Inc.,Active,2,2018-08-31,2019-03-31,4,7.0,546.0,86.81,0,183.0,False,,False,,,,
Kern River,040303979300,Westates,51H,Chevron U.S.A. Inc.,Active,3,2019-09-30,2019-09-30,1,2.0,714.0,113.53,0,61.0,False,,False,,,,
Kern River,040303979300,Westates,51H,Chevron U.S.A. Inc.,Active,4,2019-11-30,2019-11-30,1,1.0,105.0,16.7,0,62.0,False,,False,,,,
Kern River,040303979300,Westates,51H,Chevron U.S.A. Inc.,Active,5,2020-01-31,2020-01-31,1,2.0,775.0,123.23,0,60.0,False,,False,,,,
Kern River,040303979300,Westates,51H,Chevron U.S.A. Inc.,Active,6,2020-03-31,2020-03-31,1,1.0,126.0,20.03,0,,True,,False,,,,
Kern River,040303979400,Westates,52H,Chevron U.S.A. Inc.,Idle,0,2018-01-31,2018-02-28,2,2.0,626.0,99.53,0,,True,,False,,,,
Kern River,040303981400,Green & Whittier A,602H,Chevron U.S.A. Inc.,Active,0,2018-01-31,2018-01-31,1,2.0,620.0,98.58,0,577.0,False,,False,,,,
Kern River,040303981400,Green & Whittier A,602H,Chevron U.S.A. Inc.,Active,1,2019-08-31,2019-08-31,1,1.0,143.0,22.74,0,61.0,False,,False,,,,
Kern River,040303981400,Green & Whittier A,602H,Chevron U.S.A. Inc.,Active,2,2019-10-31,2019-11-30,2,2.0,290.0,46.11,0,62.0,False,,False,,,,
Kern River,040303981400,Green & Whittier A,602H,Chevron U.S.A. Inc.,Active,3,2020-01-31,2020-01-31,1,1.0,139.0,22.1,0,304.0,False,,False,,,,
Kern River,040303981400,Green & Whittier A,602H,Chevron U.S.A. Inc.,Active,4,2020-11-30,2020-11-30,1,2.0,749.0,119.09,0,,True,,False,,,,
Kern River,040303982200,Lawton & Hannaman,200H,Chevron U.S.A. Inc.,Active,0,2018-01-31,2018-02-28,2,2.0,624.0,99.22,0,61.0,False,,False,,,,
Kern River,040303982200,Lawton & Hannaman,200H,Chevron U.S.A. Inc.,Active,1,2018-04-30,2018-08-31,3,6.0,2027.0,322.29,0,212.0,False,,False,,,,
Kern River,040303982200,Lawton & Hannaman,200H,Chevron U.S.A. Inc.,Active,2,2019-03-31,2019-03-31,1,1.0,45.0,7.16,0,153.0,False,,False,,,,
Kern River,040303982200,Lawton & Hannaman,200H,Chevron U.S.A. Inc.,Active,3,2019-08-31,2019-08-31,1,1.0,149.0,23.69,0,61.0,False,,False,,,,
Kern River,040303982200,Lawton & Hannaman,200H,Chevron U.S.A. Inc.,Active,4,2019-10-31,2019-11-30,2,2.0,276.0,43.88,0,62.0,False,,False,,,,
Kern River,040303982200,Lawton & Hannaman,200H,Chevron U.S.A. Inc.,Active,5,2020-01-31,2020-02-29,2,2.0,271.0,43.09,0,306.0,False,,False,,,,
Kern River,040303982200,Lawton & Hannaman,200H,Chevron U.S.A. Inc.,Active,6,2020-12-31,2020-12-31,1,2.0,1073.0,170.61,0,,True,,False,,,,
Kern River,040303982300,Marie,100H,Chevron U.S.A. Inc.,Active,0,2019-03-31,2019-03-31,1,2.0,148.0,23.53,0,153.0,False,,False,,,,
Kern River,040303982300,Marie,100H,Chevron U.S.A. Inc.,Active,1,2019-08-31,2019-08-31,1,1.0,121.0,19.24,0,61.0,False,,False,,,,
Kern River,040303982300,Marie,100H,Chevron U.S.A. Inc.,Active,2,2019-10-31,2019-11-30,2,3.0,245.0,38.95,0,62.0,False,,False,,,,
Kern River,040303982300,Marie,100H,Chevron U.S.A. Inc.,Active,3,2020-01-31,2020-01-31,1,1.0,129.0,20.51,0,60.0,False,,False,,,,
Kern River,040303982300,Marie,100H,Chevron U.S.A. Inc.,Active,4,2020-03-31,2020-03-31,1,1.0,129.0,20.51,0,,True,,False,,,,
Kern River,040303982500,Reed Crude A,150H,Chevron U.S.A. Inc.,Active,0,2018-01-31,2018-01-31,1,1.0,201.0,31.96,0,577.0,False,,False,,,,
Kern River,040303982500,Reed Crude A,150H,Chevron U.S.A. Inc.,Active,1,2019-08-31,2019-08-31,1,1.0,119.0,18.92,0,61.0,False,,False,,,,
Kern River,040303982500,Reed Crude A,150H,Chevron U.S.A. Inc.,Active,2,2019-10-31,2019-10-31,1,1.0,133.0,21.15,0,121.0,False,,False,,,,
Kern River,040303982500,Reed Crude A,150H,Chevron U.S.A. Inc.,Active,3,2020-02-29,2020-02-29,1,2.0,112.0,17.81,0,153.0,False,,False,,,,
Kern River,040303982500,Reed Crude A,150H,Chevron U.S.A. Inc.,Active,4,2020-07-31,2020-07-31,1,2.0,768.0,122.11,0,153.0,False,,False,,,,
Kern River,040303982500,Reed Crude A,150H,Chevron U.S.A. Inc.,Active,5,2020-12-31,2020-12-31,1,2.0,1127.0,179.19,0,,True,,False,,,,
Kern River,040303999600,Unspecified,25-276H,Chevron U.S.A. Inc.,Active,0,2020-02-29,2020-02-29,1,2.0,151.0,24.01,0,153.0,False,,False,,,,
Kern River,040303999600,Unspecified,25-276H,Chevron U.S.A. Inc.,Active,1,2020-07-31,2020-07-31,1,2.0,773.0,122.91,0,,True,,False,,,,
Kern River,040303999700,Sanguinetti,58H,Chevron U.S.A. Inc.,Active,0,2019-03-31,2019-03-31,1,1.0,131.0,20.83,0,214.0,False,,False,,,,
Kern River,040303999700,Sanguinetti,58H,Chevron U.S.A. Inc.,Active,1,2019-10-31,2019-11-30,2,2.0,720.0,114.48,0,62.0,False,,False,,,,
Kern River,040303999700,Sanguinetti,58H,Chevron U.S.A. Inc.,Active,2,2020-01-31,2020-02-29,2,2.0,219.0,34.82,0,,True,,False,,,,
Kern River,040304000400,Green & Whittier A,603H,Chevron U.S.A. Inc.,Active,0,2018-02-28,2018-02-28,1,1.0,257.0,40.86,0,640.0,False,,False,,,,
Kern River,040304000400,Green & Whittier A,603H,Chevron U.S.A. Inc.,Active,1,2019-11-30,2019-11-30,1,1.0,152.0,24.17,0,397.0,False,,False,,,,
Kern River,040304000400,Green & Whittier A,603H,Chevron U.S.A. Inc.,Active,2,2020-12-31,2020-12-31,1,2.0,1088.0,172.99,0,,True,,False,,,,
Kern River,040304000800,San Joaquin,943H,Chevron U.S.A. Inc.,Active,0,2018-01-31,2019-02-28,3,3.0,602.0,95.72,0,275.0,False,,False,,,,
Kern River,040304000800,San Joaquin,943H,Chevron U.S.A. Inc.,Active,1,2019-11-30,2019-11-30,1,1.0,108.0,17.17,0,62.0,False,,False,,,,
Kern River,040304000800,San Joaquin,943H,Chevron U.S.A. Inc.,Active,2,2020-01-31,2020-01-31,1,1.0,170.0,27.03,0,60.0,False,,False,,,,
Kern River,040304000800,San Joaquin,943H,Chevron U.S.A. Inc.,Active,3,2020-03-31,2020-03-31,1,2.0,159.0,25.28,0,,True,,False,,,,
Kern River,040304000900,San Joaquin,944H,Chevron U.S.A. Inc.,Active,0,2018-01-31,2018-01-31,1,1.0,726.0,115.43,0,424.0,False,,False,,,,
Kern River,040304000900,San Joaquin,944H,Chevron U.S.A. Inc.,Active,1,2019-03-31,2019-03-31,1,1.0,161.0,25.6,0,183.0,False,,False,,,,
Kern River,040304000900,San Joaquin,944H,Chevron U.S.A. Inc.,Active,2,2019-09-30,2019-09-30,1,1.0,128.0,20.35,0,61.0,False,,False,,,,
Kern River,040304000900,San Joaquin,944H,Chevron U.S.A. Inc.,Active,3,2019-11-30,2020-01-31,3,4.0,448.0,71.23,0,60.0,False,,False,,,,
Kern River,040304000900,San Joaquin,944H,Chevron U.S.A. Inc.,Active,4,2020-03-31,2020-03-31,1,1.0,127.0,20.19,0,153.0,False,,False,,,,
Kern River,040304000900,San Joaquin,944H,Chevron U.S.A. Inc.,Active,5,2020-08-31,2020-09-30,2,6.0,4063.0,646.02,0,,True,,False,,,,
Kern River,040304001000,Davis,21H,Chevron U.S.A. Inc.,Active,0,2018-02-28,2018-02-28,1,1.0,229.0,36.41,0,702.0,False,,False,,,,
Kern River,040304001000,Davis,21H,Chevron U.S.A. Inc.,Active,1,2020-01-31,2020-01-31,1,1.0,123.0,19.56,0,60.0,False,,False,,,,
Kern River,040304001000,Davis,21H,Chevron U.S.A. Inc.,Active,2,2020-03-31,2020-03-31,1,1.0,109.0,17.33,0,,True,,False,,,,
Kern River,040304003001,Alva,32H,Chevron U.S.A. Inc.,Active,0,2019-01-31,2019-02-28,2,2.0,110.0,17.49,0,61.0,False,,False,,,,
Kern River,040304003001,Alva,32H,Chevron U.S.A. Inc.,Active,1,2019-04-30,2019-04-30,1,1.0,42.0,6.68,0,123.0,False,,False,,,,
Kern River,040304003001,Alva,32H,Chevron U.S.A. Inc.,Active,2,2019-08-31,2019-09-30,2,2.0,257.0,40.86,0,61.0,False,,False,,,,
Kern River,040304003001,Alva,32H,Chevron U.S.A. Inc.,Active,3,2019-11-30,2020-01-31,3,3.0,421.0,66.94,0,,True,,False,,,,
Kern River,040304003100,Chicago Crude,224H,Chevron U.S.A. Inc.,Active,0,2019-12-31,2019-12-31,1,1.0,397.0,63.12,0,,True,,False,,,,
Kern River,040304003200,Unspecified,33-845H,Chevron U.S.A. Inc.,Active,0,2019-01-31,2019-03-31,3,3.0,450.0,71.55,0,153.0,False,,False,,,,
Kern River,040304003200,Unspecified,33-845H,Chevron U.S.A. Inc.,Active,1,2019-08-31,2019-08-31,1,1.0,119.0,18.92,0,153.0,False,,False,,,,
Kern River,040304003200,Unspecified,33-845H,Chevron U.S.A. Inc.,Active,2,2020-01-31,2020-01-31,1,1.0,110.0,17.49,0,60.0,False,,False,,,,
Kern River,040304003200,Unspecified,33-845H,Chevron U.S.A. Inc.,Active,3,2020-03-31,2020-03-31,1,1.0,118.0,18.76,0,,True,,False,,,,
Kern River,040304003300,Unspecified,33-849H,Chevron U.S.A. Inc.,Active,0,2019-01-31,2019-03-31,3,3.0,479.0,76.16,0,244.0,False,,False,,,,
Kern River,040304003300,Unspecified,33-849H,Chevron U.S.A. Inc.,Active,1,2019-11-30,2019-11-30,1,1.0,82.0,13.04,0,62.0,False,,False,,,,
Kern River,040304003300,Unspecified,33-849H,Chevron U.S.A. Inc.,Active,2,2020-01-31,2020-01-31,1,1.0,110.0,17.49,0,60.0,False,,False,,,,
Kern River,040304003300,Unspecified,33-849H,Chevron U.S.A. Inc.,Active,3,2020-03-31,2020-03-31,1,1.0,118.0,18.76,0,,True,,False,,,,
Kern River,040304004600,Fee C,204H,Chevron U.S.A. Inc.,Active,0,2019-01-31,2019-02-28,2,2.0,98.0,15.58,0,61.0,False,,False,,,,
Kern River,040304004600,Fee C,204H,Chevron U.S.A. Inc.,Active,1,2019-04-30,2019-04-30,1,1.0,47.0,7.47,0,153.0,False,,False,,,,
Kern River,040304004600,Fee C,204H,Chevron U.S.A. Inc.,Active,2,2019-09-30,2019-09-30,1,1.0,147.0,23.37,0,61.0,False,,False,,,,
Kern River,040304004600,Fee C,204H,Chevron U.S.A. Inc.,Active,3,2019-11-30,2019-11-30,1,1.0,136.0,21.62,0,62.0,False,,False,,,,
Kern River,040304004600,Fee C,204H,Chevron U.S.A. Inc.,Active,4,2020-01-31,2020-01-31,1,1.0,165.0,26.23,0,,True,,False,,,,
Kern River,040304010600,Kern County Land Co. Lease 39,446-9,Chevron U.S.A. Inc.,Active,0,2018-01-31,2018-01-31,1,1.0,171.0,27.19,0,,True,,False,,,,
Kern River,040304016500,Gray,3-3,Gray Development Co. LLC,Active,0,2018-01-31,2018-01-31,1,29.0,7609.0,1209.83,0,,True,,False,,,,
Kern River,040304024700,Green & Whittier,568,Chevron U.S.A. Inc.,Active,0,2019-04-30,2019-04-30,1,1.0,132.0,20.99,0,,True,,False,,,,
Kern River,040304031300,Central Point,32R,Chevron U.S.A. Inc.,Active,0,2018-01-31,2018-01-31,1,1.0,639.0,101.6,0,,True,,False,,,,
Kern River,040304031400,San Joaquin,22R,Chevron U.S.A. Inc.,Active,0,2018-02-28,2018-02-28,1,1.0,269.0,42.77,0,396.0,False,,False,,,,
Kern River,040304031400,San Joaquin,22R,Chevron U.S.A. Inc.,Active,1,2019-03-31,2019-03-31,1,1.0,151.0,24.01,0,91.0,False,,False,,,,
Kern River,040304031400,San Joaquin,22R,Chevron U.S.A. Inc.,Active,2,2019-06-30,2019-06-30,1,3.0,2102.0,334.22,0,62.0,False,,False,,,,
Kern River,040304031400,San Joaquin,22R,Chevron U.S.A. Inc.,Active,3,2019-08-31,2019-08-31,1,1.0,147.0,23.37,0,153.0,False,,False,,,,
Kern River,040304031400,San Joaquin,22R,Chevron U.S.A. Inc.,Active,4,2020-01-31,2020-01-31,1,2.0,959.0,152.48,0,,True,,False,,,,
Kern River,040304031500,San Joaquin,471R,Chevron U.S.A. Inc.,Active,0,2020-08-31,2020-08-31,1,1.0,153.0,24.33,0,153.0,False,,False,,,,
Kern River,040304031500,San Joaquin,471R,Chevron U.S.A. Inc.,Active,1,2021-01-31,2021-01-31,1,2.0,956.0,152.0,0,,True,,False,,,,
Kern River,040304047800,Gray,3-5,Gray Development Co. LLC,Active,0,2018-01-31,2018-01-31,1,29.0,7609.0,1209.83,0,,True,,False,,,,
Kern River,040304048000,Gray,4-3,Gray Development Co. LLC,Active,0,2018-01-31,2018-01-31,1,29.0,7609.0,1209.83,0,,True,,False,,,,
Kern River,040304058700,Green & Whittier,196R,Chevron U.S.A. Inc.,Active,0,2018-01-31,2018-01-31,1,1.0,154.0,24.49,0,638.0,False,,False,,,,
Kern River,040304058700,Green & Whittier,196R,Chevron U.S.A. Inc.,Active,1,2019-10-31,2019-10-31,1,2.0,601.0,95.56,0,,True,,False,,,,
Kern River,040304070700,Fee A,428,Chevron U.S.A. Inc.,Active,0,2020-11-30,2020-11-30,1,2.0,753.0,119.73,0,,True,,False,,,,
Kern River,040304071000,H.S. Douglas,35,Chevron U.S.A. Inc.,Active,0,2020-11-30,2020-11-30,1,2.0,767.0,121.95,0,,True,,False,,,,
Kern River,040304071200,Hotchkiss,22-10,Chevron U.S.A. Inc.,Active,0,2018-01-31,2018-01-31,1,1.0,112.0,17.81,0,,True,,False,,,,
Kern River,040304071201,Hotchkiss,22-10,Chevron U.S.A. Inc.,Active,0,2019-01-31,2019-02-28,2,2.0,46.0,7.31,0,61.0,False,,False,,,,
Kern River,040304071201,Hotchkiss,22-10,Chevron U.S.A. Inc.,Active,1,2019-04-30,2019-04-30,1,1.0,26.0,4.13,0,153.0,False,,False,,,,
Kern River,040304071201,Hotchkiss,22-10,Chevron U.S.A. Inc.,Active,2,2019-09-30,2019-09-30,1,1.0,78.0,12.4,0,,True,,False,,,,
Kern River,040304071400,Gray,4-5,Gray Development Co. LLC,Active,0,2018-01-31,2018-01-31,1,29.0,7608.0,1209.67,0,,True,,False,,,,
Kern River,040304080001,20th Century,32,Chevron U.S.A. Inc.,Active,0,2019-01-31,2019-03-31,3,3.0,140.0,22.26,0,183.0,False,,False,,,,
Kern River,040304080001,20th Century,32,Chevron U.S.A. Inc.,Active,1,2019-09-30,2019-09-30,1,1.0,117.0,18.6,0,427.0,False,,False,,,,
Kern River,040304080001,20th Century,32,Chevron U.S.A. Inc.,Active,2,2020-11-30,2020-11-30,1,2.0,779.0,123.86,0,,True,,False,,,,
Kern River,040304086500,Unspecified,33-846H,Chevron U.S.A. Inc.,Active,0,2019-03-31,2019-03-31,1,1.0,133.0,21.15,0,153.0,False,,False,,,,
Kern River,040304086500,Unspecified,33-846H,Chevron U.S.A. Inc.,Active,1,2019-08-31,2019-08-31,1,1.0,132.0,20.99,0,61.0,False,,False,,,,
Kern River,040304086500,Unspecified,33-846H,Chevron U.S.A. Inc.,Active,2,2019-10-31,2019-11-30,2,2.0,218.0,34.66,0,62.0,False,,False,,,,
Kern River,040304086500,Unspecified,33-846H,Chevron U.S.A. Inc.,Active,3,2020-01-31,2020-01-31,1,1.0,127.0,20.19,0,,True,,False,,,,
Kern River,040304086600,Unspecified,33-847H,Chevron U.S.A. Inc.,Active,0,2019-03-31,2019-03-31,1,1.0,129.0,20.51,0,183.0,False,,False,,,,
Kern River,040304086600,Unspecified,33-847H,Chevron U.S.A. Inc.,Active,1,2019-09-30,2019-09-30,1,1.0,119.0,18.92,0,61.0,False,,False,,,,
Kern River,040304086600,Unspecified,33-847H,Chevron U.S.A. Inc.,Active,2,2019-11-30,2019-11-30,1,1.0,86.0,13.67,0,62.0,False,,False,,,,
Kern River,040304086600,Unspecified,33-847H,Chevron U.S.A. Inc.,Active,3,2020-01-31,2020-02-29,2,2.0,225.0,35.77,0,,True,,False,,,,
Kern River,040304086700,Unspecified,33-848H,Chevron U.S.A. Inc.,Active,0,2019-03-31,2019-03-31,1,1.0,131.0,20.83,0,183.0,False,,False,,,,
Kern River,040304086700,Unspecified,33-848H,Chevron U.S.A. Inc.,Active,1,2019-09-30,2019-09-30,1,1.0,118.0,18.76,0,61.0,False,,False,,,,
Kern River,040304086700,Unspecified,33-848H,Chevron U.S.A. Inc.,Active,2,2019-11-30,2019-11-30,1,1.0,97.0,15.42,0,91.0,False,,False,,,,
Kern River,040304086700,Unspecified,33-848H,Chevron U.S.A. Inc.,Active,3,2020-02-29,2020-02-29,1,1.0,100.0,15.9,0,,True,,False,,,,
Kern River,040304086800,Unspecified,33-850H,Chevron U.S.A. Inc.,Active,0,2019-03-31,2019-04-30,2,2.0,264.0,41.98,0,123.0,False,,False,,,,
Kern River,040304086800,Unspecified,33-850H,Chevron U.S.A. Inc.,Active,1,2019-08-31,2019-08-31,1,1.0,107.0,17.01,0,61.0,False,,False,,,,
Kern River,040304086800,Unspecified,33-850H,Chevron U.S.A. Inc.,Active,2,2019-10-31,2019-11-30,2,2.0,221.0,35.14,0,62.0,False,,False,,,,
Kern River,040304086800,Unspecified,33-850H,Chevron U.S.A. Inc.,Active,3,2020-01-31,2020-01-31,1,1.0,114.0,18.13,0,60.0,False,,False,,,,
Kern River,040304086800,Unspecified,33-850H,Chevron U.S.A. Inc.,Active,4,2020-03-31,2020-03-31,1,1.0,110.0,17.49,0,,True,,False,,,,
Kern River,040304096300,Westates,53H,Chevron U.S.A. Inc.,Active,0,2018-02-28,2019-02-28,3,3.0,906.0,144.05,0,92.0,False,,False,,,,
Kern River,040304096300,Westates,53H,Chevron U.S.A. Inc.,Active,1,2019-05-31,2019-05-31,1,1.0,421.0,66.94,0,61.0,False,,False,,,,
Kern River,040304096300,Westates,53H,Chevron U.S.A. Inc.,Active,2,2019-07-31,2019-07-31,1,1.0,257.0,40.86,0,92.0,False,,False,,,,
Kern River,040304096300,Westates,53H,Chevron U.S.A. Inc.,Active,3,2019-10-31,2019-11-30,2,2.0,230.0,36.57,0,91.0,False,,False,,,,
Kern River,040304096300,Westates,53H,Chevron U.S.A. Inc.,Active,4,2020-02-29,2020-02-29,1,1.0,112.0,17.81,0,,True,,False,,,,
Kern River,040304096400,Westates,54H,Chevron U.S.A. Inc.,Active,0,2019-01-31,2019-03-31,3,3.0,454.0,72.19,0,183.0,False,,False,,,,
Kern River,040304096400,Westates,54H,Chevron U.S.A. Inc.,Active,1,2019-09-30,2019-09-30,1,2.0,696.0,110.66,0,61.0,False,,False,,,,
Kern River,040304096400,Westates,54H,Chevron U.S.A. Inc.,Active,2,2019-11-30,2019-11-30,1,1.0,84.0,13.36,0,91.0,False,,False,,,,
Kern River,040304096400,Westates,54H,Chevron U.S.A. Inc.,Active,3,2020-02-29,2020-02-29,1,1.0,118.0,18.76,0,,True,,False,,,,
Kern River,040304096500,American Crude A,96H,Chevron U.S.A. Inc.,Active,0,2019-03-31,2019-04-30,2,2.0,111.0,17.65,0,184.0,False,,False,,,,
Kern River,040304096500,American Crude A,96H,Chevron U.S.A. Inc.,Active,1,2019-10-31,2019-10-31,1,1.0,115.0,18.29,0,61.0,False,,False,,,,
Kern River,040304096500,American Crude A,96H,Chevron U.S.A. Inc.,Active,2,2019-12-31,2020-04-30,5,6.0,2643.0,420.24,0,,True,,False,,,,
Kern River,040304096600,American Crude A,97H,Chevron U.S.A. Inc.,Active,0,2019-03-31,2019-04-30,2,2.0,106.0,16.85,0,184.0,False,,False,,,,
Kern River,040304096600,American Crude A,97H,Chevron U.S.A. Inc.,Active,1,2019-10-31,2019-11-30,2,2.0,285.0,45.31,0,62.0,False,,False,,,,
Kern River,040304096600,American Crude A,97H,Chevron U.S.A. Inc.,Active,2,2020-01-31,2020-02-29,2,2.0,240.0,38.16,0,153.0,False,,False,,,,
Kern River,040304096600,American Crude A,97H,Chevron U.S.A. Inc.,Active,3,2020-07-31,2020-07-31,1,2.0,827.0,131.49,0,,True,,False,,,,
Kern River,040304096701,May,46H,Chevron U.S.A. Inc.,Active,0,2019-11-30,2019-11-30,1,2.0,85.0,13.52,0,62.0,False,,False,,,,
Kern River,040304096701,May,46H,Chevron U.S.A. Inc.,Active,1,2020-01-31,2020-02-29,2,2.0,219.0,34.82,0,,True,,False,,,,
Kern River,040304096900,Pierce,44H,Chevron U.S.A. Inc.,Active,0,2019-10-31,2019-11-30,2,2.0,189.0,30.05,0,62.0,False,,False,,,,
Kern River,040304096900,Pierce,44H,Chevron U.S.A. Inc.,Active,1,2020-01-31,2020-01-31,1,1.0,134.0,21.31,0,,True,,False,,,,
Kern River,040304097200,Kern County Land Co. Lease 39,404-9,Chevron U.S.A. Inc.,Active,0,2018-02-28,2018-02-28,1,1.0,181.0,28.78,0,184.0,False,,False,,,,
Kern River,040304097200,Kern County Land Co. Lease 39,404-9,Chevron U.S.A. Inc.,Active,1,2018-08-31,2018-08-31,1,1.0,281.0,44.68,0,395.0,False,,False,,,,
Kern River,040304097200,Kern County Land Co. Lease 39,404-9,Chevron U.S.A. Inc.,Active,2,2019-09-30,2019-09-30,1,1.0,124.0,19.72,0,,True,,False,,,,
Kern River,040304098101,Kern County Land Co. Lease 39,604H-9,Chevron U.S.A. Inc.,Active,0,2019-10-31,2019-11-30,2,3.0,301.0,47.86,0,62.0,False,,False,,,,
Kern River,040304098101,Kern County Land Co. Lease 39,604H-9,Chevron U.S.A. Inc.,Active,1,2020-01-31,2020-01-31,1,1.0,139.0,22.1,0,,True,,False,,,,
Kern River,040304098200,Kern County Land Co. Lease 39,605H-9,Chevron U.S.A. Inc.,Active,0,2018-01-31,2018-01-31,1,2.0,464.0,73.78,0,,True,,False,,,,
Kern River,040304098700,KCL-10,113,Chevron U.S.A. Inc.,Active,0,2018-01-31,2018-01-31,1,1.0,133.0,21.15,0,,True,,False,,,,
Kern River,040304098800,KCL-10,114,Chevron U.S.A. Inc.,Active,0,2018-01-31,2018-02-28,2,2.0,284.0,45.16,0,,True,,False,,,,
Kern River,040304098900,KCL-10,116,Chevron U.S.A. Inc.,Active,0,2020-11-30,2020-11-30,1,1.0,124.0,19.72,0,,True,,False,,,,
Kern River,040304110500,KCL-10,117,Chevron U.S.A. Inc.,Active,0,2019-01-31,2019-02-28,2,2.0,40.0,6.36,0,61.0,False,,False,,,,
Kern River,040304110500,KCL-10,117,Chevron U.S.A. Inc.,Active,1,2019-04-30,2019-04-30,1,1.0,29.0,4.61,0,123.0,False,,False,,,,
Kern River,040304110500,KCL-10,117,Chevron U.S.A. Inc.,Active,2,2019-08-31,2019-08-31,1,2.0,409.0,65.03,0,,True,,False,,,,
Kern River,040304128900,Luck,221,Chevron U.S.A. Inc.,Active,0,2018-01-31,2018-01-31,1,1.0,209.0,33.23,0,,True,,False,,,,
Kern River,040304128901,Luck,221,Chevron U.S.A. Inc.,Active,0,2019-01-31,2019-02-28,2,2.0,96.0,15.26,0,61.0,False,,False,,,,
Kern River,040304128901,Luck,221,Chevron U.S.A. Inc.,Active,1,2019-04-30,2019-04-30,1,1.0,43.0,6.84,0,,True,,False,,,,
Kern River,040304129100,Orient,32,Chevron U.S.A. Inc.,Active,0,2020-02-29,2020-02-29,1,2.0,637.0,101.28,0,214.0,False,,False,,,,
Kern River,040304129100,Orient,32,Chevron U.S.A. Inc.,Active,1,2020-09-30,2020-09-30,1,2.0,598.0,95.08,0,,True,,False,,,,
Kern River,040304130000,Golden Rod,14,Chevron U.S.A. Inc.,Active,0,2018-02-28,2018-02-28,1,1.0,156.0,24.8,0,61.0,False,,False,,,,
Kern River,040304130000,Golden Rod,14,Chevron U.S.A. Inc.,Active,1,2018-04-30,2018-08-31,3,5.0,568.0,90.31,0,,True,,False,,,,
Kern River,040304130200,Fee A,425,Chevron U.S.A. Inc.,Active,0,2018-01-31,2018-01-31,1,1.0,209.0,33.23,0,,True,,False,,,,
Kern River,040304130500,Unspecified,410,Chevron U.S.A. Inc.,Active,0,2019-03-31,2019-03-31,1,1.0,141.0,22.42,0,,True,,False,,,,
Kern River,040304131701,Mecca,79,Chevron U.S.A. Inc.,Active,0,2019-09-30,2019-09-30,1,2.0,658.0,104.62,0,,True,,False,,,,
Kern River,040304138800,Unspecified,409,Chevron U.S.A. Inc.,Active,0,2019-03-31,2019-03-31,1,1.0,126.0,20.03,0,,True,,False,,,,
Kern River,040304139100,Pierce,42,Chevron U.S.A. Inc.,Active,0,2018-02-28,2018-02-28,1,1.0,201.0,31.96,0,396.0,False,,False,,,,
Kern River,040304139100,Pierce,42,Chevron U.S.A. Inc.,Active,1,2019-03-31,2019-03-31,1,2.0,210.0,33.39,0,,True,,False,,,,
Kern River,040304160800,Y.M.K.,65H,Chevron U.S.A. Inc.,Active,0,2019-03-31,2019-03-31,1,2.0,189.0,30.05,0,244.0,False,,False,,,,
Kern River,040304160800,Y.M.K.,65H,Chevron U.S.A. Inc.,Active,1,2019-11-30,2019-11-30,1,2.0,113.0,17.97,0,91.0,False,,False,,,,
Kern River,040304160800,Y.M.K.,65H,Chevron U.S.A. Inc.,Active,2,2020-02-29,2020-02-29,1,2.0,114.0,18.13,0,184.0,False,,False,,,,
Kern River,040304160800,Y.M.K.,65H,Chevron U.S.A. Inc.,Active,3,2020-08-31,2020-08-31,1,2.0,895.0,142.31,0,,True,,False,,,,
Kern River,040304161100,Hanford & Fresno,600H,Chevron U.S.A. Inc.,Active,0,2018-02-28,2018-02-28,1,1.0,559.0,88.88,0,92.0,False,,False,,,,
Kern River,040304161100,Hanford & Fresno,600H,Chevron U.S.A. Inc.,Active,1,2018-05-31,2019-02-28,4,6.0,1089.0,173.15,0,61.0,False,,False,,,,
Kern River,040304161100,Hanford & Fresno,600H,Chevron U.S.A. Inc.,Active,2,2019-04-30,2019-04-30,1,1.0,43.0,6.84,0,153.0,False,,False,,,,
Kern River,040304161100,Hanford & Fresno,600H,Chevron U.S.A. Inc.,Active,3,2019-09-30,2019-10-31,2,2.0,244.0,38.8,0,61.0,False,,False,,,,
Kern River,040304161100,Hanford & Fresno,600H,Chevron U.S.A. Inc.,Active,4,2019-12-31,2020-01-31,2,3.0,269.0,42.77,0,60.0,False,,False,,,,
Kern River,040304161100,Hanford & Fresno,600H,Chevron U.S.A. Inc.,Active,5,2020-03-31,2020-03-31,1,1.0,193.0,30.69,0,122.0,False,,False,,,,
Kern River,040304161100,Hanford & Fresno,600H,Chevron U.S.A. Inc.,Active,6,2020-07-31,2020-07-31,1,2.0,795.0,126.41,0,,True,,False,,,,
Kern River,040304161200,Kern A,300H,Chevron U.S.A. Inc.,Active,0,2019-05-31,2019-05-31,1,2.0,13.0,2.07,0,,True,,False,,,,
Kern River,040304178300,Central Point,91H,Chevron U.S.A. Inc.,Active,0,2019-04-30,2019-04-30,1,1.0,49.0,7.79,0,184.0,False,,False,,,,
Kern River,040304178300,Central Point,91H,Chevron U.S.A. Inc.,Active,1,2019-10-31,2019-10-31,1,2.0,767.0,121.95,0,61.0,False,,False,,,,
Kern River,040304178300,Central Point,91H,Chevron U.S.A. Inc.,Active,2,2019-12-31,2020-01-31,2,2.0,296.0,47.06,0,,True,,False,,,,
Kern River,040304178400,Central Point,92H,Chevron U.S.A. Inc.,Active,0,2019-10-31,2019-10-31,1,2.0,123.0,19.56,0,61.0,False,,False,,,,
Kern River,040304178400,Central Point,92H,Chevron U.S.A. Inc.,Active,1,2019-12-31,2020-01-31,2,2.0,296.0,47.06,0,,True,,False,,,,
Kern River,040304178600,Clarence,602H,Chevron U.S.A. Inc.,Active,0,2019-08-31,2019-08-31,1,1.0,126.0,20.03,0,61.0,False,,False,,,,
Kern River,040304178600,Clarence,602H,Chevron U.S.A. Inc.,Active,1,2019-10-31,2019-10-31,1,1.0,152.0,24.17,0,92.0,False,,False,,,,
Kern River,040304178600,Clarence,602H,Chevron U.S.A. Inc.,Active,2,2020-01-31,2020-02-29,2,3.0,287.0,45.63,0,153.0,False,,False,,,,
Kern River,040304178600,Clarence,602H,Chevron U.S.A. Inc.,Active,3,2020-07-31,2020-07-31,1,1.0,644.0,102.4,0,61.0,False,,False,,,,
Kern River,040304178600,Clarence,602H,Chevron U.S.A. Inc.,Active,4,2020-09-30,2020-09-30,1,2.0,1097.0,174.42,0,61.0,False,,False,,,,
Kern River,040304178600,Clarence,602H,Chevron U.S.A. Inc.,Active,5,2020-11-30,2020-11-30,1,2.0,907.0,144.21,0,,True,,False,,,,
Kern River,040304186900,Vanderlip,44,Chevron U.S.A. Inc.,Active,0,2018-01-31,2018-01-31,1,1.0,181.0,28.78,0,668.0,False,,False,,,,
Kern River,040304186900,Vanderlip,44,Chevron U.S.A. Inc.,Active,1,2019-11-30,2019-11-30,1,2.0,419.0,66.62,0,,True,,False,,,,
Kern River,040304187100,Tejon,152,Chevron U.S.A. Inc.,Active,0,2019-11-30,2019-11-30,1,2.0,415.0,65.98,0,,True,,False,,,,
Kern River,040304190300,Fee B,91,Chevron U.S.A. Inc.,Active,0,2020-01-31,2020-01-31,1,2.0,834.0,132.61,0,,True,,False,,,,
Kern River,040304190400,Fee B,93,Chevron U.S.A. Inc.,Active,0,2020-02-29,2020-02-29,1,2.0,847.0,134.67,0,,True,,False,,,,
Kern River,040304196800,U.S.L.,74H,Chevron U.S.A. Inc.,Active,0,2019-03-31,2019-03-31,1,2.0,143.0,22.74,0,214.0,False,,False,,,,
Kern River,040304196800,U.S.L.,74H,Chevron U.S.A. Inc.,Active,1,2019-10-31,2019-11-30,2,2.0,229.0,36.41,0,62.0,False,,False,,,,
Kern River,040304196800,U.S.L.,74H,Chevron U.S.A. Inc.,Active,2,2020-01-31,2020-01-31,1,1.0,136.0,21.62,0,60.0,False,,False,,,,
Kern River,040304196800,U.S.L.,74H,Chevron U.S.A. Inc.,Active,3,2020-03-31,2020-03-31,1,1.0,103.0,16.38,0,122.0,False,,False,,,,
Kern River,040304196800,U.S.L.,74H,Chevron U.S.A. Inc.,Active,4,2020-07-31,2020-07-31,1,2.0,797.0,126.72,0,,True,,False,,,,
Kern River,040304198100,Canfield,242H,Chevron U.S.A. Inc.,Active,0,2019-01-31,2019-02-28,2,2.0,92.0,14.63,0,245.0,False,,False,,,,
Kern River,040304198100,Canfield,242H,Chevron U.S.A. Inc.,Active,1,2019-10-31,2019-10-31,1,1.0,121.0,19.24,0,61.0,False,,False,,,,
Kern River,040304198100,Canfield,242H,Chevron U.S.A. Inc.,Active,2,2019-12-31,2020-01-31,2,2.0,275.0,43.73,0,,True,,False,,,,
Kern River,040304200200,Sterling,231,Chevron U.S.A. Inc.,Active,0,2018-01-31,2018-01-31,1,2.0,587.0,93.33,0,,True,,False,,,,
Kern River,040304202300,Unspecified,25-277H,Chevron U.S.A. Inc.,Active,0,2020-01-31,2020-01-31,1,1.0,127.0,20.19,0,90.0,False,,False,,,,
Kern River,040304202300,Unspecified,25-277H,Chevron U.S.A. Inc.,Active,1,2020-04-30,2020-04-30,1,2.0,483.0,76.8,0,245.0,False,,False,,,,
Kern River,040304202300,Unspecified,25-277H,Chevron U.S.A. Inc.,Active,2,2020-12-31,2020-12-31,1,2.0,1078.0,171.4,0,,True,,False,,,,
Kern River,040304202400,Unspecified,25-278H,Chevron U.S.A. Inc.,Active,0,2019-08-31,2019-08-31,1,1.0,103.0,16.38,0,61.0,False,,False,,,,
Kern River,040304202400,Unspecified,25-278H,Chevron U.S.A. Inc.,Active,1,2019-10-31,2019-11-30,2,2.0,227.0,36.09,0,62.0,False,,False,,,,
Kern River,040304202400,Unspecified,25-278H,Chevron U.S.A. Inc.,Active,2,2020-01-31,2020-01-31,1,1.0,165.0,26.23,0,335.0,False,,False,,,,
Kern River,040304202400,Unspecified,25-278H,Chevron U.S.A. Inc.,Active,3,2020-12-31,2020-12-31,1,2.0,1070.0,170.13,0,,True,,False,,,,
Kern River,040304202500,Unspecified,25-279H,Chevron U.S.A. Inc.,Active,0,2019-03-31,2019-03-31,1,2.0,143.0,22.74,0,214.0,False,,False,,,,
Kern River,040304202500,Unspecified,25-279H,Chevron U.S.A. Inc.,Active,1,2019-10-31,2019-11-30,2,2.0,195.0,31.0,0,62.0,False,,False,,,,
Kern River,040304202500,Unspecified,25-279H,Chevron U.S.A. Inc.,Active,2,2020-01-31,2020-02-29,2,2.0,223.0,35.46,0,153.0,False,,False,,,,
Kern River,040304202500,Unspecified,25-279H,Chevron U.S.A. Inc.,Active,3,2020-07-31,2020-07-31,1,2.0,739.0,117.5,0,61.0,False,,False,,,,
Kern River,040304202500,Unspecified,25-279H,Chevron U.S.A. Inc.,Active,4,2020-09-30,2020-09-30,1,2.0,719.0,114.32,0,92.0,False,,False,,,,
Kern River,040304202500,Unspecified,25-279H,Chevron U.S.A. Inc.,Active,5,2020-12-31,2020-12-31,1,2.0,1076.0,171.08,0,,True,,False,,,,
Kern River,040304202600,Unspecified,25-280H,Chevron U.S.A. Inc.,Active,0,2019-01-31,2019-03-31,3,3.0,452.0,71.87,0,183.0,False,,False,,,,
Kern River,040304202600,Unspecified,25-280H,Chevron U.S.A. Inc.,Active,1,2019-09-30,2019-09-30,1,1.0,104.0,16.54,0,61.0,False,,False,,,,
Kern River,040304202600,Unspecified,25-280H,Chevron U.S.A. Inc.,Active,2,2019-11-30,2020-01-31,3,3.0,341.0,54.22,0,335.0,False,,False,,,,
Kern River,040304202600,Unspecified,25-280H,Chevron U.S.A. Inc.,Active,3,2020-12-31,2020-12-31,1,2.0,1078.0,171.4,0,,True,,False,,,,
Kern River,040304202700,Unspecified,25-281H,Chevron U.S.A. Inc.,Active,0,2019-01-31,2019-03-31,3,3.0,452.0,71.87,0,214.0,False,,False,,,,
Kern River,040304202700,Unspecified,25-281H,Chevron U.S.A. Inc.,Active,1,2019-10-31,2019-10-31,1,1.0,126.0,20.03,0,61.0,False,,False,,,,
Kern River,040304202700,Unspecified,25-281H,Chevron U.S.A. Inc.,Active,2,2019-12-31,2020-01-31,2,2.0,258.0,41.02,0,60.0,False,,False,,,,
Kern River,040304202700,Unspecified,25-281H,Chevron U.S.A. Inc.,Active,3,2020-03-31,2020-03-31,1,1.0,112.0,17.81,0,122.0,False,,False,,,,
Kern River,040304202700,Unspecified,25-281H,Chevron U.S.A. Inc.,Active,4,2020-07-31,2020-07-31,1,2.0,386.0,61.37,0,61.0,False,,False,,,,
Kern River,040304202700,Unspecified,25-281H,Chevron U.S.A. Inc.,Active,5,2020-09-30,2020-09-30,1,2.0,719.0,114.32,0,61.0,False,,False,,,,
Kern River,040304202700,Unspecified,25-281H,Chevron U.S.A. Inc.,Active,6,2020-11-30,2020-11-30,1,2.0,786.0,124.97,0,,True,,False,,,,
Kern River,040304222100,Oakland,91H,Chevron U.S.A. Inc.,Idle,0,2019-03-31,2019-03-31,1,1.0,152.0,24.17,0,,True,,False,,,,
Kern River,040304222200,Oakland,92H,Chevron U.S.A. Inc.,Active,0,2019-03-31,2019-03-31,1,1.0,174.0,27.67,0,244.0,False,,False,,,,
Kern River,040304222200,Oakland,92H,Chevron U.S.A. Inc.,Active,1,2019-11-30,2019-11-30,1,2.0,117.0,18.6,0,122.0,False,,False,,,,
Kern River,040304222200,Oakland,92H,Chevron U.S.A. Inc.,Active,2,2020-03-31,2020-03-31,1,1.0,104.0,16.54,0,,True,,False,,,,
Kern River,040304222300,Oakland,93H,Chevron U.S.A. Inc.,Active,0,2018-01-31,2018-01-31,1,1.0,230.0,36.57,0,424.0,False,,False,,,,
Kern River,040304222300,Oakland,93H,Chevron U.S.A. Inc.,Active,1,2019-03-31,2019-03-31,1,2.0,163.0,25.92,0,214.0,False,,False,,,,
Kern River,040304222300,Oakland,93H,Chevron U.S.A. Inc.,Active,2,2019-10-31,2019-10-31,1,2.0,108.0,17.17,0,61.0,False,,False,,,,
Kern River,040304222300,Oakland,93H,Chevron U.S.A. Inc.,Active,3,2019-12-31,2019-12-31,1,1.0,141.0,22.42,0,60.0,False,,False,,,,
Kern River,040304222300,Oakland,93H,Chevron U.S.A. Inc.,Active,4,2020-02-29,2020-02-29,1,1.0,108.0,17.17,0,,True,,False,,,,
Kern River,040304222600,Reed,207H,Chevron U.S.A. Inc.,Active,0,2019-03-31,2019-03-31,1,1.0,145.0,23.05,0,,True,,False,,,,
Kern River,040304222700,Reed,208H,Chevron U.S.A. Inc.,Active,0,2019-03-31,2019-03-31,1,1.0,145.0,23.05,0,153.0,False,,False,,,,
Kern River,040304222700,Reed,208H,Chevron U.S.A. Inc.,Active,1,2019-08-31,2019-08-31,1,1.0,110.0,17.49,0,61.0,False,,False,,,,
Kern River,040304222700,Reed,208H,Chevron U.S.A. Inc.,Active,2,2019-10-31,2019-10-31,1,2.0,122.0,19.4,0,61.0,False,,False,,,,
Kern River,040304222700,Reed,208H,Chevron U.S.A. Inc.,Active,3,2019-12-31,2019-12-31,1,2.0,115.0,18.29,0,60.0,False,,False,,,,
Kern River,040304222700,Reed,208H,Chevron U.S.A. Inc.,Active,4,2020-02-29,2020-02-29,1,2.0,126.0,20.03,0,306.0,False,,False,,,,
Kern River,040304222700,Reed,208H,Chevron U.S.A. Inc.,Active,5,2020-12-31,2020-12-31,1,2.0,1056.0,167.9,0,,True,,False,,,,
Kern River,040304223100,Reed,212H,Chevron U.S.A. Inc.,Active,0,2019-03-31,2019-03-31,1,1.0,172.0,27.35,0,214.0,False,,False,,,,
Kern River,040304223100,Reed,212H,Chevron U.S.A. Inc.,Active,1,2019-10-31,2019-11-30,2,2.0,232.0,36.89,0,62.0,False,,False,,,,
Kern River,040304223100,Reed,212H,Chevron U.S.A. Inc.,Active,2,2020-01-31,2020-02-29,2,3.0,333.0,52.95,0,,True,,False,,,,
Kern River,040304223200,Reed,214H,Chevron U.S.A. Inc.,Idle,0,2019-04-30,2019-04-30,1,1.0,150.0,23.85,0,184.0,False,,False,,,,
Kern River,040304223200,Reed,214H,Chevron U.S.A. Inc.,Idle,1,2019-10-31,2019-12-31,3,3.0,570.0,90.63,0,,True,,False,,,,
Kern River,040304223300,East Puente B,36H,Chevron U.S.A. Inc.,Active,0,2020-01-31,2020-02-29,2,2.0,268.0,42.61,0,,True,,False,,,,
Kern River,040304223400,Reed,213H,Chevron U.S.A. Inc.,Active,0,2019-10-31,2019-11-30,2,2.0,190.0,30.21,0,91.0,False,,False,,,,
Kern River,040304223400,Reed,213H,Chevron U.S.A. Inc.,Active,1,2020-02-29,2020-02-29,1,1.0,102.0,16.22,0,,True,,False,,,,
Kern River,040304223500,Reed,215H,Chevron U.S.A. Inc.,Active,0,2019-03-31,2019-03-31,1,1.0,129.0,20.51,0,,True,,False,,,,
Kern River,040304224000,Parker,49H,Chevron U.S.A. Inc.,Active,0,2019-07-31,2019-07-31,1,1.0,73.0,11.61,0,,True,,False,,,,
Kern River,040304224200,Parker,51H,Chevron U.S.A. Inc.,Active,0,2019-01-31,2019-03-31,3,3.0,433.0,68.85,0,275.0,False,,False,,,,
Kern River,040304224200,Parker,51H,Chevron U.S.A. Inc.,Active,1,2019-12-31,2019-12-31,1,1.0,137.0,21.78,0,60.0,False,,False,,,,
Kern River,040304224200,Parker,51H,Chevron U.S.A. Inc.,Active,2,2020-02-29,2020-02-29,1,1.0,104.0,16.54,0,,True,,False,,,,
Kern River,040304224300,Green & Whittier A,604H,Chevron U.S.A. Inc.,Active,0,2018-02-28,2018-02-28,1,2.0,638.0,101.44,0,426.0,False,,False,,,,
Kern River,040304224300,Green & Whittier A,604H,Chevron U.S.A. Inc.,Active,1,2019-04-30,2019-04-30,1,1.0,44.0,7.0,0,184.0,False,,False,,,,
Kern River,040304224300,Green & Whittier A,604H,Chevron U.S.A. Inc.,Active,2,2019-10-31,2019-11-30,2,3.0,298.0,47.38,0,62.0,False,,False,,,,
Kern River,040304224300,Green & Whittier A,604H,Chevron U.S.A. Inc.,Active,3,2020-01-31,2020-02-29,2,2.0,295.0,46.91,0,153.0,False,,False,,,,
Kern River,040304224300,Green & Whittier A,604H,Chevron U.S.A. Inc.,Active,4,2020-07-31,2020-07-31,1,2.0,775.0,123.23,0,61.0,False,,False,,,,
Kern River,040304224300,Green & Whittier A,604H,Chevron U.S.A. Inc.,Active,5,2020-09-30,2020-09-30,1,2.0,1076.0,171.08,0,61.0,False,,False,,,,
Kern River,040304224300,Green & Whittier A,604H,Chevron U.S.A. Inc.,Active,6,2020-11-30,2020-11-30,1,2.0,756.0,120.2,0,,True,,False,,,,
Kern River,040304224500,Kern,600H,Chevron U.S.A. Inc.,Active,0,2018-01-31,2018-01-31,1,1.0,178.0,28.3,0,607.0,False,,False,,,,
Kern River,040304224500,Kern,600H,Chevron U.S.A. Inc.,Active,1,2019-09-30,2019-10-31,2,2.0,164.0,26.08,0,427.0,False,,False,,,,
Kern River,040304224500,Kern,600H,Chevron U.S.A. Inc.,Active,2,2020-12-31,2020-12-31,1,2.0,1207.0,191.91,0,,True,,False,,,,
Kern River,040304224600,Kern,601H,Chevron U.S.A. Inc.,Active,0,2019-09-30,2019-10-31,2,3.0,282.0,44.84,0,,True,,False,,,,
Kern River,040304226400,Bishop Fee,214H,Chevron U.S.A. Inc.,Active,0,2019-04-30,2019-04-30,1,1.0,48.0,7.63,0,123.0,False,,False,,,,
Kern River,040304226400,Bishop Fee,214H,Chevron U.S.A. Inc.,Active,1,2019-08-31,2019-08-31,1,1.0,134.0,21.31,0,61.0,False,,False,,,,
Kern River,040304226400,Bishop Fee,214H,Chevron U.S.A. Inc.,Active,2,2019-10-31,2019-11-30,2,2.0,273.0,43.41,0,62.0,False,,False,,,,
Kern River,040304226400,Bishop Fee,214H,Chevron U.S.A. Inc.,Active,3,2020-01-31,2020-02-29,2,2.0,273.0,43.41,0,,True,,False,,,,
Kern River,040304249800,American Naphtha,3792,Chevron U.S.A. Inc.,Active,0,2019-05-31,2019-05-31,1,1.0,4.0,0.64,0,,True,,False,,,,
Kern River,040304249900,American Naphtha,3793,Chevron U.S.A. Inc.,Active,0,2019-04-30,2019-04-30,1,1.0,46.0,7.31,0,,True,,False,,,,
Kern River,040304252000,,18-26H,Chevron U.S.A. Inc.,Active,0,2019-10-31,2019-10-31,1,1.0,66.0,10.49,0,61.0,False,,False,,,,
Kern River,040304252000,,18-26H,Chevron U.S.A. Inc.,Active,1,2019-12-31,2020-01-31,2,2.0,166.0,26.39,0,,True,,False,,,,
Kern River,040304252100,,18-27H,Chevron U.S.A. Inc.,Active,0,2019-10-31,2020-02-29,5,6.0,671.0,106.69,0,,True,,False,,,,
Kern River,040304252400,Reed,218H,Chevron U.S.A. Inc.,Active,0,2019-01-31,2019-03-31,3,3.0,458.0,72.82,0,214.0,False,,False,,,,
Kern River,040304252400,Reed,218H,Chevron U.S.A. Inc.,Active,1,2019-10-31,2019-11-30,2,3.0,390.0,62.01,0,62.0,False,,False,,,,
Kern River,040304252400,Reed,218H,Chevron U.S.A. Inc.,Active,2,2020-01-31,2020-01-31,1,2.0,205.0,32.59,0,60.0,False,,False,,,,
Kern River,040304252400,Reed,218H,Chevron U.S.A. Inc.,Active,3,2020-03-31,2020-03-31,1,2.0,117.0,18.6,0,,True,,False,,,,
Kern River,040304252500,Reed,219H,Chevron U.S.A. Inc.,Active,0,2019-01-31,2019-02-28,2,2.0,320.0,50.88,0,245.0,False,,False,,,,
Kern River,040304252500,Reed,219H,Chevron U.S.A. Inc.,Active,1,2019-10-31,2019-11-30,2,2.0,213.0,33.87,0,,True,,False,,,,
Kern River,040304252900,Sovereign,39,Chevron U.S.A. Inc.,Active,0,2018-01-31,2018-01-31,1,2.0,690.0,109.71,0,,True,,False,,,,
Kern River,040304253100,Sovereign,41,Chevron U.S.A. Inc.,Active,0,2018-01-31,2018-01-31,1,1.0,178.0,28.3,0,,True,,False,,,,
Kern River,040304255300,Angus,904,Chevron U.S.A. Inc.,Active,0,2019-04-30,2019-04-30,1,1.0,41.0,6.52,0,,True,,False,,,,
Kern River,040304262500,,19-282H,Chevron U.S.A. Inc.,Active,0,2018-02-28,2018-02-28,1,1.0,416.0,66.14,0,426.0,False,,False,,,,
Kern River,040304262500,,19-282H,Chevron U.S.A. Inc.,Active,1,2019-04-30,2019-04-30,1,1.0,143.0,22.74,0,92.0,False,,False,,,,
Kern River,040304262500,,19-282H,Chevron U.S.A. Inc.,Active,2,2019-07-31,2019-07-31,1,2.0,401.0,63.76,0,92.0,False,,False,,,,
Kern River,040304262500,,19-282H,Chevron U.S.A. Inc.,Active,3,2019-10-31,2019-10-31,1,1.0,117.0,18.6,0,61.0,False,,False,,,,
Kern River,040304262500,,19-282H,Chevron U.S.A. Inc.,Active,4,2019-12-31,2019-12-31,1,1.0,138.0,21.94,0,60.0,False,,False,,,,
Kern River,040304262500,,19-282H,Chevron U.S.A. Inc.,Active,5,2020-02-29,2020-02-29,1,1.0,98.0,15.58,0,,True,,False,,,,
Kern River,040304264600,Unspecified,3526H,Chevron U.S.A. Inc.,Active,0,2019-03-31,2019-03-31,1,1.0,146.0,23.21,0,183.0,False,,False,,,,
Kern River,040304264600,Unspecified,3526H,Chevron U.S.A. Inc.,Active,1,2019-09-30,2019-10-31,2,2.0,239.0,38.0,0,61.0,False,,False,,,,
Kern River,040304264600,Unspecified,3526H,Chevron U.S.A. Inc.,Active,2,2019-12-31,2020-01-31,2,2.0,250.0,39.75,0,,True,,False,,,,
Kern River,040304264700,Unspecified,4067H,Chevron U.S.A. Inc.,Active,0,2019-01-31,2019-02-28,2,2.0,284.0,45.16,0,275.0,False,,False,,,,
Kern River,040304264700,Unspecified,4067H,Chevron U.S.A. Inc.,Active,1,2019-11-30,2019-11-30,1,1.0,98.0,15.58,0,62.0,False,,False,,,,
Kern River,040304264700,Unspecified,4067H,Chevron U.S.A. Inc.,Active,2,2020-01-31,2020-01-31,1,1.0,106.0,16.85,0,,True,,False,,,,
Kern River,040304264900,Kern River Mutual,25H,Chevron U.S.A. Inc.,Active,0,2018-02-28,2018-02-28,1,2.0,1016.0,161.54,0,457.0,False,,False,,,,
Kern River,040304264900,Kern River Mutual,25H,Chevron U.S.A. Inc.,Active,1,2019-05-31,2019-05-31,1,1.0,3.0,0.48,0,92.0,False,,False,,,,
Kern River,040304264900,Kern River Mutual,25H,Chevron U.S.A. Inc.,Active,2,2019-08-31,2019-08-31,1,1.0,152.0,24.17,0,61.0,False,,False,,,,
Kern River,040304264900,Kern River Mutual,25H,Chevron U.S.A. Inc.,Active,3,2019-10-31,2019-12-31,3,5.0,437.0,69.48,0,60.0,False,,False,,,,
Kern River,040304264900,Kern River Mutual,25H,Chevron U.S.A. Inc.,Active,4,2020-02-29,2020-02-29,1,1.0,129.0,20.51,0,153.0,False,,False,,,,
Kern River,040304264900,Kern River Mutual,25H,Chevron U.S.A. Inc.,Active,5,2020-07-31,2020-08-31,2,8.0,5679.0,902.96,0,61.0,False,,False,,,,
Kern River,040304264900,Kern River Mutual,25H,Chevron U.S.A. Inc.,Active,6,2020-10-31,2020-10-31,1,3.0,1868.0,297.01,0,61.0,False,,False,,,,
Kern River,040304264900,Kern River Mutual,25H,Chevron U.S.A. Inc.,Active,7,2020-12-31,2020-12-31,1,2.0,1072.0,170.45,0,,True,,False,,,,
Kern River,040304270000,Reed Crude A,151H,Chevron U.S.A. Inc.,Active,0,2019-03-31,2019-03-31,1,1.0,136.0,21.62,0,,True,,False,,,,
Kern River,040304286300,Fee A,433,Chevron U.S.A. Inc.,Active,0,2018-01-31,2018-01-31,1,1.0,164.0,26.08,0,,True,,False,,,,
Kern River,040304286500,San Joaquin,948,Chevron U.S.A. Inc.,Active,0,2018-01-31,2018-01-31,1,2.0,715.0,113.69,0,,True,,False,,,,
Kern River,040304286900,San Joaquin,952,Chevron U.S.A. Inc.,Active,0,2018-01-31,2018-02-28,2,3.0,1412.0,224.51,0,702.0,False,,False,,,,
Kern River,040304286900,San Joaquin,952,Chevron U.S.A. Inc.,Active,1,2020-01-31,2020-01-31,1,2.0,920.0,146.28,0,,True,,False,,,,
Kern River,040304287500,Green & Whittier,313,Chevron U.S.A. Inc.,Active,0,2018-02-28,2018-03-31,2,2.0,337.0,53.58,0,61.0,False,,False,,,,
Kern River,040304287500,Green & Whittier,313,Chevron U.S.A. Inc.,Active,1,2018-05-31,2018-08-31,2,3.0,464.0,73.78,0,,True,,False,,,,
Kern River,040304288000,Sterling,300H,Chevron U.S.A. Inc.,Active,0,2019-01-31,2019-02-28,2,4.0,262.0,41.66,0,245.0,False,,False,,,,
Kern River,040304288000,Sterling,300H,Chevron U.S.A. Inc.,Active,1,2019-10-31,2019-10-31,1,1.0,107.0,17.01,0,61.0,False,,False,,,,
Kern River,040304288000,Sterling,300H,Chevron U.S.A. Inc.,Active,2,2019-12-31,2019-12-31,1,1.0,125.0,19.88,0,60.0,False,,False,,,,
Kern River,040304288000,Sterling,300H,Chevron U.S.A. Inc.,Active,3,2020-02-29,2020-02-29,1,1.0,98.0,15.58,0,,True,,False,,,,
Kern River,040304303100,Kern,385R,Chevron U.S.A. Inc.,Active,0,2018-01-31,2018-01-31,1,1.0,169.0,26.87,0,,True,,False,,,,
Kern River,040304303101,Kern,385R,Chevron U.S.A. Inc.,Active,0,2019-01-31,2019-02-28,2,4.0,94.0,14.95,0,,True,,False,,,,
Kern River,040304303300,Mecca,26R,Chevron U.S.A. Inc.,Active,0,2019-01-31,2019-02-28,2,2.0,274.0,43.57,0,245.0,False,,False,,,,
Kern River,040304303300,Mecca,26R,Chevron U.S.A. Inc.,Active,1,2019-10-31,2019-10-31,1,1.0,114.0,18.13,0,92.0,False,,False,,,,
Kern River,040304303300,Mecca,26R,Chevron U.S.A. Inc.,Active,2,2020-01-31,2020-01-31,1,2.0,562.0,89.36,0,60.0,False,,False,,,,
Kern River,040304303300,Mecca,26R,Chevron U.S.A. Inc.,Active,3,2020-03-31,2020-03-31,1,7.0,4286.0,681.47,0,,True,,False,,,,
Kern River,040304314200,Nukern,101,"Kern River Holdings II, LLC",Active,0,2019-09-30,2019-09-30,1,8.0,4912.0,781.01,0,183.0,False,,False,,,,
Kern River,040304314200,Nukern,101,"Kern River Holdings II, LLC",Active,1,2020-03-31,2020-03-31,1,1.0,930.0,147.87,0,,True,,False,,,,
Kern River,040304314300,Nukern,102,"Kern River Holdings II, LLC",Active,0,2019-04-30,2019-04-30,1,5.0,5144.0,817.9,0,305.0,False,,False,,,,
Kern River,040304314300,Nukern,102,"Kern River Holdings II, LLC",Active,1,2020-02-29,2020-02-29,1,9.0,4704.0,747.94,0,61.0,False,,False,,,,
Kern River,040304314300,Nukern,102,"Kern River Holdings II, LLC",Active,2,2020-04-30,2020-04-30,1,1.0,1089.0,173.15,0,184.0,False,,False,,,,
Kern River,040304314300,Nukern,102,"Kern River Holdings II, LLC",Active,3,2020-10-31,2020-10-31,1,4.0,2078.0,330.4,0,120.0,False,,False,,,,
Kern River,040304314300,Nukern,102,"Kern River Holdings II, LLC",Active,4,2021-02-28,2021-02-28,1,3.0,2127.0,338.19,0,245.0,False,,False,,,,
Kern River,040304314300,Nukern,102,"Kern River Holdings II, LLC",Active,5,2021-10-31,2021-10-31,1,2.0,2050.0,325.95,0,,True,,False,,,,
Kern River,040304314400,Nukern,201,"Kern River Holdings II, LLC",Active,0,2019-05-31,2019-05-31,1,3.0,2207.0,350.91,0,335.0,False,,False,,,,
Kern River,040304314400,Nukern,201,"Kern River Holdings II, LLC",Active,1,2020-04-30,2020-04-30,1,1.0,1127.0,179.19,0,335.0,False,,False,,,,
Kern River,040304314400,Nukern,201,"Kern River Holdings II, LLC",Active,2,2021-03-31,2021-03-31,1,3.0,3014.0,479.23,0,,True,,False,,,,
Kern River,040304314500,Nukern,306,"Kern River Holdings II, LLC",Active,0,2018-02-28,2018-02-28,1,8.0,8954.0,1423.69,0,396.0,False,,False,,,,
Kern River,040304314500,Nukern,306,"Kern River Holdings II, LLC",Active,1,2019-03-31,2019-03-31,1,3.0,2339.0,371.9,0,61.0,False,,False,,,,
Kern River,040304314500,Nukern,306,"Kern River Holdings II, LLC",Active,2,2019-05-31,2019-06-30,2,2.0,2158.0,343.12,0,123.0,False,,False,,,,
Kern River,040304314500,Nukern,306,"Kern River Holdings II, LLC",Active,3,2019-10-31,2019-10-31,1,2.0,2087.0,331.83,0,,True,,False,,,,
Kern River,040304314700,Nukern,506,"Kern River Holdings II, LLC",Active,0,2019-02-28,2019-02-28,1,4.0,4704.0,747.94,0,245.0,False,,False,,,,
Kern River,040304314700,Nukern,506,"Kern River Holdings II, LLC",Active,1,2019-10-31,2019-11-30,2,6.0,5426.0,862.73,0,91.0,False,,False,,,,
Kern River,040304314700,Nukern,506,"Kern River Holdings II, LLC",Active,2,2020-02-29,2020-02-29,1,2.0,1134.0,180.31,0,275.0,False,,False,,,,
Kern River,040304314700,Nukern,506,"Kern River Holdings II, LLC",Active,3,2020-11-30,2020-11-30,1,2.0,1729.0,274.91,0,304.0,False,,False,,,,
Kern River,040304314700,Nukern,506,"Kern River Holdings II, LLC",Active,4,2021-09-30,2021-09-30,1,4.0,3155.0,501.64,0,,True,,False,,,,
Kern River,040304314800,Nukern,605,"Kern River Holdings II, LLC",Active,0,2019-06-30,2019-06-30,1,5.0,5010.0,796.59,0,153.0,False,,False,,,,
Kern River,040304314800,Nukern,605,"Kern River Holdings II, LLC",Active,1,2019-11-30,2019-11-30,1,2.0,2174.0,345.67,0,122.0,False,,False,,,,
Kern River,040304314800,Nukern,605,"Kern River Holdings II, LLC",Active,2,2020-03-31,2020-03-31,1,2.0,1125.0,178.88,0,244.0,False,,False,,,,
Kern River,040304314800,Nukern,605,"Kern River Holdings II, LLC",Active,3,2020-11-30,2020-11-30,1,2.0,1919.0,305.12,0,,True,,False,,,,
Kern River,040304314900,Nukern,606,"Kern River Holdings II, LLC",Active,0,2019-04-30,2019-05-31,2,11.0,9680.0,1539.12,0,183.0,False,,False,,,,
Kern River,040304314900,Nukern,606,"Kern River Holdings II, LLC",Active,1,2019-11-30,2019-11-30,1,8.0,6953.0,1105.53,0,91.0,False,,False,,,,
Kern River,040304314900,Nukern,606,"Kern River Holdings II, LLC",Active,2,2020-02-29,2020-02-29,1,2.0,1265.0,201.13,0,245.0,False,,False,,,,
Kern River,040304314900,Nukern,606,"Kern River Holdings II, LLC",Active,3,2020-10-31,2020-10-31,1,3.0,2173.0,345.51,0,,True,,False,,,,
Kern River,040304316300,U.S.L.,75H,Chevron U.S.A. Inc.,Active,0,2019-05-31,2019-05-31,1,1.0,435.0,69.17,0,153.0,False,,False,,,,
Kern River,040304316300,U.S.L.,75H,Chevron U.S.A. Inc.,Active,1,2019-10-31,2019-10-31,1,1.0,104.0,16.54,0,61.0,False,,False,,,,
Kern River,040304316300,U.S.L.,75H,Chevron U.S.A. Inc.,Active,2,2019-12-31,2020-01-31,2,2.0,269.0,42.77,0,60.0,False,,False,,,,
Kern River,040304316300,U.S.L.,75H,Chevron U.S.A. Inc.,Active,3,2020-03-31,2020-03-31,1,1.0,104.0,16.54,0,122.0,False,,False,,,,
Kern River,040304316300,U.S.L.,75H,Chevron U.S.A. Inc.,Active,4,2020-07-31,2020-07-31,1,2.0,794.0,126.25,0,,True,,False,,,,
Kern River,040304316400,U.S.L.,76H,Chevron U.S.A. Inc.,Active,0,2019-08-31,2019-08-31,1,2.0,98.0,15.58,0,91.0,False,,False,,,,
Kern River,040304316400,U.S.L.,76H,Chevron U.S.A. Inc.,Active,1,2019-11-30,2019-11-30,1,1.0,87.0,13.83,0,62.0,False,,False,,,,
Kern River,040304316400,U.S.L.,76H,Chevron U.S.A. Inc.,Active,2,2020-01-31,2020-01-31,1,1.0,136.0,21.62,0,60.0,False,,False,,,,
Kern River,040304316400,U.S.L.,76H,Chevron U.S.A. Inc.,Active,3,2020-03-31,2020-03-31,1,1.0,81.0,12.88,0,153.0,False,,False,,,,
Kern River,040304316400,U.S.L.,76H,Chevron U.S.A. Inc.,Active,4,2020-08-31,2020-08-31,1,2.0,910.0,144.69,0,,True,,False,,,,
Kern River,040304316600,U.S.L.,78H,Chevron U.S.A. Inc.,Active,0,2019-11-30,2019-11-30,1,1.0,107.0,17.01,0,62.0,False,,False,,,,
Kern River,040304316600,U.S.L.,78H,Chevron U.S.A. Inc.,Active,1,2020-01-31,2020-01-31,1,1.0,135.0,21.46,0,60.0,False,,False,,,,
Kern River,040304316600,U.S.L.,78H,Chevron U.S.A. Inc.,Active,2,2020-03-31,2020-03-31,1,1.0,81.0,12.88,0,153.0,False,,False,,,,
Kern River,040304316600,U.S.L.,78H,Chevron U.S.A. Inc.,Active,3,2020-08-31,2020-08-31,1,2.0,909.0,144.53,0,,True,,False,,,,
Kern River,040304324100,Mecca,98H,Chevron U.S.A. Inc.,Active,0,2019-03-31,2019-03-31,1,1.0,148.0,23.53,0,153.0,False,,False,,,,
Kern River,040304324100,Mecca,98H,Chevron U.S.A. Inc.,Active,1,2019-08-31,2019-08-31,1,1.0,106.0,16.85,0,61.0,False,,False,,,,
Kern River,040304324100,Mecca,98H,Chevron U.S.A. Inc.,Active,2,2019-10-31,2019-11-30,2,2.0,252.0,40.07,0,62.0,False,,False,,,,
Kern River,040304324100,Mecca,98H,Chevron U.S.A. Inc.,Active,3,2020-01-31,2020-01-31,1,1.0,145.0,23.05,0,60.0,False,,False,,,,
Kern River,040304324100,Mecca,98H,Chevron U.S.A. Inc.,Active,4,2020-03-31,2020-03-31,1,1.0,139.0,22.1,0,,True,,False,,,,
Kern River,040304324200,Mecca,99H,Chevron U.S.A. Inc.,Active,0,2019-03-31,2019-03-31,1,1.0,148.0,23.53,0,214.0,False,,False,,,,
Kern River,040304324200,Mecca,99H,Chevron U.S.A. Inc.,Active,1,2019-10-31,2019-11-30,2,2.0,239.0,38.0,0,62.0,False,,False,,,,
Kern River,040304324200,Mecca,99H,Chevron U.S.A. Inc.,Active,2,2020-01-31,2020-01-31,1,1.0,138.0,21.94,0,60.0,False,,False,,,,
Kern River,040304324200,Mecca,99H,Chevron U.S.A. Inc.,Active,3,2020-03-31,2020-03-31,1,1.0,138.0,21.94,0,,True,,False,,,,
Kern River,040304324300,Y.M.K.,66H,Chevron U.S.A. Inc.,Active,0,2019-03-31,2019-03-31,1,1.0,131.0,20.83,0,244.0,False,,False,,,,
Kern River,040304324300,Y.M.K.,66H,Chevron U.S.A. Inc.,Active,1,2019-11-30,2019-11-30,1,2.0,147.0,23.37,0,91.0,False,,False,,,,
Kern River,040304324300,Y.M.K.,66H,Chevron U.S.A. Inc.,Active,2,2020-02-29,2020-02-29,1,1.0,98.0,15.58,0,153.0,False,,False,,,,
Kern River,040304324300,Y.M.K.,66H,Chevron U.S.A. Inc.,Active,3,2020-07-31,2020-08-31,2,3.0,1544.0,245.5,0,,True,,False,,,,
Kern River,040304324600,Sovereign,42,Chevron U.S.A. Inc.,Active,0,2018-01-31,2018-01-31,1,1.0,366.0,58.19,0,,True,,False,,,,
Kern River,040304328500,Reardon,100H,Chevron U.S.A. Inc.,Active,0,2018-01-31,2018-01-31,1,1.0,158.0,25.12,0,424.0,False,,False,,,,
Kern River,040304328500,Reardon,100H,Chevron U.S.A. Inc.,Active,1,2019-03-31,2019-03-31,1,1.0,130.0,20.67,0,214.0,False,,False,,,,
Kern River,040304328500,Reardon,100H,Chevron U.S.A. Inc.,Active,2,2019-10-31,2019-11-30,2,2.0,196.0,31.16,0,62.0,False,,False,,,,
Kern River,040304328500,Reardon,100H,Chevron U.S.A. Inc.,Active,3,2020-01-31,2020-02-29,2,2.0,212.0,33.71,0,214.0,False,,False,,,,
Kern River,040304328500,Reardon,100H,Chevron U.S.A. Inc.,Active,4,2020-09-30,2020-09-30,1,2.0,658.0,104.62,0,92.0,False,,False,,,,
Kern River,040304328500,Reardon,100H,Chevron U.S.A. Inc.,Active,5,2020-12-31,2020-12-31,1,2.0,1079.0,171.56,0,,True,,False,,,,
Kern River,040304332200,Nukern,104,"Kern River Holdings II, LLC",Active,0,2020-12-31,2020-12-31,1,1.0,912.0,145.01,0,59.0,False,,False,,,,
Kern River,040304332200,Nukern,104,"Kern River Holdings II, LLC",Active,1,2021-02-28,2021-03-31,2,7.0,1987.0,315.93,0,,True,,False,,,,
Kern River,040304332400,Nukern,203,"Kern River Holdings II, LLC",Active,0,2018-01-31,2018-01-31,1,19.0,15058.0,2394.22,0,,True,,False,,,,
Kern River,040304332500,Nukern,204,"Kern River Holdings II, LLC",Active,0,2021-02-28,2021-02-28,1,3.0,2504.0,398.14,0,,True,,False,,,,
Kern River,040304333000,Nukern,303,"Kern River Holdings II, LLC",Active,0,2018-01-31,2018-02-28,2,18.0,15721.0,2499.64,0,214.0,False,,False,,,,
Kern River,040304333000,Nukern,303,"Kern River Holdings II, LLC",Active,1,2018-09-30,2018-09-30,1,9.0,7078.0,1125.4,0,123.0,False,,False,,,,
Kern River,040304333000,Nukern,303,"Kern River Holdings II, LLC",Active,2,2019-01-31,2019-01-31,1,6.0,5434.0,864.01,0,59.0,False,,False,,,,
Kern River,040304333000,Nukern,303,"Kern River Holdings II, LLC",Active,3,2019-03-31,2019-05-31,3,8.0,7250.0,1152.75,0,122.0,False,,False,,,,
Kern River,040304333000,Nukern,303,"Kern River Holdings II, LLC",Active,4,2019-09-30,2019-09-30,1,6.0,5100.0,810.9,0,,True,,False,,,,
Kern River,040304333400,Nukern,402,"Kern River Holdings II, LLC",Active,0,2018-01-31,2018-02-28,2,21.0,15118.0,2403.76,0,,True,,False,,,,
Kern River,040304333600,Nukern,404,"Kern River Holdings II, LLC",Active,0,2021-02-28,2021-02-28,1,1.0,765.0,121.64,0,,True,,False,,,,
Kern River,040304334000,Nukern,504,"Kern River Holdings II, LLC",Active,0,2019-04-30,2019-04-30,1,4.0,2661.0,423.1,0,305.0,False,,False,,,,
Kern River,040304334000,Nukern,504,"Kern River Holdings II, LLC",Active,1,2020-02-29,2020-02-29,1,3.0,1089.0,173.15,0,,True,,False,,,,
Kern River,040304336300,Hanford & Fresno,601H,Chevron U.S.A. Inc.,Active,0,2018-01-31,2019-02-28,3,3.0,484.0,76.96,0,245.0,False,,False,,,,
Kern River,040304336300,Hanford & Fresno,601H,Chevron U.S.A. Inc.,Active,1,2019-10-31,2019-10-31,1,1.0,139.0,22.1,0,61.0,False,,False,,,,
Kern River,040304336300,Hanford & Fresno,601H,Chevron U.S.A. Inc.,Active,2,2019-12-31,2019-12-31,1,2.0,109.0,17.33,0,366.0,False,,False,,,,
Kern River,040304336300,Hanford & Fresno,601H,Chevron U.S.A. Inc.,Active,3,2020-12-31,2020-12-31,1,2.0,1072.0,170.45,0,,True,,False,,,,
Kern River,040304336500,Unspecified,407H,Chevron U.S.A. Inc.,Active,0,2019-01-31,2019-02-28,2,2.0,376.0,59.78,0,61.0,False,,False,,,,
Kern River,040304336500,Unspecified,407H,Chevron U.S.A. Inc.,Active,1,2019-04-30,2019-04-30,1,1.0,161.0,25.6,0,184.0,False,,False,,,,
Kern River,040304336500,Unspecified,407H,Chevron U.S.A. Inc.,Active,2,2019-10-31,2019-10-31,1,2.0,160.0,25.44,0,61.0,False,,False,,,,
Kern River,040304336500,Unspecified,407H,Chevron U.S.A. Inc.,Active,3,2019-12-31,2019-12-31,1,1.0,196.0,31.16,0,60.0,False,,False,,,,
Kern River,040304336500,Unspecified,407H,Chevron U.S.A. Inc.,Active,4,2020-02-29,2020-02-29,1,1.0,136.0,21.62,0,184.0,False,,False,,,,
Kern River,040304336500,Unspecified,407H,Chevron U.S.A. Inc.,Active,5,2020-08-31,2020-08-31,1,3.0,1208.0,192.07,0,,True,,False,,,,
Kern River,040304336800,San Joaquin,953H,Chevron U.S.A. Inc.,Active,0,2018-01-31,2019-02-28,3,4.0,1045.0,166.16,0,61.0,False,,False,,,,
Kern River,040304336800,San Joaquin,953H,Chevron U.S.A. Inc.,Active,1,2019-04-30,2019-04-30,1,1.0,147.0,23.37,0,123.0,False,,False,,,,
Kern River,040304336800,San Joaquin,953H,Chevron U.S.A. Inc.,Active,2,2019-08-31,2019-08-31,1,1.0,127.0,20.19,0,61.0,False,,False,,,,
Kern River,040304336800,San Joaquin,953H,Chevron U.S.A. Inc.,Active,3,2019-10-31,2019-11-30,2,3.0,274.0,43.57,0,62.0,False,,False,,,,
Kern River,040304336800,San Joaquin,953H,Chevron U.S.A. Inc.,Active,4,2020-01-31,2020-01-31,1,1.0,143.0,22.74,0,,True,,False,,,,
Kern River,040304336900,San Joaquin,954H,Chevron U.S.A. Inc.,Active,0,2018-01-31,2018-01-31,1,1.0,207.0,32.91,0,668.0,False,,False,,,,
Kern River,040304336900,San Joaquin,954H,Chevron U.S.A. Inc.,Active,1,2019-11-30,2019-11-30,1,2.0,130.0,20.67,0,91.0,False,,False,,,,
Kern River,040304336900,San Joaquin,954H,Chevron U.S.A. Inc.,Active,2,2020-02-29,2020-02-29,1,2.0,107.0,17.01,0,153.0,False,,False,,,,
Kern River,040304336900,San Joaquin,954H,Chevron U.S.A. Inc.,Active,3,2020-07-31,2020-07-31,1,2.0,1046.0,166.31,0,61.0,False,,False,,,,
Kern River,040304336900,San Joaquin,954H,Chevron U.S.A. Inc.,Active,4,2020-09-30,2020-09-30,1,3.0,1695.0,269.5,0,,True,,False,,,,
Kern River,040304337000,San Joaquin,955H,Chevron U.S.A. Inc.,Active,0,2019-10-31,2019-10-31,1,2.0,144.0,22.9,0,61.0,False,,False,,,,
Kern River,040304337000,San Joaquin,955H,Chevron U.S.A. Inc.,Active,1,2019-12-31,2019-12-31,1,1.0,156.0,24.8,0,60.0,False,,False,,,,
Kern River,040304337000,San Joaquin,955H,Chevron U.S.A. Inc.,Active,2,2020-02-29,2020-02-29,1,2.0,141.0,22.42,0,153.0,False,,False,,,,
Kern River,040304337000,San Joaquin,955H,Chevron U.S.A. Inc.,Active,3,2020-07-31,2020-07-31,1,3.0,1912.0,304.01,0,61.0,False,,False,,,,
Kern River,040304337000,San Joaquin,955H,Chevron U.S.A. Inc.,Active,4,2020-09-30,2020-09-30,1,3.0,1695.0,269.5,0,,True,,False,,,,
Kern River,040304337100,San Joaquin,956H,Chevron U.S.A. Inc.,Active,0,2018-01-31,2019-02-28,3,3.0,579.0,92.06,0,61.0,False,,False,,,,
Kern River,040304337100,San Joaquin,956H,Chevron U.S.A. Inc.,Active,1,2019-04-30,2019-04-30,1,1.0,147.0,23.37,0,245.0,False,,False,,,,
Kern River,040304337100,San Joaquin,956H,Chevron U.S.A. Inc.,Active,2,2019-12-31,2020-01-31,2,2.0,263.0,41.82,0,,True,,False,,,,
Kern River,040304357200,Unspecified,33-851H,Chevron U.S.A. Inc.,Active,0,2018-01-31,2018-01-31,1,1.0,600.0,95.4,0,577.0,False,,False,,,,
Kern River,040304357200,Unspecified,33-851H,Chevron U.S.A. Inc.,Active,1,2019-08-31,2019-08-31,1,1.0,107.0,17.01,0,61.0,False,,False,,,,
Kern River,040304357200,Unspecified,33-851H,Chevron U.S.A. Inc.,Active,2,2019-10-31,2019-10-31,1,1.0,116.0,18.44,0,61.0,False,,False,,,,
Kern River,040304357200,Unspecified,33-851H,Chevron U.S.A. Inc.,Active,3,2019-12-31,2019-12-31,1,2.0,133.0,21.15,0,60.0,False,,False,,,,
Kern River,040304357200,Unspecified,33-851H,Chevron U.S.A. Inc.,Active,4,2020-02-29,2020-02-29,1,1.0,110.0,17.49,0,,True,,False,,,,
Kern River,040304357500,Tejon,154H,Chevron U.S.A. Inc.,Active,0,2018-01-31,2018-01-31,1,2.0,637.0,101.28,0,,True,,False,,,,
Kern River,040304382500,U.S.A.,19,Chevron U.S.A. Inc.,Active,0,2019-03-31,2019-03-31,1,1.0,126.0,20.03,0,,True,,False,,,,
Kern River,040304384400,,19-283H,Chevron U.S.A. Inc.,Active,0,2019-07-31,2019-07-31,1,2.0,381.0,60.58,0,61.0,False,,False,,,,
Kern River,040304384400,,19-283H,Chevron U.S.A. Inc.,Active,1,2019-09-30,2019-10-31,2,2.0,245.0,38.95,0,61.0,False,,False,,,,
Kern River,040304384400,,19-283H,Chevron U.S.A. Inc.,Active,2,2019-12-31,2020-01-31,2,2.0,252.0,40.07,0,,True,,False,,,,
Kern River,040304384500,,284H,Chevron U.S.A. Inc.,Active,0,2019-01-31,2019-02-28,2,2.0,272.0,43.25,0,61.0,False,,False,,,,
Kern River,040304384500,,284H,Chevron U.S.A. Inc.,Active,1,2019-04-30,2019-04-30,1,1.0,150.0,23.85,0,92.0,False,,False,,,,
Kern River,040304384500,,284H,Chevron U.S.A. Inc.,Active,2,2019-07-31,2019-07-31,1,2.0,382.0,60.74,0,92.0,False,,False,,,,
Kern River,040304384500,,284H,Chevron U.S.A. Inc.,Active,3,2019-10-31,2019-10-31,1,1.0,130.0,20.67,0,61.0,False,,False,,,,
Kern River,040304384500,,284H,Chevron U.S.A. Inc.,Active,4,2019-12-31,2019-12-31,1,1.0,130.0,20.67,0,121.0,False,,False,,,,
Kern River,040304384500,,284H,Chevron U.S.A. Inc.,Active,5,2020-04-30,2020-04-30,1,2.0,438.0,69.64,0,,True,,False,,,,
Kern River,040304384600,,285H,Chevron U.S.A. Inc.,Active,0,2018-02-28,2018-02-28,1,1.0,416.0,66.14,0,518.0,False,,False,,,,
Kern River,040304384600,,285H,Chevron U.S.A. Inc.,Active,1,2019-07-31,2019-07-31,1,2.0,510.0,81.09,0,153.0,False,,False,,,,
Kern River,040304384600,,285H,Chevron U.S.A. Inc.,Active,2,2019-12-31,2019-12-31,1,1.0,125.0,19.88,0,60.0,False,,False,,,,
Kern River,040304384600,,285H,Chevron U.S.A. Inc.,Active,3,2020-02-29,2020-02-29,1,1.0,98.0,15.58,0,,True,,False,,,,
Kern River,040304385000,Unspecified,33-852H,Chevron U.S.A. Inc.,Active,0,2019-10-31,2019-11-30,2,2.0,218.0,34.66,0,62.0,False,,False,,,,
Kern River,040304385000,Unspecified,33-852H,Chevron U.S.A. Inc.,Active,1,2020-01-31,2020-01-31,1,1.0,127.0,20.19,0,,True,,False,,,,
Kern River,040304385100,Unspecified,33-858H,Chevron U.S.A. Inc.,Active,0,2019-04-30,2019-04-30,1,1.0,127.0,20.19,0,153.0,False,,False,,,,
Kern River,040304385100,Unspecified,33-858H,Chevron U.S.A. Inc.,Active,1,2019-09-30,2019-09-30,1,1.0,118.0,18.76,0,61.0,False,,False,,,,
Kern River,040304385100,Unspecified,33-858H,Chevron U.S.A. Inc.,Active,2,2019-11-30,2019-11-30,1,2.0,114.0,18.13,0,62.0,False,,False,,,,
Kern River,040304385100,Unspecified,33-858H,Chevron U.S.A. Inc.,Active,3,2020-01-31,2020-01-31,1,1.0,127.0,20.19,0,335.0,False,,False,,,,
Kern River,040304385100,Unspecified,33-858H,Chevron U.S.A. Inc.,Active,4,2020-12-31,2020-12-31,1,2.0,1068.0,169.81,0,,True,,False,,,,
Kern River,040304385200,Del Rey Fee,60H,Chevron U.S.A. Inc.,Active,0,2019-08-31,2019-08-31,1,1.0,179.0,28.46,0,61.0,False,,False,,,,
Kern River,040304385200,Del Rey Fee,60H,Chevron U.S.A. Inc.,Active,1,2019-10-31,2019-11-30,2,3.0,329.0,52.31,0,62.0,False,,False,,,,
Kern River,040304385200,Del Rey Fee,60H,Chevron U.S.A. Inc.,Active,2,2020-01-31,2020-01-31,1,2.0,181.0,28.78,0,,True,,False,,,,
Kern River,040304385300,San Joaquin,963H,Chevron U.S.A. Inc.,Active,0,2019-03-31,2019-03-31,1,1.0,141.0,22.42,0,641.0,False,,False,,,,
Kern River,040304385300,San Joaquin,963H,Chevron U.S.A. Inc.,Active,1,2020-12-31,2020-12-31,1,2.0,1289.0,204.95,0,,True,,False,,,,
Kern River,040304392000,San Joaquin,955,Chevron U.S.A. Inc.,Active,0,2018-01-31,2018-01-31,1,1.0,209.0,33.23,0,,True,,False,,,,
Kern River,040304392100,San Joaquin,956,Chevron U.S.A. Inc.,Active,0,2019-01-31,2020-11-30,23,692.0,461713.0,73412.37,0,,True,,False,,,,
Kern River,040304392200,San Joaquin,957,Chevron U.S.A. Inc.,Active,0,2018-01-31,2018-01-31,1,1.0,486.0,77.27,0,,True,,False,,,,
Kern River,040304393000,U.S.A.,13,Chevron U.S.A. Inc.,Active,0,2019-03-31,2019-03-31,1,1.0,149.0,23.69,0,,True,,False,,,,
Kern River,040304393100,U.S.A.,14,Chevron U.S.A. Inc.,Active,0,2019-03-31,2019-03-31,1,1.0,149.0,23.69,0,,True,,False,,,,
Kern River,040304393201,U.S.A.,15,Chevron U.S.A. Inc.,Active,0,2019-03-31,2019-03-31,1,1.0,167.0,26.55,0,,True,,False,,,,
Kern River,040304393300,U.S.A.,16,Chevron U.S.A. Inc.,Idle,0,2018-02-28,2018-02-28,1,2.0,199.0,31.64,0,,True,,False,,,,
Kern River,040304393400,U.S.A.,17,Chevron U.S.A. Inc.,Active,0,2019-03-31,2019-03-31,1,1.0,153.0,24.33,0,,True,,False,,,,
Kern River,040304393500,U.S.A.,18,Chevron U.S.A. Inc.,Active,0,2019-03-31,2019-03-31,1,1.0,157.0,24.96,0,,True,,False,,,,
Kern River,040304410000,Cauley,74H,Chevron U.S.A. Inc.,Active,0,2018-02-28,2018-02-28,1,2.0,648.0,103.03,0,702.0,False,,False,,,,
Kern River,040304410000,Cauley,74H,Chevron U.S.A. Inc.,Active,1,2020-01-31,2020-02-29,2,4.0,287.0,45.63,0,153.0,False,,False,,,,
Kern River,040304410000,Cauley,74H,Chevron U.S.A. Inc.,Active,2,2020-07-31,2020-07-31,1,2.0,737.0,117.18,0,,True,,False,,,,
Kern River,040304410100,Cauley,75H,Chevron U.S.A. Inc.,Active,0,2020-01-31,2020-02-29,2,2.0,273.0,43.41,0,153.0,False,,False,,,,
Kern River,040304410100,Cauley,75H,Chevron U.S.A. Inc.,Active,1,2020-07-31,2020-07-31,1,2.0,737.0,117.18,0,61.0,False,,False,,,,
Kern River,040304410100,Cauley,75H,Chevron U.S.A. Inc.,Active,2,2020-09-30,2020-09-30,1,2.0,1102.0,175.22,0,,True,,False,,,,
Kern River,040304410200,Tejon,155H,Chevron U.S.A. Inc.,Active,0,2018-01-31,2018-01-31,1,2.0,1018.0,161.86,0,,True,,False,,,,
Kern River,040304410400,Green & Whittier,316H,Chevron U.S.A. Inc.,Active,0,2018-02-28,2018-02-28,1,1.0,920.0,146.28,0,396.0,False,,False,,,,
Kern River,040304410400,Green & Whittier,316H,Chevron U.S.A. Inc.,Active,1,2019-03-31,2019-03-31,1,2.0,68.0,10.81,0,335.0,False,,False,,,,
Kern River,040304410400,Green & Whittier,316H,Chevron U.S.A. Inc.,Active,2,2020-02-29,2020-02-29,1,2.0,113.0,17.97,0,306.0,False,,False,,,,
Kern River,040304410400,Green & Whittier,316H,Chevron U.S.A. Inc.,Active,3,2020-12-31,2020-12-31,1,2.0,1231.0,195.73,0,,True,,False,,,,
Kern River,040304410600,Sovereign,43,Chevron U.S.A. Inc.,Active,0,2018-01-31,2018-01-31,1,1.0,217.0,34.5,0,,True,,False,,,,
Kern River,040304410700,Unspecified,33-859H,Chevron U.S.A. Inc.,Active,0,2019-03-31,2019-03-31,1,1.0,144.0,22.9,0,214.0,False,,False,,,,
Kern River,040304410700,Unspecified,33-859H,Chevron U.S.A. Inc.,Active,1,2019-10-31,2019-11-30,2,3.0,223.0,35.46,0,91.0,False,,False,,,,
Kern River,040304410700,Unspecified,33-859H,Chevron U.S.A. Inc.,Active,2,2020-02-29,2020-02-29,1,1.0,122.0,19.4,0,,True,,False,,,,
Kern River,040304410800,Davis Fee,100H,Chevron U.S.A. Inc.,Active,0,2019-01-31,2019-03-31,3,3.0,128.0,20.35,0,214.0,False,,False,,,,
Kern River,040304410800,Davis Fee,100H,Chevron U.S.A. Inc.,Active,1,2019-10-31,2019-10-31,1,1.0,123.0,19.56,0,61.0,False,,False,,,,
Kern River,040304410800,Davis Fee,100H,Chevron U.S.A. Inc.,Active,2,2019-12-31,2020-01-31,2,3.0,257.0,40.86,0,335.0,False,,False,,,,
Kern River,040304410800,Davis Fee,100H,Chevron U.S.A. Inc.,Active,3,2020-12-31,2020-12-31,1,2.0,1531.0,243.43,0,,True,,False,,,,
Kern River,040304411100,San Joaquin,966,Chevron U.S.A. Inc.,Active,0,2018-01-31,2018-01-31,1,1.0,348.0,55.33,0,,True,,False,,,,
Kern River,040304411300,Monte Cristo No. 1,356,Chevron U.S.A. Inc.,Active,0,2018-02-28,2019-02-28,3,5.0,526.0,83.63,0,214.0,False,,False,,,,
Kern River,040304411300,Monte Cristo No. 1,356,Chevron U.S.A. Inc.,Active,1,2019-09-30,2019-09-30,1,2.0,127.0,20.19,0,,True,,False,,,,
Kern River,040304411400,Monte Cristo No. 1,357,Chevron U.S.A. Inc.,Active,0,2018-02-28,2019-02-28,3,5.0,490.0,77.91,0,61.0,False,,False,,,,
Kern River,040304411400,Monte Cristo No. 1,357,Chevron U.S.A. Inc.,Active,1,2019-04-30,2019-04-30,1,1.0,490.0,77.91,0,,True,,False,,,,
Kern River,040304411500,Monte Cristo No. 1,358,Chevron U.S.A. Inc.,Active,0,2018-02-28,2018-02-28,1,2.0,161.0,25.6,0,,True,,False,,,,
Kern River,040304411600,Monte Cristo No. 1,359,Chevron U.S.A. Inc.,Active,0,2018-01-31,2018-02-28,2,4.0,552.0,87.77,0,457.0,False,,False,,,,
Kern River,040304411600,Monte Cristo No. 1,359,Chevron U.S.A. Inc.,Active,1,2019-05-31,2019-05-31,1,1.0,446.0,70.91,0,122.0,False,,False,,,,
Kern River,040304411600,Monte Cristo No. 1,359,Chevron U.S.A. Inc.,Active,2,2019-09-30,2019-09-30,1,3.0,1417.0,225.3,0,336.0,False,,False,,,,
Kern River,040304411600,Monte Cristo No. 1,359,Chevron U.S.A. Inc.,Active,3,2020-08-31,2020-08-31,1,1.0,167.0,26.55,0,,True,,False,,,,
Kern River,040304412000,Monte Cristo No. 1,363,Chevron U.S.A. Inc.,Active,0,2018-02-28,2018-02-28,1,2.0,225.0,35.77,0,61.0,False,,False,,,,
Kern River,040304412000,Monte Cristo No. 1,363,Chevron U.S.A. Inc.,Active,1,2018-04-30,2018-05-31,2,2.0,794.0,126.25,0,610.0,False,,False,,,,
Kern River,040304412000,Monte Cristo No. 1,363,Chevron U.S.A. Inc.,Active,2,2020-01-31,2020-01-31,1,2.0,745.0,118.45,0,,True,,False,,,,
Kern River,040304412100,Monte Cristo No. 1,364,Chevron U.S.A. Inc.,Active,0,2018-01-31,2018-02-28,2,2.0,490.0,77.91,0,549.0,False,,False,,,,
Kern River,040304412100,Monte Cristo No. 1,364,Chevron U.S.A. Inc.,Active,1,2019-08-31,2019-08-31,1,1.0,117.0,18.6,0,,True,,False,,,,
Kern River,040304412200,Monte Cristo No. 1,365,Chevron U.S.A. Inc.,Active,0,2018-02-28,2018-02-28,1,1.0,186.0,29.57,0,549.0,False,,False,,,,
Kern River,040304412200,Monte Cristo No. 1,365,Chevron U.S.A. Inc.,Active,1,2019-08-31,2019-08-31,1,1.0,152.0,24.17,0,,True,,False,,,,
Kern River,040304412300,Monte Cristo No. 1,366,Chevron U.S.A. Inc.,Active,0,2019-05-31,2019-05-31,1,1.0,428.0,68.05,0,,True,,False,,,,
Kern River,040304412400,Monte Cristo No. 1,367,Chevron U.S.A. Inc.,Active,0,2019-09-30,2019-09-30,1,1.0,103.0,16.38,0,,True,,False,,,,
Kern River,040304412600,Monte Cristo No. 1,369,Chevron U.S.A. Inc.,Active,0,2019-06-30,2019-06-30,1,2.0,1086.0,172.67,0,92.0,False,,False,,,,
Kern River,040304412600,Monte Cristo No. 1,369,Chevron U.S.A. Inc.,Active,1,2019-09-30,2019-09-30,1,4.0,2617.0,416.1,0,,True,,False,,,,
Kern River,040304412700,Monte Cristo No. 1,370,Chevron U.S.A. Inc.,Active,0,2019-01-31,2019-02-28,2,4.0,284.0,45.16,0,,True,,False,,,,
Kern River,040304412800,Monte Cristo No. 1,371,Chevron U.S.A. Inc.,Active,0,2018-02-28,2019-02-28,3,5.0,548.0,87.13,0,214.0,False,,False,,,,
Kern River,040304412800,Monte Cristo No. 1,371,Chevron U.S.A. Inc.,Active,1,2019-09-30,2019-09-30,1,1.0,125.0,19.88,0,,True,,False,,,,
Kern River,040304428400,Kern,451,Chevron U.S.A. Inc.,Active,0,2018-01-31,2018-01-31,1,1.0,363.0,57.72,0,,True,,False,,,,
Kern River,040304428401,Kern,451,Chevron U.S.A. Inc.,Active,0,2019-03-31,2019-03-31,1,1.0,61.0,9.7,0,,True,,False,,,,
Kern River,040304428600,Kern,453,Chevron U.S.A. Inc.,Active,0,2019-04-30,2019-04-30,1,1.0,137.0,21.78,0,276.0,False,,False,,,,
Kern River,040304428600,Kern,453,Chevron U.S.A. Inc.,Active,1,2020-01-31,2020-01-31,1,2.0,836.0,132.92,0,,True,,False,,,,
Kern River,040304428900,Kern,456,Chevron U.S.A. Inc.,Active,0,2018-02-28,2018-02-28,1,1.0,256.0,40.7,0,,True,,False,,,,
Kern River,040304429700,San Joaquin,960,Chevron U.S.A. Inc.,Active,0,2018-02-28,2018-02-28,1,1.0,320.0,50.88,0,549.0,False,,False,,,,
Kern River,040304429700,San Joaquin,960,Chevron U.S.A. Inc.,Active,1,2019-08-31,2019-08-31,1,1.0,137.0,21.78,0,,True,,False,,,,
Kern River,040304429800,San Joaquin,961,Chevron U.S.A. Inc.,Active,0,2018-01-31,2018-01-31,1,1.0,316.0,50.24,0,,True,,False,,,,
Kern River,040304429900,San Joaquin,962,Chevron U.S.A. Inc.,Active,0,2019-01-31,2019-02-28,2,2.0,266.0,42.29,0,,True,,False,,,,
Kern River,040304430000,Sterling,232H,Chevron U.S.A. Inc.,Active,0,2018-02-28,2019-02-28,3,7.0,3168.0,503.71,0,214.0,False,,False,,,,
Kern River,040304430000,Sterling,232H,Chevron U.S.A. Inc.,Active,1,2019-09-30,2019-09-30,1,1.0,116.0,18.44,0,123.0,False,,False,,,,
Kern River,040304430000,Sterling,232H,Chevron U.S.A. Inc.,Active,2,2020-01-31,2020-01-31,1,1.0,111.0,17.65,0,335.0,False,,False,,,,
Kern River,040304430000,Sterling,232H,Chevron U.S.A. Inc.,Active,3,2020-12-31,2020-12-31,1,2.0,1099.0,174.74,0,,True,,False,,,,
Kern River,040304452900,Nukern,503,"Kern River Holdings II, LLC",Active,0,2018-02-28,2018-02-28,1,5.0,4924.0,782.92,0,184.0,False,,False,,,,
Kern River,040304452900,Nukern,503,"Kern River Holdings II, LLC",Active,1,2018-08-31,2018-08-31,1,7.0,7859.0,1249.58,0,181.0,False,,False,,,,
Kern River,040304452900,Nukern,503,"Kern River Holdings II, LLC",Active,2,2019-02-28,2019-03-31,2,6.0,5237.0,832.68,0,153.0,False,,False,,,,
Kern River,040304452900,Nukern,503,"Kern River Holdings II, LLC",Active,3,2019-08-31,2019-08-31,1,5.0,4574.0,727.27,0,182.0,False,,False,,,,
Kern River,040304452900,Nukern,503,"Kern River Holdings II, LLC",Active,4,2020-02-29,2020-02-29,1,3.0,962.0,152.96,0,214.0,False,,False,,,,
Kern River,040304452900,Nukern,503,"Kern River Holdings II, LLC",Active,5,2020-09-30,2020-09-30,1,2.0,1349.0,214.49,0,123.0,False,,False,,,,
Kern River,040304452900,Nukern,503,"Kern River Holdings II, LLC",Active,6,2021-01-31,2021-01-31,1,2.0,1051.0,167.11,0,,True,,False,,,,
Kern River,040304470100,American Naphtha,369,Chevron U.S.A. Inc.,Idle,0,2019-01-31,2019-02-28,2,2.0,96.0,15.26,0,,True,,False,,,,
Kern River,040304470200,American Naphtha,370,Chevron U.S.A. Inc.,Active,0,2019-11-30,2019-11-30,1,2.0,879.0,139.76,0,,True,,False,,,,
Kern River,040304470400,American Naphtha,373,Chevron U.S.A. Inc.,Active,0,2019-04-30,2019-04-30,1,1.0,165.0,26.23,0,,True,,False,,,,
Kern River,040304470701,American Naphtha,376,Chevron U.S.A. Inc.,Active,0,2019-04-30,2019-04-30,1,1.0,133.0,21.15,0,245.0,False,,False,,,,
Kern River,040304470701,American Naphtha,376,Chevron U.S.A. Inc.,Active,1,2019-12-31,2019-12-31,1,3.0,1624.0,258.22,0,,True,,False,,,,
Kern River,040304470900,American Naphtha,378,Chevron U.S.A. Inc.,Active,0,2019-01-31,2019-02-28,2,2.0,88.0,13.99,0,,True,,False,,,,
Kern River,040304493900,Nukern,602,"Kern River Holdings II, LLC",Active,0,2019-02-28,2019-02-28,1,5.0,5109.0,812.33,0,122.0,False,,False,,,,
Kern River,040304493900,Nukern,602,"Kern River Holdings II, LLC",Active,1,2019-06-30,2019-06-30,1,7.0,4957.0,788.16,0,458.0,False,,False,,,,
Kern River,040304493900,Nukern,602,"Kern River Holdings II, LLC",Active,2,2020-09-30,2020-09-30,1,2.0,2192.0,348.53,0,,True,,False,,,,
Kern River,040304494100,Nukern,704,"Kern River Holdings II, LLC",Plugged,0,2018-01-31,2018-01-31,1,9.0,7470.0,1187.73,0,,True,,False,,,,
Kern River,040304494200,Nukern,705,"Kern River Holdings II, LLC",Active,0,2021-01-31,2021-01-31,1,2.0,1076.0,171.08,0,59.0,False,,False,,,,
Kern River,040304494200,Nukern,705,"Kern River Holdings II, LLC",Active,1,2021-03-31,2021-03-31,1,2.0,2073.0,329.61,0,183.0,False,,False,,,,
Kern River,040304494200,Nukern,705,"Kern River Holdings II, LLC",Active,2,2021-09-30,2021-09-30,1,3.0,3017.0,479.7,0,,True,,False,,,,
Kern River,040304499600,Blinn,43H,Chevron U.S.A. Inc.,Active,0,2018-01-31,2019-02-28,3,6.0,982.0,156.14,0,184.0,False,,False,,,,
Kern River,040304499600,Blinn,43H,Chevron U.S.A. Inc.,Active,1,2019-08-31,2019-08-31,1,2.0,782.0,124.34,0,61.0,False,,False,,,,
Kern River,040304499600,Blinn,43H,Chevron U.S.A. Inc.,Active,2,2019-10-31,2019-11-30,2,4.0,369.0,58.67,0,,True,,False,,,,
Kern River,040304499700,Wilson,23H,Chevron U.S.A. Inc.,Active,0,2018-01-31,2018-01-31,1,2.0,225.0,35.77,0,607.0,False,,False,,,,
Kern River,040304499700,Wilson,23H,Chevron U.S.A. Inc.,Active,1,2019-09-30,2019-09-30,1,1.0,128.0,20.35,0,61.0,False,,False,,,,
Kern River,040304499700,Wilson,23H,Chevron U.S.A. Inc.,Active,2,2019-11-30,2019-12-31,2,4.0,287.0,45.63,0,60.0,False,,False,,,,
Kern River,040304499700,Wilson,23H,Chevron U.S.A. Inc.,Active,3,2020-02-29,2020-02-29,1,1.0,125.0,19.88,0,184.0,False,,False,,,,
Kern River,040304499700,Wilson,23H,Chevron U.S.A. Inc.,Active,4,2020-08-31,2020-08-31,1,3.0,1626.0,258.53,0,,True,,False,,,,
Kern River,040304499800,Oakland,94H,Chevron U.S.A. Inc.,Active,0,2019-01-31,2019-02-28,2,2.0,266.0,42.29,0,214.0,False,,False,,,,
Kern River,040304499800,Oakland,94H,Chevron U.S.A. Inc.,Active,1,2019-09-30,2019-09-30,1,2.0,111.0,17.65,0,61.0,False,,False,,,,
Kern River,040304499800,Oakland,94H,Chevron U.S.A. Inc.,Active,2,2019-11-30,2019-11-30,1,1.0,108.0,17.17,0,91.0,False,,False,,,,
Kern River,040304499800,Oakland,94H,Chevron U.S.A. Inc.,Active,3,2020-02-29,2020-02-29,1,2.0,140.0,22.26,0,,True,,False,,,,
Kern River,040304500000,Calex,32H,Chevron U.S.A. Inc.,Active,0,2019-10-31,2019-11-30,2,2.0,304.0,48.34,0,62.0,False,,False,,,,
Kern River,040304500000,Calex,32H,Chevron U.S.A. Inc.,Active,1,2020-01-31,2020-01-31,1,1.0,136.0,21.62,0,335.0,False,,False,,,,
Kern River,040304500000,Calex,32H,Chevron U.S.A. Inc.,Active,2,2020-12-31,2020-12-31,1,2.0,1068.0,169.81,0,,True,,False,,,,
Kern River,040304500100,Green & Whittier,321H,Chevron U.S.A. Inc.,Active,0,2019-01-31,2019-02-28,2,2.0,82.0,13.04,0,275.0,False,,False,,,,
Kern River,040304500100,Green & Whittier,321H,Chevron U.S.A. Inc.,Active,1,2019-11-30,2019-11-30,1,1.0,142.0,22.58,0,91.0,False,,False,,,,
Kern River,040304500100,Green & Whittier,321H,Chevron U.S.A. Inc.,Active,2,2020-02-29,2020-02-29,1,1.0,140.0,22.26,0,153.0,False,,False,,,,
Kern River,040304500100,Green & Whittier,321H,Chevron U.S.A. Inc.,Active,3,2020-07-31,2020-07-31,1,2.0,429.0,68.21,0,61.0,False,,False,,,,
Kern River,040304500100,Green & Whittier,321H,Chevron U.S.A. Inc.,Active,4,2020-09-30,2020-09-30,1,2.0,1120.0,178.08,0,,True,,False,,,,
Kern River,040304505900,Clampitt,89H,Chevron U.S.A. Inc.,Active,0,2019-10-31,2019-10-31,1,1.0,146.0,23.21,0,61.0,False,,False,,,,
Kern River,040304505900,Clampitt,89H,Chevron U.S.A. Inc.,Active,1,2019-12-31,2019-12-31,1,1.0,164.0,26.08,0,60.0,False,,False,,,,
Kern River,040304505900,Clampitt,89H,Chevron U.S.A. Inc.,Active,2,2020-02-29,2020-02-29,1,2.0,187.0,29.73,0,184.0,False,,False,,,,
Kern River,040304505900,Clampitt,89H,Chevron U.S.A. Inc.,Active,3,2020-08-31,2020-08-31,1,3.0,1535.0,244.06,0,,True,,False,,,,
Kern River,040304506100,San Joaquin,972H,Chevron U.S.A. Inc.,Active,0,2018-02-28,2018-02-28,1,1.0,633.0,100.65,0,426.0,False,,False,,,,
Kern River,040304506100,San Joaquin,972H,Chevron U.S.A. Inc.,Active,1,2019-04-30,2019-04-30,1,1.0,152.0,24.17,0,,True,,False,,,,
Kern River,040304507900,Nukern,305,"Kern River Holdings II, LLC",Active,0,2018-01-31,2018-01-31,1,7.0,7694.0,1223.35,0,,True,,False,,,,
Kern River,040304519700,San Joaquin,970H,Chevron U.S.A. Inc.,Active,0,2019-03-31,2019-03-31,1,2.0,160.0,25.44,0,,True,,False,,,,
Kern River,040304519800,San Joaquin,971H,Chevron U.S.A. Inc.,Active,0,2018-01-31,2018-01-31,1,1.0,766.0,121.79,0,,True,,False,,,,
Kern River,040304520200,Pierce,43H,Chevron U.S.A. Inc.,Active,0,2018-01-31,2018-01-31,1,2.0,645.0,102.56,0,668.0,False,,False,,,,
Kern River,040304520200,Pierce,43H,Chevron U.S.A. Inc.,Active,1,2019-11-30,2019-11-30,1,2.0,93.0,14.79,0,62.0,False,,False,,,,
Kern River,040304520200,Pierce,43H,Chevron U.S.A. Inc.,Active,2,2020-01-31,2020-02-29,2,3.0,222.0,35.3,0,,True,,False,,,,
Kern River,040304531400,Chanslor,526,Chevron U.S.A. Inc.,Active,0,2019-04-30,2019-04-30,1,1.0,47.0,7.47,0,276.0,False,,False,,,,
Kern River,040304531400,Chanslor,526,Chevron U.S.A. Inc.,Active,1,2020-01-31,2020-01-31,1,1.0,713.0,113.37,0,,True,,False,,,,
Kern River,040304532300,Green & Whittier,315,Chevron U.S.A. Inc.,Active,0,2019-08-31,2019-08-31,1,2.0,858.0,136.42,0,,True,,False,,,,
Kern River,040304533200,May,48H,Chevron U.S.A. Inc.,Active,0,2019-11-30,2019-11-30,1,2.0,98.0,15.58,0,91.0,False,,False,,,,
Kern River,040304533200,May,48H,Chevron U.S.A. Inc.,Active,1,2020-02-29,2020-02-29,1,1.0,100.0,15.9,0,,True,,False,,,,
Kern River,040304533300,May,49H,Chevron U.S.A. Inc.,Active,0,2019-03-31,2019-03-31,1,2.0,454.0,72.19,0,,True,,False,,,,
Kern River,040304533400,May,50H,Chevron U.S.A. Inc.,Active,0,2018-02-28,2018-02-28,1,1.0,597.0,94.92,0,,True,,False,,,,
Kern River,040304535000,Rasmussen,408H,Chevron U.S.A. Inc.,Active,0,2018-01-31,2019-02-28,3,3.0,794.0,126.25,0,214.0,False,,False,,,,
Kern River,040304535000,Rasmussen,408H,Chevron U.S.A. Inc.,Active,1,2019-09-30,2019-09-30,1,1.0,107.0,17.01,0,152.0,False,,False,,,,
Kern River,040304535000,Rasmussen,408H,Chevron U.S.A. Inc.,Active,2,2020-02-29,2020-03-31,2,2.0,682.0,108.44,0,153.0,False,,False,,,,
Kern River,040304535000,Rasmussen,408H,Chevron U.S.A. Inc.,Active,3,2020-08-31,2020-08-31,1,3.0,1804.0,286.84,0,,True,,False,,,,
Kern River,040304543300,Green & Whittier,322H,Chevron U.S.A. Inc.,Active,0,2019-03-31,2019-03-31,1,1.0,49.0,7.79,0,244.0,False,,False,,,,
Kern River,040304543300,Green & Whittier,322H,Chevron U.S.A. Inc.,Active,1,2019-11-30,2019-11-30,1,1.0,142.0,22.58,0,91.0,False,,False,,,,
Kern River,040304543300,Green & Whittier,322H,Chevron U.S.A. Inc.,Active,2,2020-02-29,2020-02-29,1,2.0,118.0,18.76,0,,True,,False,,,,
Kern River,040304550100,Pricewell,22H,Chevron U.S.A. Inc.,Active,0,2019-01-31,2019-02-28,2,2.0,292.0,46.43,0,61.0,False,,False,,,,
Kern River,040304550100,Pricewell,22H,Chevron U.S.A. Inc.,Active,1,2019-04-30,2019-04-30,1,1.0,132.0,20.99,0,184.0,False,,False,,,,
Kern River,040304550100,Pricewell,22H,Chevron U.S.A. Inc.,Active,2,2019-10-31,2019-11-30,2,3.0,200.0,31.8,0,62.0,False,,False,,,,
Kern River,040304550100,Pricewell,22H,Chevron U.S.A. Inc.,Active,3,2020-01-31,2020-02-29,2,3.0,332.0,52.79,0,,True,,False,,,,
Kern River,040304559100,Cauley,78H,Chevron U.S.A. Inc.,Active,0,2018-01-31,2018-01-31,1,2.0,635.0,100.97,0,,True,,False,,,,
Kern River,040304559300,Cauley,80H,Chevron U.S.A. Inc.,Active,0,2018-02-28,2018-02-28,1,1.0,604.0,96.04,0,61.0,False,,False,,,,
Kern River,040304559300,Cauley,80H,Chevron U.S.A. Inc.,Active,1,2018-04-30,2018-08-31,3,5.0,1582.0,251.54,0,518.0,False,,False,,,,
Kern River,040304559300,Cauley,80H,Chevron U.S.A. Inc.,Active,2,2020-01-31,2020-02-29,2,2.0,286.0,45.47,0,153.0,False,,False,,,,
Kern River,040304559300,Cauley,80H,Chevron U.S.A. Inc.,Active,3,2020-07-31,2020-07-31,1,2.0,415.0,65.98,0,,True,,False,,,,
Kern River,040304559400,Cauley,81H,Chevron U.S.A. Inc.,Active,0,2018-01-31,2018-01-31,1,1.0,655.0,104.14,0,730.0,False,,False,,,,
Kern River,040304559400,Cauley,81H,Chevron U.S.A. Inc.,Active,1,2020-01-31,2020-02-29,2,2.0,286.0,45.47,0,153.0,False,,False,,,,
Kern River,040304559400,Cauley,81H,Chevron U.S.A. Inc.,Active,2,2020-07-31,2020-07-31,1,2.0,415.0,65.98,0,61.0,False,,False,,,,
Kern River,040304559400,Cauley,81H,Chevron U.S.A. Inc.,Active,3,2020-09-30,2020-09-30,1,2.0,1102.0,175.22,0,61.0,False,,False,,,,
Kern River,040304559400,Cauley,81H,Chevron U.S.A. Inc.,Active,4,2020-11-30,2020-11-30,1,2.0,905.0,143.9,0,,True,,False,,,,
Kern River,040304559500,Unspecified,25-283H,Chevron U.S.A. Inc.,Active,0,2018-01-31,2018-01-31,1,2.0,220.0,34.98,0,,True,,False,,,,
Kern River,040304559600,San Joaquin,973H,Chevron U.S.A. Inc.,Active,0,2018-01-31,2019-02-28,3,6.0,972.0,154.55,0,214.0,False,,False,,,,
Kern River,040304559600,San Joaquin,973H,Chevron U.S.A. Inc.,Active,1,2019-09-30,2019-09-30,1,1.0,141.0,22.42,0,61.0,False,,False,,,,
Kern River,040304559600,San Joaquin,973H,Chevron U.S.A. Inc.,Active,2,2019-11-30,2019-11-30,1,1.0,108.0,17.17,0,91.0,False,,False,,,,
Kern River,040304559600,San Joaquin,973H,Chevron U.S.A. Inc.,Active,3,2020-02-29,2020-02-29,1,2.0,93.0,14.79,0,153.0,False,,False,,,,
Kern River,040304559600,San Joaquin,973H,Chevron U.S.A. Inc.,Active,4,2020-07-31,2020-07-31,1,3.0,1541.0,245.02,0,92.0,False,,False,,,,
Kern River,040304559600,San Joaquin,973H,Chevron U.S.A. Inc.,Active,5,2020-10-31,2020-10-31,1,4.0,2728.0,433.75,0,,True,,False,,,,
Kern River,040304559700,San Joaquin,974H,Chevron U.S.A. Inc.,Active,0,2019-03-31,2019-04-30,2,2.0,333.0,52.95,0,153.0,False,,False,,,,
Kern River,040304559700,San Joaquin,974H,Chevron U.S.A. Inc.,Active,1,2019-09-30,2019-10-31,2,2.0,255.0,40.55,0,61.0,False,,False,,,,
Kern River,040304559700,San Joaquin,974H,Chevron U.S.A. Inc.,Active,2,2019-12-31,2019-12-31,1,1.0,138.0,21.94,0,60.0,False,,False,,,,
Kern River,040304559700,San Joaquin,974H,Chevron U.S.A. Inc.,Active,3,2020-02-29,2020-02-29,1,2.0,92.0,14.63,0,153.0,False,,False,,,,
Kern River,040304559700,San Joaquin,974H,Chevron U.S.A. Inc.,Active,4,2020-07-31,2020-07-31,1,3.0,1542.0,245.18,0,184.0,False,,False,,,,
Kern River,040304559700,San Joaquin,974H,Chevron U.S.A. Inc.,Active,5,2021-01-31,2021-01-31,1,2.0,791.0,125.77,0,,True,,False,,,,
Kern River,040304559800,San Joaquin,975H,Chevron U.S.A. Inc.,Active,0,2018-02-28,2018-03-31,2,3.0,1377.0,218.94,0,61.0,False,,False,,,,
Kern River,040304559800,San Joaquin,975H,Chevron U.S.A. Inc.,Active,1,2018-05-31,2018-05-31,1,2.0,878.0,139.6,0,518.0,False,,False,,,,
Kern River,040304559800,San Joaquin,975H,Chevron U.S.A. Inc.,Active,2,2019-10-31,2019-10-31,1,2.0,165.0,26.23,0,61.0,False,,False,,,,
Kern River,040304559800,San Joaquin,975H,Chevron U.S.A. Inc.,Active,3,2019-12-31,2019-12-31,1,1.0,138.0,21.94,0,60.0,False,,False,,,,
Kern River,040304559800,San Joaquin,975H,Chevron U.S.A. Inc.,Active,4,2020-02-29,2020-02-29,1,2.0,113.0,17.97,0,214.0,False,,False,,,,
Kern River,040304559800,San Joaquin,975H,Chevron U.S.A. Inc.,Active,5,2020-09-30,2020-11-30,3,6.0,3062.0,486.86,0,,True,,False,,,,
Kern River,040304576800,Reardon,8R,Chevron U.S.A. Inc.,Active,0,2018-01-31,2018-01-31,1,1.0,178.0,28.3,0,1034.0,False,,False,,,,
Kern River,040304576800,Reardon,8R,Chevron U.S.A. Inc.,Active,1,2020-11-30,2020-11-30,1,2.0,798.0,126.88,0,,True,,False,,,,
Kern River,040304576900,Vanderlip,19R,Chevron U.S.A. Inc.,Active,0,2018-01-31,2018-01-31,1,1.0,187.0,29.73,0,,True,,False,,,,
Kern River,040304577100,Frank,17R,Chevron U.S.A. Inc.,Active,0,2019-08-31,2019-08-31,1,1.0,119.0,18.92,0,,True,,False,,,,
Kern River,040304577200,Junction,517R,Chevron U.S.A. Inc.,Active,0,2018-01-31,2018-01-31,1,1.0,627.0,99.69,0,577.0,False,,False,,,,
Kern River,040304577200,Junction,517R,Chevron U.S.A. Inc.,Active,1,2019-08-31,2019-09-30,2,2.0,122.0,19.4,0,,True,,False,,,,
Kern River,040304577400,Wilmar,167,Chevron U.S.A. Inc.,Active,0,2019-01-31,2019-02-28,2,2.0,278.0,44.2,0,,True,,False,,,,
Kern River,040304577500,Wilmar,168,Chevron U.S.A. Inc.,Active,0,2019-01-31,2019-02-28,2,2.0,278.0,44.2,0,61.0,False,,False,,,,
Kern River,040304577500,Wilmar,168,Chevron U.S.A. Inc.,Active,1,2019-04-30,2019-04-30,1,1.0,145.0,23.05,0,519.0,False,,False,,,,
Kern River,040304577500,Wilmar,168,Chevron U.S.A. Inc.,Active,2,2020-09-30,2020-09-30,1,2.0,722.0,114.8,0,,True,,False,,,,
Kern River,040304577600,Wilmar,169,Chevron U.S.A. Inc.,Active,0,2019-04-30,2019-04-30,1,1.0,146.0,23.21,0,,True,,False,,,,
Kern River,040304577700,Wilmar,170,Chevron U.S.A. Inc.,Active,0,2019-03-31,2019-03-31,1,1.0,142.0,22.58,0,,True,,False,,,,
Kern River,040304578000,Wilmar,173,Chevron U.S.A. Inc.,Active,0,2019-03-31,2019-03-31,1,1.0,144.0,22.9,0,,True,,False,,,,
Kern River,040304578200,Wilmar,175,Chevron U.S.A. Inc.,Active,0,2020-09-30,2020-09-30,1,2.0,721.0,114.64,0,,True,,False,,,,
Kern River,040304578400,Del Rey West Fee,22R,Chevron U.S.A. Inc.,Active,0,2018-02-28,2018-02-28,1,2.0,631.0,100.33,0,702.0,False,,False,,,,
Kern River,040304578400,Del Rey West Fee,22R,Chevron U.S.A. Inc.,Active,1,2020-01-31,2020-01-31,1,2.0,928.0,147.55,0,,True,,False,,,,
Kern River,040304578500,American Naphtha,3463R,Chevron U.S.A. Inc.,Active,0,2019-03-31,2019-03-31,1,1.0,59.0,9.38,0,,True,,False,,,,
Kern River,040304579000,Sycamore,114H,Chevron U.S.A. Inc.,Active,0,2020-01-31,2020-02-29,2,3.0,260.0,41.34,0,153.0,False,,False,,,,
Kern River,040304579000,Sycamore,114H,Chevron U.S.A. Inc.,Active,1,2020-07-31,2020-07-31,1,1.0,589.0,93.65,0,61.0,False,,False,,,,
Kern River,040304579000,Sycamore,114H,Chevron U.S.A. Inc.,Active,2,2020-09-30,2020-09-30,1,2.0,682.0,108.44,0,92.0,False,,False,,,,
Kern River,040304579000,Sycamore,114H,Chevron U.S.A. Inc.,Active,3,2020-12-31,2020-12-31,1,2.0,1066.0,169.49,0,,True,,False,,,,
Kern River,040304579100,Green & Whittier A,608H,Chevron U.S.A. Inc.,Active,0,2019-10-31,2019-11-30,2,3.0,308.0,48.97,0,62.0,False,,False,,,,
Kern River,040304579100,Green & Whittier A,608H,Chevron U.S.A. Inc.,Active,1,2020-01-31,2020-01-31,1,1.0,140.0,22.26,0,366.0,False,,False,,,,
Kern River,040304579100,Green & Whittier A,608H,Chevron U.S.A. Inc.,Active,2,2021-01-31,2021-01-31,1,2.0,770.0,122.43,0,,True,,False,,,,
Kern River,040304579200,Kern River Drillers,169H,Chevron U.S.A. Inc.,Active,0,2019-12-31,2020-01-31,2,3.0,277.0,44.04,0,60.0,False,,False,,,,
Kern River,040304579200,Kern River Drillers,169H,Chevron U.S.A. Inc.,Active,1,2020-03-31,2020-03-31,1,1.0,202.0,32.12,0,,True,,False,,,,
Kern River,040304579400,Kern River Drillers,171H,Chevron U.S.A. Inc.,Idle,0,2018-01-31,2018-01-31,1,2.0,643.0,102.24,0,,True,,False,,,,
Kern River,040304591900,Green & Whittier,323H,Chevron U.S.A. Inc.,Active,0,2018-01-31,2019-03-31,4,5.0,363.0,57.72,0,214.0,False,,False,,,,
Kern River,040304591900,Green & Whittier,323H,Chevron U.S.A. Inc.,Active,1,2019-10-31,2019-11-30,2,3.0,264.0,41.98,0,91.0,False,,False,,,,
Kern River,040304591900,Green & Whittier,323H,Chevron U.S.A. Inc.,Active,2,2020-02-29,2020-02-29,1,2.0,111.0,17.65,0,337.0,False,,False,,,,
Kern River,040304591900,Green & Whittier,323H,Chevron U.S.A. Inc.,Active,3,2021-01-31,2021-01-31,1,2.0,796.0,126.56,0,,True,,False,,,,
Kern River,040304592000,Green & Whittier,324H,Chevron U.S.A. Inc.,Active,0,2019-03-31,2019-03-31,1,2.0,81.0,12.88,0,366.0,False,,False,,,,
Kern River,040304592000,Green & Whittier,324H,Chevron U.S.A. Inc.,Active,1,2020-03-31,2020-03-31,1,8.0,4659.0,740.78,0,,True,,False,,,,
Kern River,040304592200,Kern,468,Chevron U.S.A. Inc.,Active,0,2018-01-31,2018-01-31,1,1.0,316.0,50.24,0,,True,,False,,,,
Kern River,040304608100,Orient,100H,Chevron U.S.A. Inc.,Active,0,2018-02-28,2018-03-31,2,4.0,1967.0,312.75,0,61.0,False,,False,,,,
Kern River,040304608100,Orient,100H,Chevron U.S.A. Inc.,Active,1,2018-05-31,2018-05-31,1,2.0,711.0,113.05,0,245.0,False,,False,,,,
Kern River,040304608100,Orient,100H,Chevron U.S.A. Inc.,Active,2,2019-01-31,2019-02-28,2,2.0,310.0,49.29,0,245.0,False,,False,,,,
Kern River,040304608100,Orient,100H,Chevron U.S.A. Inc.,Active,3,2019-10-31,2019-11-30,2,3.0,239.0,38.0,0,62.0,False,,False,,,,
Kern River,040304608100,Orient,100H,Chevron U.S.A. Inc.,Active,4,2020-01-31,2020-02-29,2,2.0,254.0,40.39,0,,True,,False,,,,
Kern River,040304608200,Chicago Crude,225H,Chevron U.S.A. Inc.,Idle,0,2018-01-31,2018-01-31,1,1.0,351.0,55.81,0,638.0,False,,False,,,,
Kern River,040304608200,Chicago Crude,225H,Chevron U.S.A. Inc.,Idle,1,2019-10-31,2019-11-30,2,3.0,250.0,39.75,0,,True,,False,,,,
Kern River,040304608301,Green & Whittier A,606H,Chevron U.S.A. Inc.,Active,0,2019-09-30,2019-09-30,1,1.0,166.0,26.39,0,,True,,False,,,,
Kern River,040304608500,Reed,220H,Chevron U.S.A. Inc.,Active,0,2019-05-31,2019-05-31,1,1.0,154.0,24.49,0,183.0,False,,False,,,,
Kern River,040304608500,Reed,220H,Chevron U.S.A. Inc.,Active,1,2019-11-30,2019-11-30,1,1.0,110.0,17.49,0,62.0,False,,False,,,,
Kern River,040304608500,Reed,220H,Chevron U.S.A. Inc.,Active,2,2020-01-31,2020-01-31,1,1.0,130.0,20.67,0,,True,,False,,,,
Kern River,040304608600,Reed,221H,Chevron U.S.A. Inc.,Active,0,2019-03-31,2019-03-31,1,1.0,168.0,26.71,0,214.0,False,,False,,,,
Kern River,040304608600,Reed,221H,Chevron U.S.A. Inc.,Active,1,2019-10-31,2019-11-30,2,2.0,230.0,36.57,0,62.0,False,,False,,,,
Kern River,040304608600,Reed,221H,Chevron U.S.A. Inc.,Active,2,2020-01-31,2020-01-31,1,1.0,130.0,20.67,0,335.0,False,,False,,,,
Kern River,040304608600,Reed,221H,Chevron U.S.A. Inc.,Active,3,2020-12-31,2020-12-31,1,2.0,1055.0,167.75,0,,True,,False,,,,
Kern River,040304608700,Reed,222H,Chevron U.S.A. Inc.,Active,0,2019-03-31,2019-03-31,1,1.0,161.0,25.6,0,214.0,False,,False,,,,
Kern River,040304608700,Reed,222H,Chevron U.S.A. Inc.,Active,1,2019-10-31,2020-01-31,4,5.0,1246.0,198.11,0,,True,,False,,,,
Kern River,040304608800,Reed,223H,Chevron U.S.A. Inc.,Active,0,2019-01-31,2019-02-28,2,4.0,1338.0,212.74,0,,True,,False,,,,
Kern River,040304609000,Reed,225H,Chevron U.S.A. Inc.,Active,0,2019-03-31,2019-03-31,1,1.0,161.0,25.6,0,214.0,False,,False,,,,
Kern River,040304609000,Reed,225H,Chevron U.S.A. Inc.,Active,1,2019-10-31,2019-11-30,2,2.0,208.0,33.07,0,62.0,False,,False,,,,
Kern River,040304609000,Reed,225H,Chevron U.S.A. Inc.,Active,2,2020-01-31,2020-01-31,1,1.0,137.0,21.78,0,60.0,False,,False,,,,
Kern River,040304609000,Reed,225H,Chevron U.S.A. Inc.,Active,3,2020-03-31,2020-03-31,1,1.0,104.0,16.54,0,,True,,False,,,,
Kern River,040304609100,Reed,226H,Chevron U.S.A. Inc.,Active,0,2019-04-30,2019-04-30,1,1.0,147.0,23.37,0,184.0,False,,False,,,,
Kern River,040304609100,Reed,226H,Chevron U.S.A. Inc.,Active,1,2019-10-31,2020-01-31,4,5.0,468.0,74.41,0,60.0,False,,False,,,,
Kern River,040304609100,Reed,226H,Chevron U.S.A. Inc.,Active,2,2020-03-31,2020-03-31,1,1.0,104.0,16.54,0,,True,,False,,,,
Kern River,040304625600,Unspecified,19-290H,Chevron U.S.A. Inc.,Active,0,2018-02-28,2019-02-28,3,4.0,825.0,131.18,0,61.0,False,,False,,,,
Kern River,040304625600,Unspecified,19-290H,Chevron U.S.A. Inc.,Active,1,2019-04-30,2019-04-30,1,1.0,156.0,24.8,0,123.0,False,,False,,,,
Kern River,040304625600,Unspecified,19-290H,Chevron U.S.A. Inc.,Active,2,2019-08-31,2019-10-31,3,3.0,227.0,36.09,0,61.0,False,,False,,,,
Kern River,040304625600,Unspecified,19-290H,Chevron U.S.A. Inc.,Active,3,2019-12-31,2020-01-31,2,4.0,966.0,153.59,0,60.0,False,,False,,,,
Kern River,040304625600,Unspecified,19-290H,Chevron U.S.A. Inc.,Active,4,2020-03-31,2020-03-31,1,2.0,136.0,21.62,0,,True,,False,,,,
Kern River,040304626100,Mecca,105H,Chevron U.S.A. Inc.,Active,0,2019-03-31,2019-03-31,1,1.0,129.0,20.51,0,183.0,False,,False,,,,
Kern River,040304626100,Mecca,105H,Chevron U.S.A. Inc.,Active,1,2019-09-30,2019-09-30,1,1.0,125.0,19.88,0,61.0,False,,False,,,,
Kern River,040304626100,Mecca,105H,Chevron U.S.A. Inc.,Active,2,2019-11-30,2019-12-31,2,3.0,228.0,36.25,0,60.0,False,,False,,,,
Kern River,040304626100,Mecca,105H,Chevron U.S.A. Inc.,Active,3,2020-02-29,2020-02-29,1,1.0,113.0,17.97,0,,True,,False,,,,
Kern River,040304626200,Mecca,106H,Chevron U.S.A. Inc.,Active,0,2019-03-31,2019-03-31,1,1.0,130.0,20.67,0,275.0,False,,False,,,,
Kern River,040304626200,Mecca,106H,Chevron U.S.A. Inc.,Active,1,2019-12-31,2020-01-31,2,3.0,269.0,42.77,0,,True,,False,,,,
Kern River,040304626300,Chicago Crude,229H,Chevron U.S.A. Inc.,Active,0,2019-01-31,2019-02-28,2,2.0,94.0,14.95,0,245.0,False,,False,,,,
Kern River,040304626300,Chicago Crude,229H,Chevron U.S.A. Inc.,Active,1,2019-10-31,2019-11-30,2,4.0,564.0,89.68,0,91.0,False,,False,,,,
Kern River,040304626300,Chicago Crude,229H,Chevron U.S.A. Inc.,Active,2,2020-02-29,2020-02-29,1,1.0,132.0,20.99,0,,True,,False,,,,
Kern River,040304626400,Luck,225H,Chevron U.S.A. Inc.,Active,0,2019-12-31,2019-12-31,1,2.0,377.0,59.94,0,,True,,False,,,,
Kern River,040304650600,Unspecified,19-291H,Chevron U.S.A. Inc.,Active,0,2019-01-31,2019-02-28,2,2.0,270.0,42.93,0,61.0,False,,False,,,,
Kern River,040304650600,Unspecified,19-291H,Chevron U.S.A. Inc.,Active,1,2019-04-30,2019-04-30,1,1.0,156.0,24.8,0,184.0,False,,False,,,,
Kern River,040304650600,Unspecified,19-291H,Chevron U.S.A. Inc.,Active,2,2019-10-31,2019-11-30,2,3.0,209.0,33.23,0,62.0,False,,False,,,,
Kern River,040304650600,Unspecified,19-291H,Chevron U.S.A. Inc.,Active,3,2020-01-31,2020-01-31,1,2.0,119.0,18.92,0,60.0,False,,False,,,,
Kern River,040304650600,Unspecified,19-291H,Chevron U.S.A. Inc.,Active,4,2020-03-31,2020-03-31,1,2.0,136.0,21.62,0,,True,,False,,,,
Kern River,040304650700,Unspecified,19-292H,Chevron U.S.A. Inc.,Active,0,2018-02-28,2019-02-28,3,3.0,861.0,136.9,0,214.0,False,,False,,,,
Kern River,040304650700,Unspecified,19-292H,Chevron U.S.A. Inc.,Active,1,2019-09-30,2019-10-31,2,2.0,282.0,44.84,0,61.0,False,,False,,,,
Kern River,040304650700,Unspecified,19-292H,Chevron U.S.A. Inc.,Active,2,2019-12-31,2019-12-31,1,1.0,120.0,19.08,0,,True,,False,,,,
Kern River,040304655300,Green & Whittier,320H,Chevron U.S.A. Inc.,Active,0,2018-02-28,2018-03-31,2,3.0,1640.0,260.76,0,61.0,False,,False,,,,
Kern River,040304655300,Green & Whittier,320H,Chevron U.S.A. Inc.,Active,1,2018-05-31,2018-08-31,2,3.0,891.0,141.67,0,426.0,False,,False,,,,
Kern River,040304655300,Green & Whittier,320H,Chevron U.S.A. Inc.,Active,2,2019-10-31,2019-10-31,1,1.0,142.0,22.58,0,61.0,False,,False,,,,
Kern River,040304655300,Green & Whittier,320H,Chevron U.S.A. Inc.,Active,3,2019-12-31,2019-12-31,1,1.0,136.0,21.62,0,60.0,False,,False,,,,
Kern River,040304655300,Green & Whittier,320H,Chevron U.S.A. Inc.,Active,4,2020-02-29,2020-02-29,1,1.0,140.0,22.26,0,153.0,False,,False,,,,
Kern River,040304655300,Green & Whittier,320H,Chevron U.S.A. Inc.,Active,5,2020-07-31,2020-07-31,1,2.0,429.0,68.21,0,61.0,False,,False,,,,
Kern River,040304655300,Green & Whittier,320H,Chevron U.S.A. Inc.,Active,6,2020-09-30,2020-09-30,1,2.0,1120.0,178.08,0,,True,,False,,,,
Kern River,040304665500,Unspecified,19-286H,Chevron U.S.A. Inc.,Active,0,2019-05-31,2019-05-31,1,1.0,174.0,27.67,0,92.0,False,,False,,,,
Kern River,040304665500,Unspecified,19-286H,Chevron U.S.A. Inc.,Active,1,2019-08-31,2019-09-30,2,2.0,101.0,16.06,0,,True,,False,,,,
Kern River,040304665800,Unspecified,19-289H,Chevron U.S.A. Inc.,Active,0,2019-01-31,2019-02-28,2,2.0,300.0,47.7,0,245.0,False,,False,,,,
Kern River,040304665800,Unspecified,19-289H,Chevron U.S.A. Inc.,Active,1,2019-10-31,2019-10-31,1,1.0,130.0,20.67,0,61.0,False,,False,,,,
Kern River,040304665800,Unspecified,19-289H,Chevron U.S.A. Inc.,Active,2,2019-12-31,2019-12-31,1,1.0,138.0,21.94,0,,True,,False,,,,
Kern River,040304671500,San Joaquin,981,Chevron U.S.A. Inc.,Active,0,2019-01-31,2019-02-28,2,2.0,306.0,48.65,0,,True,,False,,,,
Kern River,040304671600,San Joaquin,982,Chevron U.S.A. Inc.,Active,0,2018-01-31,2018-01-31,1,1.0,274.0,43.57,0,454.0,False,,False,,,,
Kern River,040304671600,San Joaquin,982,Chevron U.S.A. Inc.,Active,1,2019-04-30,2019-04-30,1,1.0,147.0,23.37,0,92.0,False,,False,,,,
Kern River,040304671600,San Joaquin,982,Chevron U.S.A. Inc.,Active,2,2019-07-31,2019-07-31,1,4.0,2185.0,347.42,0,,True,,False,,,,
Kern River,040304687800,Unspecified,2213H,Chevron U.S.A. Inc.,Active,0,2019-09-30,2019-09-30,1,1.0,85.0,13.52,0,61.0,False,,False,,,,
Kern River,040304687800,Unspecified,2213H,Chevron U.S.A. Inc.,Active,1,2019-11-30,2019-11-30,1,2.0,142.0,22.58,0,91.0,False,,False,,,,
Kern River,040304687800,Unspecified,2213H,Chevron U.S.A. Inc.,Active,2,2020-02-29,2020-02-29,1,2.0,92.0,14.63,0,184.0,False,,False,,,,
Kern River,040304687800,Unspecified,2213H,Chevron U.S.A. Inc.,Active,3,2020-08-31,2020-08-31,1,4.0,2628.0,417.85,0,,True,,False,,,,
Kern River,040304687900,Rasmussen,409H,Chevron U.S.A. Inc.,Active,0,2018-01-31,2018-01-31,1,1.0,423.0,67.26,0,,True,,False,,,,
Kern River,040304693100,Mecca,104H,Chevron U.S.A. Inc.,Active,0,2020-01-31,2020-01-31,1,1.0,147.0,23.37,0,,True,,False,,,,
Kern River,040304705601,Revenue,141R,Chevron U.S.A. Inc.,Active,0,2019-01-31,2019-02-28,2,2.0,248.0,39.43,0,,True,,False,,,,
Kern River,040304707500,San Joaquin,986H,Chevron U.S.A. Inc.,Active,0,2018-02-28,2018-02-28,1,2.0,248.0,39.43,0,549.0,False,,False,,,,
Kern River,040304707500,San Joaquin,986H,Chevron U.S.A. Inc.,Active,1,2019-08-31,2019-08-31,1,1.0,159.0,25.28,0,91.0,False,,False,,,,
Kern River,040304707500,San Joaquin,986H,Chevron U.S.A. Inc.,Active,2,2019-11-30,2019-12-31,2,3.0,261.0,41.5,0,60.0,False,,False,,,,
Kern River,040304707500,San Joaquin,986H,Chevron U.S.A. Inc.,Active,3,2020-02-29,2020-02-29,1,1.0,97.0,15.42,0,306.0,False,,False,,,,
Kern River,040304707500,San Joaquin,986H,Chevron U.S.A. Inc.,Active,4,2020-12-31,2020-12-31,1,2.0,1095.0,174.1,0,,True,,False,,,,
Kern River,040304707700,San Joaquin,978H,Chevron U.S.A. Inc.,Active,0,2018-01-31,2019-02-28,3,3.0,657.0,104.46,0,275.0,False,,False,,,,
Kern River,040304707700,San Joaquin,978H,Chevron U.S.A. Inc.,Active,1,2019-11-30,2019-11-30,1,1.0,108.0,17.17,0,62.0,False,,False,,,,
Kern River,040304707700,San Joaquin,978H,Chevron U.S.A. Inc.,Active,2,2020-01-31,2020-01-31,1,1.0,162.0,25.76,0,60.0,False,,False,,,,
Kern River,040304707700,San Joaquin,978H,Chevron U.S.A. Inc.,Active,3,2020-03-31,2020-03-31,1,1.0,102.0,16.22,0,,True,,False,,,,
Kern River,040304707800,San Joaquin,976H,Chevron U.S.A. Inc.,Active,0,2019-01-31,2019-03-31,3,5.0,660.0,104.94,0,214.0,False,,False,,,,
Kern River,040304707800,San Joaquin,976H,Chevron U.S.A. Inc.,Active,1,2019-10-31,2019-10-31,1,1.0,131.0,20.83,0,61.0,False,,False,,,,
Kern River,040304707800,San Joaquin,976H,Chevron U.S.A. Inc.,Active,2,2019-12-31,2020-01-31,2,2.0,301.0,47.86,0,,True,,False,,,,
Kern River,040304708000,San Joaquin,980H,Chevron U.S.A. Inc.,Active,0,2018-01-31,2018-01-31,1,1.0,302.0,48.02,0,485.0,False,,False,,,,
Kern River,040304708000,San Joaquin,980H,Chevron U.S.A. Inc.,Active,1,2019-05-31,2019-05-31,1,1.0,154.0,24.49,0,153.0,False,,False,,,,
Kern River,040304708000,San Joaquin,980H,Chevron U.S.A. Inc.,Active,2,2019-10-31,2019-11-30,2,2.0,235.0,37.37,0,91.0,False,,False,,,,
Kern River,040304708000,San Joaquin,980H,Chevron U.S.A. Inc.,Active,3,2020-02-29,2020-02-29,1,2.0,122.0,19.4,0,,True,,False,,,,
Kern River,040304708100,Cortez,59H,Chevron U.S.A. Inc.,Active,0,2019-10-31,2019-11-30,2,2.0,353.0,56.13,0,62.0,False,,False,,,,
Kern River,040304708100,Cortez,59H,Chevron U.S.A. Inc.,Active,1,2020-01-31,2020-02-29,2,3.0,227.0,36.09,0,337.0,False,,False,,,,
Kern River,040304708100,Cortez,59H,Chevron U.S.A. Inc.,Active,2,2021-01-31,2021-01-31,1,2.0,782.0,124.34,0,,True,,False,,,,
Kern River,040304720800,San Joaquin,27R,Chevron U.S.A. Inc.,Active,0,2018-01-31,2018-01-31,1,2.0,545.0,86.66,0,,True,,False,,,,
Kern River,040304720900,Canfield,28R,Chevron U.S.A. Inc.,Active,0,2020-01-31,2020-01-31,1,2.0,842.0,133.88,0,,True,,False,,,,
Kern River,040304721500,Golden Rod,15,Chevron U.S.A. Inc.,Active,0,2018-01-31,2018-01-31,1,1.0,244.0,38.8,0,699.0,False,,False,,,,
Kern River,040304721500,Golden Rod,15,Chevron U.S.A. Inc.,Active,1,2019-12-31,2019-12-31,1,3.0,1647.0,261.87,0,,True,,False,,,,
Kern River,040304721800,Davis,25,Chevron U.S.A. Inc.,Active,0,2018-01-31,2018-01-31,1,1.0,167.0,26.55,0,,True,,False,,,,
Kern River,040304721801,Davis,25,Chevron U.S.A. Inc.,Active,0,2019-01-31,2019-03-31,3,3.0,66.0,10.49,0,,True,,False,,,,
Kern River,040304737900,San Joaquin,988,Chevron U.S.A. Inc.,Active,0,2018-01-31,2018-01-31,1,2.0,217.0,34.5,0,,True,,False,,,,
Kern River,040304738000,Monte Cristo No. 1,10-15B,Chevron U.S.A. Inc.,Active,0,2018-01-31,2018-01-31,1,1.0,267.0,42.45,0,,True,,False,,,,
Kern River,040304738100,Fee B,103,Chevron U.S.A. Inc.,Active,0,2018-01-31,2018-01-31,1,2.0,973.0,154.71,0,454.0,False,,False,,,,
Kern River,040304738100,Fee B,103,Chevron U.S.A. Inc.,Active,1,2019-04-30,2019-04-30,1,1.0,136.0,21.62,0,276.0,False,,False,,,,
Kern River,040304738100,Fee B,103,Chevron U.S.A. Inc.,Active,2,2020-01-31,2020-01-31,1,2.0,907.0,144.21,0,,True,,False,,,,
Kern River,040304738400,Unspecified,25-287H,Chevron U.S.A. Inc.,Active,0,2019-04-30,2019-04-30,1,1.0,147.0,23.37,0,184.0,False,,False,,,,
Kern River,040304738400,Unspecified,25-287H,Chevron U.S.A. Inc.,Active,1,2019-10-31,2019-11-30,2,2.0,223.0,35.46,0,91.0,False,,False,,,,
Kern River,040304738400,Unspecified,25-287H,Chevron U.S.A. Inc.,Active,2,2020-02-29,2020-02-29,1,1.0,116.0,18.44,0,153.0,False,,False,,,,
Kern River,040304738400,Unspecified,25-287H,Chevron U.S.A. Inc.,Active,3,2020-07-31,2020-07-31,1,2.0,386.0,61.37,0,61.0,False,,False,,,,
Kern River,040304738400,Unspecified,25-287H,Chevron U.S.A. Inc.,Active,4,2020-09-30,2020-09-30,1,2.0,719.0,114.32,0,61.0,False,,False,,,,
Kern River,040304738400,Unspecified,25-287H,Chevron U.S.A. Inc.,Active,5,2020-11-30,2020-11-30,1,2.0,818.0,130.06,0,,True,,False,,,,
Kern River,040304738800,Unspecified,25-284H,Chevron U.S.A. Inc.,Active,0,2019-01-31,2019-02-28,2,2.0,250.0,39.75,0,61.0,False,,False,,,,
Kern River,040304738800,Unspecified,25-284H,Chevron U.S.A. Inc.,Active,1,2019-04-30,2019-04-30,1,1.0,147.0,23.37,0,184.0,False,,False,,,,
Kern River,040304738800,Unspecified,25-284H,Chevron U.S.A. Inc.,Active,2,2019-10-31,2019-10-31,1,2.0,119.0,18.92,0,61.0,False,,False,,,,
Kern River,040304738800,Unspecified,25-284H,Chevron U.S.A. Inc.,Active,3,2019-12-31,2020-01-31,2,2.0,274.0,43.57,0,,True,,False,,,,
Kern River,040304757400,Green & Whittier A,400,Chevron U.S.A. Inc.,Active,0,2018-02-28,2018-02-28,1,1.0,397.0,63.12,0,426.0,False,,False,,,,
Kern River,040304757400,Green & Whittier A,400,Chevron U.S.A. Inc.,Active,1,2019-04-30,2019-04-30,1,1.0,7.0,1.11,0,,True,,False,,,,
Kern River,040304757600,Queen Esther,39,Chevron U.S.A. Inc.,Active,0,2018-01-31,2018-01-31,1,2.0,166.0,26.39,0,1034.0,False,,False,,,,
Kern River,040304757600,Queen Esther,39,Chevron U.S.A. Inc.,Active,1,2020-11-30,2020-11-30,1,2.0,968.0,153.91,0,,True,,False,,,,
Kern River,040304757700,Monte Cristo No. 1,3-14A,Chevron U.S.A. Inc.,Active,0,2019-03-31,2019-03-31,1,2.0,152.0,24.17,0,,True,,False,,,,
Kern River,040304758200,San Joaquin,987,Chevron U.S.A. Inc.,Active,0,2018-01-31,2018-01-31,1,1.0,222.0,35.3,0,,True,,False,,,,
Kern River,040304765700,American Crude A,102H,Chevron U.S.A. Inc.,Active,0,2018-02-28,2018-02-28,1,1.0,673.0,107.01,0,,True,,False,,,,
Kern River,040304765800,American Crude A,103H,Chevron U.S.A. Inc.,Active,0,2019-01-31,2019-02-28,2,2.0,94.0,14.95,0,,True,,False,,,,
Kern River,040304765900,American Crude A,104H,Chevron U.S.A. Inc.,Active,0,2019-03-31,2019-03-31,1,1.0,69.0,10.97,0,244.0,False,,False,,,,
Kern River,040304765900,American Crude A,104H,Chevron U.S.A. Inc.,Active,1,2019-11-30,2019-11-30,1,1.0,149.0,23.69,0,62.0,False,,False,,,,
Kern River,040304765900,American Crude A,104H,Chevron U.S.A. Inc.,Active,2,2020-01-31,2020-02-29,2,3.0,1685.0,267.92,0,,True,,False,,,,
Kern River,040304766000,American Crude A,105H,Chevron U.S.A. Inc.,Active,0,2019-05-31,2019-05-31,1,2.0,18.0,2.86,0,,True,,False,,,,
Kern River,040304766200,Unspecified,25-288H,Chevron U.S.A. Inc.,Active,0,2018-02-28,2019-02-28,3,3.0,817.0,129.9,0,245.0,False,,False,,,,
Kern River,040304766200,Unspecified,25-288H,Chevron U.S.A. Inc.,Active,1,2019-10-31,2019-11-30,2,2.0,205.0,32.59,0,62.0,False,,False,,,,
Kern River,040304766200,Unspecified,25-288H,Chevron U.S.A. Inc.,Active,2,2020-01-31,2020-01-31,1,1.0,119.0,18.92,0,,True,,False,,,,
Kern River,040304803700,20th Century,40H,Chevron U.S.A. Inc.,Active,0,2018-02-28,2018-03-31,2,2.0,808.0,128.47,0,61.0,False,,False,,,,
Kern River,040304803700,20th Century,40H,Chevron U.S.A. Inc.,Active,1,2018-05-31,2019-02-28,4,6.0,986.0,156.77,0,245.0,False,,False,,,,
Kern River,040304803700,20th Century,40H,Chevron U.S.A. Inc.,Active,2,2019-10-31,2019-12-31,3,3.0,367.0,58.35,0,60.0,False,,False,,,,
Kern River,040304803700,20th Century,40H,Chevron U.S.A. Inc.,Active,3,2020-02-29,2020-02-29,1,1.0,118.0,18.76,0,153.0,False,,False,,,,
Kern River,040304803700,20th Century,40H,Chevron U.S.A. Inc.,Active,4,2020-07-31,2020-07-31,1,3.0,1631.0,259.33,0,61.0,False,,False,,,,
Kern River,040304803700,20th Century,40H,Chevron U.S.A. Inc.,Active,5,2020-09-30,2020-09-30,1,1.0,603.0,95.88,0,,True,,False,,,,
Kern River,040304803800,Fee A,437H,Chevron U.S.A. Inc.,Idle,0,2018-01-31,2018-01-31,1,1.0,657.0,104.46,0,,True,,False,,,,
Kern River,040304818500,Marco Fee,136H,Chevron U.S.A. Inc.,Active,0,2019-05-31,2019-05-31,1,1.0,437.0,69.48,0,92.0,False,,False,,,,
Kern River,040304818500,Marco Fee,136H,Chevron U.S.A. Inc.,Active,1,2019-08-31,2019-08-31,1,1.0,148.0,23.53,0,61.0,False,,False,,,,
Kern River,040304818500,Marco Fee,136H,Chevron U.S.A. Inc.,Active,2,2019-10-31,2020-01-31,4,5.0,1129.0,179.51,0,60.0,False,,False,,,,
Kern River,040304818500,Marco Fee,136H,Chevron U.S.A. Inc.,Active,3,2020-03-31,2020-03-31,1,1.0,116.0,18.44,0,122.0,False,,False,,,,
Kern River,040304818500,Marco Fee,136H,Chevron U.S.A. Inc.,Active,4,2020-07-31,2020-07-31,1,2.0,770.0,122.43,0,,True,,False,,,,
Kern River,040304825100,20th Century,41H,Chevron U.S.A. Inc.,Active,0,2018-02-28,2019-03-31,4,5.0,547.0,86.97,0,153.0,False,,False,,,,
Kern River,040304825100,20th Century,41H,Chevron U.S.A. Inc.,Active,1,2019-08-31,2019-08-31,1,1.0,134.0,21.31,0,61.0,False,,False,,,,
Kern River,040304825100,20th Century,41H,Chevron U.S.A. Inc.,Active,2,2019-10-31,2020-01-31,4,4.0,513.0,81.57,0,60.0,False,,False,,,,
Kern River,040304825100,20th Century,41H,Chevron U.S.A. Inc.,Active,3,2020-03-31,2020-03-31,1,2.0,111.0,17.65,0,122.0,False,,False,,,,
Kern River,040304825100,20th Century,41H,Chevron U.S.A. Inc.,Active,4,2020-07-31,2020-07-31,1,1.0,420.0,66.78,0,61.0,False,,False,,,,
Kern River,040304825100,20th Century,41H,Chevron U.S.A. Inc.,Active,5,2020-09-30,2020-09-30,1,2.0,1096.0,174.26,0,92.0,False,,False,,,,
Kern River,040304825100,20th Century,41H,Chevron U.S.A. Inc.,Active,6,2020-12-31,2020-12-31,1,2.0,1069.0,169.97,0,,True,,False,,,,
Kern River,040304829000,Fee B,104,Chevron U.S.A. Inc.,Active,0,2018-01-31,2018-01-31,1,1.0,127.0,20.19,0,,True,,False,,,,
Kern River,040304829200,Monte Cristo No. 1,3084,Chevron U.S.A. Inc.,Active,0,2020-02-29,2020-02-29,1,2.0,401.0,63.76,0,,True,,False,,,,
Kern River,040304837700,Nukern,107,"Kern River Holdings II, LLC",Active,0,2018-02-28,2018-02-28,1,13.0,15192.0,2415.53,0,1096.0,False,,False,,,,
Kern River,040304837700,Nukern,107,"Kern River Holdings II, LLC",Active,1,2021-02-28,2021-02-28,1,2.0,2045.0,325.16,0,,True,,False,,,,
Kern River,040304837800,Nukern,209,"Kern River Holdings II, LLC",Active,0,2018-02-28,2018-02-28,1,8.0,7180.0,1141.62,0,,True,,False,,,,
Kern River,040304838100,Nukern,708,"Kern River Holdings II, LLC",Active,0,2021-04-30,2021-04-30,1,2.0,1200.0,190.8,0,,True,,False,,,,
Kern River,040304844900,Nukern,109,"Kern River Holdings II, LLC",Active,0,2021-01-31,2021-01-31,1,2.0,1032.0,164.09,0,212.0,False,,False,,,,
Kern River,040304844900,Nukern,109,"Kern River Holdings II, LLC",Active,1,2021-08-31,2021-08-31,1,1.0,1216.0,193.34,0,,True,,False,,,,
Kern River,040304845000,Nukern,110,"Kern River Holdings II, LLC",Active,0,2018-01-31,2018-01-31,1,8.0,6329.0,1006.31,0,1096.0,False,,False,,,,
Kern River,040304845000,Nukern,110,"Kern River Holdings II, LLC",Active,1,2021-01-31,2021-01-31,1,2.0,1218.0,193.66,0,212.0,False,,False,,,,
Kern River,040304845000,Nukern,110,"Kern River Holdings II, LLC",Active,2,2021-08-31,2021-08-31,1,1.0,1334.0,212.11,0,,True,,False,,,,
Kern River,040304845100,Nukern,608,"Kern River Holdings II, LLC",Active,0,2018-01-31,2020-12-31,2,11.0,8614.0,1369.63,0,212.0,False,,False,,,,
Kern River,040304845100,Nukern,608,"Kern River Holdings II, LLC",Active,1,2021-07-31,2021-07-31,1,2.0,998.0,158.68,0,,True,,False,,,,
Kern River,040304848200,Y.M.K.,67H,Chevron U.S.A. Inc.,Active,0,2019-03-31,2019-03-31,1,2.0,164.0,26.08,0,183.0,False,,False,,,,
Kern River,040304848200,Y.M.K.,67H,Chevron U.S.A. Inc.,Active,1,2019-09-30,2019-09-30,1,1.0,158.0,25.12,0,61.0,False,,False,,,,
Kern River,040304848200,Y.M.K.,67H,Chevron U.S.A. Inc.,Active,2,2019-11-30,2019-11-30,1,2.0,96.0,15.26,0,91.0,False,,False,,,,
Kern River,040304848200,Y.M.K.,67H,Chevron U.S.A. Inc.,Active,3,2020-02-29,2020-02-29,1,2.0,159.0,25.28,0,153.0,False,,False,,,,
Kern River,040304848200,Y.M.K.,67H,Chevron U.S.A. Inc.,Active,4,2020-07-31,2020-07-31,1,2.0,769.0,122.27,0,153.0,False,,False,,,,
Kern River,040304848200,Y.M.K.,67H,Chevron U.S.A. Inc.,Active,5,2020-12-31,2020-12-31,1,2.0,1078.0,171.4,0,,True,,False,,,,
Kern River,040304848300,East Puente B,37H,Chevron U.S.A. Inc.,Active,0,2019-01-31,2019-02-28,2,2.0,98.0,15.58,0,245.0,False,,False,,,,
Kern River,040304848300,East Puente B,37H,Chevron U.S.A. Inc.,Active,1,2019-10-31,2019-12-31,3,4.0,406.0,64.55,0,60.0,False,,False,,,,
Kern River,040304848300,East Puente B,37H,Chevron U.S.A. Inc.,Active,2,2020-02-29,2020-02-29,1,1.0,141.0,22.42,0,184.0,False,,False,,,,
Kern River,040304848300,East Puente B,37H,Chevron U.S.A. Inc.,Active,3,2020-08-31,2020-08-31,1,2.0,821.0,130.54,0,,True,,False,,,,
Kern River,040304848400,East Puente B,38H,Chevron U.S.A. Inc.,Active,0,2019-10-31,2019-10-31,1,2.0,138.0,21.94,0,61.0,False,,False,,,,
Kern River,040304848400,East Puente B,38H,Chevron U.S.A. Inc.,Active,1,2019-12-31,2019-12-31,1,1.0,136.0,21.62,0,60.0,False,,False,,,,
Kern River,040304848400,East Puente B,38H,Chevron U.S.A. Inc.,Active,2,2020-02-29,2020-02-29,1,1.0,146.0,23.21,0,,True,,False,,,,
Kern River,040304848700,Marco Fee,133H,Chevron U.S.A. Inc.,Active,0,2019-10-31,2020-01-31,4,4.0,484.0,76.96,0,60.0,False,,False,,,,
Kern River,040304848700,Marco Fee,133H,Chevron U.S.A. Inc.,Active,1,2020-03-31,2020-03-31,1,1.0,115.0,18.29,0,122.0,False,,False,,,,
Kern River,040304848700,Marco Fee,133H,Chevron U.S.A. Inc.,Active,2,2020-07-31,2020-07-31,1,2.0,769.0,122.27,0,,True,,False,,,,
Kern River,040304849000,Marco Fee,137H,Chevron U.S.A. Inc.,Active,0,2019-01-31,2019-02-28,2,2.0,308.0,48.97,0,245.0,False,,False,,,,
Kern River,040304849000,Marco Fee,137H,Chevron U.S.A. Inc.,Active,1,2019-10-31,2020-01-31,4,4.0,505.0,80.3,0,,True,,False,,,,
Kern River,040304849300,Cortez,62,Chevron U.S.A. Inc.,Active,0,2019-01-31,2019-02-28,2,4.0,142.0,22.58,0,397.0,False,,False,,,,
Kern River,040304849300,Cortez,62,Chevron U.S.A. Inc.,Active,1,2020-03-31,2020-03-31,1,2.0,643.0,102.24,0,,True,,False,,,,
Kern River,040304849400,Del Rey Fee,59,Chevron U.S.A. Inc.,Active,0,2018-01-31,2018-01-31,1,1.0,197.0,31.32,0,,True,,False,,,,
Kern River,040304866100,Green & Whittier A,611H,Chevron U.S.A. Inc.,Active,0,2018-01-31,2018-01-31,1,1.0,243.0,38.64,0,424.0,False,,False,,,,
Kern River,040304866100,Green & Whittier A,611H,Chevron U.S.A. Inc.,Active,1,2019-03-31,2019-03-31,1,1.0,56.0,8.9,0,183.0,False,,False,,,,
Kern River,040304866100,Green & Whittier A,611H,Chevron U.S.A. Inc.,Active,2,2019-09-30,2019-09-30,1,2.0,132.0,20.99,0,,True,,False,,,,
Kern River,040304866300,San Joaquin,990H,Chevron U.S.A. Inc.,Active,0,2018-01-31,2018-01-31,1,1.0,207.0,32.91,0,638.0,False,,False,,,,
Kern River,040304866300,San Joaquin,990H,Chevron U.S.A. Inc.,Active,1,2019-10-31,2019-10-31,1,1.0,157.0,24.96,0,61.0,False,,False,,,,
Kern River,040304866300,San Joaquin,990H,Chevron U.S.A. Inc.,Active,2,2019-12-31,2019-12-31,1,1.0,165.0,26.23,0,60.0,False,,False,,,,
Kern River,040304866300,San Joaquin,990H,Chevron U.S.A. Inc.,Active,3,2020-02-29,2020-02-29,1,2.0,630.0,100.17,0,306.0,False,,False,,,,
Kern River,040304866300,San Joaquin,990H,Chevron U.S.A. Inc.,Active,4,2020-12-31,2020-12-31,1,2.0,1056.0,167.9,0,,True,,False,,,,
Kern River,040304866400,San Joaquin,991H,Chevron U.S.A. Inc.,Active,0,2019-01-31,2019-02-28,2,2.0,306.0,48.65,0,61.0,False,,False,,,,
Kern River,040304866400,San Joaquin,991H,Chevron U.S.A. Inc.,Active,1,2019-04-30,2019-04-30,1,1.0,156.0,24.8,0,153.0,False,,False,,,,
Kern River,040304866400,San Joaquin,991H,Chevron U.S.A. Inc.,Active,2,2019-09-30,2019-09-30,1,1.0,128.0,20.35,0,61.0,False,,False,,,,
Kern River,040304866400,San Joaquin,991H,Chevron U.S.A. Inc.,Active,3,2019-11-30,2019-11-30,1,1.0,113.0,17.97,0,62.0,False,,False,,,,
Kern River,040304866400,San Joaquin,991H,Chevron U.S.A. Inc.,Active,4,2020-01-31,2020-01-31,1,1.0,144.0,22.9,0,60.0,False,,False,,,,
Kern River,040304866400,San Joaquin,991H,Chevron U.S.A. Inc.,Active,5,2020-03-31,2020-03-31,1,2.0,118.0,18.76,0,306.0,False,,False,,,,
Kern River,040304866400,San Joaquin,991H,Chevron U.S.A. Inc.,Active,6,2021-01-31,2021-01-31,1,2.0,793.0,126.09,0,,True,,False,,,,
Kern River,040304866500,San Joaquin,992H,Chevron U.S.A. Inc.,Active,0,2018-01-31,2019-03-31,4,4.0,1088.0,172.99,0,244.0,False,,False,,,,
Kern River,040304866500,San Joaquin,992H,Chevron U.S.A. Inc.,Active,1,2019-11-30,2020-01-31,3,3.0,409.0,65.03,0,335.0,False,,False,,,,
Kern River,040304866500,San Joaquin,992H,Chevron U.S.A. Inc.,Active,2,2020-12-31,2020-12-31,1,2.0,1056.0,167.9,0,,True,,False,,,,
Kern River,040304867000,Green & Whittier A,609H,Chevron U.S.A. Inc.,Active,0,2018-02-28,2018-02-28,1,1.0,596.0,94.76,0,184.0,False,,False,,,,
Kern River,040304867000,Green & Whittier A,609H,Chevron U.S.A. Inc.,Active,1,2018-08-31,2019-02-28,3,5.0,331.0,52.63,0,214.0,False,,False,,,,
Kern River,040304867000,Green & Whittier A,609H,Chevron U.S.A. Inc.,Active,2,2019-09-30,2019-09-30,1,1.0,167.0,26.55,0,,True,,False,,,,
Kern River,040304867100,Green & Whittier A,610H,Chevron U.S.A. Inc.,Active,0,2018-02-28,2018-02-28,1,1.0,628.0,99.85,0,,True,,False,,,,
Kern River,040304869000,American Crude A,107H,Chevron U.S.A. Inc.,Active,0,2019-07-31,2019-07-31,1,2.0,784.0,124.66,0,122.0,False,,False,,,,
Kern River,040304869000,American Crude A,107H,Chevron U.S.A. Inc.,Active,1,2019-11-30,2019-11-30,1,3.0,1750.0,278.25,0,,True,,False,,,,
Kern River,040304869100,American Crude A,108H,Chevron U.S.A. Inc.,Active,0,2019-03-31,2019-04-30,2,2.0,106.0,16.85,0,214.0,False,,False,,,,
Kern River,040304869100,American Crude A,108H,Chevron U.S.A. Inc.,Active,1,2019-11-30,2019-12-31,2,3.0,249.0,39.59,0,91.0,False,,False,,,,
Kern River,040304869100,American Crude A,108H,Chevron U.S.A. Inc.,Active,2,2020-03-31,2020-03-31,1,1.0,169.0,26.87,0,,True,,False,,,,
Kern River,040304869200,American Crude A,109H,Chevron U.S.A. Inc.,Active,0,2019-03-31,2019-04-30,2,2.0,106.0,16.85,0,184.0,False,,False,,,,
Kern River,040304869200,American Crude A,109H,Chevron U.S.A. Inc.,Active,1,2019-10-31,2019-10-31,1,1.0,135.0,21.46,0,61.0,False,,False,,,,
Kern River,040304869200,American Crude A,109H,Chevron U.S.A. Inc.,Active,2,2019-12-31,2020-01-31,2,5.0,2604.0,414.04,0,,True,,False,,,,
Kern River,040304870100,San Joaquin,993H,Chevron U.S.A. Inc.,Active,0,2018-01-31,2018-01-31,1,1.0,194.0,30.85,0,,True,,False,,,,
Kern River,040304870101,San Joaquin,993H,Chevron U.S.A. Inc.,Active,0,2019-03-31,2019-03-31,1,1.0,292.0,46.43,0,244.0,False,,False,,,,
Kern River,040304870101,San Joaquin,993H,Chevron U.S.A. Inc.,Active,1,2019-11-30,2019-11-30,1,1.0,113.0,17.97,0,428.0,False,,False,,,,
Kern River,040304870101,San Joaquin,993H,Chevron U.S.A. Inc.,Active,2,2021-01-31,2021-01-31,1,2.0,771.0,122.59,0,,True,,False,,,,
Kern River,040304889100,Green & Whittier,327,Chevron U.S.A. Inc.,Active,0,2019-01-31,2019-02-28,2,2.0,86.0,13.67,0,,True,,False,,,,
Kern River,040304889200,Green & Whittier,328,Chevron U.S.A. Inc.,Active,0,2018-01-31,2019-02-28,3,5.0,779.0,123.86,0,,True,,False,,,,
Kern River,040304889300,Unspecified,25-289,Chevron U.S.A. Inc.,Active,0,2018-01-31,2018-01-31,1,1.0,577.0,91.74,0,,True,,False,,,,
Kern River,040304889900,Angus,412,Chevron U.S.A. Inc.,Active,0,2019-10-31,2019-10-31,1,1.0,141.0,22.42,0,,True,,False,,,,
Kern River,040304890001,Angus,422,Chevron U.S.A. Inc.,Active,0,2019-09-30,2019-09-30,1,1.0,162.0,25.76,0,,True,,False,,,,
Kern River,040304890200,Tejon,156,Chevron U.S.A. Inc.,Active,0,2019-01-31,2019-02-28,2,4.0,368.0,58.51,0,245.0,False,,False,,,,
Kern River,040304890200,Tejon,156,Chevron U.S.A. Inc.,Active,1,2019-10-31,2019-10-31,1,2.0,726.0,115.43,0,,True,,False,,,,
Kern River,040304890400,San Joaquin,995H,Chevron U.S.A. Inc.,Active,0,2018-01-31,2018-01-31,1,1.0,206.0,32.75,0,,True,,False,,,,
Kern River,040304890700,Tarr & McComb,41H,Chevron U.S.A. Inc.,Active,0,2019-11-30,2019-11-30,1,1.0,102.0,16.22,0,62.0,False,,False,,,,
Kern River,040304890700,Tarr & McComb,41H,Chevron U.S.A. Inc.,Active,1,2020-01-31,2020-01-31,1,2.0,123.0,19.56,0,60.0,False,,False,,,,
Kern River,040304890700,Tarr & McComb,41H,Chevron U.S.A. Inc.,Active,2,2020-03-31,2020-03-31,1,2.0,115.0,18.29,0,,True,,False,,,,
Kern River,040304890800,Tarr & McComb,42H,Chevron U.S.A. Inc.,Idle,0,2019-11-30,2019-11-30,1,1.0,102.0,16.22,0,,True,,False,,,,
Kern River,040304890900,Tarr & McComb,43H,Chevron U.S.A. Inc.,Active,0,2018-01-31,2019-02-28,3,5.0,535.0,85.06,0,275.0,False,,False,,,,
Kern River,040304890900,Tarr & McComb,43H,Chevron U.S.A. Inc.,Active,1,2019-11-30,2019-11-30,1,2.0,92.0,14.63,0,62.0,False,,False,,,,
Kern River,040304890900,Tarr & McComb,43H,Chevron U.S.A. Inc.,Active,2,2020-01-31,2020-02-29,2,3.0,216.0,34.34,0,,True,,False,,,,
Kern River,040304903800,San Joaquin,1120H,Chevron U.S.A. Inc.,Active,0,2019-03-31,2019-03-31,1,1.0,149.0,23.69,0,,True,,False,,,,
Kern River,040304904400,Unspecified,25-58R,Chevron U.S.A. Inc.,Active,0,2018-01-31,2018-01-31,1,1.0,132.0,20.99,0,,True,,False,,,,
Kern River,040304907500,Davis Fee,14,Chevron U.S.A. Inc.,Active,0,2018-01-31,2018-01-31,1,1.0,148.0,23.53,0,,True,,False,,,,
Kern River,040304907900,Green & Whittier,329,Chevron U.S.A. Inc.,Active,0,2018-01-31,2018-01-31,1,2.0,595.0,94.61,0,,True,,False,,,,
Kern River,040304908000,Green & Whittier,330,Chevron U.S.A. Inc.,Active,0,2018-01-31,2018-01-31,1,2.0,602.0,95.72,0,,True,,False,,,,
Kern River,040304908100,Green & Whittier,331,Chevron U.S.A. Inc.,Active,0,2018-01-31,2018-01-31,1,1.0,174.0,27.67,0,,True,,False,,,,
Kern River,040304908101,Green & Whittier,331,Chevron U.S.A. Inc.,Active,0,2019-01-31,2019-02-28,2,4.0,94.0,14.95,0,,True,,False,,,,
Kern River,040304908200,Green & Whittier,332,Chevron U.S.A. Inc.,Idle,0,2018-01-31,2018-01-31,1,1.0,174.0,27.67,0,,True,,False,,,,
Kern River,040304908400,Green & Whittier,334,Chevron U.S.A. Inc.,Active,0,2018-02-28,2018-03-31,2,3.0,424.0,67.42,0,61.0,False,,False,,,,
Kern River,040304908400,Green & Whittier,334,Chevron U.S.A. Inc.,Active,1,2018-05-31,2019-02-28,4,10.0,1903.0,302.58,0,,True,,False,,,,
Kern River,040304908500,Queen Esther,23R,Chevron U.S.A. Inc.,Active,0,2018-01-31,2018-01-31,1,1.0,605.0,96.2,0,,True,,False,,,,
Kern River,040304909400,Del Rey Fee,65,Chevron U.S.A. Inc.,Active,0,2018-01-31,2018-01-31,1,1.0,197.0,31.32,0,,True,,False,,,,
Kern River,040304909600,San Joaquin,803R,Chevron U.S.A. Inc.,Active,0,2018-01-31,2018-01-31,1,1.0,187.0,29.73,0,,True,,False,,,,
Kern River,040304909800,San Joaquin,1103,Chevron U.S.A. Inc.,Active,0,2018-01-31,2018-01-31,1,1.0,206.0,32.75,0,607.0,False,,False,,,,
Kern River,040304909800,San Joaquin,1103,Chevron U.S.A. Inc.,Active,1,2019-09-30,2019-09-30,1,1.0,122.0,19.4,0,,True,,False,,,,
Kern River,040304909900,San Joaquin,1104,Chevron U.S.A. Inc.,Active,0,2019-08-31,2019-08-31,1,1.0,132.0,20.99,0,,True,,False,,,,
Kern River,040304910000,San Joaquin,1106,Chevron U.S.A. Inc.,Active,0,2019-01-31,2019-02-28,2,4.0,560.0,89.04,0,,True,,False,,,,
Kern River,040304910200,San Joaquin,1108,Chevron U.S.A. Inc.,Active,0,2019-01-31,2019-02-28,2,2.0,314.0,49.93,0,,True,,False,,,,
Kern River,040304910300,San Joaquin,1109,Chevron U.S.A. Inc.,Active,0,2018-02-28,2018-02-28,1,1.0,268.0,42.61,0,610.0,False,,False,,,,
Kern River,040304910300,San Joaquin,1109,Chevron U.S.A. Inc.,Active,1,2019-10-31,2019-10-31,1,1.0,147.0,23.37,0,,True,,False,,,,
Kern River,040304910500,San Joaquin,1111,Chevron U.S.A. Inc.,Active,0,2018-01-31,2018-01-31,1,1.0,290.0,46.11,0,,True,,False,,,,
Kern River,040304910600,San Joaquin,1112,Chevron U.S.A. Inc.,Active,0,2018-02-28,2018-02-28,1,2.0,249.0,39.59,0,579.0,False,,False,,,,
Kern River,040304910600,San Joaquin,1112,Chevron U.S.A. Inc.,Active,1,2019-09-30,2019-09-30,1,3.0,1689.0,268.55,0,,True,,False,,,,
Kern River,040304914400,Tejon,523R,Chevron U.S.A. Inc.,Active,0,2018-01-31,2018-01-31,1,1.0,174.0,27.67,0,,True,,False,,,,
Kern River,040304921000,Sterling,235H,Chevron U.S.A. Inc.,Active,0,2018-02-28,2018-03-31,2,4.0,436.0,69.32,0,365.0,False,,False,,,,
Kern River,040304921000,Sterling,235H,Chevron U.S.A. Inc.,Active,1,2019-03-31,2019-03-31,1,2.0,148.0,23.53,0,214.0,False,,False,,,,
Kern River,040304921000,Sterling,235H,Chevron U.S.A. Inc.,Active,2,2019-10-31,2020-01-31,4,6.0,472.0,75.05,0,335.0,False,,False,,,,
Kern River,040304921000,Sterling,235H,Chevron U.S.A. Inc.,Active,3,2020-12-31,2020-12-31,1,2.0,1057.0,168.06,0,,True,,False,,,,
Kern River,040304921100,American Naphtha,3799H,Chevron U.S.A. Inc.,Active,0,2018-02-28,2018-02-28,1,1.0,453.0,72.03,0,457.0,False,,False,,,,
Kern River,040304921100,American Naphtha,3799H,Chevron U.S.A. Inc.,Active,1,2019-05-31,2019-05-31,1,1.0,3.0,0.48,0,,True,,False,,,,
Kern River,040304921300,Green & Whittier A,613H,Chevron U.S.A. Inc.,Active,0,2018-01-31,2018-02-28,2,2.0,655.0,104.14,0,,True,,False,,,,
Kern River,040304921400,San Joaquin,1118H,Chevron U.S.A. Inc.,Idle,0,2018-02-28,2018-02-28,1,1.0,255.0,40.55,0,61.0,False,,False,,,,
Kern River,040304921400,San Joaquin,1118H,Chevron U.S.A. Inc.,Idle,1,2018-04-30,2018-04-30,1,1.0,852.0,135.47,0,488.0,False,,False,,,,
Kern River,040304921400,San Joaquin,1118H,Chevron U.S.A. Inc.,Idle,2,2019-08-31,2019-08-31,1,2.0,633.0,100.65,0,61.0,False,,False,,,,
Kern River,040304921400,San Joaquin,1118H,Chevron U.S.A. Inc.,Idle,3,2019-10-31,2019-10-31,1,1.0,135.0,21.46,0,,True,,False,,,,
Kern River,040304921500,San Joaquin,983H,Chevron U.S.A. Inc.,Idle,0,2018-02-28,2018-02-28,1,2.0,993.0,157.89,0,,True,,False,,,,
Kern River,040304921600,Green & Whittier,336H,Chevron U.S.A. Inc.,Active,0,2019-10-31,2019-10-31,1,1.0,142.0,22.58,0,121.0,False,,False,,,,
Kern River,040304921600,Green & Whittier,336H,Chevron U.S.A. Inc.,Active,1,2020-02-29,2020-02-29,1,1.0,126.0,20.03,0,,True,,False,,,,
Kern River,040304932600,Angus,444,Chevron U.S.A. Inc.,Idle,0,2018-02-28,2018-02-28,1,2.0,150.0,23.85,0,,True,,False,,,,
Kern River,040304942600,KCL-10,118,Chevron U.S.A. Inc.,Active,0,2018-01-31,2018-02-28,2,3.0,358.0,56.92,0,,True,,False,,,,
Kern River,040304942700,KCL-10,119,Chevron U.S.A. Inc.,Active,0,2018-01-31,2018-01-31,1,1.0,114.0,18.13,0,424.0,False,,False,,,,
Kern River,040304942700,KCL-10,119,Chevron U.S.A. Inc.,Active,1,2019-03-31,2019-03-31,1,2.0,30.0,4.77,0,,True,,False,,,,
Kern River,040304942900,KCL-10,121,Chevron U.S.A. Inc.,Active,0,2018-01-31,2018-02-28,2,3.0,359.0,57.08,0,610.0,False,,False,,,,
Kern River,040304942900,KCL-10,121,Chevron U.S.A. Inc.,Active,1,2019-10-31,2019-10-31,1,1.0,20.0,3.18,0,396.0,False,,False,,,,
Kern River,040304942900,KCL-10,121,Chevron U.S.A. Inc.,Active,2,2020-11-30,2020-11-30,1,1.0,124.0,19.72,0,,True,,False,,,,
Kern River,040304943000,KCL-10,122,Chevron U.S.A. Inc.,Active,0,2018-01-31,2018-01-31,1,1.0,114.0,18.13,0,,True,,False,,,,
Kern River,040304960400,Kern,491H,Chevron U.S.A. Inc.,Active,0,2019-01-31,2019-02-28,2,2.0,76.0,12.08,0,61.0,False,,False,,,,
Kern River,040304960400,Kern,491H,Chevron U.S.A. Inc.,Active,1,2019-04-30,2019-04-30,1,1.0,137.0,21.78,0,123.0,False,,False,,,,
Kern River,040304960400,Kern,491H,Chevron U.S.A. Inc.,Active,2,2019-08-31,2019-08-31,1,1.0,149.0,23.69,0,61.0,False,,False,,,,
Kern River,040304960400,Kern,491H,Chevron U.S.A. Inc.,Active,3,2019-10-31,2020-01-31,4,9.0,1125.0,178.88,0,60.0,False,,False,,,,
Kern River,040304960400,Kern,491H,Chevron U.S.A. Inc.,Active,4,2020-03-31,2020-03-31,1,2.0,118.0,18.76,0,,True,,False,,,,
Kern River,040304960500,Kern,492H,Chevron U.S.A. Inc.,Active,0,2019-04-30,2019-04-30,1,1.0,43.0,6.84,0,,True,,False,,,,
Kern River,040304960600,Kern,493H,Chevron U.S.A. Inc.,Active,0,2018-02-28,2018-02-28,1,2.0,639.0,101.6,0,396.0,False,,False,,,,
Kern River,040304960600,Kern,493H,Chevron U.S.A. Inc.,Active,1,2019-03-31,2019-03-31,1,1.0,185.0,29.41,0,153.0,False,,False,,,,
Kern River,040304960600,Kern,493H,Chevron U.S.A. Inc.,Active,2,2019-08-31,2019-08-31,1,1.0,149.0,23.69,0,61.0,False,,False,,,,
Kern River,040304960600,Kern,493H,Chevron U.S.A. Inc.,Active,3,2019-10-31,2020-01-31,4,5.0,568.0,90.31,0,60.0,False,,False,,,,
Kern River,040304960600,Kern,493H,Chevron U.S.A. Inc.,Active,4,2020-03-31,2020-03-31,1,2.0,118.0,18.76,0,,True,,False,,,,
Kern River,040304960700,Kern,495H,Chevron U.S.A. Inc.,Active,0,2018-01-31,2018-02-28,2,2.0,757.0,120.36,0,61.0,False,,False,,,,
Kern River,040304960700,Kern,495H,Chevron U.S.A. Inc.,Active,1,2018-04-30,2018-05-31,2,4.0,1703.0,270.78,0,487.0,False,,False,,,,
Kern River,040304960700,Kern,495H,Chevron U.S.A. Inc.,Active,2,2019-09-30,2019-12-31,4,6.0,510.0,81.09,0,60.0,False,,False,,,,
Kern River,040304960700,Kern,495H,Chevron U.S.A. Inc.,Active,3,2020-02-29,2020-02-29,1,1.0,136.0,21.62,0,,True,,False,,,,
Kern River,040304960800,Kern,496H,Chevron U.S.A. Inc.,Active,0,2018-01-31,2018-01-31,1,1.0,307.0,48.81,0,1065.0,False,,False,,,,
Kern River,040304960800,Kern,496H,Chevron U.S.A. Inc.,Active,1,2020-12-31,2020-12-31,1,2.0,1410.0,224.19,0,,True,,False,,,,
Kern River,040304961000,Unspecified,4087H,Chevron U.S.A. Inc.,Active,0,2019-09-30,2019-09-30,1,1.0,101.0,16.06,0,61.0,False,,False,,,,
Kern River,040304961000,Unspecified,4087H,Chevron U.S.A. Inc.,Active,1,2019-11-30,2019-11-30,1,2.0,84.0,13.36,0,275.0,False,,False,,,,
Kern River,040304961000,Unspecified,4087H,Chevron U.S.A. Inc.,Active,2,2020-08-31,2020-08-31,1,3.0,1725.0,274.27,0,,True,,False,,,,
Kern River,040304961100,Unspecified,4088H,Chevron U.S.A. Inc.,Active,0,2018-02-28,2018-02-28,1,1.0,435.0,69.17,0,579.0,False,,False,,,,
Kern River,040304961100,Unspecified,4088H,Chevron U.S.A. Inc.,Active,1,2019-09-30,2019-09-30,1,2.0,146.0,23.21,0,61.0,False,,False,,,,
Kern River,040304961100,Unspecified,4088H,Chevron U.S.A. Inc.,Active,2,2019-11-30,2019-11-30,1,2.0,87.0,13.83,0,91.0,False,,False,,,,
Kern River,040304961100,Unspecified,4088H,Chevron U.S.A. Inc.,Active,3,2020-02-29,2020-02-29,1,2.0,122.0,19.4,0,153.0,False,,False,,,,
Kern River,040304961100,Unspecified,4088H,Chevron U.S.A. Inc.,Active,4,2020-07-31,2020-07-31,1,2.0,760.0,120.84,0,,True,,False,,,,
Kern River,040304961200,Unspecified,4089H,Chevron U.S.A. Inc.,Active,0,2019-09-30,2019-10-31,2,6.0,2498.0,397.18,0,61.0,False,,False,,,,
Kern River,040304961200,Unspecified,4089H,Chevron U.S.A. Inc.,Active,1,2019-12-31,2019-12-31,1,2.0,132.0,20.99,0,60.0,False,,False,,,,
Kern River,040304961200,Unspecified,4089H,Chevron U.S.A. Inc.,Active,2,2020-02-29,2020-02-29,1,2.0,90.0,14.31,0,,True,,False,,,,
Kern River,040304967900,Kern,494H,Chevron U.S.A. Inc.,Active,0,2018-02-28,2019-02-28,3,4.0,272.0,43.25,0,214.0,False,,False,,,,
Kern River,040304967900,Kern,494H,Chevron U.S.A. Inc.,Active,1,2019-09-30,2019-09-30,1,1.0,187.0,29.73,0,61.0,False,,False,,,,
Kern River,040304967900,Kern,494H,Chevron U.S.A. Inc.,Active,2,2019-11-30,2019-12-31,2,2.0,357.0,56.76,0,60.0,False,,False,,,,
Kern River,040304967900,Kern,494H,Chevron U.S.A. Inc.,Active,3,2020-02-29,2020-02-29,1,2.0,116.0,18.44,0,,True,,False,,,,
Kern River,040304968000,Hecla,34H,Chevron U.S.A. Inc.,Active,0,2019-01-31,2019-03-31,3,3.0,136.0,21.62,0,183.0,False,,False,,,,
Kern River,040304968000,Hecla,34H,Chevron U.S.A. Inc.,Active,1,2019-09-30,2019-09-30,1,1.0,132.0,20.99,0,61.0,False,,False,,,,
Kern River,040304968000,Hecla,34H,Chevron U.S.A. Inc.,Active,2,2019-11-30,2019-12-31,2,2.0,265.0,42.13,0,60.0,False,,False,,,,
Kern River,040304968000,Hecla,34H,Chevron U.S.A. Inc.,Active,3,2020-02-29,2020-02-29,1,1.0,129.0,20.51,0,,True,,False,,,,
Kern River,040304968100,Hecla,35H,Chevron U.S.A. Inc.,Active,0,2018-01-31,2018-01-31,1,2.0,885.0,140.72,0,,True,,False,,,,
Kern River,040304968200,San Joaquin,998H,Chevron U.S.A. Inc.,Active,0,2018-02-28,2018-02-28,1,2.0,226.0,35.93,0,92.0,False,,False,,,,
Kern River,040304968200,San Joaquin,998H,Chevron U.S.A. Inc.,Active,1,2018-05-31,2018-08-31,2,3.0,1150.0,182.85,0,426.0,False,,False,,,,
Kern River,040304968200,San Joaquin,998H,Chevron U.S.A. Inc.,Active,2,2019-10-31,2019-11-30,2,3.0,240.0,38.16,0,91.0,False,,False,,,,
Kern River,040304968200,San Joaquin,998H,Chevron U.S.A. Inc.,Active,3,2020-02-29,2020-02-29,1,1.0,146.0,23.21,0,306.0,False,,False,,,,
Kern River,040304968200,San Joaquin,998H,Chevron U.S.A. Inc.,Active,4,2020-12-31,2020-12-31,1,2.0,1638.0,260.44,0,,True,,False,,,,
Kern River,040304968300,San Joaquin,1119H,Chevron U.S.A. Inc.,Active,0,2018-01-31,2019-02-28,3,3.0,490.0,77.91,0,61.0,False,,False,,,,
Kern River,040304968300,San Joaquin,1119H,Chevron U.S.A. Inc.,Active,1,2019-04-30,2019-04-30,1,1.0,509.0,80.93,0,153.0,False,,False,,,,
Kern River,040304968300,San Joaquin,1119H,Chevron U.S.A. Inc.,Active,2,2019-09-30,2019-09-30,1,1.0,133.0,21.15,0,61.0,False,,False,,,,
Kern River,040304968300,San Joaquin,1119H,Chevron U.S.A. Inc.,Active,3,2019-11-30,2019-11-30,1,1.0,109.0,17.33,0,91.0,False,,False,,,,
Kern River,040304968300,San Joaquin,1119H,Chevron U.S.A. Inc.,Active,4,2020-02-29,2020-02-29,1,1.0,147.0,23.37,0,184.0,False,,False,,,,
Kern River,040304968300,San Joaquin,1119H,Chevron U.S.A. Inc.,Active,5,2020-08-31,2020-08-31,1,3.0,2166.0,344.39,0,,True,,False,,,,
Kern River,040304968500,San Joaquin,1122,Chevron U.S.A. Inc.,Active,0,2019-03-31,2019-03-31,1,1.0,155.0,24.64,0,,True,,False,,,,
Kern River,040304968600,Green & Whittier,341,Chevron U.S.A. Inc.,Active,0,2018-01-31,2018-01-31,1,2.0,453.0,72.03,0,1034.0,False,,False,,,,
Kern River,040304968600,Green & Whittier,341,Chevron U.S.A. Inc.,Active,1,2020-11-30,2020-11-30,1,2.0,735.0,116.86,0,,True,,False,,,,
Kern River,040304968700,Green & Whittier,342,Chevron U.S.A. Inc.,Active,0,2018-01-31,2018-02-28,2,2.0,677.0,107.64,0,396.0,False,,False,,,,
Kern River,040304968700,Green & Whittier,342,Chevron U.S.A. Inc.,Active,1,2019-03-31,2019-03-31,1,2.0,302.0,48.02,0,,True,,False,,,,
Kern River,040304968800,Green & Whittier,343,Chevron U.S.A. Inc.,Active,0,2018-01-31,2018-01-31,1,1.0,225.0,35.77,0,,True,,False,,,,
Kern River,040304969000,Pierce,45,Chevron U.S.A. Inc.,Active,0,2018-02-28,2018-02-28,1,1.0,183.0,29.1,0,702.0,False,,False,,,,
Kern River,040304969000,Pierce,45,Chevron U.S.A. Inc.,Active,1,2020-01-31,2020-01-31,1,2.0,722.0,114.8,0,60.0,False,,False,,,,
Kern River,040304969000,Pierce,45,Chevron U.S.A. Inc.,Active,2,2020-03-31,2020-03-31,1,2.0,528.0,83.95,0,,True,,False,,,,
Kern River,040304969200,Rasmussen,410H,Chevron U.S.A. Inc.,Active,0,2020-01-31,2020-02-29,2,2.0,276.0,43.88,0,153.0,False,,False,,,,
Kern River,040304969200,Rasmussen,410H,Chevron U.S.A. Inc.,Active,1,2020-07-31,2020-07-31,1,2.0,379.0,60.26,0,,True,,False,,,,
Kern River,040304969300,Rasmussen,411H,Chevron U.S.A. Inc.,Active,0,2019-08-31,2019-08-31,1,1.0,100.0,15.9,0,61.0,False,,False,,,,
Kern River,040304969300,Rasmussen,411H,Chevron U.S.A. Inc.,Active,1,2019-10-31,2019-10-31,1,2.0,108.0,17.17,0,61.0,False,,False,,,,
Kern River,040304969300,Rasmussen,411H,Chevron U.S.A. Inc.,Active,2,2019-12-31,2020-01-31,2,2.0,325.0,51.68,0,,True,,False,,,,
Kern River,040304977800,Nukern,401,"Kern River Holdings II, LLC",Active,0,2021-01-31,2021-01-31,1,2.0,1398.0,222.28,0,,True,,False,,,,
Kern River,040304977900,Nukern,410,"Kern River Holdings II, LLC",Plugged,0,2018-01-31,2018-01-31,1,8.0,7186.0,1142.57,0,,True,,False,,,,
Kern River,040304978000,Nukern,501,"Kern River Holdings II, LLC",Active,0,2019-07-31,2019-07-31,1,6.0,4927.0,783.39,0,153.0,False,,False,,,,
Kern River,040304978000,Nukern,501,"Kern River Holdings II, LLC",Active,1,2019-12-31,2019-12-31,1,5.0,5117.0,813.6,0,91.0,False,,False,,,,
Kern River,040304978000,Nukern,501,"Kern River Holdings II, LLC",Active,2,2020-03-31,2020-03-31,1,2.0,1133.0,180.15,0,214.0,False,,False,,,,
Kern River,040304978000,Nukern,501,"Kern River Holdings II, LLC",Active,3,2020-10-31,2020-10-31,1,8.0,2267.0,360.45,0,,True,,False,,,,
Kern River,040304978200,Nukern,601,"Kern River Holdings II, LLC",Active,0,2019-05-31,2019-05-31,1,7.0,6005.0,954.79,0,335.0,False,,False,,,,
Kern River,040304978200,Nukern,601,"Kern River Holdings II, LLC",Active,1,2020-04-30,2020-04-30,1,2.0,1205.0,191.59,0,184.0,False,,False,,,,
Kern River,040304978200,Nukern,601,"Kern River Holdings II, LLC",Active,2,2020-10-31,2020-10-31,1,4.0,1076.0,171.08,0,,True,,False,,,,
Kern River,040304978400,Nukern,806,"Kern River Holdings II, LLC",Active,0,2021-08-31,2021-08-31,1,1.0,1338.0,212.74,0,,True,,False,,,,
Kern River,040304983500,Fee A,440,Chevron U.S.A. Inc.,Active,0,2018-02-28,2018-02-28,1,1.0,363.0,57.72,0,,True,,False,,,,
Kern River,040304984100,Cortez,69,Chevron U.S.A. Inc.,Active,0,2018-01-31,2018-01-31,1,1.0,259.0,41.18,0,,True,,False,,,,
Kern River,040304984200,Sterling,234H,Chevron U.S.A. Inc.,Active,0,2018-01-31,2018-01-31,1,1.0,516.0,82.04,0,424.0,False,,False,,,,
Kern River,040304984200,Sterling,234H,Chevron U.S.A. Inc.,Active,1,2019-03-31,2019-03-31,1,2.0,148.0,23.53,0,183.0,False,,False,,,,
Kern River,040304984200,Sterling,234H,Chevron U.S.A. Inc.,Active,2,2019-09-30,2019-09-30,1,1.0,116.0,18.44,0,61.0,False,,False,,,,
Kern River,040304984200,Sterling,234H,Chevron U.S.A. Inc.,Active,3,2019-11-30,2020-01-31,3,4.0,384.0,61.06,0,335.0,False,,False,,,,
Kern River,040304984200,Sterling,234H,Chevron U.S.A. Inc.,Active,4,2020-12-31,2020-12-31,1,2.0,1099.0,174.74,0,,True,,False,,,,
Kern River,040304996000,Green & Whittier,345,Chevron U.S.A. Inc.,Active,0,2018-02-28,2018-02-28,1,2.0,210.0,33.39,0,702.0,False,,False,,,,
Kern River,040304996000,Green & Whittier,345,Chevron U.S.A. Inc.,Active,1,2020-01-31,2020-01-31,1,2.0,841.0,133.72,0,,True,,False,,,,
Kern River,040305007700,Westates,56H,Chevron U.S.A. Inc.,Active,0,2019-03-31,2019-03-31,1,1.0,135.0,21.46,0,183.0,False,,False,,,,
Kern River,040305007700,Westates,56H,Chevron U.S.A. Inc.,Active,1,2019-09-30,2019-09-30,1,1.0,118.0,18.76,0,123.0,False,,False,,,,
Kern River,040305007700,Westates,56H,Chevron U.S.A. Inc.,Active,2,2020-01-31,2020-02-29,2,3.0,887.0,141.03,0,153.0,False,,False,,,,
Kern River,040305007700,Westates,56H,Chevron U.S.A. Inc.,Active,3,2020-07-31,2020-07-31,1,2.0,787.0,125.13,0,,True,,False,,,,
Kern River,040305008100,Kern,155,Chevron U.S.A. Inc.,Active,0,2018-01-31,2018-01-31,1,1.0,559.0,88.88,0,,True,,False,,,,
Kern River,040305008400,Blinn,44H,Chevron U.S.A. Inc.,Active,0,2018-01-31,2018-01-31,1,1.0,778.0,123.7,0,424.0,False,,False,,,,
Kern River,040305008400,Blinn,44H,Chevron U.S.A. Inc.,Active,1,2019-03-31,2019-04-30,2,2.0,107.0,17.01,0,123.0,False,,False,,,,
Kern River,040305008400,Blinn,44H,Chevron U.S.A. Inc.,Active,2,2019-08-31,2019-10-31,3,3.0,454.0,72.19,0,61.0,False,,False,,,,
Kern River,040305008400,Blinn,44H,Chevron U.S.A. Inc.,Active,3,2019-12-31,2019-12-31,1,1.0,159.0,25.28,0,60.0,False,,False,,,,
Kern River,040305008400,Blinn,44H,Chevron U.S.A. Inc.,Active,4,2020-02-29,2020-02-29,1,2.0,173.0,27.51,0,184.0,False,,False,,,,
Kern River,040305008400,Blinn,44H,Chevron U.S.A. Inc.,Active,5,2020-08-31,2020-08-31,1,3.0,2159.0,343.28,0,,True,,False,,,,
Kern River,040305009700,San Joaquin,1117H,Chevron U.S.A. Inc.,Active,0,2020-02-29,2020-02-29,1,2.0,91.0,14.47,0,,True,,False,,,,
Kern River,040305009800,American Naphtha,13-11BR,Chevron U.S.A. Inc.,Active,0,2019-01-31,2019-02-28,2,4.0,102.0,16.22,0,,True,,False,,,,
Kern River,040305019400,American Naphtha,3350,Chevron U.S.A. Inc.,Active,0,2019-03-31,2019-03-31,1,1.0,45.0,7.16,0,396.0,False,,False,,,,
Kern River,040305019400,American Naphtha,3350,Chevron U.S.A. Inc.,Active,1,2020-04-30,2020-04-30,1,3.0,2158.0,343.12,0,,True,,False,,,,
Kern River,040305031200,Kern County Land Co. Lease 39,424,Chevron U.S.A. Inc.,Active,0,2019-06-30,2019-06-30,1,1.0,87.0,13.83,0,428.0,False,,False,,,,
Kern River,040305031200,Kern County Land Co. Lease 39,424,Chevron U.S.A. Inc.,Active,1,2020-08-31,2020-08-31,1,2.0,691.0,109.87,0,,True,,False,,,,
Kern River,040305031300,Y.M.K.,69H,Chevron U.S.A. Inc.,Active,0,2019-03-31,2019-03-31,1,2.0,164.0,26.08,0,244.0,False,,False,,,,
Kern River,040305031300,Y.M.K.,69H,Chevron U.S.A. Inc.,Active,1,2019-11-30,2019-11-30,1,2.0,96.0,15.26,0,91.0,False,,False,,,,
Kern River,040305031300,Y.M.K.,69H,Chevron U.S.A. Inc.,Active,2,2020-02-29,2020-02-29,1,2.0,161.0,25.6,0,153.0,False,,False,,,,
Kern River,040305031300,Y.M.K.,69H,Chevron U.S.A. Inc.,Active,3,2020-07-31,2020-07-31,1,2.0,769.0,122.27,0,,True,,False,,,,
Kern River,040305031400,Y.M.K.,70H,Chevron U.S.A. Inc.,Active,0,2018-02-28,2018-03-31,2,3.0,1062.0,168.86,0,61.0,False,,False,,,,
Kern River,040305031400,Y.M.K.,70H,Chevron U.S.A. Inc.,Active,1,2018-05-31,2018-08-31,2,4.0,1588.0,252.49,0,456.0,False,,False,,,,
Kern River,040305031400,Y.M.K.,70H,Chevron U.S.A. Inc.,Active,2,2019-11-30,2019-11-30,1,2.0,147.0,23.37,0,91.0,False,,False,,,,
Kern River,040305031400,Y.M.K.,70H,Chevron U.S.A. Inc.,Active,3,2020-02-29,2020-02-29,1,2.0,114.0,18.13,0,,True,,False,,,,
Kern River,040305031500,Calex,33H,Chevron U.S.A. Inc.,Active,0,2019-08-31,2019-08-31,1,1.0,145.0,23.05,0,61.0,False,,False,,,,
Kern River,040305031500,Calex,33H,Chevron U.S.A. Inc.,Active,1,2019-10-31,2019-10-31,1,2.0,120.0,19.08,0,92.0,False,,False,,,,
Kern River,040305031500,Calex,33H,Chevron U.S.A. Inc.,Active,2,2020-01-31,2020-03-31,3,3.0,294.0,46.75,0,214.0,False,,False,,,,
Kern River,040305031500,Calex,33H,Chevron U.S.A. Inc.,Active,3,2020-10-31,2020-10-31,1,2.0,832.0,132.29,0,92.0,False,,False,,,,
Kern River,040305031500,Calex,33H,Chevron U.S.A. Inc.,Active,4,2021-01-31,2021-01-31,1,3.0,923.0,146.76,0,,True,,False,,,,
Kern River,040305031600,Clarence,603H,Chevron U.S.A. Inc.,Active,0,2019-06-30,2019-06-30,1,2.0,131.0,20.83,0,62.0,False,,False,,,,
Kern River,040305031600,Clarence,603H,Chevron U.S.A. Inc.,Active,1,2019-08-31,2019-08-31,1,1.0,126.0,20.03,0,61.0,False,,False,,,,
Kern River,040305031600,Clarence,603H,Chevron U.S.A. Inc.,Active,2,2019-10-31,2019-11-30,2,2.0,310.0,49.29,0,62.0,False,,False,,,,
Kern River,040305031600,Clarence,603H,Chevron U.S.A. Inc.,Active,3,2020-01-31,2020-02-29,2,3.0,277.0,44.04,0,153.0,False,,False,,,,
Kern River,040305031600,Clarence,603H,Chevron U.S.A. Inc.,Active,4,2020-07-31,2020-07-31,1,2.0,814.0,129.43,0,153.0,False,,False,,,,
Kern River,040305031600,Clarence,603H,Chevron U.S.A. Inc.,Active,5,2020-12-31,2020-12-31,1,2.0,1072.0,170.45,0,,True,,False,,,,
Kern River,040305031700,Sycamore,117H,Chevron U.S.A. Inc.,Active,0,2019-03-31,2019-03-31,1,1.0,151.0,24.01,0,214.0,False,,False,,,,
Kern River,040305031700,Sycamore,117H,Chevron U.S.A. Inc.,Active,1,2019-10-31,2019-11-30,2,2.0,501.0,79.66,0,62.0,False,,False,,,,
Kern River,040305031700,Sycamore,117H,Chevron U.S.A. Inc.,Active,2,2020-01-31,2020-01-31,1,1.0,147.0,23.37,0,60.0,False,,False,,,,
Kern River,040305031700,Sycamore,117H,Chevron U.S.A. Inc.,Active,3,2020-03-31,2020-03-31,1,2.0,138.0,21.94,0,275.0,False,,False,,,,
Kern River,040305031700,Sycamore,117H,Chevron U.S.A. Inc.,Active,4,2020-12-31,2020-12-31,1,2.0,1045.0,166.16,0,,True,,False,,,,
Kern River,040305031800,Tejon,158H,Chevron U.S.A. Inc.,Active,0,2018-02-28,2018-02-28,1,2.0,648.0,103.03,0,702.0,False,,False,,,,
Kern River,040305031800,Tejon,158H,Chevron U.S.A. Inc.,Active,1,2020-01-31,2020-02-29,2,3.0,279.0,44.36,0,153.0,False,,False,,,,
Kern River,040305031800,Tejon,158H,Chevron U.S.A. Inc.,Active,2,2020-07-31,2020-07-31,1,2.0,769.0,122.27,0,153.0,False,,False,,,,
Kern River,040305031800,Tejon,158H,Chevron U.S.A. Inc.,Active,3,2020-12-31,2020-12-31,1,2.0,1096.0,174.26,0,,True,,False,,,,
Kern River,040305033100,Monte Cristo No. 1,201H,Chevron U.S.A. Inc.,Active,0,2018-01-31,2018-01-31,1,1.0,99.0,15.74,0,,True,,False,,,,
Kern River,040305033200,Unspecified,4091H,Chevron U.S.A. Inc.,Active,0,2019-03-31,2019-03-31,1,1.0,131.0,20.83,0,183.0,False,,False,,,,
Kern River,040305033200,Unspecified,4091H,Chevron U.S.A. Inc.,Active,1,2019-09-30,2019-09-30,1,1.0,119.0,18.92,0,61.0,False,,False,,,,
Kern River,040305033200,Unspecified,4091H,Chevron U.S.A. Inc.,Active,2,2019-11-30,2019-11-30,1,1.0,88.0,13.99,0,62.0,False,,False,,,,
Kern River,040305033200,Unspecified,4091H,Chevron U.S.A. Inc.,Active,3,2020-01-31,2020-01-31,1,1.0,101.0,16.06,0,,True,,False,,,,
Kern River,040305033600,Westates,57H,Chevron U.S.A. Inc.,Active,0,2020-01-31,2020-01-31,1,2.0,769.0,122.27,0,60.0,False,,False,,,,
Kern River,040305033600,Westates,57H,Chevron U.S.A. Inc.,Active,1,2020-03-31,2020-03-31,1,1.0,126.0,20.03,0,122.0,False,,False,,,,
Kern River,040305033600,Westates,57H,Chevron U.S.A. Inc.,Active,2,2020-07-31,2020-07-31,1,2.0,786.0,124.97,0,,True,,False,,,,
Kern River,040305033700,Westates,58H,Chevron U.S.A. Inc.,Active,0,2018-01-31,2018-01-31,1,2.0,483.0,76.8,0,,True,,False,,,,
Kern River,040305033800,Green & Whittier,347H,Chevron U.S.A. Inc.,Active,0,2018-02-28,2018-02-28,1,1.0,920.0,146.28,0,,True,,False,,,,
Kern River,040305033900,Green & Whittier,348H,Chevron U.S.A. Inc.,Active,0,2018-02-28,2018-02-28,1,1.0,466.0,74.09,0,,True,,False,,,,
Kern River,040305036900,Nukern,701,"Kern River Holdings II, LLC",Active,0,2019-02-28,2019-02-28,1,6.0,5276.0,838.88,0,122.0,False,,False,,,,
Kern River,040305036900,Nukern,701,"Kern River Holdings II, LLC",Active,1,2019-06-30,2019-06-30,1,6.0,4973.0,790.71,0,153.0,False,,False,,,,
Kern River,040305036900,Nukern,701,"Kern River Holdings II, LLC",Active,2,2019-11-30,2020-02-29,3,8.0,6477.0,1029.84,0,,True,,False,,,,
Kern River,040305037000,Nukern,802,"Kern River Holdings II, LLC",Active,0,2018-02-28,2018-02-28,1,8.0,7524.0,1196.32,0,,True,,False,,,,
Kern River,040305037100,Nukern,804,"Kern River Holdings II, LLC",Active,0,2018-02-28,2018-02-28,1,7.0,7349.0,1168.49,0,1096.0,False,,False,,,,
Kern River,040305037100,Nukern,804,"Kern River Holdings II, LLC",Active,1,2021-02-28,2021-02-28,1,2.0,1121.0,178.24,0,,True,,False,,,,
Kern River,040305040800,Parker,54H,Chevron U.S.A. Inc.,Active,0,2019-01-31,2019-02-28,2,2.0,292.0,46.43,0,61.0,False,,False,,,,
Kern River,040305040800,Parker,54H,Chevron U.S.A. Inc.,Active,1,2019-04-30,2019-04-30,1,1.0,132.0,20.99,0,184.0,False,,False,,,,
Kern River,040305040800,Parker,54H,Chevron U.S.A. Inc.,Active,2,2019-10-31,2019-11-30,2,3.0,201.0,31.96,0,62.0,False,,False,,,,
Kern River,040305040800,Parker,54H,Chevron U.S.A. Inc.,Active,3,2020-01-31,2020-02-29,2,3.0,331.0,52.63,0,,True,,False,,,,
Kern River,040305040900,Unspecified,4090H,Chevron U.S.A. Inc.,Active,0,2019-09-30,2019-09-30,1,1.0,99.0,15.74,0,61.0,False,,False,,,,
Kern River,040305040900,Unspecified,4090H,Chevron U.S.A. Inc.,Active,1,2019-11-30,2019-11-30,1,2.0,143.0,22.74,0,,True,,False,,,,
Kern River,040305041101,Bishop Fee,218H,Chevron U.S.A. Inc.,Active,0,2019-01-31,2019-02-28,2,2.0,94.0,14.95,0,61.0,False,,False,,,,
Kern River,040305041101,Bishop Fee,218H,Chevron U.S.A. Inc.,Active,1,2019-04-30,2019-04-30,1,1.0,40.0,6.36,0,123.0,False,,False,,,,
Kern River,040305041101,Bishop Fee,218H,Chevron U.S.A. Inc.,Active,2,2019-08-31,2019-08-31,1,1.0,140.0,22.26,0,61.0,False,,False,,,,
Kern River,040305041101,Bishop Fee,218H,Chevron U.S.A. Inc.,Active,3,2019-10-31,2019-10-31,1,2.0,274.0,43.57,0,121.0,False,,False,,,,
Kern River,040305041101,Bishop Fee,218H,Chevron U.S.A. Inc.,Active,4,2020-02-29,2020-02-29,1,1.0,114.0,18.13,0,,True,,False,,,,
Kern River,040305041200,Bishop Fee,219H,Chevron U.S.A. Inc.,Active,0,2019-01-31,2019-02-28,2,2.0,94.0,14.95,0,61.0,False,,False,,,,
Kern River,040305041200,Bishop Fee,219H,Chevron U.S.A. Inc.,Active,1,2019-04-30,2019-04-30,1,1.0,145.0,23.05,0,184.0,False,,False,,,,
Kern River,040305041200,Bishop Fee,219H,Chevron U.S.A. Inc.,Active,2,2019-10-31,2019-11-30,2,2.0,269.0,42.77,0,62.0,False,,False,,,,
Kern River,040305041200,Bishop Fee,219H,Chevron U.S.A. Inc.,Active,3,2020-01-31,2020-02-29,2,2.0,272.0,43.25,0,,True,,False,,,,
Kern River,040305043300,Ferne,906,"Kern River Holdings II, LLC",Active,0,2021-02-28,2021-02-28,1,2.0,868.0,138.01,0,,True,,False,,,,
Kern River,040305043400,Jerry-Lee,311,"Kern River Holdings II, LLC",Active,0,2021-03-31,2021-04-30,2,4.0,1529.0,243.11,0,,True,,False,,,,
Kern River,040305043500,Nukern,411,"Kern River Holdings II, LLC",Active,0,2018-02-28,2018-02-28,1,8.0,7236.0,1150.52,0,184.0,False,,False,,,,
Kern River,040305043500,Nukern,411,"Kern River Holdings II, LLC",Active,1,2018-08-31,2018-08-31,1,7.0,6576.0,1045.58,0,181.0,False,,False,,,,
Kern River,040305043500,Nukern,411,"Kern River Holdings II, LLC",Active,2,2019-02-28,2019-02-28,1,4.0,3976.0,632.18,0,92.0,False,,False,,,,
Kern River,040305043500,Nukern,411,"Kern River Holdings II, LLC",Active,3,2019-05-31,2019-05-31,1,9.0,8137.0,1293.78,0,214.0,False,,False,,,,
Kern River,040305043500,Nukern,411,"Kern River Holdings II, LLC",Active,4,2019-12-31,2019-12-31,1,9.0,8112.0,1289.81,0,335.0,False,,False,,,,
Kern River,040305043500,Nukern,411,"Kern River Holdings II, LLC",Active,5,2020-11-30,2020-11-30,1,2.0,1177.0,187.14,0,121.0,False,,False,,,,
Kern River,040305043500,Nukern,411,"Kern River Holdings II, LLC",Active,6,2021-03-31,2021-03-31,1,2.0,998.0,158.68,0,,True,,False,,,,
Kern River,040305061700,KCL-10,124H,Chevron U.S.A. Inc.,Active,0,2018-01-31,2019-03-31,4,5.0,231.0,36.73,0,183.0,False,,False,,,,
Kern River,040305061700,KCL-10,124H,Chevron U.S.A. Inc.,Active,1,2019-09-30,2019-09-30,1,1.0,69.0,10.97,0,61.0,False,,False,,,,
Kern River,040305061700,KCL-10,124H,Chevron U.S.A. Inc.,Active,2,2019-11-30,2020-01-31,3,3.0,205.0,32.59,0,60.0,False,,False,,,,
Kern River,040305061700,KCL-10,124H,Chevron U.S.A. Inc.,Active,3,2020-03-31,2020-03-31,1,1.0,80.0,12.72,0,122.0,False,,False,,,,
Kern River,040305061700,KCL-10,124H,Chevron U.S.A. Inc.,Active,4,2020-07-31,2020-07-31,1,1.0,261.0,41.5,0,61.0,False,,False,,,,
Kern River,040305061700,KCL-10,124H,Chevron U.S.A. Inc.,Active,5,2020-09-30,2020-09-30,1,2.0,631.0,100.33,0,,True,,False,,,,
Kern River,040305061800,Hotchkiss,23H,Chevron U.S.A. Inc.,Active,0,2018-01-31,2018-02-28,2,3.0,910.0,144.69,0,337.0,False,,False,,,,
Kern River,040305061800,Hotchkiss,23H,Chevron U.S.A. Inc.,Active,1,2019-01-31,2019-02-28,2,2.0,80.0,12.72,0,214.0,False,,False,,,,
Kern River,040305061800,Hotchkiss,23H,Chevron U.S.A. Inc.,Active,2,2019-09-30,2019-09-30,1,1.0,109.0,17.33,0,61.0,False,,False,,,,
Kern River,040305061800,Hotchkiss,23H,Chevron U.S.A. Inc.,Active,3,2019-11-30,2020-01-31,3,3.0,269.0,42.77,0,60.0,False,,False,,,,
Kern River,040305061800,Hotchkiss,23H,Chevron U.S.A. Inc.,Active,4,2020-03-31,2020-03-31,1,1.0,68.0,10.81,0,122.0,False,,False,,,,
Kern River,040305061800,Hotchkiss,23H,Chevron U.S.A. Inc.,Active,5,2020-07-31,2020-07-31,1,2.0,294.0,46.75,0,61.0,False,,False,,,,
Kern River,040305061800,Hotchkiss,23H,Chevron U.S.A. Inc.,Active,6,2020-09-30,2020-09-30,1,2.0,694.0,110.35,0,,True,,False,,,,
Kern River,040305062000,Bear Flag,24H,Chevron U.S.A. Inc.,Active,0,2019-01-31,2019-03-31,3,6.0,257.0,40.86,0,183.0,False,,False,,,,
Kern River,040305062000,Bear Flag,24H,Chevron U.S.A. Inc.,Active,1,2019-09-30,2019-09-30,1,2.0,131.0,20.83,0,152.0,False,,False,,,,
Kern River,040305062000,Bear Flag,24H,Chevron U.S.A. Inc.,Active,2,2020-02-29,2020-02-29,1,1.0,151.0,24.01,0,153.0,False,,False,,,,
Kern River,040305062000,Bear Flag,24H,Chevron U.S.A. Inc.,Active,3,2020-07-31,2020-07-31,1,2.0,436.0,69.32,0,,True,,False,,,,
Kern River,040305062500,Green & Whittier,344,Chevron U.S.A. Inc.,Active,0,2018-02-28,2018-03-31,2,3.0,380.0,60.42,0,,True,,False,,,,
Kern River,040305071100,Ferne,908,"Kern River Holdings II, LLC",Active,0,2018-02-28,2018-02-28,1,9.0,7105.0,1129.69,0,,True,,False,,,,
Kern River,040305071300,Nukern,108,"Kern River Holdings II, LLC",Active,0,2019-10-31,2019-10-31,1,3.0,1998.0,317.68,0,396.0,False,,False,,,,
Kern River,040305071300,Nukern,108,"Kern River Holdings II, LLC",Active,1,2020-11-30,2020-11-30,1,2.0,1892.0,300.83,0,,True,,False,,,,
Kern River,040305071400,Nukern,611,"Kern River Holdings II, LLC",Active,0,2018-01-31,2018-02-28,2,9.0,7236.0,1150.52,0,365.0,False,,False,,,,
Kern River,040305071400,Nukern,611,"Kern River Holdings II, LLC",Active,1,2019-02-28,2019-02-28,1,10.0,7972.0,1267.55,0,153.0,False,,False,,,,
Kern River,040305071400,Nukern,611,"Kern River Holdings II, LLC",Active,2,2019-07-31,2019-07-31,1,11.0,8080.0,1284.72,0,213.0,False,,False,,,,
Kern River,040305071400,Nukern,611,"Kern River Holdings II, LLC",Active,3,2020-02-29,2020-02-29,1,3.0,1009.0,160.43,0,,True,,False,,,,
Kern River,040305071600,Nukern,711,"Kern River Holdings II, LLC",Active,0,2021-03-31,2021-03-31,1,3.0,1944.0,309.1,0,,True,,False,,,,
Kern River,040305071800,Nukern,810,"Kern River Holdings II, LLC",Plugged,0,2018-01-31,2018-01-31,1,9.0,7200.0,1144.8,0,,True,,False,,,,
Kern River,040305074000,Nukern,801-I,"Kern River Holdings II, LLC",Active,0,2020-12-31,2020-12-31,1,2.0,2114.0,336.13,0,273.0,False,,False,,,,
Kern River,040305074000,Nukern,801-I,"Kern River Holdings II, LLC",Active,1,2021-09-30,2021-09-30,1,3.0,3005.0,477.8,0,,True,,False,,,,
Kern River,040305075000,Unspecified,33-872H,Chevron U.S.A. Inc.,Idle,0,2019-04-30,2019-04-30,1,1.0,131.0,20.83,0,184.0,False,,False,,,,
Kern River,040305075000,Unspecified,33-872H,Chevron U.S.A. Inc.,Idle,1,2019-10-31,2019-11-30,2,2.0,233.0,37.05,0,62.0,False,,False,,,,
Kern River,040305075000,Unspecified,33-872H,Chevron U.S.A. Inc.,Idle,2,2020-01-31,2020-01-31,1,1.0,131.0,20.83,0,,True,,False,,,,
Kern River,040305075100,Unspecified,33-873H,Chevron U.S.A. Inc.,Active,0,2018-01-31,2018-01-31,1,1.0,608.0,96.67,0,454.0,False,,False,,,,
Kern River,040305075100,Unspecified,33-873H,Chevron U.S.A. Inc.,Active,1,2019-04-30,2019-04-30,1,1.0,146.0,23.21,0,214.0,False,,False,,,,
Kern River,040305075100,Unspecified,33-873H,Chevron U.S.A. Inc.,Active,2,2019-11-30,2019-11-30,1,1.0,92.0,14.63,0,62.0,False,,False,,,,
Kern River,040305075100,Unspecified,33-873H,Chevron U.S.A. Inc.,Active,3,2020-01-31,2020-02-29,2,2.0,421.0,66.94,0,306.0,False,,False,,,,
Kern River,040305075100,Unspecified,33-873H,Chevron U.S.A. Inc.,Active,4,2020-12-31,2020-12-31,1,2.0,1062.0,168.86,0,,True,,False,,,,
Kern River,040305075200,Unspecified,33-874H,Chevron U.S.A. Inc.,Active,0,2019-10-31,2019-11-30,2,2.0,220.0,34.98,0,91.0,False,,False,,,,
Kern River,040305075200,Unspecified,33-874H,Chevron U.S.A. Inc.,Active,1,2020-02-29,2020-02-29,1,1.0,106.0,16.85,0,,True,,False,,,,
Kern River,040305086900,San Joaquin,1129H,Chevron U.S.A. Inc.,Active,0,2018-01-31,2018-01-31,1,2.0,1466.0,233.09,0,759.0,False,,False,,,,
Kern River,040305086900,San Joaquin,1129H,Chevron U.S.A. Inc.,Active,1,2020-02-29,2020-02-29,1,1.0,91.0,14.47,0,,True,,False,,,,
Kern River,040305087000,San Joaquin,1130H,Chevron U.S.A. Inc.,Active,0,2018-01-31,2018-01-31,1,1.0,274.0,43.57,0,730.0,False,,False,,,,
Kern River,040305087000,San Joaquin,1130H,Chevron U.S.A. Inc.,Active,1,2020-01-31,2020-01-31,1,3.0,1536.0,244.22,0,60.0,False,,False,,,,
Kern River,040305087000,San Joaquin,1130H,Chevron U.S.A. Inc.,Active,2,2020-03-31,2020-03-31,1,2.0,131.0,20.83,0,275.0,False,,False,,,,
Kern River,040305087000,San Joaquin,1130H,Chevron U.S.A. Inc.,Active,3,2020-12-31,2020-12-31,1,2.0,946.0,150.41,0,,True,,False,,,,
Kern River,040305087100,San Joaquin,1128H,Chevron U.S.A. Inc.,Active,0,2018-01-31,2018-01-31,1,2.0,782.0,124.34,0,577.0,False,,False,,,,
Kern River,040305087100,San Joaquin,1128H,Chevron U.S.A. Inc.,Active,1,2019-08-31,2019-08-31,1,1.0,142.0,22.58,0,61.0,False,,False,,,,
Kern River,040305087100,San Joaquin,1128H,Chevron U.S.A. Inc.,Active,2,2019-10-31,2019-11-30,2,2.0,219.0,34.82,0,,True,,False,,,,
Kern River,040305087200,San Joaquin,1131H,Chevron U.S.A. Inc.,Active,0,2018-01-31,2018-01-31,1,2.0,409.0,65.03,0,,True,,False,,,,
Kern River,040305087201,San Joaquin,1131H,Chevron U.S.A. Inc.,Active,0,2019-12-31,2019-12-31,1,1.0,152.0,24.17,0,60.0,False,,False,,,,
Kern River,040305087201,San Joaquin,1131H,Chevron U.S.A. Inc.,Active,1,2020-02-29,2020-02-29,1,2.0,165.0,26.23,0,306.0,False,,False,,,,
Kern River,040305087201,San Joaquin,1131H,Chevron U.S.A. Inc.,Active,2,2020-12-31,2020-12-31,1,2.0,1323.0,210.36,0,,True,,False,,,,
Kern River,040305087300,Marco Fee,139H,Chevron U.S.A. Inc.,Active,0,2019-03-31,2019-03-31,1,1.0,149.0,23.69,0,61.0,False,,False,,,,
Kern River,040305087300,Marco Fee,139H,Chevron U.S.A. Inc.,Active,1,2019-05-31,2019-05-31,1,11.0,8397.0,1335.12,0,61.0,False,,False,,,,
Kern River,040305087300,Marco Fee,139H,Chevron U.S.A. Inc.,Active,2,2019-07-31,2019-08-31,2,11.0,6636.0,1055.12,0,61.0,False,,False,,,,
Kern River,040305087300,Marco Fee,139H,Chevron U.S.A. Inc.,Active,3,2019-10-31,2019-10-31,1,1.0,110.0,17.49,0,61.0,False,,False,,,,
Kern River,040305087300,Marco Fee,139H,Chevron U.S.A. Inc.,Active,4,2019-12-31,2019-12-31,1,2.0,125.0,19.88,0,,True,,False,,,,
Kern River,040305087400,Marco Fee,140H,Chevron U.S.A. Inc.,Active,0,2019-03-31,2019-06-30,4,33.0,26127.0,4154.19,0,123.0,False,,False,,,,
Kern River,040305087400,Marco Fee,140H,Chevron U.S.A. Inc.,Active,1,2019-10-31,2019-12-31,3,3.0,389.0,61.85,0,60.0,False,,False,,,,
Kern River,040305087400,Marco Fee,140H,Chevron U.S.A. Inc.,Active,2,2020-02-29,2020-02-29,1,1.0,117.0,18.6,0,,True,,False,,,,
Kern River,040305087600,Oakland,97H,Chevron U.S.A. Inc.,Active,0,2018-02-28,2018-02-28,1,1.0,187.0,29.73,0,518.0,False,,False,,,,
Kern River,040305087600,Oakland,97H,Chevron U.S.A. Inc.,Active,1,2019-07-31,2019-07-31,1,2.0,390.0,62.01,0,92.0,False,,False,,,,
Kern River,040305087600,Oakland,97H,Chevron U.S.A. Inc.,Active,2,2019-10-31,2019-10-31,1,2.0,110.0,17.49,0,92.0,False,,False,,,,
Kern River,040305087600,Oakland,97H,Chevron U.S.A. Inc.,Active,3,2020-01-31,2020-01-31,1,2.0,138.0,21.94,0,,True,,False,,,,
Kern River,040305087700,Sterling,236H,Chevron U.S.A. Inc.,Active,0,2019-09-30,2019-10-31,2,2.0,246.0,39.11,0,61.0,False,,False,,,,
Kern River,040305087700,Sterling,236H,Chevron U.S.A. Inc.,Active,1,2019-12-31,2020-01-31,2,2.0,279.0,44.36,0,60.0,False,,False,,,,
Kern River,040305087700,Sterling,236H,Chevron U.S.A. Inc.,Active,2,2020-03-31,2020-03-31,1,1.0,117.0,18.6,0,275.0,False,,False,,,,
Kern River,040305087700,Sterling,236H,Chevron U.S.A. Inc.,Active,3,2020-12-31,2020-12-31,1,2.0,1122.0,178.4,0,,True,,False,,,,
Kern River,040305087800,Unspecified,25-292H,Chevron U.S.A. Inc.,Active,0,2019-06-30,2019-06-30,1,2.0,988.0,157.09,0,62.0,False,,False,,,,
Kern River,040305087800,Unspecified,25-292H,Chevron U.S.A. Inc.,Active,1,2019-08-31,2019-08-31,1,1.0,98.0,15.58,0,61.0,False,,False,,,,
Kern River,040305087800,Unspecified,25-292H,Chevron U.S.A. Inc.,Active,2,2019-10-31,2019-11-30,2,2.0,396.0,62.96,0,62.0,False,,False,,,,
Kern River,040305087800,Unspecified,25-292H,Chevron U.S.A. Inc.,Active,3,2020-01-31,2020-01-31,1,4.0,1716.0,272.84,0,60.0,False,,False,,,,
Kern River,040305087800,Unspecified,25-292H,Chevron U.S.A. Inc.,Active,4,2020-03-31,2020-03-31,1,1.0,411.0,65.35,0,122.0,False,,False,,,,
Kern River,040305087800,Unspecified,25-292H,Chevron U.S.A. Inc.,Active,5,2020-07-31,2020-07-31,1,2.0,729.0,115.91,0,61.0,False,,False,,,,
Kern River,040305087800,Unspecified,25-292H,Chevron U.S.A. Inc.,Active,6,2020-09-30,2020-09-30,1,2.0,691.0,109.87,0,,True,,False,,,,
Kern River,040305087900,Unspecified,25-294H,Chevron U.S.A. Inc.,Active,0,2019-05-31,2019-05-31,1,1.0,178.0,28.3,0,,True,,False,,,,
Kern River,040305088000,Unspecified,25-293H,Chevron U.S.A. Inc.,Active,0,2019-11-30,2019-11-30,1,1.0,81.0,12.88,0,62.0,False,,False,,,,
Kern River,040305088000,Unspecified,25-293H,Chevron U.S.A. Inc.,Active,1,2020-01-31,2020-01-31,1,1.0,390.0,62.01,0,,True,,False,,,,
Kern River,040305097700,Oakland,96H,Chevron U.S.A. Inc.,Active,0,2018-01-31,2018-01-31,1,2.0,602.0,95.72,0,638.0,False,,False,,,,
Kern River,040305097700,Oakland,96H,Chevron U.S.A. Inc.,Active,1,2019-10-31,2019-11-30,2,2.0,207.0,32.91,0,62.0,False,,False,,,,
Kern River,040305097700,Oakland,96H,Chevron U.S.A. Inc.,Active,2,2020-01-31,2020-01-31,1,2.0,138.0,21.94,0,,True,,False,,,,
Kern River,040305098000,San Joaquin,1133H,Chevron U.S.A. Inc.,Active,0,2018-01-31,2018-01-31,1,1.0,259.0,41.18,0,,True,,False,,,,
Kern River,040305098300,Cortez,70H,Chevron U.S.A. Inc.,Active,0,2019-01-31,2019-02-28,2,4.0,152.0,24.17,0,245.0,False,,False,,,,
Kern River,040305098300,Cortez,70H,Chevron U.S.A. Inc.,Active,1,2019-10-31,2019-11-30,2,3.0,316.0,50.24,0,62.0,False,,False,,,,
Kern River,040305098300,Cortez,70H,Chevron U.S.A. Inc.,Active,2,2020-01-31,2020-02-29,2,3.0,252.0,40.07,0,306.0,False,,False,,,,
Kern River,040305098300,Cortez,70H,Chevron U.S.A. Inc.,Active,3,2020-12-31,2020-12-31,1,2.0,1244.0,197.8,0,,True,,False,,,,
Kern River,040305098400,San Joaquin,1132H,Chevron U.S.A. Inc.,Active,0,2018-01-31,2018-01-31,1,1.0,209.0,33.23,0,668.0,False,,False,,,,
Kern River,040305098400,San Joaquin,1132H,Chevron U.S.A. Inc.,Active,1,2019-11-30,2019-11-30,1,1.0,100.0,15.9,0,91.0,False,,False,,,,
Kern River,040305098400,San Joaquin,1132H,Chevron U.S.A. Inc.,Active,2,2020-02-29,2020-02-29,1,2.0,93.0,14.79,0,306.0,False,,False,,,,
Kern River,040305098400,San Joaquin,1132H,Chevron U.S.A. Inc.,Active,3,2020-12-31,2020-12-31,1,2.0,1535.0,244.06,0,,True,,False,,,,
Kern River,040305127800,Unspecified,33-863H,Chevron U.S.A. Inc.,Active,0,2019-01-31,2019-02-28,2,2.0,354.0,56.29,0,61.0,False,,False,,,,
Kern River,040305127800,Unspecified,33-863H,Chevron U.S.A. Inc.,Active,1,2019-04-30,2019-04-30,1,1.0,134.0,21.31,0,123.0,False,,False,,,,
Kern River,040305127800,Unspecified,33-863H,Chevron U.S.A. Inc.,Active,2,2019-08-31,2019-08-31,1,1.0,119.0,18.92,0,61.0,False,,False,,,,
Kern River,040305127800,Unspecified,33-863H,Chevron U.S.A. Inc.,Active,3,2019-10-31,2019-11-30,2,3.0,322.0,51.2,0,91.0,False,,False,,,,
Kern River,040305127800,Unspecified,33-863H,Chevron U.S.A. Inc.,Active,4,2020-02-29,2020-02-29,1,1.0,93.0,14.79,0,,True,,False,,,,
Kern River,040305127900,Unspecified,33-864H,Chevron U.S.A. Inc.,Active,0,2019-03-31,2019-04-30,2,3.0,561.0,89.2,0,123.0,False,,False,,,,
Kern River,040305127900,Unspecified,33-864H,Chevron U.S.A. Inc.,Active,1,2019-08-31,2019-08-31,1,2.0,114.0,18.13,0,,True,,False,,,,
Kern River,040305128000,Unspecified,33-865H,Chevron U.S.A. Inc.,Active,0,2018-01-31,2018-01-31,1,1.0,577.0,91.74,0,424.0,False,,False,,,,
Kern River,040305128000,Unspecified,33-865H,Chevron U.S.A. Inc.,Active,1,2019-03-31,2019-03-31,1,1.0,135.0,21.46,0,214.0,False,,False,,,,
Kern River,040305128000,Unspecified,33-865H,Chevron U.S.A. Inc.,Active,2,2019-10-31,2019-11-30,2,2.0,200.0,31.8,0,91.0,False,,False,,,,
Kern River,040305128000,Unspecified,33-865H,Chevron U.S.A. Inc.,Active,3,2020-02-29,2020-02-29,1,1.0,93.0,14.79,0,,True,,False,,,,
Kern River,040305128200,Unspecified,33-869H,Chevron U.S.A. Inc.,Active,0,2019-03-31,2019-03-31,1,1.0,130.0,20.67,0,153.0,False,,False,,,,
Kern River,040305128200,Unspecified,33-869H,Chevron U.S.A. Inc.,Active,1,2019-08-31,2019-08-31,1,1.0,107.0,17.01,0,61.0,False,,False,,,,
Kern River,040305128200,Unspecified,33-869H,Chevron U.S.A. Inc.,Active,2,2019-10-31,2019-11-30,2,2.0,236.0,37.52,0,62.0,False,,False,,,,
Kern River,040305128200,Unspecified,33-869H,Chevron U.S.A. Inc.,Active,3,2020-01-31,2020-01-31,1,1.0,135.0,21.46,0,60.0,False,,False,,,,
Kern River,040305128200,Unspecified,33-869H,Chevron U.S.A. Inc.,Active,4,2020-03-31,2020-03-31,1,1.0,116.0,18.44,0,275.0,False,,False,,,,
Kern River,040305128200,Unspecified,33-869H,Chevron U.S.A. Inc.,Active,5,2020-12-31,2020-12-31,1,2.0,1057.0,168.06,0,,True,,False,,,,
Kern River,040305146100,Canfield,246,Chevron U.S.A. Inc.,Active,0,2019-03-31,2019-03-31,1,1.0,47.0,7.47,0,,True,,False,,,,
Kern River,040305146400,Chanslor,101,Chevron U.S.A. Inc.,Active,0,2019-12-31,2019-12-31,1,1.0,382.0,60.74,0,91.0,False,,False,,,,
Kern River,040305146400,Chanslor,101,Chevron U.S.A. Inc.,Active,1,2020-03-31,2020-03-31,1,7.0,4193.0,666.69,0,,True,,False,,,,
Kern River,040305147000,Chanslor,90H,Chevron U.S.A. Inc.,Active,0,2019-12-31,2020-01-31,2,4.0,295.0,46.91,0,60.0,False,,False,,,,
Kern River,040305147000,Chanslor,90H,Chevron U.S.A. Inc.,Active,1,2020-03-31,2020-03-31,1,1.0,112.0,17.81,0,183.0,False,,False,,,,
Kern River,040305147000,Chanslor,90H,Chevron U.S.A. Inc.,Active,2,2020-09-30,2020-09-30,1,2.0,1094.0,173.95,0,92.0,False,,False,,,,
Kern River,040305147000,Chanslor,90H,Chevron U.S.A. Inc.,Active,3,2020-12-31,2020-12-31,1,3.0,2116.0,336.44,0,,True,,False,,,,
Kern River,040305147100,Chanslor,91H,Chevron U.S.A. Inc.,Active,0,2019-12-31,2020-01-31,2,3.0,286.0,45.47,0,,True,,False,,,,
Kern River,040305150200,Monte Cristo No. 1,3165,Chevron U.S.A. Inc.,Active,0,2019-04-30,2019-04-30,1,1.0,461.0,73.3,0,305.0,False,,False,,,,
Kern River,040305150200,Monte Cristo No. 1,3165,Chevron U.S.A. Inc.,Active,1,2020-02-29,2020-02-29,1,2.0,722.0,114.8,0,,True,,False,,,,
Kern River,040305150400,Monte Cristo No. 1,3383,Chevron U.S.A. Inc.,Active,0,2020-02-29,2020-02-29,1,2.0,100.0,15.9,0,,True,,False,,,,
Kern River,040305150500,Monte Cristo No. 1,3393,Chevron U.S.A. Inc.,Active,0,2019-03-31,2019-03-31,1,2.0,129.0,20.51,0,,True,,False,,,,
Kern River,040305150700,Monte Cristo No. 1,3684,Chevron U.S.A. Inc.,Active,0,2020-02-29,2020-02-29,1,2.0,653.0,103.83,0,153.0,False,,False,,,,
Kern River,040305150700,Monte Cristo No. 1,3684,Chevron U.S.A. Inc.,Active,1,2020-07-31,2020-07-31,1,3.0,1544.0,245.5,0,,True,,False,,,,
Kern River,040305167100,San Joaquin,1135,Chevron U.S.A. Inc.,Active,0,2018-01-31,2018-01-31,1,1.0,256.0,40.7,0,,True,,False,,,,
Kern River,040305189800,Chanslor,536H,Chevron U.S.A. Inc.,Active,0,2019-06-30,2019-06-30,1,2.0,129.0,20.51,0,123.0,False,,False,,,,
Kern River,040305189800,Chanslor,536H,Chevron U.S.A. Inc.,Active,1,2019-10-31,2019-11-30,2,2.0,262.0,41.66,0,91.0,False,,False,,,,
Kern River,040305189800,Chanslor,536H,Chevron U.S.A. Inc.,Active,2,2020-02-29,2020-02-29,1,1.0,137.0,21.78,0,306.0,False,,False,,,,
Kern River,040305189800,Chanslor,536H,Chevron U.S.A. Inc.,Active,3,2020-12-31,2020-12-31,1,2.0,1108.0,176.17,0,,True,,False,,,,
Kern River,040305192900,Del Rey Fee,66H,Chevron U.S.A. Inc.,Active,0,2019-10-31,2019-11-30,2,4.0,254.0,40.39,0,62.0,False,,False,,,,
Kern River,040305192900,Del Rey Fee,66H,Chevron U.S.A. Inc.,Active,1,2020-01-31,2020-01-31,1,1.0,121.0,19.24,0,335.0,False,,False,,,,
Kern River,040305192900,Del Rey Fee,66H,Chevron U.S.A. Inc.,Active,2,2020-12-31,2020-12-31,1,2.0,1084.0,172.36,0,,True,,False,,,,
Kern River,040305207500,Green & Whittier,354,Chevron U.S.A. Inc.,Active,0,2019-10-31,2019-10-31,1,2.0,817.0,129.9,0,,True,,False,,,,
Kern River,040305207600,Green & Whittier,355,Chevron U.S.A. Inc.,Active,0,2018-01-31,2018-01-31,1,1.0,622.0,98.9,0,,True,,False,,,,
Kern River,040305207700,Green & Whittier,356,Chevron U.S.A. Inc.,Active,0,2018-01-31,2019-02-28,3,3.0,274.0,43.57,0,122.0,False,,False,,,,
Kern River,040305207700,Green & Whittier,356,Chevron U.S.A. Inc.,Active,1,2019-06-30,2019-06-30,1,2.0,140.0,22.26,0,519.0,False,,False,,,,
Kern River,040305207700,Green & Whittier,356,Chevron U.S.A. Inc.,Active,2,2020-11-30,2020-11-30,1,2.0,914.0,145.33,0,,True,,False,,,,
Kern River,040305208200,Wilson,24H,Chevron U.S.A. Inc.,Active,0,2018-02-28,2018-03-31,2,4.0,1660.0,263.94,0,61.0,False,,False,,,,
Kern River,040305208200,Wilson,24H,Chevron U.S.A. Inc.,Active,1,2018-05-31,2018-08-31,2,2.0,1591.0,252.97,0,365.0,False,,False,,,,
Kern River,040305208200,Wilson,24H,Chevron U.S.A. Inc.,Active,2,2019-08-31,2019-08-31,1,1.0,123.0,19.56,0,61.0,False,,False,,,,
Kern River,040305208200,Wilson,24H,Chevron U.S.A. Inc.,Active,3,2019-10-31,2019-12-31,3,6.0,419.0,66.62,0,60.0,False,,False,,,,
Kern River,040305208200,Wilson,24H,Chevron U.S.A. Inc.,Active,4,2020-02-29,2020-02-29,1,1.0,99.0,15.74,0,61.0,False,,False,,,,
Kern River,040305208200,Wilson,24H,Chevron U.S.A. Inc.,Active,5,2020-04-30,2020-04-30,1,2.0,871.0,138.49,0,92.0,False,,False,,,,
Kern River,040305208200,Wilson,24H,Chevron U.S.A. Inc.,Active,6,2020-07-31,2020-08-31,2,8.0,5722.0,909.8,0,,True,,False,,,,
Kern River,040305208300,Kern River Mutual,26H,Chevron U.S.A. Inc.,Active,0,2019-04-30,2019-04-30,1,1.0,50.0,7.95,0,184.0,False,,False,,,,
Kern River,040305208300,Kern River Mutual,26H,Chevron U.S.A. Inc.,Active,1,2019-10-31,2020-01-31,4,7.0,656.0,104.3,0,,True,,False,,,,
Kern River,040305213800,Kern,217,Chevron U.S.A. Inc.,Active,0,2019-09-30,2019-09-30,1,1.0,141.0,22.42,0,,True,,False,,,,
Kern River,040305214000,Kernview,187,Chevron U.S.A. Inc.,Active,0,2019-03-31,2019-03-31,1,1.0,55.0,8.75,0,214.0,False,,False,,,,
Kern River,040305214000,Kernview,187,Chevron U.S.A. Inc.,Active,1,2019-10-31,2019-10-31,1,1.0,125.0,19.88,0,,True,,False,,,,
Kern River,040305214100,Kernview,186,Chevron U.S.A. Inc.,Active,0,2019-04-30,2019-04-30,1,1.0,45.0,7.16,0,184.0,False,,False,,,,
Kern River,040305214100,Kernview,186,Chevron U.S.A. Inc.,Active,1,2019-10-31,2019-10-31,1,1.0,127.0,20.19,0,,True,,False,,,,
Kern River,040305214200,Kern,219,Chevron U.S.A. Inc.,Active,0,2019-10-31,2019-10-31,1,2.0,150.0,23.85,0,,True,,False,,,,
Kern River,040305214300,Kern,218,Chevron U.S.A. Inc.,Active,0,2019-10-31,2019-10-31,1,1.0,131.0,20.83,0,,True,,False,,,,
Kern River,040305214400,Kern,216,Chevron U.S.A. Inc.,Active,0,2019-10-31,2019-10-31,1,1.0,132.0,20.99,0,,True,,False,,,,
Kern River,040305214500,Kernview,189,Chevron U.S.A. Inc.,Active,0,2019-04-30,2019-04-30,1,1.0,45.0,7.16,0,184.0,False,,False,,,,
Kern River,040305214500,Kernview,189,Chevron U.S.A. Inc.,Active,1,2019-10-31,2019-10-31,1,1.0,126.0,20.03,0,,True,,False,,,,
Kern River,040305214700,Stephens,208,Chevron U.S.A. Inc.,Active,0,2019-03-31,2019-03-31,1,1.0,144.0,22.9,0,,True,,False,,,,
Kern River,040305214800,Kernview,188,Chevron U.S.A. Inc.,Active,0,2019-10-31,2019-10-31,1,1.0,120.0,19.08,0,,True,,False,,,,
Kern River,040305214900,Stephens,209,Chevron U.S.A. Inc.,Active,0,2019-03-31,2019-03-31,1,1.0,144.0,22.9,0,,True,,False,,,,
Kern River,040305215000,Stephens,207,Chevron U.S.A. Inc.,Active,0,2019-03-31,2019-03-31,1,1.0,144.0,22.9,0,,True,,False,,,,
Kern River,040305215100,Stephens,206,Chevron U.S.A. Inc.,Active,0,2019-03-31,2019-03-31,1,1.0,144.0,22.9,0,,True,,False,,,,
Kern River,040305215200,Kernview,192,Chevron U.S.A. Inc.,Active,0,2019-01-31,2019-02-28,2,2.0,84.0,13.36,0,61.0,False,,False,,,,
Kern River,040305215200,Kernview,192,Chevron U.S.A. Inc.,Active,1,2019-04-30,2019-04-30,1,1.0,46.0,7.31,0,,True,,False,,,,
Kern River,040305215300,Kernview,191,Chevron U.S.A. Inc.,Active,0,2019-01-31,2019-02-28,2,2.0,86.0,13.67,0,61.0,False,,False,,,,
Kern River,040305215300,Kernview,191,Chevron U.S.A. Inc.,Active,1,2019-04-30,2019-04-30,1,1.0,46.0,7.31,0,153.0,False,,False,,,,
Kern River,040305215300,Kernview,191,Chevron U.S.A. Inc.,Active,2,2019-09-30,2019-09-30,1,1.0,140.0,22.26,0,,True,,False,,,,
Kern River,040305215400,Kernview,190,Chevron U.S.A. Inc.,Active,0,2019-03-31,2019-03-31,1,1.0,54.0,8.59,0,61.0,False,,False,,,,
Kern River,040305215400,Kernview,190,Chevron U.S.A. Inc.,Active,1,2019-05-31,2019-05-31,1,1.0,8.0,1.27,0,153.0,False,,False,,,,
Kern River,040305215400,Kernview,190,Chevron U.S.A. Inc.,Active,2,2019-10-31,2019-10-31,1,1.0,125.0,19.88,0,,True,,False,,,,
Kern River,040305226700,Tejon,159H,Chevron U.S.A. Inc.,Active,0,2018-01-31,2018-01-31,1,1.0,187.0,29.73,0,,True,,False,,,,
Kern River,040305233700,Green & Whittier A,616H,Chevron U.S.A. Inc.,Active,0,2019-03-31,2019-03-31,1,2.0,57.0,9.06,0,183.0,False,,False,,,,
Kern River,040305233700,Green & Whittier A,616H,Chevron U.S.A. Inc.,Active,1,2019-09-30,2019-10-31,2,2.0,282.0,44.84,0,61.0,False,,False,,,,
Kern River,040305233700,Green & Whittier A,616H,Chevron U.S.A. Inc.,Active,2,2019-12-31,2020-01-31,2,2.0,273.0,43.41,0,60.0,False,,False,,,,
Kern River,040305233700,Green & Whittier A,616H,Chevron U.S.A. Inc.,Active,3,2020-03-31,2020-03-31,1,1.0,123.0,19.56,0,,True,,False,,,,
Kern River,040305233900,Green & Whittier A,617H,Chevron U.S.A. Inc.,Active,0,2019-05-31,2019-05-31,1,1.0,4.0,0.64,0,,True,,False,,,,
Kern River,040305234001,Amazon,75H,Chevron U.S.A. Inc.,Active,0,2019-03-31,2019-03-31,1,2.0,48.0,7.63,0,214.0,False,,False,,,,
Kern River,040305234001,Amazon,75H,Chevron U.S.A. Inc.,Active,1,2019-10-31,2019-11-30,2,2.0,288.0,45.79,0,62.0,False,,False,,,,
Kern River,040305234001,Amazon,75H,Chevron U.S.A. Inc.,Active,2,2020-01-31,2020-02-29,2,3.0,717.0,114.0,0,,True,,False,,,,
Kern River,040305234200,Amazon,76H,Chevron U.S.A. Inc.,Active,0,2019-05-31,2019-05-31,1,1.0,3.0,0.48,0,153.0,False,,False,,,,
Kern River,040305234200,Amazon,76H,Chevron U.S.A. Inc.,Active,1,2019-10-31,2019-10-31,1,1.0,138.0,21.94,0,,True,,False,,,,
Kern River,040305268100,Unspecified,33-866H,Chevron U.S.A. Inc.,Active,0,2019-03-31,2019-03-31,1,1.0,129.0,20.51,0,214.0,False,,False,,,,
Kern River,040305268100,Unspecified,33-866H,Chevron U.S.A. Inc.,Active,1,2019-10-31,2019-12-31,3,4.0,331.0,52.63,0,,True,,False,,,,
Kern River,040305268600,KCL-10,125,Chevron U.S.A. Inc.,Active,0,2018-01-31,2018-02-28,2,2.0,338.0,53.74,0,184.0,False,,False,,,,
Kern River,040305268600,KCL-10,125,Chevron U.S.A. Inc.,Active,1,2018-08-31,2018-08-31,1,1.0,132.0,20.99,0,212.0,False,,False,,,,
Kern River,040305268600,KCL-10,125,Chevron U.S.A. Inc.,Active,2,2019-03-31,2019-03-31,1,2.0,30.0,4.77,0,,True,,False,,,,
Kern River,040305268700,KCL-10,123,Chevron U.S.A. Inc.,Active,0,2018-01-31,2018-02-28,2,2.0,236.0,37.52,0,184.0,False,,False,,,,
Kern River,040305268700,KCL-10,123,Chevron U.S.A. Inc.,Active,1,2018-08-31,2018-08-31,1,1.0,139.0,22.1,0,212.0,False,,False,,,,
Kern River,040305268700,KCL-10,123,Chevron U.S.A. Inc.,Active,2,2019-03-31,2019-03-31,1,2.0,43.0,6.84,0,,True,,False,,,,
Kern River,040305268900,Chanslor,94H,Chevron U.S.A. Inc.,Active,0,2019-08-31,2019-08-31,1,1.0,141.0,22.42,0,91.0,False,,False,,,,
Kern River,040305268900,Chanslor,94H,Chevron U.S.A. Inc.,Active,1,2019-11-30,2019-12-31,2,3.0,322.0,51.2,0,91.0,False,,False,,,,
Kern River,040305268900,Chanslor,94H,Chevron U.S.A. Inc.,Active,2,2020-03-31,2020-03-31,1,1.0,105.0,16.7,0,122.0,False,,False,,,,
Kern River,040305268900,Chanslor,94H,Chevron U.S.A. Inc.,Active,3,2020-07-31,2020-07-31,1,2.0,833.0,132.45,0,,True,,False,,,,
Kern River,040305269300,Chanslor,93H,Chevron U.S.A. Inc.,Active,0,2019-04-30,2019-04-30,1,1.0,50.0,7.95,0,123.0,False,,False,,,,
Kern River,040305269300,Chanslor,93H,Chevron U.S.A. Inc.,Active,1,2019-08-31,2019-08-31,1,1.0,123.0,19.56,0,122.0,False,,False,,,,
Kern River,040305269300,Chanslor,93H,Chevron U.S.A. Inc.,Active,2,2019-12-31,2020-01-31,2,3.0,289.0,45.95,0,60.0,False,,False,,,,
Kern River,040305269300,Chanslor,93H,Chevron U.S.A. Inc.,Active,3,2020-03-31,2020-03-31,1,1.0,105.0,16.7,0,122.0,False,,False,,,,
Kern River,040305269300,Chanslor,93H,Chevron U.S.A. Inc.,Active,4,2020-07-31,2020-07-31,1,2.0,833.0,132.45,0,61.0,False,,False,,,,
Kern River,040305269300,Chanslor,93H,Chevron U.S.A. Inc.,Active,5,2020-09-30,2020-09-30,1,2.0,1082.0,172.04,0,,True,,False,,,,
Kern River,040305276100,Green & Whittier,349H,Chevron U.S.A. Inc.,Active,0,2018-02-28,2019-02-28,3,5.0,338.0,53.74,0,245.0,False,,False,,,,
Kern River,040305276100,Green & Whittier,349H,Chevron U.S.A. Inc.,Active,1,2019-10-31,2019-10-31,1,1.0,126.0,20.03,0,61.0,False,,False,,,,
Kern River,040305276100,Green & Whittier,349H,Chevron U.S.A. Inc.,Active,2,2019-12-31,2019-12-31,1,1.0,115.0,18.29,0,60.0,False,,False,,,,
Kern River,040305276100,Green & Whittier,349H,Chevron U.S.A. Inc.,Active,3,2020-02-29,2020-02-29,1,1.0,157.0,24.96,0,153.0,False,,False,,,,
Kern River,040305276100,Green & Whittier,349H,Chevron U.S.A. Inc.,Active,4,2020-07-31,2020-07-31,1,2.0,458.0,72.82,0,,True,,False,,,,
Kern River,040305276200,Kern River Mutual,27H,Chevron U.S.A. Inc.,Active,0,2019-01-31,2019-02-28,2,2.0,96.0,15.26,0,214.0,False,,False,,,,
Kern River,040305276200,Kern River Mutual,27H,Chevron U.S.A. Inc.,Active,1,2019-09-30,2019-09-30,1,1.0,155.0,24.64,0,,True,,False,,,,
Kern River,040305285500,Chanslor,95H,Chevron U.S.A. Inc.,Active,0,2018-01-31,2018-02-28,2,2.0,466.0,74.09,0,,True,,False,,,,
Kern River,040305285501,Chanslor,95H,Chevron U.S.A. Inc.,Active,0,2018-04-30,2018-04-30,1,2.0,736.0,117.02,0,123.0,False,,False,,,,
Kern River,040305285501,Chanslor,95H,Chevron U.S.A. Inc.,Active,1,2018-08-31,2019-02-28,3,4.0,281.0,44.68,0,61.0,False,,False,,,,
Kern River,040305285501,Chanslor,95H,Chevron U.S.A. Inc.,Active,2,2019-04-30,2019-04-30,1,1.0,46.0,7.31,0,153.0,False,,False,,,,
Kern River,040305285501,Chanslor,95H,Chevron U.S.A. Inc.,Active,3,2019-09-30,2019-09-30,1,1.0,160.0,25.44,0,61.0,False,,False,,,,
Kern River,040305285501,Chanslor,95H,Chevron U.S.A. Inc.,Active,4,2019-11-30,2020-01-31,3,5.0,488.0,77.59,0,60.0,False,,False,,,,
Kern River,040305285501,Chanslor,95H,Chevron U.S.A. Inc.,Active,5,2020-03-31,2020-03-31,1,1.0,103.0,16.38,0,153.0,False,,False,,,,
Kern River,040305285501,Chanslor,95H,Chevron U.S.A. Inc.,Active,6,2020-08-31,2020-08-31,1,2.0,804.0,127.84,0,,True,,False,,,,
Kern River,040305285900,Unspecified,33-881H,Chevron U.S.A. Inc.,Active,0,2019-04-30,2019-04-30,1,1.0,140.0,22.26,0,153.0,False,,False,,,,
Kern River,040305285900,Unspecified,33-881H,Chevron U.S.A. Inc.,Active,1,2019-09-30,2019-10-31,2,2.0,521.0,82.84,0,92.0,False,,False,,,,
Kern River,040305285900,Unspecified,33-881H,Chevron U.S.A. Inc.,Active,2,2020-01-31,2020-01-31,1,1.0,135.0,21.46,0,335.0,False,,False,,,,
Kern River,040305285900,Unspecified,33-881H,Chevron U.S.A. Inc.,Active,3,2020-12-31,2020-12-31,1,2.0,1057.0,168.06,0,,True,,False,,,,
Kern River,040305286000,San Joaquin,1140H,Chevron U.S.A. Inc.,Active,0,2019-03-31,2019-03-31,1,1.0,164.0,26.08,0,214.0,False,,False,,,,
Kern River,040305286000,San Joaquin,1140H,Chevron U.S.A. Inc.,Active,1,2019-10-31,2019-11-30,2,3.0,262.0,41.66,0,,True,,False,,,,
Kern River,040305286100,Chanslor,96H,Chevron U.S.A. Inc.,Active,0,2018-02-28,2018-02-28,1,2.0,580.0,92.22,0,61.0,False,,False,,,,
Kern River,040305286100,Chanslor,96H,Chevron U.S.A. Inc.,Active,1,2018-04-30,2019-02-28,5,7.0,1230.0,195.57,0,61.0,False,,False,,,,
Kern River,040305286100,Chanslor,96H,Chevron U.S.A. Inc.,Active,2,2019-04-30,2019-04-30,1,1.0,49.0,7.79,0,214.0,False,,False,,,,
Kern River,040305286100,Chanslor,96H,Chevron U.S.A. Inc.,Active,3,2019-11-30,2019-11-30,1,1.0,174.0,27.67,0,62.0,False,,False,,,,
Kern River,040305286100,Chanslor,96H,Chevron U.S.A. Inc.,Active,4,2020-01-31,2020-01-31,1,2.0,876.0,139.28,0,60.0,False,,False,,,,
Kern River,040305286100,Chanslor,96H,Chevron U.S.A. Inc.,Active,5,2020-03-31,2020-03-31,1,1.0,103.0,16.38,0,,True,,False,,,,
Kern River,040305286200,San Joaquin,1141H,Chevron U.S.A. Inc.,Active,0,2018-02-28,2018-03-31,2,3.0,1388.0,220.69,0,61.0,False,,False,,,,
Kern River,040305286200,San Joaquin,1141H,Chevron U.S.A. Inc.,Active,1,2018-05-31,2019-02-28,4,5.0,1434.0,228.01,0,214.0,False,,False,,,,
Kern River,040305286200,San Joaquin,1141H,Chevron U.S.A. Inc.,Active,2,2019-09-30,2019-09-30,1,1.0,146.0,23.21,0,61.0,False,,False,,,,
Kern River,040305286200,San Joaquin,1141H,Chevron U.S.A. Inc.,Active,3,2019-11-30,2019-11-30,1,1.0,113.0,17.97,0,62.0,False,,False,,,,
Kern River,040305286200,San Joaquin,1141H,Chevron U.S.A. Inc.,Active,4,2020-01-31,2020-01-31,1,2.0,183.0,29.1,0,60.0,False,,False,,,,
Kern River,040305286200,San Joaquin,1141H,Chevron U.S.A. Inc.,Active,5,2020-03-31,2020-03-31,1,2.0,159.0,25.28,0,122.0,False,,False,,,,
Kern River,040305286200,San Joaquin,1141H,Chevron U.S.A. Inc.,Active,6,2020-07-31,2020-07-31,1,3.0,1912.0,304.01,0,,True,,False,,,,
Kern River,040305286401,Unspecified,33-877H,Chevron U.S.A. Inc.,Active,0,2019-08-31,2019-09-30,2,3.0,227.0,36.09,0,61.0,False,,False,,,,
Kern River,040305286401,Unspecified,33-877H,Chevron U.S.A. Inc.,Active,1,2019-11-30,2019-11-30,1,1.0,91.0,14.47,0,91.0,False,,False,,,,
Kern River,040305286401,Unspecified,33-877H,Chevron U.S.A. Inc.,Active,2,2020-02-29,2020-02-29,1,1.0,93.0,14.79,0,,True,,False,,,,
Kern River,040305286500,Unspecified,33-880H,Chevron U.S.A. Inc.,Active,0,2019-03-31,2019-03-31,1,1.0,146.0,23.21,0,153.0,False,,False,,,,
Kern River,040305286500,Unspecified,33-880H,Chevron U.S.A. Inc.,Active,1,2019-08-31,2019-08-31,1,1.0,110.0,17.49,0,,True,,False,,,,
Kern River,040305286600,Unspecified,33-876H,Chevron U.S.A. Inc.,Active,0,2018-02-28,2018-02-28,1,2.0,583.0,92.7,0,,True,,False,,,,
Kern River,040305286601,Unspecified,33-876H,Chevron U.S.A. Inc.,Active,0,2019-03-31,2019-03-31,1,2.0,137.0,21.78,0,183.0,False,,False,,,,
Kern River,040305286601,Unspecified,33-876H,Chevron U.S.A. Inc.,Active,1,2019-09-30,2019-10-31,2,2.0,521.0,82.84,0,61.0,False,,False,,,,
Kern River,040305286601,Unspecified,33-876H,Chevron U.S.A. Inc.,Active,2,2019-12-31,2019-12-31,1,2.0,133.0,21.15,0,91.0,False,,False,,,,
Kern River,040305286601,Unspecified,33-876H,Chevron U.S.A. Inc.,Active,3,2020-03-31,2020-03-31,1,1.0,106.0,16.85,0,,True,,False,,,,
Kern River,040305286700,Unspecified,33-875H,Chevron U.S.A. Inc.,Active,0,2019-01-31,2019-02-28,2,2.0,282.0,44.84,0,61.0,False,,False,,,,
Kern River,040305286700,Unspecified,33-875H,Chevron U.S.A. Inc.,Active,1,2019-04-30,2019-04-30,1,1.0,140.0,22.26,0,184.0,False,,False,,,,
Kern River,040305286700,Unspecified,33-875H,Chevron U.S.A. Inc.,Active,2,2019-10-31,2019-10-31,1,1.0,110.0,17.49,0,152.0,False,,False,,,,
Kern River,040305286700,Unspecified,33-875H,Chevron U.S.A. Inc.,Active,3,2020-03-31,2020-03-31,1,1.0,106.0,16.85,0,,True,,False,,,,
Kern River,040305292000,Mecca,80H,Chevron U.S.A. Inc.,Active,0,2019-01-31,2019-06-30,6,38.0,28510.0,4533.09,0,184.0,False,,False,,,,
Kern River,040305292000,Mecca,80H,Chevron U.S.A. Inc.,Active,1,2019-12-31,2019-12-31,1,2.0,798.0,126.88,0,60.0,False,,False,,,,
Kern River,040305292000,Mecca,80H,Chevron U.S.A. Inc.,Active,2,2020-02-29,2020-04-30,3,3.0,862.0,137.06,0,,True,,False,,,,
Kern River,040305292200,Marco Fee,141H,Chevron U.S.A. Inc.,Active,0,2019-04-30,2019-04-30,1,1.0,133.0,21.15,0,184.0,False,,False,,,,
Kern River,040305292200,Marco Fee,141H,Chevron U.S.A. Inc.,Active,1,2019-10-31,2020-01-31,4,4.0,485.0,77.11,0,,True,,False,,,,
Kern River,040305292700,Queen Esther,42,Chevron U.S.A. Inc.,Active,0,2018-02-28,2018-02-28,1,1.0,409.0,65.03,0,762.0,False,,False,,,,
Kern River,040305292700,Queen Esther,42,Chevron U.S.A. Inc.,Active,1,2020-03-31,2020-03-31,1,2.0,168.0,26.71,0,,True,,False,,,,
Kern River,040305292800,Queen Esther,41,Chevron U.S.A. Inc.,Active,0,2018-02-28,2018-02-28,1,1.0,220.0,34.98,0,,True,,False,,,,
Kern River,040305292900,Queen Esther,40,Chevron U.S.A. Inc.,Active,0,2018-01-31,2018-01-31,1,1.0,145.0,23.05,0,943.0,False,,False,,,,
Kern River,040305292900,Queen Esther,40,Chevron U.S.A. Inc.,Active,1,2020-08-31,2020-08-31,1,1.0,143.0,22.74,0,,True,,False,,,,
Kern River,040305304300,Kern River Drillers,179H,Chevron U.S.A. Inc.,Active,0,2018-01-31,2018-01-31,1,1.0,554.0,88.09,0,,True,,False,,,,
Kern River,040305304400,Kern River Drillers,177H,Chevron U.S.A. Inc.,Idle,0,2018-01-31,2018-01-31,1,1.0,659.0,104.78,0,,True,,False,,,,
Kern River,040305304500,Kern River Drillers,178H,Chevron U.S.A. Inc.,Plugged,0,2018-01-31,2018-01-31,1,2.0,220.0,34.98,0,,True,,False,,,,
Kern River,040305304600,Davis Fee,107H,Chevron U.S.A. Inc.,Active,0,2019-10-31,2019-10-31,1,1.0,123.0,19.56,0,61.0,False,,False,,,,
Kern River,040305304600,Davis Fee,107H,Chevron U.S.A. Inc.,Active,1,2019-12-31,2020-01-31,2,4.0,257.0,40.86,0,,True,,False,,,,
Kern River,040305304700,Green & Whittier,360H,Chevron U.S.A. Inc.,Active,0,2018-01-31,2018-01-31,1,1.0,219.0,34.82,0,,True,,False,,,,
Kern River,040305305400,San Joaquin,1142H,Chevron U.S.A. Inc.,Active,0,2019-03-31,2019-03-31,1,1.0,145.0,23.05,0,306.0,False,,False,,,,
Kern River,040305305400,San Joaquin,1142H,Chevron U.S.A. Inc.,Active,1,2020-01-31,2020-02-29,2,4.0,229.0,36.41,0,,True,,False,,,,
Kern River,040305305501,San Joaquin,1144H,Chevron U.S.A. Inc.,Active,0,2019-01-31,2019-02-28,2,4.0,406.0,64.55,0,275.0,False,,False,,,,
Kern River,040305305501,San Joaquin,1144H,Chevron U.S.A. Inc.,Active,1,2019-11-30,2019-11-30,1,2.0,140.0,22.26,0,91.0,False,,False,,,,
Kern River,040305305501,San Joaquin,1144H,Chevron U.S.A. Inc.,Active,2,2020-02-29,2020-02-29,1,1.0,122.0,19.4,0,,True,,False,,,,
Kern River,040305305600,San Joaquin,1139H,Chevron U.S.A. Inc.,Active,0,2020-01-31,2020-01-31,1,2.0,140.0,22.26,0,,True,,False,,,,
Kern River,040305305700,Davis Fee,108H,Chevron U.S.A. Inc.,Active,0,2018-02-28,2018-02-28,1,1.0,163.0,25.92,0,610.0,False,,False,,,,
Kern River,040305305700,Davis Fee,108H,Chevron U.S.A. Inc.,Active,1,2019-10-31,2019-11-30,2,3.0,305.0,48.49,0,91.0,False,,False,,,,
Kern River,040305305700,Davis Fee,108H,Chevron U.S.A. Inc.,Active,2,2020-02-29,2020-02-29,1,2.0,133.0,21.15,0,184.0,False,,False,,,,
Kern River,040305305700,Davis Fee,108H,Chevron U.S.A. Inc.,Active,3,2020-08-31,2020-08-31,1,1.0,150.0,23.85,0,,True,,False,,,,
Kern River,040305305800,Davis Fee,106H,Chevron U.S.A. Inc.,Active,0,2019-11-30,2019-11-30,1,2.0,127.0,20.19,0,91.0,False,,False,,,,
Kern River,040305305800,Davis Fee,106H,Chevron U.S.A. Inc.,Active,1,2020-02-29,2020-02-29,1,2.0,133.0,21.15,0,306.0,False,,False,,,,
Kern River,040305305800,Davis Fee,106H,Chevron U.S.A. Inc.,Active,2,2020-12-31,2020-12-31,1,2.0,1086.0,172.67,0,,True,,False,,,,
Kern River,040305305900,Davis Fee,105H,Chevron U.S.A. Inc.,Active,0,2018-02-28,2018-02-28,1,1.0,161.0,25.6,0,61.0,False,,False,,,,
Kern River,040305305900,Davis Fee,105H,Chevron U.S.A. Inc.,Active,1,2018-04-30,2018-05-31,2,2.0,1323.0,210.36,0,304.0,False,,False,,,,
Kern River,040305305900,Davis Fee,105H,Chevron U.S.A. Inc.,Active,2,2019-03-31,2019-03-31,1,2.0,48.0,7.63,0,183.0,False,,False,,,,
Kern River,040305305900,Davis Fee,105H,Chevron U.S.A. Inc.,Active,3,2019-09-30,2019-10-31,2,3.0,247.0,39.27,0,61.0,False,,False,,,,
Kern River,040305305900,Davis Fee,105H,Chevron U.S.A. Inc.,Active,4,2019-12-31,2020-01-31,2,3.0,267.0,42.45,0,,True,,False,,,,
Kern River,040305306100,Chanslor,97H,Chevron U.S.A. Inc.,Active,0,2019-09-30,2019-09-30,1,1.0,142.0,22.58,0,92.0,False,,False,,,,
Kern River,040305306100,Chanslor,97H,Chevron U.S.A. Inc.,Active,1,2019-12-31,2020-01-31,2,3.0,267.0,42.45,0,60.0,False,,False,,,,
Kern River,040305306100,Chanslor,97H,Chevron U.S.A. Inc.,Active,2,2020-03-31,2020-03-31,1,1.0,112.0,17.81,0,183.0,False,,False,,,,
Kern River,040305306100,Chanslor,97H,Chevron U.S.A. Inc.,Active,3,2020-09-30,2020-09-30,1,2.0,1093.0,173.79,0,,True,,False,,,,
Kern River,040305306200,Chanslor,98H,Chevron U.S.A. Inc.,Active,0,2019-11-30,2020-01-31,3,5.0,1577.0,250.74,0,243.0,False,,False,,,,
Kern River,040305306200,Chanslor,98H,Chevron U.S.A. Inc.,Active,1,2020-09-30,2020-09-30,1,2.0,1087.0,172.83,0,,True,,False,,,,
Kern River,040305317700,Junction,137H,Chevron U.S.A. Inc.,Active,0,2018-01-31,2018-01-31,1,2.0,685.0,108.92,0,607.0,False,,False,,,,
Kern River,040305317700,Junction,137H,Chevron U.S.A. Inc.,Active,1,2019-09-30,2019-09-30,1,1.0,124.0,19.72,0,61.0,False,,False,,,,
Kern River,040305317700,Junction,137H,Chevron U.S.A. Inc.,Active,2,2019-11-30,2019-11-30,1,1.0,125.0,19.88,0,62.0,False,,False,,,,
Kern River,040305317700,Junction,137H,Chevron U.S.A. Inc.,Active,3,2020-01-31,2020-01-31,1,2.0,143.0,22.74,0,,True,,False,,,,
Kern River,040305317900,Tejon,162H,Chevron U.S.A. Inc.,Active,0,2018-02-28,2018-02-28,1,1.0,583.0,92.7,0,,True,,False,,,,
Kern River,040305318000,Unspecified,33-870H,Chevron U.S.A. Inc.,Active,0,2019-03-31,2019-04-30,2,3.0,265.0,42.13,0,184.0,False,,False,,,,
Kern River,040305318000,Unspecified,33-870H,Chevron U.S.A. Inc.,Active,1,2019-10-31,2019-11-30,2,3.0,324.0,51.52,0,62.0,False,,False,,,,
Kern River,040305318000,Unspecified,33-870H,Chevron U.S.A. Inc.,Active,2,2020-01-31,2020-01-31,1,1.0,232.0,36.89,0,60.0,False,,False,,,,
Kern River,040305318000,Unspecified,33-870H,Chevron U.S.A. Inc.,Active,3,2020-03-31,2020-03-31,1,1.0,104.0,16.54,0,,True,,False,,,,
Kern River,040305318200,U.S.A.,21,Chevron U.S.A. Inc.,Active,0,2019-03-31,2019-03-31,1,1.0,167.0,26.55,0,,True,,False,,,,
Kern River,040305319800,U.S.A.,22,Chevron U.S.A. Inc.,Active,0,2019-03-31,2019-03-31,1,1.0,152.0,24.17,0,,True,,False,,,,
Kern River,040305319900,U.S.A.,23,Chevron U.S.A. Inc.,Active,0,2019-03-31,2019-03-31,1,1.0,159.0,25.28,0,,True,,False,,,,
Kern River,040305320000,U.S.A.,20,Chevron U.S.A. Inc.,Active,0,2019-03-31,2019-03-31,1,1.0,165.0,26.23,0,,True,,False,,,,
Kern River,040305341800,Green & Whittier,346,Chevron U.S.A. Inc.,Active,0,2018-02-28,2018-02-28,1,1.0,173.0,27.51,0,549.0,False,,False,,,,
Kern River,040305341800,Green & Whittier,346,Chevron U.S.A. Inc.,Active,1,2019-08-31,2019-08-31,1,1.0,123.0,19.56,0,,True,,False,,,,
Kern River,040305341900,Green & Whittier,367,Chevron U.S.A. Inc.,Active,0,2018-01-31,2018-02-28,2,3.0,1160.0,184.44,0,,True,,False,,,,
Kern River,040305342000,Hanford & Fresno,59,Chevron U.S.A. Inc.,Active,0,2018-01-31,2018-01-31,1,1.0,466.0,74.09,0,,True,,False,,,,
Kern River,040305352400,,295H,Chevron U.S.A. Inc.,Active,0,2019-01-31,2019-02-28,2,2.0,296.0,47.06,0,61.0,False,,False,,,,
Kern River,040305352400,,295H,Chevron U.S.A. Inc.,Active,1,2019-04-30,2019-04-30,1,1.0,147.0,23.37,0,184.0,False,,False,,,,
Kern River,040305352400,,295H,Chevron U.S.A. Inc.,Active,2,2019-10-31,2019-10-31,1,2.0,399.0,63.44,0,61.0,False,,False,,,,
Kern River,040305352400,,295H,Chevron U.S.A. Inc.,Active,3,2019-12-31,2020-01-31,2,3.0,1004.0,159.64,0,,True,,False,,,,
Kern River,040305352600,San Joaquin,1115H,Chevron U.S.A. Inc.,Active,0,2019-10-31,2019-10-31,1,1.0,133.0,21.15,0,61.0,False,,False,,,,
Kern River,040305352600,San Joaquin,1115H,Chevron U.S.A. Inc.,Active,1,2019-12-31,2019-12-31,1,1.0,154.0,24.49,0,60.0,False,,False,,,,
Kern River,040305352600,San Joaquin,1115H,Chevron U.S.A. Inc.,Active,2,2020-02-29,2020-02-29,1,1.0,97.0,15.42,0,306.0,False,,False,,,,
Kern River,040305352600,San Joaquin,1115H,Chevron U.S.A. Inc.,Active,3,2020-12-31,2020-12-31,1,2.0,1064.0,169.18,0,,True,,False,,,,
Kern River,040305353300,Kern County Land Co. Lease 39,425,Chevron U.S.A. Inc.,Active,0,2019-03-31,2019-03-31,1,1.0,88.0,13.99,0,61.0,False,,False,,,,
Kern River,040305353300,Kern County Land Co. Lease 39,425,Chevron U.S.A. Inc.,Active,1,2019-05-31,2019-05-31,1,2.0,13.0,2.07,0,92.0,False,,False,,,,
Kern River,040305353300,Kern County Land Co. Lease 39,425,Chevron U.S.A. Inc.,Active,2,2019-08-31,2019-08-31,1,2.0,635.0,100.97,0,457.0,False,,False,,,,
Kern River,040305353300,Kern County Land Co. Lease 39,425,Chevron U.S.A. Inc.,Active,3,2020-11-30,2020-11-30,1,1.0,409.0,65.03,0,,True,,False,,,,
Kern River,040305353600,Hotchkiss,24H,Chevron U.S.A. Inc.,Active,0,2019-01-31,2019-02-28,2,2.0,80.0,12.72,0,61.0,False,,False,,,,
Kern River,040305353600,Hotchkiss,24H,Chevron U.S.A. Inc.,Active,1,2019-04-30,2019-04-30,1,1.0,36.0,5.72,0,123.0,False,,False,,,,
Kern River,040305353600,Hotchkiss,24H,Chevron U.S.A. Inc.,Active,2,2019-08-31,2019-08-31,1,1.0,111.0,17.65,0,61.0,False,,False,,,,
Kern River,040305353600,Hotchkiss,24H,Chevron U.S.A. Inc.,Active,3,2019-10-31,2020-01-31,4,5.0,423.0,67.26,0,60.0,False,,False,,,,
Kern River,040305353600,Hotchkiss,24H,Chevron U.S.A. Inc.,Active,4,2020-03-31,2020-03-31,1,1.0,65.0,10.34,0,122.0,False,,False,,,,
Kern River,040305353600,Hotchkiss,24H,Chevron U.S.A. Inc.,Active,5,2020-07-31,2020-07-31,1,2.0,279.0,44.36,0,,True,,False,,,,
Kern River,040305353700,Hotchkiss,25H,Chevron U.S.A. Inc.,Active,0,2018-01-31,2018-01-31,1,2.0,404.0,64.24,0,,True,,False,,,,
Kern River,040305353800,KCL-10,85R,Chevron U.S.A. Inc.,Active,0,2018-01-31,2018-01-31,1,1.0,113.0,17.97,0,,True,,False,,,,
Kern River,040305353900,Mecca,108,Chevron U.S.A. Inc.,Active,0,2019-03-31,2019-03-31,1,1.0,142.0,22.58,0,214.0,False,,False,,,,
Kern River,040305353900,Mecca,108,Chevron U.S.A. Inc.,Active,1,2019-10-31,2019-10-31,1,1.0,142.0,22.58,0,,True,,False,,,,
Kern River,040305354100,Fee A,435,Chevron U.S.A. Inc.,Active,0,2019-10-31,2019-10-31,1,1.0,353.0,56.13,0,,True,,False,,,,
Kern River,040305354200,Unspecified,25-299,Chevron U.S.A. Inc.,Active,0,2018-01-31,2018-01-31,1,1.0,158.0,25.12,0,,True,,False,,,,
Kern River,040305354300,Green & Whittier A,100R,Chevron U.S.A. Inc.,Active,0,2019-06-30,2019-06-30,1,2.0,170.0,27.03,0,123.0,False,,False,,,,
Kern River,040305354300,Green & Whittier A,100R,Chevron U.S.A. Inc.,Active,1,2019-10-31,2019-10-31,1,2.0,629.0,100.01,0,,True,,False,,,,
Kern River,040305354500,Green & Whittier,358H,Chevron U.S.A. Inc.,Active,0,2018-01-31,2018-01-31,1,2.0,1060.0,168.54,0,,True,,False,,,,
Kern River,040305354600,Clarence,66,Chevron U.S.A. Inc.,Active,0,2019-08-31,2019-08-31,1,2.0,660.0,104.94,0,366.0,False,,False,,,,
Kern River,040305354600,Clarence,66,Chevron U.S.A. Inc.,Active,1,2020-08-31,2020-08-31,1,1.0,144.0,22.9,0,,True,,False,,,,
Kern River,040305354900,Unspecified,33-878H,Chevron U.S.A. Inc.,Active,0,2019-03-31,2019-04-30,2,3.0,402.0,63.92,0,153.0,False,,False,,,,
Kern River,040305354900,Unspecified,33-878H,Chevron U.S.A. Inc.,Active,1,2019-09-30,2019-09-30,1,1.0,117.0,18.6,0,92.0,False,,False,,,,
Kern River,040305354900,Unspecified,33-878H,Chevron U.S.A. Inc.,Active,2,2019-12-31,2020-01-31,2,2.0,241.0,38.32,0,,True,,False,,,,
Kern River,040305355000,Unspecified,33-879H,Chevron U.S.A. Inc.,Active,0,2019-04-30,2019-04-30,1,1.0,123.0,19.56,0,184.0,False,,False,,,,
Kern River,040305355000,Unspecified,33-879H,Chevron U.S.A. Inc.,Active,1,2019-10-31,2019-11-30,2,2.0,200.0,31.8,0,62.0,False,,False,,,,
Kern River,040305355000,Unspecified,33-879H,Chevron U.S.A. Inc.,Active,2,2020-01-31,2020-02-29,2,2.0,219.0,34.82,0,306.0,False,,False,,,,
Kern River,040305355000,Unspecified,33-879H,Chevron U.S.A. Inc.,Active,3,2020-12-31,2020-12-31,1,2.0,1062.0,168.86,0,,True,,False,,,,
Kern River,040305363700,Tejon,163H,Chevron U.S.A. Inc.,Active,0,2018-01-31,2018-02-28,2,2.0,419.0,66.62,0,,True,,False,,,,
Kern River,040305364000,Queen Esther,44,Chevron U.S.A. Inc.,Active,0,2019-01-31,2019-02-28,2,4.0,366.0,58.19,0,,True,,False,,,,
Kern River,040305364300,Queen Esther,46,Chevron U.S.A. Inc.,Active,0,2019-06-30,2019-06-30,1,2.0,645.0,102.56,0,92.0,False,,False,,,,
Kern River,040305364300,Queen Esther,46,Chevron U.S.A. Inc.,Active,1,2019-09-30,2019-09-30,1,2.0,666.0,105.89,0,,True,,False,,,,
Kern River,040305364400,Queen Esther,47,Chevron U.S.A. Inc.,Active,0,2018-01-31,2018-01-31,1,1.0,201.0,31.96,0,,True,,False,,,,
Kern River,040305364500,Queen Esther,48,Chevron U.S.A. Inc.,Active,0,2018-01-31,2018-03-31,3,3.0,525.0,83.47,0,153.0,False,,False,,,,
Kern River,040305364500,Queen Esther,48,Chevron U.S.A. Inc.,Active,1,2018-08-31,2018-08-31,1,2.0,225.0,35.77,0,212.0,False,,False,,,,
Kern River,040305364500,Queen Esther,48,Chevron U.S.A. Inc.,Active,2,2019-03-31,2019-03-31,1,1.0,133.0,21.15,0,,True,,False,,,,
Kern River,040305364700,Green & Whittier,361,Chevron U.S.A. Inc.,Active,0,2018-01-31,2019-02-28,3,5.0,369.0,58.67,0,,True,,False,,,,
Kern River,040305365100,Green & Whittier,366,Chevron U.S.A. Inc.,Active,0,2020-06-30,2020-06-30,1,2.0,863.0,137.22,0,92.0,False,,False,,,,
Kern River,040305365100,Green & Whittier,366,Chevron U.S.A. Inc.,Active,1,2020-09-30,2020-10-31,2,4.0,1932.0,307.19,0,304.0,False,,False,,,,
Kern River,040305365100,Green & Whittier,366,Chevron U.S.A. Inc.,Active,2,2021-08-31,2021-08-31,1,4.0,3369.0,535.67,0,,True,,False,,,,
Kern River,040305392600,Blinn,46H,Chevron U.S.A. Inc.,Active,0,2018-01-31,2018-01-31,1,1.0,746.0,118.61,0,,True,,False,,,,
Kern River,040305392802,Davis,29H,Chevron U.S.A. Inc.,Active,0,2019-01-31,2019-03-31,3,3.0,70.0,11.13,0,183.0,False,,False,,,,
Kern River,040305392802,Davis,29H,Chevron U.S.A. Inc.,Active,1,2019-09-30,2019-11-30,3,4.0,408.0,64.87,0,,True,,False,,,,
Kern River,040305393200,San Joaquin,1148H,Chevron U.S.A. Inc.,Active,0,2019-11-30,2019-11-30,1,2.0,169.0,26.87,0,91.0,False,,False,,,,
Kern River,040305393200,San Joaquin,1148H,Chevron U.S.A. Inc.,Active,1,2020-02-29,2020-02-29,1,1.0,123.0,19.56,0,,True,,False,,,,
Kern River,040305393300,San Joaquin,1147H,Chevron U.S.A. Inc.,Active,0,2019-08-31,2019-08-31,1,1.0,126.0,20.03,0,61.0,False,,False,,,,
Kern River,040305393300,San Joaquin,1147H,Chevron U.S.A. Inc.,Active,1,2019-10-31,2019-11-30,2,3.0,313.0,49.77,0,62.0,False,,False,,,,
Kern River,040305393300,San Joaquin,1147H,Chevron U.S.A. Inc.,Active,2,2020-01-31,2020-01-31,1,1.0,143.0,22.74,0,60.0,False,,False,,,,
Kern River,040305393300,San Joaquin,1147H,Chevron U.S.A. Inc.,Active,3,2020-03-31,2020-03-31,1,1.0,102.0,16.22,0,,True,,False,,,,
Kern River,040305393500,Clarence,606H,Chevron U.S.A. Inc.,Active,0,2018-01-31,2018-01-31,1,1.0,589.0,93.65,0,,True,,False,,,,
Kern River,040305416800,Fee B,114H,Chevron U.S.A. Inc.,Active,0,2018-02-28,2018-02-28,1,2.0,636.0,101.12,0,,True,,False,,,,
Kern River,040305416900,Green & Whittier,368H,Chevron U.S.A. Inc.,Active,0,2018-02-28,2018-02-28,1,1.0,173.0,27.51,0,,True,,False,,,,
Kern River,040305439300,Canfield,248H,Chevron U.S.A. Inc.,Active,0,2019-03-31,2019-04-30,2,2.0,93.0,14.79,0,123.0,False,,False,,,,
Kern River,040305439300,Canfield,248H,Chevron U.S.A. Inc.,Active,1,2019-08-31,2019-08-31,1,1.0,141.0,22.42,0,61.0,False,,False,,,,
Kern River,040305439300,Canfield,248H,Chevron U.S.A. Inc.,Active,2,2019-10-31,2019-11-30,2,2.0,259.0,41.18,0,62.0,False,,False,,,,
Kern River,040305439300,Canfield,248H,Chevron U.S.A. Inc.,Active,3,2020-01-31,2020-02-29,2,3.0,297.0,47.22,0,306.0,False,,False,,,,
Kern River,040305439300,Canfield,248H,Chevron U.S.A. Inc.,Active,4,2020-12-31,2020-12-31,1,2.0,1155.0,183.65,0,,True,,False,,,,
Kern River,040305439400,Davis Fee,111H,Chevron U.S.A. Inc.,Active,0,2019-03-31,2019-03-31,1,2.0,48.0,7.63,0,244.0,False,,False,,,,
Kern River,040305439400,Davis Fee,111H,Chevron U.S.A. Inc.,Active,1,2019-11-30,2019-12-31,2,4.0,296.0,47.06,0,60.0,False,,False,,,,
Kern River,040305439400,Davis Fee,111H,Chevron U.S.A. Inc.,Active,2,2020-02-29,2020-02-29,1,2.0,130.0,20.67,0,,True,,False,,,,
Kern River,040305439500,Fee A,439H,Chevron U.S.A. Inc.,Active,0,2018-01-31,2019-02-28,3,3.0,291.0,46.27,0,61.0,False,,False,,,,
Kern River,040305439500,Fee A,439H,Chevron U.S.A. Inc.,Active,1,2019-04-30,2019-04-30,1,1.0,44.0,7.0,0,123.0,False,,False,,,,
Kern River,040305439500,Fee A,439H,Chevron U.S.A. Inc.,Active,2,2019-08-31,2019-08-31,1,1.0,138.0,21.94,0,61.0,False,,False,,,,
Kern River,040305439500,Fee A,439H,Chevron U.S.A. Inc.,Active,3,2019-10-31,2019-10-31,1,1.0,134.0,21.31,0,61.0,False,,False,,,,
Kern River,040305439500,Fee A,439H,Chevron U.S.A. Inc.,Active,4,2019-12-31,2019-12-31,1,1.0,114.0,18.13,0,60.0,False,,False,,,,
Kern River,040305439500,Fee A,439H,Chevron U.S.A. Inc.,Active,5,2020-02-29,2020-02-29,1,1.0,136.0,21.62,0,184.0,False,,False,,,,
Kern River,040305439500,Fee A,439H,Chevron U.S.A. Inc.,Active,6,2020-08-31,2020-09-30,2,4.0,1878.0,298.6,0,,True,,False,,,,
Kern River,040305439600,Knob Hill,90H,Chevron U.S.A. Inc.,Active,0,2018-01-31,2019-03-31,4,4.0,357.0,56.76,0,183.0,False,,False,,,,
Kern River,040305439600,Knob Hill,90H,Chevron U.S.A. Inc.,Active,1,2019-09-30,2019-09-30,1,1.0,155.0,24.64,0,61.0,False,,False,,,,
Kern River,040305439600,Knob Hill,90H,Chevron U.S.A. Inc.,Active,2,2019-11-30,2019-12-31,2,4.0,343.0,54.54,0,60.0,False,,False,,,,
Kern River,040305439600,Knob Hill,90H,Chevron U.S.A. Inc.,Active,3,2020-02-29,2020-02-29,1,1.0,129.0,20.51,0,306.0,False,,False,,,,
Kern River,040305439600,Knob Hill,90H,Chevron U.S.A. Inc.,Active,4,2020-12-31,2020-12-31,1,2.0,1084.0,172.36,0,,True,,False,,,,
Kern River,040305440000,Mecca,110H,Chevron U.S.A. Inc.,Active,0,2019-12-31,2019-12-31,1,1.0,129.0,20.51,0,,True,,False,,,,
Kern River,040305440200,San Joaquin,1151H,Chevron U.S.A. Inc.,Active,0,2019-03-31,2019-03-31,1,1.0,157.0,24.96,0,122.0,False,,False,,,,
Kern River,040305440200,San Joaquin,1151H,Chevron U.S.A. Inc.,Active,1,2019-07-31,2019-07-31,1,2.0,636.0,101.12,0,,True,,False,,,,
Kern River,040305440300,Tarr & McComb,46H,Chevron U.S.A. Inc.,Active,0,2019-03-31,2019-04-30,2,3.0,607.0,96.51,0,61.0,False,,False,,,,
Kern River,040305440300,Tarr & McComb,46H,Chevron U.S.A. Inc.,Active,1,2019-06-30,2019-07-31,2,4.0,1375.0,218.62,0,61.0,False,,False,,,,
Kern River,040305440300,Tarr & McComb,46H,Chevron U.S.A. Inc.,Active,2,2019-09-30,2019-09-30,1,1.0,105.0,16.7,0,61.0,False,,False,,,,
Kern River,040305440300,Tarr & McComb,46H,Chevron U.S.A. Inc.,Active,3,2019-11-30,2020-01-31,3,5.0,326.0,51.83,0,60.0,False,,False,,,,
Kern River,040305440300,Tarr & McComb,46H,Chevron U.S.A. Inc.,Active,4,2020-03-31,2020-03-31,1,2.0,115.0,18.29,0,275.0,False,,False,,,,
Kern River,040305440300,Tarr & McComb,46H,Chevron U.S.A. Inc.,Active,5,2020-12-31,2020-12-31,1,2.0,1063.0,169.02,0,,True,,False,,,,
Kern River,040305464100,Sycamore,118H,Chevron U.S.A. Inc.,Idle,0,2019-03-31,2019-03-31,1,1.0,151.0,24.01,0,244.0,False,,False,,,,
Kern River,040305464100,Sycamore,118H,Chevron U.S.A. Inc.,Idle,1,2019-11-30,2019-11-30,1,1.0,99.0,15.74,0,62.0,False,,False,,,,
Kern River,040305464100,Sycamore,118H,Chevron U.S.A. Inc.,Idle,2,2020-01-31,2020-01-31,1,1.0,145.0,23.05,0,,True,,False,,,,
Kern River,040305464200,Tejon,164H,Chevron U.S.A. Inc.,Active,0,2018-01-31,2018-01-31,1,1.0,270.0,42.93,0,,True,,False,,,,
Kern River,040305464300,Tejon,165H,Chevron U.S.A. Inc.,Active,0,2019-11-30,2019-11-30,1,1.0,109.0,17.33,0,62.0,False,,False,,,,
Kern River,040305464300,Tejon,165H,Chevron U.S.A. Inc.,Active,1,2020-01-31,2020-01-31,1,1.0,130.0,20.67,0,60.0,False,,False,,,,
Kern River,040305464300,Tejon,165H,Chevron U.S.A. Inc.,Active,2,2020-03-31,2020-03-31,1,1.0,179.0,28.46,0,122.0,False,,False,,,,
Kern River,040305464300,Tejon,165H,Chevron U.S.A. Inc.,Active,3,2020-07-31,2020-07-31,1,2.0,758.0,120.52,0,,True,,False,,,,
Kern River,040305464400,Tejon,166H,Chevron U.S.A. Inc.,Active,0,2018-02-28,2018-02-28,1,1.0,219.0,34.82,0,,True,,False,,,,
Kern River,040305464500,Tejon,167H,Chevron U.S.A. Inc.,Active,0,2018-01-31,2018-01-31,1,2.0,174.0,27.67,0,,True,,False,,,,
Kern River,040305473900,Green & Whittier,369H,Chevron U.S.A. Inc.,Active,0,2019-01-31,2019-02-28,2,4.0,136.0,21.62,0,337.0,False,,False,,,,
Kern River,040305473900,Green & Whittier,369H,Chevron U.S.A. Inc.,Active,1,2020-01-31,2020-01-31,1,1.0,136.0,21.62,0,60.0,False,,False,,,,
Kern River,040305473900,Green & Whittier,369H,Chevron U.S.A. Inc.,Active,2,2020-03-31,2020-03-31,1,2.0,110.0,17.49,0,275.0,False,,False,,,,
Kern River,040305473900,Green & Whittier,369H,Chevron U.S.A. Inc.,Active,3,2020-12-31,2020-12-31,1,2.0,1108.0,176.17,0,,True,,False,,,,
Kern River,040305474000,Green & Whittier,370H,Chevron U.S.A. Inc.,Active,0,2019-01-31,2019-03-31,3,6.0,184.0,29.26,0,183.0,False,,False,,,,
Kern River,040305474000,Green & Whittier,370H,Chevron U.S.A. Inc.,Active,1,2019-09-30,2019-09-30,1,2.0,124.0,19.72,0,61.0,False,,False,,,,
Kern River,040305474000,Green & Whittier,370H,Chevron U.S.A. Inc.,Active,2,2019-11-30,2019-11-30,1,1.0,147.0,23.37,0,62.0,False,,False,,,,
Kern River,040305474000,Green & Whittier,370H,Chevron U.S.A. Inc.,Active,3,2020-01-31,2020-01-31,1,1.0,136.0,21.62,0,60.0,False,,False,,,,
Kern River,040305474000,Green & Whittier,370H,Chevron U.S.A. Inc.,Active,4,2020-03-31,2020-03-31,1,2.0,110.0,17.49,0,275.0,False,,False,,,,
Kern River,040305474000,Green & Whittier,370H,Chevron U.S.A. Inc.,Active,5,2020-12-31,2020-12-31,1,2.0,1138.0,180.94,0,,True,,False,,,,
Kern River,040305484700,Unspecified,25-295H,Chevron U.S.A. Inc.,Active,0,2019-04-30,2019-04-30,1,1.0,143.0,22.74,0,153.0,False,,False,,,,
Kern River,040305484700,Unspecified,25-295H,Chevron U.S.A. Inc.,Active,1,2019-09-30,2019-10-31,2,2.0,214.0,34.03,0,92.0,False,,False,,,,
Kern River,040305484700,Unspecified,25-295H,Chevron U.S.A. Inc.,Active,2,2020-01-31,2020-02-29,2,2.0,224.0,35.62,0,153.0,False,,False,,,,
Kern River,040305484700,Unspecified,25-295H,Chevron U.S.A. Inc.,Active,3,2020-07-31,2020-07-31,1,2.0,731.0,116.23,0,153.0,False,,False,,,,
Kern River,040305484700,Unspecified,25-295H,Chevron U.S.A. Inc.,Active,4,2020-12-31,2020-12-31,1,2.0,1070.0,170.13,0,,True,,False,,,,
Kern River,040305485300,Cortez,71H,Chevron U.S.A. Inc.,Active,0,2018-02-28,2018-05-31,4,7.0,3724.0,592.12,0,487.0,False,,False,,,,
Kern River,040305485300,Cortez,71H,Chevron U.S.A. Inc.,Active,1,2019-09-30,2019-10-31,2,2.0,322.0,51.2,0,61.0,False,,False,,,,
Kern River,040305485300,Cortez,71H,Chevron U.S.A. Inc.,Active,2,2019-12-31,2020-01-31,2,2.0,273.0,43.41,0,335.0,False,,False,,,,
Kern River,040305485300,Cortez,71H,Chevron U.S.A. Inc.,Active,3,2020-12-31,2020-12-31,1,2.0,1101.0,175.06,0,,True,,False,,,,
Kern River,040305485500,Fee C,206H,Chevron U.S.A. Inc.,Active,0,2019-03-31,2019-03-31,1,1.0,48.0,7.63,0,153.0,False,,False,,,,
Kern River,040305485500,Fee C,206H,Chevron U.S.A. Inc.,Active,1,2019-08-31,2019-10-31,3,3.0,403.0,64.08,0,61.0,False,,False,,,,
Kern River,040305485500,Fee C,206H,Chevron U.S.A. Inc.,Active,2,2019-12-31,2020-01-31,2,2.0,253.0,40.23,0,335.0,False,,False,,,,
Kern River,040305485500,Fee C,206H,Chevron U.S.A. Inc.,Active,3,2020-12-31,2020-12-31,1,2.0,1065.0,169.34,0,,True,,False,,,,
Kern River,040305485600,Fee C,207H,Chevron U.S.A. Inc.,Active,0,2019-04-30,2019-04-30,1,1.0,30.0,4.77,0,153.0,False,,False,,,,
Kern River,040305485600,Fee C,207H,Chevron U.S.A. Inc.,Active,1,2019-09-30,2019-11-30,3,4.0,1107.0,176.01,0,62.0,False,,False,,,,
Kern River,040305485600,Fee C,207H,Chevron U.S.A. Inc.,Active,2,2020-01-31,2020-01-31,1,1.0,129.0,20.51,0,,True,,False,,,,
Kern River,040305485700,Fee C,208H,Chevron U.S.A. Inc.,Active,0,2019-03-31,2019-04-30,2,2.0,118.0,18.76,0,184.0,False,,False,,,,
Kern River,040305485700,Fee C,208H,Chevron U.S.A. Inc.,Active,1,2019-10-31,2020-01-31,4,6.0,572.0,90.95,0,60.0,False,,False,,,,
Kern River,040305485700,Fee C,208H,Chevron U.S.A. Inc.,Active,2,2020-03-31,2020-03-31,1,1.0,104.0,16.54,0,275.0,False,,False,,,,
Kern River,040305485700,Fee C,208H,Chevron U.S.A. Inc.,Active,3,2020-12-31,2020-12-31,1,2.0,1071.0,170.29,0,,True,,False,,,,
Kern River,040305485800,Fee C,209H,Chevron U.S.A. Inc.,Active,0,2019-03-31,2019-04-30,2,2.0,97.0,15.42,0,123.0,False,,False,,,,
Kern River,040305485800,Fee C,209H,Chevron U.S.A. Inc.,Active,1,2019-08-31,2019-08-31,1,1.0,150.0,23.85,0,61.0,False,,False,,,,
Kern River,040305485800,Fee C,209H,Chevron U.S.A. Inc.,Active,2,2019-10-31,2020-01-31,4,6.0,572.0,90.95,0,60.0,False,,False,,,,
Kern River,040305485800,Fee C,209H,Chevron U.S.A. Inc.,Active,3,2020-03-31,2020-03-31,1,1.0,104.0,16.54,0,,True,,False,,,,
Kern River,040305485900,Fee C,210H,Chevron U.S.A. Inc.,Active,0,2019-03-31,2019-03-31,1,1.0,54.0,8.59,0,183.0,False,,False,,,,
Kern River,040305485900,Fee C,210H,Chevron U.S.A. Inc.,Active,1,2019-09-30,2019-10-31,2,2.0,545.0,86.66,0,61.0,False,,False,,,,
Kern River,040305485900,Fee C,210H,Chevron U.S.A. Inc.,Active,2,2019-12-31,2020-01-31,2,2.0,243.0,38.64,0,,True,,False,,,,
Kern River,040305486000,Fee C,212H,Chevron U.S.A. Inc.,Active,0,2019-03-31,2019-03-31,1,1.0,49.0,7.79,0,214.0,False,,False,,,,
Kern River,040305486000,Fee C,212H,Chevron U.S.A. Inc.,Active,1,2019-10-31,2020-01-31,4,5.0,540.0,85.86,0,60.0,False,,False,,,,
Kern River,040305486000,Fee C,212H,Chevron U.S.A. Inc.,Active,2,2020-03-31,2020-03-31,1,1.0,123.0,19.56,0,,True,,False,,,,
Kern River,040305486100,Fee C,213H,Chevron U.S.A. Inc.,Active,0,2019-03-31,2019-03-31,1,1.0,78.0,12.4,0,153.0,False,,False,,,,
Kern River,040305486100,Fee C,213H,Chevron U.S.A. Inc.,Active,1,2019-08-31,2019-10-31,3,3.0,416.0,66.14,0,61.0,False,,False,,,,
Kern River,040305486100,Fee C,213H,Chevron U.S.A. Inc.,Active,2,2019-12-31,2020-01-31,2,2.0,268.0,42.61,0,60.0,False,,False,,,,
Kern River,040305486100,Fee C,213H,Chevron U.S.A. Inc.,Active,3,2020-03-31,2020-03-31,1,1.0,123.0,19.56,0,,True,,False,,,,
Kern River,040305486200,Lorenzo,100H,Chevron U.S.A. Inc.,Active,0,2019-03-31,2019-03-31,1,1.0,75.0,11.93,0,153.0,False,,False,,,,
Kern River,040305486200,Lorenzo,100H,Chevron U.S.A. Inc.,Active,1,2019-08-31,2019-08-31,1,1.0,154.0,24.49,0,61.0,False,,False,,,,
Kern River,040305486200,Lorenzo,100H,Chevron U.S.A. Inc.,Active,2,2019-10-31,2020-01-31,4,4.0,558.0,88.72,0,,True,,False,,,,
Kern River,040305486300,Sovereign,44,Chevron U.S.A. Inc.,Active,0,2018-01-31,2018-01-31,1,2.0,238.0,37.84,0,973.0,False,,False,,,,
Kern River,040305486300,Sovereign,44,Chevron U.S.A. Inc.,Active,1,2020-09-30,2020-09-30,1,2.0,705.0,112.09,0,,True,,False,,,,
Kern River,040305486500,Sterling,238,Chevron U.S.A. Inc.,Active,0,2019-01-31,2019-02-28,2,2.0,220.0,34.98,0,153.0,False,,False,,,,
Kern River,040305486500,Sterling,238,Chevron U.S.A. Inc.,Active,1,2019-07-31,2019-07-31,1,1.0,254.0,40.39,0,61.0,False,,False,,,,
Kern River,040305486500,Sterling,238,Chevron U.S.A. Inc.,Active,2,2019-09-30,2019-09-30,1,1.0,121.0,19.24,0,,True,,False,,,,
Kern River,040305490700,American Naphtha,4-1R,Chevron U.S.A. Inc.,Active,0,2019-04-30,2019-04-30,1,1.0,40.0,6.36,0,,True,,False,,,,
Kern River,040305491000,Green & Whittier A,287R,Chevron U.S.A. Inc.,Active,0,2018-01-31,2019-02-28,8,9.0,1256.0,199.7,0,61.0,False,,False,,,,
Kern River,040305491000,Green & Whittier A,287R,Chevron U.S.A. Inc.,Active,1,2019-04-30,2019-04-30,1,1.0,52.0,8.27,0,153.0,False,,False,,,,
Kern River,040305491000,Green & Whittier A,287R,Chevron U.S.A. Inc.,Active,2,2019-09-30,2019-09-30,1,2.0,132.0,20.99,0,427.0,False,,False,,,,
Kern River,040305491000,Green & Whittier A,287R,Chevron U.S.A. Inc.,Active,3,2020-11-30,2020-11-30,1,3.0,1498.0,238.18,0,,True,,False,,,,
Kern River,040305491400,Monte Cristo No. 1,3344R,Chevron U.S.A. Inc.,Active,0,2019-04-30,2019-04-30,1,1.0,412.0,65.51,0,,True,,False,,,,
Kern River,040305491500,San Joaquin,602R,Chevron U.S.A. Inc.,Active,0,2018-01-31,2018-01-31,1,2.0,791.0,125.77,0,,True,,False,,,,
Kern River,040305491800,Sycamore,121,Chevron U.S.A. Inc.,Active,0,2018-01-31,2018-01-31,1,1.0,215.0,34.19,0,,True,,False,,,,
Kern River,040305498100,Del Rey West Fee,35,Chevron U.S.A. Inc.,Active,0,2019-03-31,2019-03-31,1,2.0,382.0,60.74,0,,True,,False,,,,
Kern River,040305498200,Del Rey West Fee,36,Chevron U.S.A. Inc.,Active,0,2018-01-31,2018-01-31,1,1.0,212.0,33.71,0,424.0,False,,False,,,,
Kern River,040305498200,Del Rey West Fee,36,Chevron U.S.A. Inc.,Active,1,2019-03-31,2019-03-31,1,2.0,85.0,13.52,0,,True,,False,,,,
Kern River,040305499500,Monte Cristo No. 1,3153,Chevron U.S.A. Inc.,Active,0,2019-04-30,2019-04-30,1,1.0,394.0,62.65,0,,True,,False,,,,
Kern River,040305502300,American Naphtha,3803H,Chevron U.S.A. Inc.,Active,0,2019-09-30,2019-09-30,1,1.0,136.0,21.62,0,,True,,False,,,,
Kern River,040305517900,Unspecified,25-297,Chevron U.S.A. Inc.,Idle,0,2019-05-31,2019-05-31,1,1.0,423.0,67.26,0,,True,,False,,,,
Kern River,040305518000,Del Rey Fee,69,Chevron U.S.A. Inc.,Active,0,2018-01-31,2018-01-31,1,1.0,241.0,38.32,0,,True,,False,,,,
Kern River,040305518400,Westates,59,Chevron U.S.A. Inc.,Active,0,2020-09-30,2020-09-30,1,2.0,530.0,84.27,0,92.0,False,,False,,,,
Kern River,040305518400,Westates,59,Chevron U.S.A. Inc.,Active,1,2020-12-31,2020-12-31,1,2.0,1072.0,170.45,0,,True,,False,,,,
Kern River,040305518500,Westates,60,Chevron U.S.A. Inc.,Active,0,2019-03-31,2019-03-31,1,1.0,134.0,21.31,0,153.0,False,,False,,,,
Kern River,040305518500,Westates,60,Chevron U.S.A. Inc.,Active,1,2019-08-31,2019-08-31,1,1.0,95.0,15.11,0,366.0,False,,False,,,,
Kern River,040305518500,Westates,60,Chevron U.S.A. Inc.,Active,2,2020-08-31,2020-08-31,1,2.0,803.0,127.68,0,122.0,False,,False,,,,
Kern River,040305518500,Westates,60,Chevron U.S.A. Inc.,Active,3,2020-12-31,2020-12-31,1,2.0,1072.0,170.45,0,,True,,False,,,,
Kern River,040305518600,Westates,61,Chevron U.S.A. Inc.,Active,0,2020-08-31,2020-08-31,1,2.0,802.0,127.52,0,,True,,False,,,,
Kern River,040305536100,Linda Vista,33H,Chevron U.S.A. Inc.,Active,0,2019-10-31,2019-11-30,2,3.0,739.0,117.5,0,91.0,False,,False,,,,
Kern River,040305536100,Linda Vista,33H,Chevron U.S.A. Inc.,Active,1,2020-02-29,2020-02-29,1,1.0,113.0,17.97,0,153.0,False,,False,,,,
Kern River,040305536100,Linda Vista,33H,Chevron U.S.A. Inc.,Active,2,2020-07-31,2020-07-31,1,2.0,829.0,131.81,0,,True,,False,,,,
Kern River,040305548000,Oakland,98H,Chevron U.S.A. Inc.,Active,0,2019-01-31,2019-02-28,2,2.0,312.0,49.61,0,275.0,False,,False,,,,
Kern River,040305548000,Oakland,98H,Chevron U.S.A. Inc.,Active,1,2019-11-30,2019-11-30,1,1.0,104.0,16.54,0,,True,,False,,,,
Kern River,040305558100,Monte Cristo No. 1,214,Chevron U.S.A. Inc.,Active,0,2019-03-31,2019-03-31,1,2.0,152.0,24.17,0,,True,,False,,,,
Kern River,040305558200,Junction,138,Chevron U.S.A. Inc.,Active,0,2019-03-31,2019-03-31,1,1.0,46.0,7.31,0,153.0,False,,False,,,,
Kern River,040305558200,Junction,138,Chevron U.S.A. Inc.,Active,1,2019-08-31,2019-08-31,1,1.0,132.0,20.99,0,,True,,False,,,,
Kern River,040305558401,Vesta,97H,Chevron U.S.A. Inc.,Active,0,2019-01-31,2019-03-31,3,3.0,217.0,34.5,0,214.0,False,,False,,,,
Kern River,040305558401,Vesta,97H,Chevron U.S.A. Inc.,Active,1,2019-10-31,2019-12-31,3,5.0,334.0,53.11,0,60.0,False,,False,,,,
Kern River,040305558401,Vesta,97H,Chevron U.S.A. Inc.,Active,2,2020-02-29,2020-02-29,1,1.0,123.0,19.56,0,306.0,False,,False,,,,
Kern River,040305558401,Vesta,97H,Chevron U.S.A. Inc.,Active,3,2020-12-31,2020-12-31,1,2.0,1045.0,166.16,0,,True,,False,,,,
Kern River,040305558500,Kern,499,Chevron U.S.A. Inc.,Active,0,2018-02-28,2018-02-28,1,1.0,217.0,34.5,0,,True,,False,,,,
Kern River,040305581500,D & D B,42H,Chevron U.S.A. Inc.,Active,0,2019-09-30,2019-09-30,1,1.0,135.0,21.46,0,61.0,False,,False,,,,
Kern River,040305581500,D & D B,42H,Chevron U.S.A. Inc.,Active,1,2019-11-30,2019-11-30,1,1.0,155.0,24.64,0,62.0,False,,False,,,,
Kern River,040305581500,D & D B,42H,Chevron U.S.A. Inc.,Active,2,2020-01-31,2020-02-29,2,3.0,978.0,155.5,0,,True,,False,,,,
Kern River,040305581700,Fee A,447,Chevron U.S.A. Inc.,Active,0,2018-01-31,2018-01-31,1,1.0,658.0,104.62,0,,True,,False,,,,
Kern River,040305581800,Monte Cristo No. 1,211H,Chevron U.S.A. Inc.,Active,0,2019-10-31,2019-11-30,2,3.0,186.0,29.57,0,,True,,False,,,,
Kern River,040305581900,Sac.,100H,Chevron U.S.A. Inc.,Active,0,2018-01-31,2019-02-28,3,5.0,531.0,84.43,0,245.0,False,,False,,,,
Kern River,040305581900,Sac.,100H,Chevron U.S.A. Inc.,Active,1,2019-10-31,2019-11-30,2,3.0,186.0,29.57,0,91.0,False,,False,,,,
Kern River,040305581900,Sac.,100H,Chevron U.S.A. Inc.,Active,2,2020-02-29,2020-02-29,1,2.0,92.0,14.63,0,306.0,False,,False,,,,
Kern River,040305581900,Sac.,100H,Chevron U.S.A. Inc.,Active,3,2020-12-31,2020-12-31,1,3.0,1607.0,255.51,0,,True,,False,,,,
Kern River,040305582000,Vernon,41H,Chevron U.S.A. Inc.,Active,0,2019-01-31,2019-02-28,2,2.0,250.0,39.75,0,61.0,False,,False,,,,
Kern River,040305582000,Vernon,41H,Chevron U.S.A. Inc.,Active,1,2019-04-30,2019-04-30,1,1.0,138.0,21.94,0,153.0,False,,False,,,,
Kern River,040305582000,Vernon,41H,Chevron U.S.A. Inc.,Active,2,2019-09-30,2019-09-30,1,2.0,709.0,112.73,0,61.0,False,,False,,,,
Kern River,040305582000,Vernon,41H,Chevron U.S.A. Inc.,Active,3,2019-11-30,2019-12-31,2,3.0,287.0,45.63,0,60.0,False,,False,,,,
Kern River,040305582000,Vernon,41H,Chevron U.S.A. Inc.,Active,4,2020-02-29,2020-02-29,1,2.0,79.0,12.56,0,,True,,False,,,,
Kern River,040305582100,Unspecified,19-298H,Chevron U.S.A. Inc.,Active,0,2019-01-31,2019-02-28,2,2.0,250.0,39.75,0,245.0,False,,False,,,,
Kern River,040305582100,Unspecified,19-298H,Chevron U.S.A. Inc.,Active,1,2019-10-31,2019-11-30,2,2.0,221.0,35.14,0,62.0,False,,False,,,,
Kern River,040305582100,Unspecified,19-298H,Chevron U.S.A. Inc.,Active,2,2020-01-31,2020-01-31,1,2.0,116.0,18.44,0,335.0,False,,False,,,,
Kern River,040305582100,Unspecified,19-298H,Chevron U.S.A. Inc.,Active,3,2020-12-31,2020-12-31,1,2.0,1316.0,209.24,0,,True,,False,,,,
Kern River,040305590100,Nukern,1002,"Kern River Holdings II, LLC",Active,0,2020-12-31,2020-12-31,1,4.0,1843.0,293.04,0,212.0,False,,False,,,,
Kern River,040305590100,Nukern,1002,"Kern River Holdings II, LLC",Active,1,2021-07-31,2021-07-31,1,4.0,2109.0,335.33,0,,True,,False,,,,
Kern River,040305590200,Nukern,1001,"Kern River Holdings II, LLC",Active,0,2021-07-31,2021-07-31,1,3.0,2007.0,319.11,0,,True,,False,,,,
Kern River,040305590300,Nukern,902,"Kern River Holdings II, LLC",Active,0,2021-08-31,2021-08-31,1,2.0,2122.0,337.4,0,,True,,False,,,,
Kern River,040305590400,Nukern,900,"Kern River Holdings II, LLC",Active,0,2020-12-31,2020-12-31,1,5.0,2706.0,430.25,0,212.0,False,,False,,,,
Kern River,040305590400,Nukern,900,"Kern River Holdings II, LLC",Active,1,2021-07-31,2021-07-31,1,2.0,1798.0,285.88,0,,True,,False,,,,
Kern River,040305612400,Chanslor,22R,Chevron U.S.A. Inc.,Active,0,2020-09-30,2020-09-30,1,2.0,1071.0,170.29,0,,True,,False,,,,
Kern River,040305612500,Kern,223,Chevron U.S.A. Inc.,Active,0,2019-11-30,2019-11-30,1,2.0,180.0,28.62,0,,True,,False,,,,
Kern River,040305612700,Kern,228,Chevron U.S.A. Inc.,Active,0,2019-10-31,2019-10-31,1,2.0,120.0,19.08,0,,True,,False,,,,
Kern River,040305612800,Hotchkiss,27H,Chevron U.S.A. Inc.,Active,0,2018-01-31,2018-01-31,1,2.0,404.0,64.24,0,,True,,False,,,,
Kern River,040305612801,Hotchkiss,27H,Chevron U.S.A. Inc.,Active,0,2019-01-31,2019-02-28,2,2.0,46.0,7.31,0,214.0,False,,False,,,,
Kern River,040305612801,Hotchkiss,27H,Chevron U.S.A. Inc.,Active,1,2019-09-30,2019-09-30,1,1.0,79.0,12.56,0,61.0,False,,False,,,,
Kern River,040305612801,Hotchkiss,27H,Chevron U.S.A. Inc.,Active,2,2019-11-30,2020-01-31,3,6.0,1655.0,263.14,0,60.0,False,,False,,,,
Kern River,040305612801,Hotchkiss,27H,Chevron U.S.A. Inc.,Active,3,2020-03-31,2020-03-31,1,1.0,80.0,12.72,0,122.0,False,,False,,,,
Kern River,040305612801,Hotchkiss,27H,Chevron U.S.A. Inc.,Active,4,2020-07-31,2020-07-31,1,2.0,279.0,44.36,0,61.0,False,,False,,,,
Kern River,040305612801,Hotchkiss,27H,Chevron U.S.A. Inc.,Active,5,2020-09-30,2020-09-30,1,2.0,694.0,110.35,0,,True,,False,,,,
Kern River,040305612900,Kern,222,Chevron U.S.A. Inc.,Idle,0,2019-11-30,2019-11-30,1,4.0,2812.0,447.11,0,,True,,False,,,,
Kern River,040305613000,Kern,224,Chevron U.S.A. Inc.,Active,0,2019-10-31,2019-10-31,1,2.0,120.0,19.08,0,,True,,False,,,,
Kern River,040305636900,Unspecified,19-150R,Chevron U.S.A. Inc.,Active,0,2019-03-31,2019-03-31,1,1.0,165.0,26.23,0,366.0,False,,False,,,,
Kern River,040305636900,Unspecified,19-150R,Chevron U.S.A. Inc.,Active,1,2020-03-31,2020-03-31,1,1.0,355.0,56.45,0,153.0,False,,False,,,,
Kern River,040305636900,Unspecified,19-150R,Chevron U.S.A. Inc.,Active,2,2020-08-31,2020-08-31,1,2.0,867.0,137.85,0,,True,,False,,,,
Kern River,040305637100,H.S. Douglas,37H,Chevron U.S.A. Inc.,Active,0,2019-03-31,2019-04-30,2,2.0,101.0,16.06,0,153.0,False,,False,,,,
Kern River,040305637100,H.S. Douglas,37H,Chevron U.S.A. Inc.,Active,1,2019-09-30,2019-09-30,1,2.0,130.0,20.67,0,61.0,False,,False,,,,
Kern River,040305637100,H.S. Douglas,37H,Chevron U.S.A. Inc.,Active,2,2019-11-30,2019-12-31,2,2.0,269.0,42.77,0,60.0,False,,False,,,,
Kern River,040305637100,H.S. Douglas,37H,Chevron U.S.A. Inc.,Active,3,2020-02-29,2020-02-29,1,1.0,120.0,19.08,0,214.0,False,,False,,,,
Kern River,040305637100,H.S. Douglas,37H,Chevron U.S.A. Inc.,Active,4,2020-09-30,2020-09-30,1,1.0,602.0,95.72,0,92.0,False,,False,,,,
Kern River,040305637100,H.S. Douglas,37H,Chevron U.S.A. Inc.,Active,5,2020-12-31,2020-12-31,1,2.0,1069.0,169.97,0,,True,,False,,,,
Kern River,040305637200,Unspecified,25-302H,Chevron U.S.A. Inc.,Active,0,2019-04-30,2019-05-31,2,2.0,623.0,99.06,0,61.0,False,,False,,,,
Kern River,040305637200,Unspecified,25-302H,Chevron U.S.A. Inc.,Active,1,2019-07-31,2019-07-31,1,2.0,389.0,61.85,0,61.0,False,,False,,,,
Kern River,040305637200,Unspecified,25-302H,Chevron U.S.A. Inc.,Active,2,2019-09-30,2019-10-31,2,4.0,1482.0,235.64,0,92.0,False,,False,,,,
Kern River,040305637200,Unspecified,25-302H,Chevron U.S.A. Inc.,Active,3,2020-01-31,2020-02-29,2,4.0,955.0,151.84,0,153.0,False,,False,,,,
Kern River,040305637200,Unspecified,25-302H,Chevron U.S.A. Inc.,Active,4,2020-07-31,2020-07-31,1,2.0,773.0,122.91,0,,True,,False,,,,
Kern River,040305637300,20th Century,42H,Chevron U.S.A. Inc.,Active,0,2018-01-31,2018-01-31,1,1.0,184.0,29.26,0,424.0,False,,False,,,,
Kern River,040305637300,20th Century,42H,Chevron U.S.A. Inc.,Active,1,2019-03-31,2019-03-31,1,1.0,53.0,8.43,0,214.0,False,,False,,,,
Kern River,040305637300,20th Century,42H,Chevron U.S.A. Inc.,Active,2,2019-10-31,2020-01-31,4,4.0,510.0,81.09,0,60.0,False,,False,,,,
Kern River,040305637300,20th Century,42H,Chevron U.S.A. Inc.,Active,3,2020-03-31,2020-03-31,1,1.0,103.0,16.38,0,122.0,False,,False,,,,
Kern River,040305637300,20th Century,42H,Chevron U.S.A. Inc.,Active,4,2020-07-31,2020-07-31,1,2.0,785.0,124.81,0,61.0,False,,False,,,,
Kern River,040305637300,20th Century,42H,Chevron U.S.A. Inc.,Active,5,2020-09-30,2020-09-30,1,1.0,570.0,90.63,0,,True,,False,,,,
Kern River,040305637400,20th Century,43H,Chevron U.S.A. Inc.,Active,0,2019-01-31,2019-03-31,3,4.0,164.0,26.08,0,183.0,False,,False,,,,
Kern River,040305637400,20th Century,43H,Chevron U.S.A. Inc.,Active,1,2019-09-30,2019-09-30,1,2.0,130.0,20.67,0,61.0,False,,False,,,,
Kern River,040305637400,20th Century,43H,Chevron U.S.A. Inc.,Active,2,2019-11-30,2020-01-31,3,3.0,378.0,60.1,0,60.0,False,,False,,,,
Kern River,040305637400,20th Century,43H,Chevron U.S.A. Inc.,Active,3,2020-03-31,2020-03-31,1,1.0,103.0,16.38,0,122.0,False,,False,,,,
Kern River,040305637400,20th Century,43H,Chevron U.S.A. Inc.,Active,4,2020-07-31,2020-07-31,1,1.0,453.0,72.03,0,61.0,False,,False,,,,
Kern River,040305637400,20th Century,43H,Chevron U.S.A. Inc.,Active,5,2020-09-30,2020-09-30,1,2.0,1080.0,171.72,0,92.0,False,,False,,,,
Kern River,040305637400,20th Century,43H,Chevron U.S.A. Inc.,Active,6,2020-12-31,2020-12-31,1,2.0,1113.0,176.97,0,,True,,False,,,,
Kern River,040305637500,20th Century,44H,Chevron U.S.A. Inc.,Active,0,2019-01-31,2019-02-28,2,2.0,86.0,13.67,0,214.0,False,,False,,,,
Kern River,040305637500,20th Century,44H,Chevron U.S.A. Inc.,Active,1,2019-09-30,2019-10-31,2,2.0,270.0,42.93,0,61.0,False,,False,,,,
Kern River,040305637500,20th Century,44H,Chevron U.S.A. Inc.,Active,2,2019-12-31,2020-01-31,2,2.0,255.0,40.55,0,60.0,False,,False,,,,
Kern River,040305637500,20th Century,44H,Chevron U.S.A. Inc.,Active,3,2020-03-31,2020-03-31,1,2.0,111.0,17.65,0,122.0,False,,False,,,,
Kern River,040305637500,20th Century,44H,Chevron U.S.A. Inc.,Active,4,2020-07-31,2020-07-31,1,1.0,420.0,66.78,0,153.0,False,,False,,,,
Kern River,040305637500,20th Century,44H,Chevron U.S.A. Inc.,Active,5,2020-12-31,2020-12-31,1,2.0,1085.0,172.52,0,,True,,False,,,,
Kern River,040305652700,Fee B,117,Chevron U.S.A. Inc.,Idle,0,2018-02-28,2018-02-28,1,2.0,251.0,39.91,0,,True,,False,,,,
Kern River,040305652900,San Joaquin,1156,Chevron U.S.A. Inc.,Active,0,2019-01-31,2019-02-28,2,2.0,304.0,48.34,0,,True,,False,,,,
Kern River,040305653000,Green & Whittier,376,Chevron U.S.A. Inc.,Active,0,2019-01-31,2019-02-28,2,2.0,86.0,13.67,0,,True,,False,,,,
Kern River,040305653300,Green & Whittier,372,Chevron U.S.A. Inc.,Active,0,2018-02-28,2018-02-28,1,4.0,3490.0,554.91,0,,True,,False,,,,
Kern River,040305653600,Unspecified,19-300H,Chevron U.S.A. Inc.,Active,0,2018-02-28,2018-02-28,1,1.0,246.0,39.11,0,61.0,False,,False,,,,
Kern River,040305653600,Unspecified,19-300H,Chevron U.S.A. Inc.,Active,1,2018-04-30,2018-08-31,3,5.0,1978.0,314.5,0,242.0,False,,False,,,,
Kern River,040305653600,Unspecified,19-300H,Chevron U.S.A. Inc.,Active,2,2019-04-30,2019-04-30,1,1.0,147.0,23.37,0,123.0,False,,False,,,,
Kern River,040305653600,Unspecified,19-300H,Chevron U.S.A. Inc.,Active,3,2019-08-31,2019-08-31,1,1.0,100.0,15.9,0,61.0,False,,False,,,,
Kern River,040305653600,Unspecified,19-300H,Chevron U.S.A. Inc.,Active,4,2019-10-31,2019-12-31,3,3.0,376.0,59.78,0,60.0,False,,False,,,,
Kern River,040305653600,Unspecified,19-300H,Chevron U.S.A. Inc.,Active,5,2020-02-29,2020-02-29,1,1.0,106.0,16.85,0,306.0,False,,False,,,,
Kern River,040305653600,Unspecified,19-300H,Chevron U.S.A. Inc.,Active,6,2020-12-31,2020-12-31,1,2.0,1072.0,170.45,0,,True,,False,,,,
Kern River,040305653800,American Naphtha,3805H,Chevron U.S.A. Inc.,Active,0,2018-01-31,2018-01-31,1,2.0,434.0,69.01,0,638.0,False,,False,,,,
Kern River,040305653800,American Naphtha,3805H,Chevron U.S.A. Inc.,Active,1,2019-10-31,2019-11-30,2,3.0,264.0,41.98,0,91.0,False,,False,,,,
Kern River,040305653800,American Naphtha,3805H,Chevron U.S.A. Inc.,Active,2,2020-02-29,2020-02-29,1,1.0,118.0,18.76,0,337.0,False,,False,,,,
Kern River,040305653800,American Naphtha,3805H,Chevron U.S.A. Inc.,Active,3,2021-01-31,2021-01-31,1,2.0,799.0,127.04,0,,True,,False,,,,
Kern River,040305653900,American Naphtha,3804H,Chevron U.S.A. Inc.,Active,0,2019-01-31,2019-02-28,2,2.0,94.0,14.95,0,,True,,False,,,,
Kern River,040305654000,Green & Whittier A,619H,Chevron U.S.A. Inc.,Active,0,2018-01-31,2018-01-31,1,1.0,180.0,28.62,0,,True,,False,,,,
Kern River,040305654100,Y.M.K.,74H,Chevron U.S.A. Inc.,Active,0,2019-03-31,2019-03-31,1,2.0,132.0,20.99,0,214.0,False,,False,,,,
Kern River,040305654100,Y.M.K.,74H,Chevron U.S.A. Inc.,Active,1,2019-10-31,2019-11-30,2,3.0,233.0,37.05,0,91.0,False,,False,,,,
Kern River,040305654100,Y.M.K.,74H,Chevron U.S.A. Inc.,Active,2,2020-02-29,2020-02-29,1,1.0,104.0,16.54,0,306.0,False,,False,,,,
Kern River,040305654100,Y.M.K.,74H,Chevron U.S.A. Inc.,Active,3,2020-12-31,2020-12-31,1,2.0,1094.0,173.95,0,,True,,False,,,,
Kern River,040305654200,Y.M.K.,73H,Chevron U.S.A. Inc.,Active,0,2018-02-28,2018-02-28,1,1.0,501.0,79.66,0,396.0,False,,False,,,,
Kern River,040305654200,Y.M.K.,73H,Chevron U.S.A. Inc.,Active,1,2019-03-31,2019-03-31,1,2.0,156.0,24.8,0,244.0,False,,False,,,,
Kern River,040305654200,Y.M.K.,73H,Chevron U.S.A. Inc.,Active,2,2019-11-30,2019-11-30,1,1.0,79.0,12.56,0,91.0,False,,False,,,,
Kern River,040305654200,Y.M.K.,73H,Chevron U.S.A. Inc.,Active,3,2020-02-29,2020-02-29,1,2.0,162.0,25.76,0,306.0,False,,False,,,,
Kern River,040305654200,Y.M.K.,73H,Chevron U.S.A. Inc.,Active,4,2020-12-31,2020-12-31,1,2.0,1078.0,171.4,0,,True,,False,,,,
Kern River,040305654300,Y.M.K.,72H,Chevron U.S.A. Inc.,Active,0,2019-11-30,2019-11-30,1,1.0,78.0,12.4,0,91.0,False,,False,,,,
Kern River,040305654300,Y.M.K.,72H,Chevron U.S.A. Inc.,Active,1,2020-02-29,2020-02-29,1,1.0,105.0,16.7,0,153.0,False,,False,,,,
Kern River,040305654300,Y.M.K.,72H,Chevron U.S.A. Inc.,Active,2,2020-07-31,2020-07-31,1,2.0,802.0,127.52,0,153.0,False,,False,,,,
Kern River,040305654300,Y.M.K.,72H,Chevron U.S.A. Inc.,Active,3,2020-12-31,2020-12-31,1,2.0,1078.0,171.4,0,,True,,False,,,,
Kern River,040305654501,Unspecified,25-303H,Chevron U.S.A. Inc.,Active,0,2019-03-31,2019-04-30,2,2.0,318.0,50.56,0,61.0,False,,False,,,,
Kern River,040305654501,Unspecified,25-303H,Chevron U.S.A. Inc.,Active,1,2019-06-30,2019-06-30,1,2.0,646.0,102.71,0,92.0,False,,False,,,,
Kern River,040305654501,Unspecified,25-303H,Chevron U.S.A. Inc.,Active,2,2019-09-30,2019-10-31,2,2.0,233.0,37.05,0,61.0,False,,False,,,,
Kern River,040305654501,Unspecified,25-303H,Chevron U.S.A. Inc.,Active,3,2019-12-31,2019-12-31,1,1.0,117.0,18.6,0,,True,,False,,,,
Kern River,040305676900,San Joaquin,1154H,Chevron U.S.A. Inc.,Active,0,2019-01-31,2019-02-28,2,4.0,532.0,84.59,0,245.0,False,,False,,,,
Kern River,040305676900,San Joaquin,1154H,Chevron U.S.A. Inc.,Active,1,2019-10-31,2019-10-31,1,1.0,147.0,23.37,0,427.0,False,,False,,,,
Kern River,040305676900,San Joaquin,1154H,Chevron U.S.A. Inc.,Active,2,2020-12-31,2020-12-31,1,2.0,1064.0,169.18,0,,True,,False,,,,
Kern River,040305677100,Cortez,72H,Chevron U.S.A. Inc.,Active,0,2020-02-29,2020-02-29,1,2.0,118.0,18.76,0,,True,,False,,,,
Kern River,040305677600,Kern County Land Co. Lease 39,616H,Chevron U.S.A. Inc.,Active,0,2019-06-30,2019-06-30,1,2.0,173.0,27.51,0,123.0,False,,False,,,,
Kern River,040305677600,Kern County Land Co. Lease 39,616H,Chevron U.S.A. Inc.,Active,1,2019-10-31,2019-11-30,2,3.0,241.0,38.32,0,91.0,False,,False,,,,
Kern River,040305677600,Kern County Land Co. Lease 39,616H,Chevron U.S.A. Inc.,Active,2,2020-02-29,2020-02-29,1,1.0,175.0,27.82,0,,True,,False,,,,
Kern River,040305677700,Kern County Land Co. Lease 39,619H,Chevron U.S.A. Inc.,Active,0,2019-09-30,2019-09-30,1,3.0,870.0,138.33,0,61.0,False,,False,,,,
Kern River,040305677700,Kern County Land Co. Lease 39,619H,Chevron U.S.A. Inc.,Active,1,2019-11-30,2019-11-30,1,1.0,128.0,20.35,0,62.0,False,,False,,,,
Kern River,040305677700,Kern County Land Co. Lease 39,619H,Chevron U.S.A. Inc.,Active,2,2020-01-31,2020-01-31,1,1.0,138.0,21.94,0,,True,,False,,,,
Kern River,040305677800,San Joaquin,1161H,Chevron U.S.A. Inc.,Active,0,2018-01-31,2019-02-28,3,6.0,1773.0,281.91,0,214.0,False,,False,,,,
Kern River,040305677800,San Joaquin,1161H,Chevron U.S.A. Inc.,Active,1,2019-09-30,2019-09-30,1,1.0,127.0,20.19,0,61.0,False,,False,,,,
Kern River,040305677800,San Joaquin,1161H,Chevron U.S.A. Inc.,Active,2,2019-11-30,2019-11-30,1,1.0,100.0,15.9,0,428.0,False,,False,,,,
Kern River,040305677800,San Joaquin,1161H,Chevron U.S.A. Inc.,Active,3,2021-01-31,2021-01-31,1,2.0,962.0,152.96,0,,True,,False,,,,
Kern River,040305677900,San Joaquin,1160H,Chevron U.S.A. Inc.,Active,0,2018-01-31,2018-01-31,1,2.0,991.0,157.57,0,,True,,False,,,,
Kern River,040305677902,San Joaquin,1160H,Chevron U.S.A. Inc.,Active,0,2019-01-31,2019-02-28,2,4.0,306.0,48.65,0,214.0,False,,False,,,,
Kern River,040305677902,San Joaquin,1160H,Chevron U.S.A. Inc.,Active,1,2019-09-30,2019-09-30,1,1.0,128.0,20.35,0,61.0,False,,False,,,,
Kern River,040305677902,San Joaquin,1160H,Chevron U.S.A. Inc.,Active,2,2019-11-30,2019-11-30,1,1.0,100.0,15.9,0,,True,,False,,,,
Kern River,040305678000,San Joaquin,1159H,Chevron U.S.A. Inc.,Active,0,2019-01-31,2019-02-28,2,4.0,476.0,75.68,0,61.0,False,,False,,,,
Kern River,040305678000,San Joaquin,1159H,Chevron U.S.A. Inc.,Active,1,2019-04-30,2019-04-30,1,1.0,147.0,23.37,0,184.0,False,,False,,,,
Kern River,040305678000,San Joaquin,1159H,Chevron U.S.A. Inc.,Active,2,2019-10-31,2019-10-31,1,1.0,134.0,21.31,0,61.0,False,,False,,,,
Kern River,040305678000,San Joaquin,1159H,Chevron U.S.A. Inc.,Active,3,2019-12-31,2019-12-31,1,1.0,144.0,22.9,0,366.0,False,,False,,,,
Kern River,040305678000,San Joaquin,1159H,Chevron U.S.A. Inc.,Active,4,2020-12-31,2020-12-31,1,2.0,1351.0,214.81,0,,True,,False,,,,
Kern River,040305678100,Monte Cristo No. 1,213H,Chevron U.S.A. Inc.,Active,0,2019-01-31,2019-02-28,2,4.0,284.0,45.16,0,214.0,False,,False,,,,
Kern River,040305678100,Monte Cristo No. 1,213H,Chevron U.S.A. Inc.,Active,1,2019-09-30,2019-09-30,1,2.0,103.0,16.38,0,61.0,False,,False,,,,
Kern River,040305678100,Monte Cristo No. 1,213H,Chevron U.S.A. Inc.,Active,2,2019-11-30,2019-11-30,1,2.0,83.0,13.2,0,62.0,False,,False,,,,
Kern River,040305678100,Monte Cristo No. 1,213H,Chevron U.S.A. Inc.,Active,3,2020-01-31,2020-02-29,2,3.0,245.0,38.95,0,337.0,False,,False,,,,
Kern River,040305678100,Monte Cristo No. 1,213H,Chevron U.S.A. Inc.,Active,4,2021-01-31,2021-01-31,1,2.0,780.0,124.02,0,,True,,False,,,,
Kern River,040305678200,American Naphtha,3807H,Chevron U.S.A. Inc.,Active,0,2019-08-31,2019-08-31,1,1.0,115.0,18.29,0,61.0,False,,False,,,,
Kern River,040305678200,American Naphtha,3807H,Chevron U.S.A. Inc.,Active,1,2019-10-31,2019-11-30,2,3.0,268.0,42.61,0,91.0,False,,False,,,,
Kern River,040305678200,American Naphtha,3807H,Chevron U.S.A. Inc.,Active,2,2020-02-29,2020-02-29,1,1.0,119.0,18.92,0,,True,,False,,,,
Kern River,040305678400,20th Century,45H,Chevron U.S.A. Inc.,Active,0,2019-01-31,2019-03-31,3,3.0,140.0,22.26,0,153.0,False,,False,,,,
Kern River,040305678400,20th Century,45H,Chevron U.S.A. Inc.,Active,1,2019-08-31,2019-08-31,1,1.0,123.0,19.56,0,61.0,False,,False,,,,
Kern River,040305678400,20th Century,45H,Chevron U.S.A. Inc.,Active,2,2019-10-31,2019-11-30,2,2.0,250.0,39.75,0,62.0,False,,False,,,,
Kern River,040305678400,20th Century,45H,Chevron U.S.A. Inc.,Active,3,2020-01-31,2020-02-29,2,2.0,275.0,43.73,0,153.0,False,,False,,,,
Kern River,040305678400,20th Century,45H,Chevron U.S.A. Inc.,Active,4,2020-07-31,2020-07-31,1,2.0,798.0,126.88,0,153.0,False,,False,,,,
Kern River,040305678400,20th Century,45H,Chevron U.S.A. Inc.,Active,5,2020-12-31,2020-12-31,1,2.0,1087.0,172.83,0,,True,,False,,,,
Kern River,040305678500,San Joaquin,1157H,Chevron U.S.A. Inc.,Active,0,2018-01-31,2019-02-28,3,4.0,591.0,93.97,0,245.0,False,,False,,,,
Kern River,040305678500,San Joaquin,1157H,Chevron U.S.A. Inc.,Active,1,2019-10-31,2019-11-30,2,4.0,247.0,39.27,0,91.0,False,,False,,,,
Kern River,040305678500,San Joaquin,1157H,Chevron U.S.A. Inc.,Active,2,2020-02-29,2020-02-29,1,2.0,132.0,20.99,0,306.0,False,,False,,,,
Kern River,040305678500,San Joaquin,1157H,Chevron U.S.A. Inc.,Active,3,2020-12-31,2020-12-31,1,2.0,1692.0,269.03,0,,True,,False,,,,
Kern River,040305678700,Kern A,227H,Chevron U.S.A. Inc.,Active,0,2020-02-29,2020-02-29,1,2.0,211.0,33.55,0,,True,,False,,,,
Kern River,040305678900,Boots,2H,Chevron U.S.A. Inc.,Active,0,2019-09-30,2019-10-31,2,2.0,285.0,45.31,0,61.0,False,,False,,,,
Kern River,040305678900,Boots,2H,Chevron U.S.A. Inc.,Active,1,2019-12-31,2020-01-31,2,2.0,263.0,41.82,0,,True,,False,,,,
Kern River,040305697800,Reed Crude A,159H,Chevron U.S.A. Inc.,Active,0,2019-04-30,2019-04-30,1,1.0,141.0,22.42,0,123.0,False,,False,,,,
Kern River,040305697800,Reed Crude A,159H,Chevron U.S.A. Inc.,Active,1,2019-08-31,2019-08-31,1,1.0,80.0,12.72,0,182.0,False,,False,,,,
Kern River,040305697800,Reed Crude A,159H,Chevron U.S.A. Inc.,Active,2,2020-02-29,2020-02-29,1,2.0,119.0,18.92,0,,True,,False,,,,
Kern River,040305697900,Reed Crude A,158H,Chevron U.S.A. Inc.,Active,0,2019-04-30,2019-04-30,1,1.0,145.0,23.05,0,153.0,False,,False,,,,
Kern River,040305697900,Reed Crude A,158H,Chevron U.S.A. Inc.,Active,1,2019-09-30,2019-10-31,2,2.0,242.0,38.48,0,61.0,False,,False,,,,
Kern River,040305697900,Reed Crude A,158H,Chevron U.S.A. Inc.,Active,2,2019-12-31,2019-12-31,1,1.0,270.0,42.93,0,60.0,False,,False,,,,
Kern River,040305697900,Reed Crude A,158H,Chevron U.S.A. Inc.,Active,3,2020-02-29,2020-02-29,1,2.0,135.0,21.46,0,,True,,False,,,,
Kern River,040305707000,May,61H,Chevron U.S.A. Inc.,Active,0,2018-01-31,2018-01-31,1,1.0,612.0,97.31,0,607.0,False,,False,,,,
Kern River,040305707000,May,61H,Chevron U.S.A. Inc.,Active,1,2019-09-30,2019-09-30,1,1.0,101.0,16.06,0,61.0,False,,False,,,,
Kern River,040305707000,May,61H,Chevron U.S.A. Inc.,Active,2,2019-11-30,2019-11-30,1,1.0,81.0,12.88,0,62.0,False,,False,,,,
Kern River,040305707000,May,61H,Chevron U.S.A. Inc.,Active,3,2020-01-31,2020-02-29,2,2.0,239.0,38.0,0,,True,,False,,,,
Kern River,040305720600,Junction,142,Chevron U.S.A. Inc.,Active,0,2019-08-31,2019-09-30,2,2.0,123.0,19.56,0,,True,,False,,,,
Kern River,040305720900,Junction,144,Chevron U.S.A. Inc.,Active,0,2018-01-31,2018-01-31,1,2.0,593.0,94.29,0,577.0,False,,False,,,,
Kern River,040305720900,Junction,144,Chevron U.S.A. Inc.,Active,1,2019-08-31,2019-09-30,2,2.0,123.0,19.56,0,,True,,False,,,,
Kern River,040305721400,May,59,Chevron U.S.A. Inc.,Active,0,2020-01-31,2020-01-31,1,3.0,1918.0,304.96,0,,True,,False,,,,
Kern River,040305728400,Kern Co. Land Co.,117H,Chevron U.S.A. Inc.,Active,0,2018-01-31,2019-02-28,3,3.0,649.0,103.19,0,366.0,False,,False,,,,
Kern River,040305728400,Kern Co. Land Co.,117H,Chevron U.S.A. Inc.,Active,1,2020-02-29,2020-02-29,1,1.0,197.0,31.32,0,153.0,False,,False,,,,
Kern River,040305728400,Kern Co. Land Co.,117H,Chevron U.S.A. Inc.,Active,2,2020-07-31,2020-07-31,1,2.0,831.0,132.13,0,,True,,False,,,,
Kern River,040305728600,Alma Jr.,49H,Chevron U.S.A. Inc.,Active,0,2018-01-31,2018-01-31,1,2.0,242.0,38.48,0,,True,,False,,,,
Kern River,040305728700,Red Bank,67H,Chevron U.S.A. Inc.,Active,0,2020-01-31,2020-01-31,1,2.0,723.0,114.96,0,,True,,False,,,,
Kern River,040305728800,Kern County Land Co. Lease 39,614H,Chevron U.S.A. Inc.,Active,0,2018-01-31,2018-01-31,1,2.0,464.0,73.78,0,638.0,False,,False,,,,
Kern River,040305728800,Kern County Land Co. Lease 39,614H,Chevron U.S.A. Inc.,Active,1,2019-10-31,2019-11-30,2,2.0,256.0,40.7,0,62.0,False,,False,,,,
Kern River,040305728800,Kern County Land Co. Lease 39,614H,Chevron U.S.A. Inc.,Active,2,2020-01-31,2020-02-29,2,3.0,275.0,43.73,0,,True,,False,,,,
Kern River,040305729200,Kern River Drillers,168,Chevron U.S.A. Inc.,Active,0,2020-11-30,2020-11-30,1,2.0,766.0,121.79,0,,True,,False,,,,
Kern River,040305729300,Kern River Drillers,169,Chevron U.S.A. Inc.,Active,0,2019-03-31,2019-03-31,1,2.0,47.0,7.47,0,,True,,False,,,,
Kern River,040305729400,Kern River Drillers,170,Chevron U.S.A. Inc.,Active,0,2019-05-31,2019-05-31,1,4.0,54.0,8.59,0,,True,,False,,,,
Kern River,040305729600,Kern River Drillers,172,Chevron U.S.A. Inc.,Active,0,2019-03-31,2019-03-31,1,2.0,47.0,7.47,0,183.0,False,,False,,,,
Kern River,040305729600,Kern River Drillers,172,Chevron U.S.A. Inc.,Active,1,2019-09-30,2019-09-30,1,2.0,186.0,29.57,0,,True,,False,,,,
Kern River,040305732000,San Joaquin,1158H,Chevron U.S.A. Inc.,Active,0,2019-10-31,2019-11-30,2,3.0,273.0,43.41,0,91.0,False,,False,,,,
Kern River,040305732000,San Joaquin,1158H,Chevron U.S.A. Inc.,Active,1,2020-02-29,2020-02-29,1,2.0,136.0,21.62,0,306.0,False,,False,,,,
Kern River,040305732000,San Joaquin,1158H,Chevron U.S.A. Inc.,Active,2,2020-12-31,2020-12-31,1,2.0,1054.0,167.59,0,,True,,False,,,,
Kern River,040305732100,Sycamore,201H,Chevron U.S.A. Inc.,Active,0,2019-06-30,2019-06-30,1,2.0,636.0,101.12,0,123.0,False,,False,,,,
Kern River,040305732100,Sycamore,201H,Chevron U.S.A. Inc.,Active,1,2019-10-31,2019-11-30,2,3.0,202.0,32.12,0,62.0,False,,False,,,,
Kern River,040305732100,Sycamore,201H,Chevron U.S.A. Inc.,Active,2,2020-01-31,2020-02-29,2,4.0,1034.0,164.41,0,153.0,False,,False,,,,
Kern River,040305732100,Sycamore,201H,Chevron U.S.A. Inc.,Active,3,2020-07-31,2020-07-31,1,1.0,124.0,19.72,0,153.0,False,,False,,,,
Kern River,040305732100,Sycamore,201H,Chevron U.S.A. Inc.,Active,4,2020-12-31,2020-12-31,1,2.0,1047.0,166.47,0,,True,,False,,,,
Kern River,040305732300,Kern,604H,Chevron U.S.A. Inc.,Active,0,2019-10-31,2019-10-31,1,1.0,147.0,23.37,0,458.0,False,,False,,,,
Kern River,040305732300,Kern,604H,Chevron U.S.A. Inc.,Active,1,2021-01-31,2021-01-31,1,2.0,964.0,153.28,0,,True,,False,,,,
Kern River,040305732400,San Joaquin,1162H,Chevron U.S.A. Inc.,Active,0,2018-01-31,2018-01-31,1,2.0,616.0,97.94,0,424.0,False,,False,,,,
Kern River,040305732400,San Joaquin,1162H,Chevron U.S.A. Inc.,Active,1,2019-03-31,2019-04-30,2,2.0,602.0,95.72,0,184.0,False,,False,,,,
Kern River,040305732400,San Joaquin,1162H,Chevron U.S.A. Inc.,Active,2,2019-10-31,2019-10-31,1,1.0,133.0,21.15,0,61.0,False,,False,,,,
Kern River,040305732400,San Joaquin,1162H,Chevron U.S.A. Inc.,Active,3,2019-12-31,2019-12-31,1,1.0,145.0,23.05,0,366.0,False,,False,,,,
Kern River,040305732400,San Joaquin,1162H,Chevron U.S.A. Inc.,Active,4,2020-12-31,2020-12-31,1,2.0,1289.0,204.95,0,,True,,False,,,,
Kern River,040305732700,Junction,148,Chevron U.S.A. Inc.,Active,0,2019-08-31,2019-08-31,1,1.0,122.0,19.4,0,,True,,False,,,,
Kern River,040305732800,Knob Hill,93H,Chevron U.S.A. Inc.,Idle,0,2018-01-31,2018-01-31,1,1.0,219.0,34.82,0,,True,,False,,,,
Kern River,040305733100,Hanford & Fresno,603H,Chevron U.S.A. Inc.,Active,0,2019-04-30,2019-04-30,1,1.0,36.0,5.72,0,153.0,False,,False,,,,
Kern River,040305733100,Hanford & Fresno,603H,Chevron U.S.A. Inc.,Active,1,2019-09-30,2019-10-31,2,3.0,251.0,39.91,0,61.0,False,,False,,,,
Kern River,040305733100,Hanford & Fresno,603H,Chevron U.S.A. Inc.,Active,2,2019-12-31,2019-12-31,1,2.0,107.0,17.01,0,60.0,False,,False,,,,
Kern River,040305733100,Hanford & Fresno,603H,Chevron U.S.A. Inc.,Active,3,2020-02-29,2020-02-29,1,2.0,110.0,17.49,0,153.0,False,,False,,,,
Kern River,040305733100,Hanford & Fresno,603H,Chevron U.S.A. Inc.,Active,4,2020-07-31,2020-07-31,1,2.0,808.0,128.47,0,,True,,False,,,,
Kern River,040305733200,Rambler,145H,Chevron U.S.A. Inc.,Active,0,2019-09-30,2019-09-30,1,1.0,110.0,17.49,0,61.0,False,,False,,,,
Kern River,040305733200,Rambler,145H,Chevron U.S.A. Inc.,Active,1,2019-11-30,2019-11-30,1,1.0,100.0,15.9,0,,True,,False,,,,
Kern River,040305733300,Green & Whittier A,621H,Chevron U.S.A. Inc.,Active,0,2019-08-31,2019-08-31,1,1.0,136.0,21.62,0,61.0,False,,False,,,,
Kern River,040305733300,Green & Whittier A,621H,Chevron U.S.A. Inc.,Active,1,2019-10-31,2019-11-30,2,3.0,308.0,48.97,0,91.0,False,,False,,,,
Kern River,040305733300,Green & Whittier A,621H,Chevron U.S.A. Inc.,Active,2,2020-02-29,2020-02-29,1,1.0,126.0,20.03,0,153.0,False,,False,,,,
Kern River,040305733300,Green & Whittier A,621H,Chevron U.S.A. Inc.,Active,3,2020-07-31,2020-07-31,1,1.0,445.0,70.75,0,,True,,False,,,,
Kern River,040305733400,Monte Cristo No. 1,216H,Chevron U.S.A. Inc.,Active,0,2019-09-30,2019-09-30,1,1.0,99.0,15.74,0,61.0,False,,False,,,,
Kern River,040305733400,Monte Cristo No. 1,216H,Chevron U.S.A. Inc.,Active,1,2019-11-30,2019-12-31,2,4.0,213.0,33.87,0,60.0,False,,False,,,,
Kern River,040305733400,Monte Cristo No. 1,216H,Chevron U.S.A. Inc.,Active,2,2020-02-29,2020-02-29,1,2.0,100.0,15.9,0,306.0,False,,False,,,,
Kern River,040305733400,Monte Cristo No. 1,216H,Chevron U.S.A. Inc.,Active,3,2020-12-31,2020-12-31,1,2.0,1045.0,166.16,0,90.0,False,,False,,,,
Kern River,040305733400,Monte Cristo No. 1,216H,Chevron U.S.A. Inc.,Active,4,2021-03-31,2021-03-31,1,3.0,1013.0,161.07,0,,True,,False,,,,
Kern River,040305733600,Kern River Drillers,183H,Chevron U.S.A. Inc.,Active,0,2018-01-31,2018-01-31,1,1.0,554.0,88.09,0,,True,,False,,,,
Kern River,040305733700,Kern River Drillers,180H,Chevron U.S.A. Inc.,Active,0,2018-01-31,2018-01-31,1,1.0,203.0,32.28,0,668.0,False,,False,,,,
Kern River,040305733700,Kern River Drillers,180H,Chevron U.S.A. Inc.,Active,1,2019-11-30,2019-11-30,1,1.0,155.0,24.64,0,62.0,False,,False,,,,
Kern River,040305733700,Kern River Drillers,180H,Chevron U.S.A. Inc.,Active,2,2020-01-31,2020-01-31,1,1.0,142.0,22.58,0,60.0,False,,False,,,,
Kern River,040305733700,Kern River Drillers,180H,Chevron U.S.A. Inc.,Active,3,2020-03-31,2020-03-31,1,1.0,202.0,32.12,0,122.0,False,,False,,,,
Kern River,040305733700,Kern River Drillers,180H,Chevron U.S.A. Inc.,Active,4,2020-07-31,2020-07-31,1,1.0,441.0,70.12,0,,True,,False,,,,
Kern River,040305733800,Kern River Drillers,181H,Chevron U.S.A. Inc.,Active,0,2018-01-31,2018-01-31,1,1.0,203.0,32.28,0,,True,,False,,,,
Kern River,040305734200,Kern,606H,Chevron U.S.A. Inc.,Active,0,2019-03-31,2019-03-31,1,1.0,37.0,5.88,0,183.0,False,,False,,,,
Kern River,040305734200,Kern,606H,Chevron U.S.A. Inc.,Active,1,2019-09-30,2019-09-30,1,1.0,127.0,20.19,0,152.0,False,,False,,,,
Kern River,040305734200,Kern,606H,Chevron U.S.A. Inc.,Active,2,2020-02-29,2020-02-29,1,2.0,169.0,26.87,0,306.0,False,,False,,,,
Kern River,040305734200,Kern,606H,Chevron U.S.A. Inc.,Active,3,2020-12-31,2020-12-31,1,2.0,1703.0,270.78,0,,True,,False,,,,
Kern River,040305734300,Kern County Land Co. Lease 39,615H,Chevron U.S.A. Inc.,Active,0,2019-10-31,2019-11-30,2,3.0,263.0,41.82,0,62.0,False,,False,,,,
Kern River,040305734300,Kern County Land Co. Lease 39,615H,Chevron U.S.A. Inc.,Active,1,2020-01-31,2020-01-31,1,1.0,140.0,22.26,0,,True,,False,,,,
Kern River,040305741100,Unspecified,25-305H,Chevron U.S.A. Inc.,Active,0,2019-01-31,2019-02-28,2,2.0,290.0,46.11,0,245.0,False,,False,,,,
Kern River,040305741100,Unspecified,25-305H,Chevron U.S.A. Inc.,Active,1,2019-10-31,2019-11-30,2,3.0,182.0,28.94,0,62.0,False,,False,,,,
Kern River,040305741100,Unspecified,25-305H,Chevron U.S.A. Inc.,Active,2,2020-01-31,2020-02-29,2,2.0,238.0,37.84,0,184.0,False,,False,,,,
Kern River,040305741100,Unspecified,25-305H,Chevron U.S.A. Inc.,Active,3,2020-08-31,2020-08-31,1,2.0,829.0,131.81,0,,True,,False,,,,
Kern River,040305741200,Unspecified,25-307H,Chevron U.S.A. Inc.,Active,0,2019-03-31,2019-03-31,1,1.0,160.0,25.44,0,183.0,False,,False,,,,
Kern River,040305741200,Unspecified,25-307H,Chevron U.S.A. Inc.,Active,1,2019-09-30,2019-10-31,2,2.0,223.0,35.46,0,92.0,False,,False,,,,
Kern River,040305741200,Unspecified,25-307H,Chevron U.S.A. Inc.,Active,2,2020-01-31,2020-02-29,2,3.0,858.0,136.42,0,,True,,False,,,,
Kern River,040305741300,Unspecified,25-306H,Chevron U.S.A. Inc.,Active,0,2018-02-28,2018-02-28,1,2.0,581.0,92.38,0,396.0,False,,False,,,,
Kern River,040305741300,Unspecified,25-306H,Chevron U.S.A. Inc.,Active,1,2019-03-31,2019-03-31,1,1.0,160.0,25.44,0,214.0,False,,False,,,,
Kern River,040305741300,Unspecified,25-306H,Chevron U.S.A. Inc.,Active,2,2019-10-31,2019-10-31,1,1.0,119.0,18.92,0,,True,,False,,,,
Kern River,040305741400,Cauley,82H,Chevron U.S.A. Inc.,Active,0,2019-03-31,2019-03-31,1,1.0,46.0,7.31,0,306.0,False,,False,,,,
Kern River,040305741400,Cauley,82H,Chevron U.S.A. Inc.,Active,1,2020-01-31,2020-01-31,1,2.0,184.0,29.26,0,60.0,False,,False,,,,
Kern River,040305741400,Cauley,82H,Chevron U.S.A. Inc.,Active,2,2020-03-31,2020-03-31,1,1.0,190.0,30.21,0,122.0,False,,False,,,,
Kern River,040305741400,Cauley,82H,Chevron U.S.A. Inc.,Active,3,2020-07-31,2020-07-31,1,2.0,837.0,133.08,0,92.0,False,,False,,,,
Kern River,040305741400,Cauley,82H,Chevron U.S.A. Inc.,Active,4,2020-10-31,2020-10-31,1,2.0,848.0,134.83,0,61.0,False,,False,,,,
Kern River,040305741400,Cauley,82H,Chevron U.S.A. Inc.,Active,5,2020-12-31,2020-12-31,1,2.0,1091.0,173.47,0,,True,,False,,,,
Kern River,040305741700,Vanderlip,46H,Chevron U.S.A. Inc.,Active,0,2019-01-31,2019-02-28,2,2.0,292.0,46.43,0,275.0,False,,False,,,,
Kern River,040305741700,Vanderlip,46H,Chevron U.S.A. Inc.,Active,1,2019-11-30,2020-01-31,3,5.0,332.0,52.79,0,,True,,False,,,,
Kern River,040305742100,Junction,147,Chevron U.S.A. Inc.,Active,0,2018-01-31,2018-01-31,1,2.0,482.0,76.64,0,,True,,False,,,,
Kern River,040305746100,Green & Whittier A,622H,Chevron U.S.A. Inc.,Active,0,2018-01-31,2019-02-28,3,5.0,307.0,48.81,0,214.0,False,,False,,,,
Kern River,040305746100,Green & Whittier A,622H,Chevron U.S.A. Inc.,Active,1,2019-09-30,2019-09-30,1,2.0,138.0,21.94,0,61.0,False,,False,,,,
Kern River,040305746100,Green & Whittier A,622H,Chevron U.S.A. Inc.,Active,2,2019-11-30,2020-01-31,3,4.0,454.0,72.19,0,304.0,False,,False,,,,
Kern River,040305746100,Green & Whittier A,622H,Chevron U.S.A. Inc.,Active,3,2020-11-30,2020-11-30,1,2.0,774.0,123.07,0,,True,,False,,,,
Kern River,040305754300,20th Century,40,Chevron U.S.A. Inc.,Active,0,2019-01-31,2019-02-28,2,2.0,88.0,13.99,0,,True,,False,,,,
Kern River,040305754600,Producers,20H,Chevron U.S.A. Inc.,Active,0,2018-02-28,2018-02-28,1,2.0,168.0,26.71,0,,True,,False,,,,
Kern River,040305754700,Golden Rod,17H,Chevron U.S.A. Inc.,Active,0,2018-01-31,2018-01-31,1,1.0,244.0,38.8,0,,True,,False,,,,
Kern River,040305754701,Golden Rod,17H,Chevron U.S.A. Inc.,Active,0,2019-11-30,2019-11-30,1,2.0,171.0,27.19,0,62.0,False,,False,,,,
Kern River,040305754701,Golden Rod,17H,Chevron U.S.A. Inc.,Active,1,2020-01-31,2020-01-31,1,1.0,124.0,19.72,0,60.0,False,,False,,,,
Kern River,040305754701,Golden Rod,17H,Chevron U.S.A. Inc.,Active,2,2020-03-31,2020-03-31,1,1.0,110.0,17.49,0,,True,,False,,,,
Kern River,040305754900,Unspecified,416H,Chevron U.S.A. Inc.,Active,0,2018-01-31,2018-01-31,1,1.0,294.0,46.75,0,,True,,False,,,,
Kern River,040305755000,Tarr & McComb,47H,Chevron U.S.A. Inc.,Active,0,2019-11-30,2019-11-30,1,2.0,92.0,14.63,0,62.0,False,,False,,,,
Kern River,040305755000,Tarr & McComb,47H,Chevron U.S.A. Inc.,Active,1,2020-01-31,2020-02-29,2,3.0,222.0,35.3,0,306.0,False,,False,,,,
Kern River,040305755000,Tarr & McComb,47H,Chevron U.S.A. Inc.,Active,2,2020-12-31,2020-12-31,1,2.0,1063.0,169.02,0,,True,,False,,,,
Kern River,040305755200,Knob Hill,94H,Chevron U.S.A. Inc.,Idle,0,2018-02-28,2018-02-28,1,2.0,852.0,135.47,0,,True,,False,,,,
Kern River,040305758500,Junction,138H,Chevron U.S.A. Inc.,Active,0,2019-09-30,2019-09-30,1,1.0,122.0,19.4,0,61.0,False,,False,,,,
Kern River,040305758500,Junction,138H,Chevron U.S.A. Inc.,Active,1,2019-11-30,2019-11-30,1,1.0,134.0,21.31,0,62.0,False,,False,,,,
Kern River,040305758500,Junction,138H,Chevron U.S.A. Inc.,Active,2,2020-01-31,2020-02-29,2,3.0,270.0,42.93,0,245.0,False,,False,,,,
Kern River,040305758500,Junction,138H,Chevron U.S.A. Inc.,Active,3,2020-10-31,2020-10-31,1,2.0,863.0,137.22,0,61.0,False,,False,,,,
Kern River,040305758500,Junction,138H,Chevron U.S.A. Inc.,Active,4,2020-12-31,2020-12-31,1,2.0,1130.0,179.67,0,,True,,False,,,,
Kern River,040305760200,Monte Cristo No. 1,214H,Chevron U.S.A. Inc.,Active,0,2018-02-28,2018-02-28,1,2.0,443.0,70.44,0,61.0,False,,False,,,,
Kern River,040305760200,Monte Cristo No. 1,214H,Chevron U.S.A. Inc.,Active,1,2018-04-30,2018-05-31,2,3.0,1672.0,265.85,0,518.0,False,,False,,,,
Kern River,040305760200,Monte Cristo No. 1,214H,Chevron U.S.A. Inc.,Active,2,2019-10-31,2019-11-30,2,2.0,206.0,32.75,0,91.0,False,,False,,,,
Kern River,040305760200,Monte Cristo No. 1,214H,Chevron U.S.A. Inc.,Active,3,2020-02-29,2020-02-29,1,2.0,111.0,17.65,0,,True,,False,,,,
Kern River,040305767400,Fee A,216,Chevron U.S.A. Inc.,Active,0,2018-01-31,2018-01-31,1,1.0,209.0,33.23,0,424.0,False,,False,,,,
Kern River,040305767400,Fee A,216,Chevron U.S.A. Inc.,Active,1,2019-03-31,2019-03-31,1,1.0,50.0,7.95,0,,True,,False,,,,
Kern River,040305767500,Fee A,217,Chevron U.S.A. Inc.,Active,0,2019-03-31,2019-03-31,1,1.0,50.0,7.95,0,,True,,False,,,,
Kern River,040305767600,Fee A,218,Chevron U.S.A. Inc.,Active,0,2019-10-31,2019-10-31,1,2.0,818.0,130.06,0,,True,,False,,,,
Kern River,040305768100,Green & Whittier,371H,Chevron U.S.A. Inc.,Active,0,2018-01-31,2018-01-31,1,2.0,666.0,105.89,0,607.0,False,,False,,,,
Kern River,040305768100,Green & Whittier,371H,Chevron U.S.A. Inc.,Active,1,2019-09-30,2019-09-30,1,1.0,142.0,22.58,0,61.0,False,,False,,,,
Kern River,040305768100,Green & Whittier,371H,Chevron U.S.A. Inc.,Active,2,2019-11-30,2019-11-30,1,2.0,132.0,20.99,0,91.0,False,,False,,,,
Kern River,040305768100,Green & Whittier,371H,Chevron U.S.A. Inc.,Active,3,2020-02-29,2020-02-29,1,2.0,194.0,30.85,0,153.0,False,,False,,,,
Kern River,040305768100,Green & Whittier,371H,Chevron U.S.A. Inc.,Active,4,2020-07-31,2020-07-31,1,2.0,837.0,133.08,0,,True,,False,,,,
Kern River,040305768300,Green & Whittier,377H,Chevron U.S.A. Inc.,Active,0,2019-03-31,2019-03-31,1,1.0,53.0,8.43,0,153.0,False,,False,,,,
Kern River,040305768300,Green & Whittier,377H,Chevron U.S.A. Inc.,Active,1,2019-08-31,2019-08-31,1,1.0,139.0,22.1,0,61.0,False,,False,,,,
Kern River,040305768300,Green & Whittier,377H,Chevron U.S.A. Inc.,Active,2,2019-10-31,2019-10-31,1,1.0,127.0,20.19,0,61.0,False,,False,,,,
Kern River,040305768300,Green & Whittier,377H,Chevron U.S.A. Inc.,Active,3,2019-12-31,2019-12-31,1,2.0,118.0,18.76,0,60.0,False,,False,,,,
Kern River,040305768300,Green & Whittier,377H,Chevron U.S.A. Inc.,Active,4,2020-02-29,2020-02-29,1,1.0,135.0,21.46,0,153.0,False,,False,,,,
Kern River,040305768300,Green & Whittier,377H,Chevron U.S.A. Inc.,Active,5,2020-07-31,2020-07-31,1,1.0,423.0,67.26,0,,True,,False,,,,
Kern River,040305768400,San Joaquin,1170H,Chevron U.S.A. Inc.,Active,0,2019-03-31,2019-03-31,1,2.0,161.0,25.6,0,214.0,False,,False,,,,
Kern River,040305768400,San Joaquin,1170H,Chevron U.S.A. Inc.,Active,1,2019-10-31,2019-10-31,1,2.0,155.0,24.64,0,121.0,False,,False,,,,
Kern River,040305768400,San Joaquin,1170H,Chevron U.S.A. Inc.,Active,2,2020-02-29,2020-02-29,1,1.0,87.0,13.83,0,306.0,False,,False,,,,
Kern River,040305768400,San Joaquin,1170H,Chevron U.S.A. Inc.,Active,3,2020-12-31,2020-12-31,1,2.0,1065.0,169.34,0,,True,,False,,,,
Kern River,040305768600,Mt. Diablo,28,Chevron U.S.A. Inc.,Active,0,2018-01-31,2018-01-31,1,1.0,193.0,30.69,0,,True,,False,,,,
Kern River,040305768700,Fee A,224,Chevron U.S.A. Inc.,Active,0,2018-01-31,2018-01-31,1,1.0,241.0,38.32,0,,True,,False,,,,
Kern River,040305769000,Fee A,225,Chevron U.S.A. Inc.,Active,0,2019-01-31,2019-02-28,2,2.0,86.0,13.67,0,,True,,False,,,,
Kern River,040305769100,Fee A,215,Chevron U.S.A. Inc.,Active,0,2020-11-30,2020-11-30,1,2.0,754.0,119.89,0,,True,,False,,,,
Kern River,040305780500,San Joaquin,1164H,Chevron U.S.A. Inc.,Active,0,2019-01-31,2019-02-28,2,2.0,296.0,47.06,0,61.0,False,,False,,,,
Kern River,040305780500,San Joaquin,1164H,Chevron U.S.A. Inc.,Active,1,2019-04-30,2019-04-30,1,1.0,489.0,77.75,0,,True,,False,,,,
Kern River,040305780600,San Joaquin,1165H,Chevron U.S.A. Inc.,Active,0,2018-01-31,2019-02-28,3,5.0,691.0,109.87,0,337.0,False,,False,,,,
Kern River,040305780600,San Joaquin,1165H,Chevron U.S.A. Inc.,Active,1,2020-01-31,2020-01-31,1,1.0,109.0,17.33,0,335.0,False,,False,,,,
Kern River,040305780600,San Joaquin,1165H,Chevron U.S.A. Inc.,Active,2,2020-12-31,2020-12-31,1,2.0,1149.0,182.69,0,,True,,False,,,,
Kern River,040305780700,San Joaquin,1166H,Chevron U.S.A. Inc.,Active,0,2019-10-31,2019-11-30,2,3.0,227.0,36.09,0,91.0,False,,False,,,,
Kern River,040305780700,San Joaquin,1166H,Chevron U.S.A. Inc.,Active,1,2020-02-29,2020-02-29,1,2.0,91.0,14.47,0,306.0,False,,False,,,,
Kern River,040305780700,San Joaquin,1166H,Chevron U.S.A. Inc.,Active,2,2020-12-31,2020-12-31,1,2.0,1099.0,174.74,0,,True,,False,,,,
Kern River,040305780800,Kern,608H,Chevron U.S.A. Inc.,Active,0,2019-10-31,2019-11-30,2,2.0,283.0,45.0,0,62.0,False,,False,,,,
Kern River,040305780800,Kern,608H,Chevron U.S.A. Inc.,Active,1,2020-01-31,2020-01-31,1,2.0,112.0,17.81,0,,True,,False,,,,
Kern River,040305788200,Jerry-Lee,212,"Kern River Holdings II, LLC",Active,0,2018-01-31,2018-01-31,1,9.0,7279.0,1157.36,0,,True,,False,,,,
Kern River,040305788300,Jerry-Lee,312,"Kern River Holdings II, LLC",Active,0,2021-03-31,2021-03-31,1,3.0,949.0,150.89,0,,True,,False,,,,
Kern River,040305788400,Jerry-Lee,111,"Kern River Holdings II, LLC",Active,0,2018-02-28,2018-02-28,1,3.0,2611.0,415.15,0,1096.0,False,,False,,,,
Kern River,040305788400,Jerry-Lee,111,"Kern River Holdings II, LLC",Active,1,2021-02-28,2021-02-28,1,6.0,2305.0,366.5,0,,True,,False,,,,
Kern River,040305788500,Jerry-Lee,211-I,"Kern River Holdings II, LLC",Active,0,2018-01-31,2020-05-31,24,716.0,99833.0,15873.45,0,,True,,False,,,,
Kern River,040305789400,Ferne,903,"Kern River Holdings II, LLC",Active,0,2018-01-31,2018-01-31,1,12.0,7932.0,1261.19,0,,True,,False,,,,
Kern River,040305794400,Ferne,1102,"Kern River Holdings II, LLC",Active,0,2018-01-31,2018-07-31,3,20.0,14766.0,2347.79,0,243.0,False,,False,,,,
Kern River,040305794400,Ferne,1102,"Kern River Holdings II, LLC",Active,1,2019-03-31,2019-04-30,2,11.0,7879.0,1252.76,0,214.0,False,,False,,,,
Kern River,040305794400,Ferne,1102,"Kern River Holdings II, LLC",Active,2,2019-11-30,2019-11-30,1,3.0,2051.0,326.11,0,91.0,False,,False,,,,
Kern River,040305794400,Ferne,1102,"Kern River Holdings II, LLC",Active,3,2020-02-29,2020-02-29,1,2.0,1118.0,177.76,0,153.0,False,,False,,,,
Kern River,040305794400,Ferne,1102,"Kern River Holdings II, LLC",Active,4,2020-07-31,2020-07-31,1,2.0,1357.0,215.76,0,212.0,False,,False,,,,
Kern River,040305794400,Ferne,1102,"Kern River Holdings II, LLC",Active,5,2021-02-28,2021-02-28,1,3.0,1511.0,240.25,0,,True,,False,,,,
Kern River,040305797300,Ferne,1004,"Kern River Holdings II, LLC",Active,0,2018-01-31,2018-01-31,1,1.0,103.0,16.38,0,,True,,False,,,,
Kern River,040305811600,Vesta,100H,Chevron U.S.A. Inc.,Active,0,2019-03-31,2019-03-31,1,1.0,499.0,79.34,0,214.0,False,,False,,,,
Kern River,040305811600,Vesta,100H,Chevron U.S.A. Inc.,Active,1,2019-10-31,2019-11-30,2,2.0,215.0,34.19,0,91.0,False,,False,,,,
Kern River,040305811600,Vesta,100H,Chevron U.S.A. Inc.,Active,2,2020-02-29,2020-02-29,1,1.0,122.0,19.4,0,,True,,False,,,,
Kern River,040305811700,Sterling,303H,Chevron U.S.A. Inc.,Active,0,2018-02-28,2019-02-28,3,5.0,864.0,137.38,0,214.0,False,,False,,,,
Kern River,040305811700,Sterling,303H,Chevron U.S.A. Inc.,Active,1,2019-09-30,2019-09-30,1,1.0,124.0,19.72,0,61.0,False,,False,,,,
Kern River,040305811700,Sterling,303H,Chevron U.S.A. Inc.,Active,2,2019-11-30,2020-01-31,3,3.0,363.0,57.72,0,60.0,False,,False,,,,
Kern River,040305811700,Sterling,303H,Chevron U.S.A. Inc.,Active,3,2020-03-31,2020-03-31,1,2.0,141.0,22.42,0,275.0,False,,False,,,,
Kern River,040305811700,Sterling,303H,Chevron U.S.A. Inc.,Active,4,2020-12-31,2020-12-31,1,2.0,1044.0,166.0,0,,True,,False,,,,
Kern River,040305811800,Sterling,302H,Chevron U.S.A. Inc.,Active,0,2019-01-31,2019-02-28,2,4.0,282.0,44.84,0,214.0,False,,False,,,,
Kern River,040305811800,Sterling,302H,Chevron U.S.A. Inc.,Active,1,2019-09-30,2019-09-30,1,1.0,124.0,19.72,0,61.0,False,,False,,,,
Kern River,040305811800,Sterling,302H,Chevron U.S.A. Inc.,Active,2,2019-11-30,2019-12-31,2,3.0,871.0,138.49,0,60.0,False,,False,,,,
Kern River,040305811800,Sterling,302H,Chevron U.S.A. Inc.,Active,3,2020-02-29,2020-03-31,2,4.0,456.0,72.5,0,214.0,False,,False,,,,
Kern River,040305811800,Sterling,302H,Chevron U.S.A. Inc.,Active,4,2020-10-31,2020-10-31,1,2.0,806.0,128.15,0,,True,,False,,,,
Kern River,040305811900,Sterling,304H,Chevron U.S.A. Inc.,Active,0,2019-01-31,2019-02-28,2,2.0,246.0,39.11,0,184.0,False,,False,,,,
Kern River,040305811900,Sterling,304H,Chevron U.S.A. Inc.,Active,1,2019-08-31,2019-08-31,1,1.0,114.0,18.13,0,61.0,False,,False,,,,
Kern River,040305811900,Sterling,304H,Chevron U.S.A. Inc.,Active,2,2019-10-31,2019-10-31,1,1.0,112.0,17.81,0,61.0,False,,False,,,,
Kern River,040305811900,Sterling,304H,Chevron U.S.A. Inc.,Active,3,2019-12-31,2019-12-31,1,1.0,145.0,23.05,0,366.0,False,,False,,,,
Kern River,040305811900,Sterling,304H,Chevron U.S.A. Inc.,Active,4,2020-12-31,2020-12-31,1,2.0,1071.0,170.29,0,,True,,False,,,,
Kern River,040305812000,Lawton & Hannaman,203H,Chevron U.S.A. Inc.,Active,0,2019-10-31,2019-10-31,1,1.0,144.0,22.9,0,61.0,False,,False,,,,
Kern River,040305812000,Lawton & Hannaman,203H,Chevron U.S.A. Inc.,Active,1,2019-12-31,2020-01-31,2,2.0,258.0,41.02,0,60.0,False,,False,,,,
Kern River,040305812000,Lawton & Hannaman,203H,Chevron U.S.A. Inc.,Active,2,2020-03-31,2020-03-31,1,1.0,114.0,18.13,0,153.0,False,,False,,,,
Kern River,040305812000,Lawton & Hannaman,203H,Chevron U.S.A. Inc.,Active,3,2020-08-31,2020-08-31,1,2.0,806.0,128.15,0,,True,,False,,,,
Kern River,040305833100,Westates,34R,Chevron U.S.A. Inc.,Active,0,2018-01-31,2018-01-31,1,2.0,483.0,76.8,0,973.0,False,,False,,,,
Kern River,040305833100,Westates,34R,Chevron U.S.A. Inc.,Active,1,2020-09-30,2020-09-30,1,2.0,696.0,110.66,0,,True,,False,,,,
Kern River,040305847800,Clampitt,91H,Chevron U.S.A. Inc.,Active,0,2018-02-28,2018-02-28,1,2.0,669.0,106.37,0,1006.0,False,,False,,,,
Kern River,040305847800,Clampitt,91H,Chevron U.S.A. Inc.,Active,1,2020-11-30,2020-11-30,1,4.0,2276.0,361.88,0,,True,,False,,,,
Kern River,040305848100,Calex,36H,Chevron U.S.A. Inc.,Active,0,2019-10-31,2019-11-30,2,2.0,276.0,43.88,0,62.0,False,,False,,,,
Kern River,040305848100,Calex,36H,Chevron U.S.A. Inc.,Active,1,2020-01-31,2020-01-31,1,1.0,136.0,21.62,0,,True,,False,,,,
Kern River,040305856500,Fee A,446H,Chevron U.S.A. Inc.,Active,0,2018-01-31,2019-02-28,3,3.0,323.0,51.36,0,245.0,False,,False,,,,
Kern River,040305856500,Fee A,446H,Chevron U.S.A. Inc.,Active,1,2019-10-31,2019-10-31,1,1.0,133.0,21.15,0,458.0,False,,False,,,,
Kern River,040305856500,Fee A,446H,Chevron U.S.A. Inc.,Active,2,2021-01-31,2021-01-31,1,2.0,865.0,137.53,0,,True,,False,,,,
Kern River,040305866000,Clampitt,93H,Chevron U.S.A. Inc.,Active,0,2019-09-30,2019-09-30,1,1.0,190.0,30.21,0,61.0,False,,False,,,,
Kern River,040305866000,Clampitt,93H,Chevron U.S.A. Inc.,Active,1,2019-11-30,2019-11-30,1,2.0,222.0,35.3,0,62.0,False,,False,,,,
Kern River,040305866000,Clampitt,93H,Chevron U.S.A. Inc.,Active,2,2020-01-31,2020-01-31,1,1.0,125.0,19.88,0,,True,,False,,,,
Kern River,040305866600,San Joaquin,1169H,Chevron U.S.A. Inc.,Active,0,2019-01-31,2019-02-28,2,2.0,322.0,51.2,0,245.0,False,,False,,,,
Kern River,040305866600,San Joaquin,1169H,Chevron U.S.A. Inc.,Active,1,2019-10-31,2019-11-30,2,4.0,281.0,44.68,0,91.0,False,,False,,,,
Kern River,040305866600,San Joaquin,1169H,Chevron U.S.A. Inc.,Active,2,2020-02-29,2020-02-29,1,1.0,107.0,17.01,0,306.0,False,,False,,,,
Kern River,040305866600,San Joaquin,1169H,Chevron U.S.A. Inc.,Active,3,2020-12-31,2020-12-31,1,2.0,1102.0,175.22,0,,True,,False,,,,
Kern River,040305866700,San Joaquin,1167H,Chevron U.S.A. Inc.,Active,0,2018-01-31,2019-02-28,3,4.0,591.0,93.97,0,,True,,False,,,,
Kern River,040305880400,Clampitt,97H,Chevron U.S.A. Inc.,Active,0,2019-09-30,2019-09-30,1,1.0,190.0,30.21,0,61.0,False,,False,,,,
Kern River,040305880400,Clampitt,97H,Chevron U.S.A. Inc.,Active,1,2019-11-30,2019-11-30,1,2.0,147.0,23.37,0,62.0,False,,False,,,,
Kern River,040305880400,Clampitt,97H,Chevron U.S.A. Inc.,Active,2,2020-01-31,2020-02-29,2,2.0,260.0,41.34,0,184.0,False,,False,,,,
Kern River,040305880400,Clampitt,97H,Chevron U.S.A. Inc.,Active,3,2020-08-31,2020-08-31,1,3.0,1578.0,250.9,0,61.0,False,,False,,,,
Kern River,040305880400,Clampitt,97H,Chevron U.S.A. Inc.,Active,4,2020-10-31,2020-10-31,1,3.0,1685.0,267.92,0,,True,,False,,,,
Kern River,040305882600,Pierce,45H,Chevron U.S.A. Inc.,Active,0,2019-09-30,2019-09-30,1,1.0,106.0,16.85,0,,True,,False,,,,
Kern River,040305882800,Central Point,99H,Chevron U.S.A. Inc.,Active,0,2019-10-31,2019-10-31,1,1.0,149.0,23.69,0,121.0,False,,False,,,,
Kern River,040305882800,Central Point,99H,Chevron U.S.A. Inc.,Active,1,2020-02-29,2020-02-29,1,1.0,386.0,61.37,0,184.0,False,,False,,,,
Kern River,040305882800,Central Point,99H,Chevron U.S.A. Inc.,Active,2,2020-08-31,2020-08-31,1,3.0,1620.0,257.58,0,,True,,False,,,,
Kern River,040305883001,Clampitt,98H,Chevron U.S.A. Inc.,Active,0,2019-09-30,2019-10-31,2,3.0,254.0,40.39,0,61.0,False,,False,,,,
Kern River,040305883001,Clampitt,98H,Chevron U.S.A. Inc.,Active,1,2019-12-31,2019-12-31,1,1.0,178.0,28.3,0,60.0,False,,False,,,,
Kern River,040305883001,Clampitt,98H,Chevron U.S.A. Inc.,Active,2,2020-02-29,2020-02-29,1,2.0,150.0,23.85,0,275.0,False,,False,,,,
Kern River,040305883001,Clampitt,98H,Chevron U.S.A. Inc.,Active,3,2020-11-30,2020-11-30,1,3.0,1481.0,235.48,0,,True,,False,,,,
Kern River,040305883100,Kern A,229H,Chevron U.S.A. Inc.,Active,0,2019-03-31,2019-03-31,1,1.0,65.0,10.34,0,183.0,False,,False,,,,
Kern River,040305883100,Kern A,229H,Chevron U.S.A. Inc.,Active,1,2019-09-30,2019-09-30,1,1.0,108.0,17.17,0,,True,,False,,,,
Kern River,040305893200,San Joaquin,1165,Chevron U.S.A. Inc.,Active,0,2019-01-31,2019-02-28,2,2.0,56.0,8.9,0,,True,,False,,,,
Kern River,040305893400,San Joaquin,1164,Chevron U.S.A. Inc.,Active,0,2018-01-31,2019-02-28,3,5.0,1269.0,201.77,0,214.0,False,,False,,,,
Kern River,040305893400,San Joaquin,1164,Chevron U.S.A. Inc.,Active,1,2019-09-30,2019-09-30,1,1.0,142.0,22.58,0,,True,,False,,,,
Kern River,040305893800,San Joaquin,1161,Chevron U.S.A. Inc.,Active,0,2019-01-31,2019-02-28,2,4.0,322.0,51.2,0,214.0,False,,False,,,,
Kern River,040305893800,San Joaquin,1161,Chevron U.S.A. Inc.,Active,1,2019-09-30,2019-09-30,1,2.0,128.0,20.35,0,,True,,False,,,,
Kern River,040305893900,San Joaquin,1162,Chevron U.S.A. Inc.,Active,0,2018-01-31,2018-01-31,1,1.0,357.0,56.76,0,,True,,False,,,,
Kern River,040305894000,San Joaquin,1160,Chevron U.S.A. Inc.,Active,0,2018-01-31,2019-02-28,3,5.0,817.0,129.9,0,,True,,False,,,,
Kern River,040305894100,San Joaquin,1158,Chevron U.S.A. Inc.,Active,0,2018-01-31,2018-01-31,1,1.0,275.0,43.73,0,,True,,False,,,,
Kern River,040305901101,San Joaquin,1175H,Chevron U.S.A. Inc.,Active,0,2019-10-31,2019-10-31,1,2.0,144.0,22.9,0,,True,,False,,,,
Kern River,040305912200,H.S. Douglas,38H,Chevron U.S.A. Inc.,Active,0,2019-01-31,2019-03-31,3,3.0,147.0,23.37,0,214.0,False,,False,,,,
Kern River,040305912200,H.S. Douglas,38H,Chevron U.S.A. Inc.,Active,1,2019-10-31,2019-10-31,1,2.0,121.0,19.24,0,61.0,False,,False,,,,
Kern River,040305912200,H.S. Douglas,38H,Chevron U.S.A. Inc.,Active,2,2019-12-31,2019-12-31,1,1.0,141.0,22.42,0,91.0,False,,False,,,,
Kern River,040305912200,H.S. Douglas,38H,Chevron U.S.A. Inc.,Active,3,2020-03-31,2020-03-31,1,1.0,103.0,16.38,0,122.0,False,,False,,,,
Kern River,040305912200,H.S. Douglas,38H,Chevron U.S.A. Inc.,Active,4,2020-07-31,2020-07-31,1,2.0,415.0,65.98,0,61.0,False,,False,,,,
Kern River,040305912200,H.S. Douglas,38H,Chevron U.S.A. Inc.,Active,5,2020-09-30,2020-09-30,1,2.0,1053.0,167.43,0,,True,,False,,,,
Kern River,040305918200,Clarence,607H,Chevron U.S.A. Inc.,Active,0,2018-01-31,2018-01-31,1,2.0,198.0,31.48,0,515.0,False,,False,,,,
Kern River,040305918200,Clarence,607H,Chevron U.S.A. Inc.,Active,1,2019-06-30,2019-06-30,1,2.0,138.0,21.94,0,123.0,False,,False,,,,
Kern River,040305918200,Clarence,607H,Chevron U.S.A. Inc.,Active,2,2019-10-31,2019-10-31,1,2.0,816.0,129.74,0,92.0,False,,False,,,,
Kern River,040305918200,Clarence,607H,Chevron U.S.A. Inc.,Active,3,2020-01-31,2020-01-31,1,1.0,157.0,24.96,0,304.0,False,,False,,,,
Kern River,040305918200,Clarence,607H,Chevron U.S.A. Inc.,Active,4,2020-11-30,2020-11-30,1,2.0,907.0,144.21,0,,True,,False,,,,
Kern River,040305920900,Ferne,1506,"Kern River Holdings II, LLC",Active,0,2018-02-28,2018-02-28,1,3.0,2323.0,369.36,0,184.0,False,,False,,,,
Kern River,040305920900,Ferne,1506,"Kern River Holdings II, LLC",Active,1,2018-08-31,2018-08-31,1,10.0,6530.0,1038.27,0,153.0,False,,False,,,,
Kern River,040305920900,Ferne,1506,"Kern River Holdings II, LLC",Active,2,2019-01-31,2019-01-31,1,9.0,5932.0,943.19,0,89.0,False,,False,,,,
Kern River,040305920900,Ferne,1506,"Kern River Holdings II, LLC",Active,3,2019-04-30,2019-04-30,1,11.0,7993.0,1270.89,0,123.0,False,,False,,,,
Kern River,040305920900,Ferne,1506,"Kern River Holdings II, LLC",Active,4,2019-08-31,2019-08-31,1,13.0,8036.0,1277.72,0,213.0,False,,False,,,,
Kern River,040305920900,Ferne,1506,"Kern River Holdings II, LLC",Active,5,2020-03-31,2020-03-31,1,1.0,1100.0,174.9,0,91.0,False,,False,,,,
Kern River,040305920900,Ferne,1506,"Kern River Holdings II, LLC",Active,6,2020-06-30,2020-06-30,1,1.0,1096.0,174.26,0,274.0,False,,False,,,,
Kern River,040305920900,Ferne,1506,"Kern River Holdings II, LLC",Active,7,2021-03-31,2021-03-31,1,3.0,2629.0,418.01,0,,True,,False,,,,
Kern River,040305921000,Ferne,1203,"Kern River Holdings II, LLC",Active,0,2018-02-28,2018-02-28,1,13.0,10948.0,1740.73,0,1127.0,False,,False,,,,
Kern River,040305921000,Ferne,1203,"Kern River Holdings II, LLC",Active,1,2021-03-31,2021-03-31,1,4.0,1332.0,211.79,0,,True,,False,,,,
Kern River,040305921400,Ferne,1406,"Kern River Holdings II, LLC",Active,0,2018-02-28,2018-02-28,1,9.0,7423.0,1180.26,0,,True,,False,,,,
Kern River,040305921700,Ferne,1503,"Kern River Holdings II, LLC",Active,0,2018-01-31,2018-01-31,1,14.0,9921.0,1577.44,0,,True,,False,,,,
Kern River,040305921900,Ferne,1008,"Kern River Holdings II, LLC",Active,0,2020-12-31,2020-12-31,1,10.0,6166.0,980.39,0,151.0,False,,False,,,,
Kern River,040305921900,Ferne,1008,"Kern River Holdings II, LLC",Active,1,2021-05-31,2021-06-30,2,9.0,6465.0,1027.93,0,,True,,False,,,,
Kern River,040305922300,Ferne,1205,"Kern River Holdings II, LLC",Active,0,2021-02-28,2021-02-28,1,3.0,1158.0,184.12,0,184.0,False,,False,,,,
Kern River,040305922300,Ferne,1205,"Kern River Holdings II, LLC",Active,1,2021-08-31,2021-08-31,1,1.0,1124.0,178.72,0,,True,,False,,,,
Kern River,040305922400,Ferne,1206,"Kern River Holdings II, LLC",Active,0,2018-01-31,2018-02-28,2,9.0,7159.0,1138.28,0,337.0,False,,False,,,,
Kern River,040305922400,Ferne,1206,"Kern River Holdings II, LLC",Active,1,2019-01-31,2019-01-31,1,9.0,6914.0,1099.33,0,394.0,False,,False,,,,
Kern River,040305922400,Ferne,1206,"Kern River Holdings II, LLC",Active,2,2020-02-29,2020-02-29,1,1.0,816.0,129.74,0,153.0,False,,False,,,,
Kern River,040305922400,Ferne,1206,"Kern River Holdings II, LLC",Active,3,2020-07-31,2020-07-31,1,2.0,995.0,158.21,0,61.0,False,,False,,,,
Kern River,040305922400,Ferne,1206,"Kern River Holdings II, LLC",Active,4,2020-09-30,2020-09-30,1,2.0,1097.0,174.42,0,182.0,False,,False,,,,
Kern River,040305922400,Ferne,1206,"Kern River Holdings II, LLC",Active,5,2021-03-31,2021-03-31,1,3.0,1324.0,210.52,0,,True,,False,,,,
Kern River,040305922500,Ferne,1106,"Kern River Holdings II, LLC",Active,0,2018-02-28,2018-02-28,1,3.0,1759.0,279.68,0,214.0,False,,False,,,,
Kern River,040305922500,Ferne,1106,"Kern River Holdings II, LLC",Active,1,2018-09-30,2018-10-31,2,12.0,7437.0,1182.48,0,547.0,False,,False,,,,
Kern River,040305922500,Ferne,1106,"Kern River Holdings II, LLC",Active,2,2020-04-30,2020-04-30,1,1.0,820.0,130.38,0,,True,,False,,,,
Kern River,040305922600,Ferne,1107,"Kern River Holdings II, LLC",Active,0,2020-12-31,2020-12-31,1,2.0,1279.0,203.36,0,,True,,False,,,,
Kern River,040305922800,Ferne,907 I,"Kern River Holdings II, LLC",Active,0,2018-01-31,2018-02-28,2,59.0,22613.0,3595.47,0,,True,,False,,,,
Kern River,040305941300,Jerry-Lee,413,"Kern River Holdings II, LLC",Active,0,2018-01-31,2018-07-31,3,21.0,14823.0,2356.86,0,92.0,False,,False,,,,
Kern River,040305941300,Jerry-Lee,413,"Kern River Holdings II, LLC",Active,1,2018-10-31,2018-11-30,2,7.0,6422.0,1021.1,0,90.0,False,,False,,,,
Kern River,040305941300,Jerry-Lee,413,"Kern River Holdings II, LLC",Active,2,2019-02-28,2019-02-28,1,8.0,7291.0,1159.27,0,61.0,False,,False,,,,
Kern River,040305941300,Jerry-Lee,413,"Kern River Holdings II, LLC",Active,3,2019-04-30,2019-05-31,2,7.0,6413.0,1019.67,0,153.0,False,,False,,,,
Kern River,040305941300,Jerry-Lee,413,"Kern River Holdings II, LLC",Active,4,2019-10-31,2019-10-31,1,2.0,1992.0,316.73,0,61.0,False,,False,,,,
Kern River,040305941300,Jerry-Lee,413,"Kern River Holdings II, LLC",Active,5,2019-12-31,2020-02-29,2,14.0,9077.0,1443.24,0,214.0,False,,False,,,,
Kern River,040305941300,Jerry-Lee,413,"Kern River Holdings II, LLC",Active,6,2020-09-30,2020-10-31,2,7.0,8070.0,1283.13,0,92.0,False,,False,,,,
Kern River,040305941300,Jerry-Lee,413,"Kern River Holdings II, LLC",Active,7,2021-01-31,2021-01-31,1,3.0,1315.0,209.09,0,,True,,False,,,,
Kern River,040305941400,Orloff,912,"Kern River Holdings II, LLC",Active,0,2018-02-28,2018-02-28,1,1.0,583.0,92.7,0,,True,,False,,,,
Kern River,040305941800,Jerry-Lee,315,"Kern River Holdings II, LLC",Active,0,2018-01-31,2018-02-28,2,12.0,10009.0,1591.43,0,,True,,False,,,,
Kern River,040305941900,Jerry-Lee,314,"Kern River Holdings II, LLC",Active,0,2018-01-31,2018-01-31,1,9.0,10350.0,1645.65,0,,True,,False,,,,
Kern River,040305942000,Jerry-Lee,416,"Kern River Holdings II, LLC",Active,0,2018-01-31,2018-01-31,1,7.0,6019.0,957.02,0,,True,,False,,,,
Kern River,040305942400,Jerry-Lee,615,"Kern River Holdings II, LLC",Active,0,2018-01-31,2018-01-31,1,11.0,6658.0,1058.62,0,,True,,False,,,,
Kern River,040305942500,Jerry-Lee,614,"Kern River Holdings II, LLC",Active,0,2018-01-31,2018-01-31,1,2.0,1220.0,193.98,0,,True,,False,,,,
Kern River,040305942600,Jerry-Lee,812,"Kern River Holdings II, LLC",Active,0,2018-02-28,2018-02-28,1,8.0,7026.0,1117.13,0,,True,,False,,,,
Kern River,040305942800,Jerry-Lee,714,"Kern River Holdings II, LLC",Active,0,2018-02-28,2018-02-28,1,7.0,7030.0,1117.77,0,,True,,False,,,,
Kern River,040305942900,Jerry-Lee,713,"Kern River Holdings II, LLC",Active,0,2018-01-31,2018-02-28,2,9.0,7333.0,1165.95,0,,True,,False,,,,
Kern River,040305943200,Jerry-Lee,813,"Kern River Holdings II, LLC",Active,0,2018-01-31,2018-01-31,1,14.0,7571.0,1203.79,0,,True,,False,,,,
Kern River,040305943300,Nukern,911,"Kern River Holdings II, LLC",Active,0,2018-02-28,2018-02-28,1,10.0,7398.0,1176.28,0,1127.0,False,,False,,,,
Kern River,040305943300,Nukern,911,"Kern River Holdings II, LLC",Active,1,2021-03-31,2021-04-30,2,3.0,1184.0,188.26,0,,True,,False,,,,
Kern River,040305943600,Nukern,1011,"Kern River Holdings II, LLC",Active,0,2020-07-31,2020-07-31,1,11.0,7811.0,1241.95,0,,True,,False,,,,
Kern River,040305943800,Jerry-Lee,513,"Kern River Holdings II, LLC",Active,0,2021-03-31,2021-03-31,1,2.0,1565.0,248.84,0,,True,,False,,,,
Kern River,040305944300,Jerry-Lee,516,"Kern River Holdings II, LLC",Active,0,2018-02-28,2018-02-28,1,7.0,7162.0,1138.76,0,,True,,False,,,,
Kern River,040305944400,Jerry-Lee,515,"Kern River Holdings II, LLC",Active,0,2018-02-28,2018-02-28,1,4.0,4242.0,674.48,0,337.0,False,,False,,,,
Kern River,040305944400,Jerry-Lee,515,"Kern River Holdings II, LLC",Active,1,2019-01-31,2019-01-31,1,8.0,7934.0,1261.51,0,89.0,False,,False,,,,
Kern River,040305944400,Jerry-Lee,515,"Kern River Holdings II, LLC",Active,2,2019-04-30,2019-04-30,1,10.0,8055.0,1280.75,0,61.0,False,,False,,,,
Kern River,040305944400,Jerry-Lee,515,"Kern River Holdings II, LLC",Active,3,2019-06-30,2019-07-31,2,11.0,9656.0,1535.3,0,61.0,False,,False,,,,
Kern River,040305944400,Jerry-Lee,515,"Kern River Holdings II, LLC",Active,4,2019-09-30,2019-09-30,1,4.0,2227.0,354.09,0,213.0,False,,False,,,,
Kern River,040305944400,Jerry-Lee,515,"Kern River Holdings II, LLC",Active,5,2020-04-30,2020-04-30,1,1.0,1028.0,163.45,0,92.0,False,,False,,,,
Kern River,040305944400,Jerry-Lee,515,"Kern River Holdings II, LLC",Active,6,2020-07-31,2020-07-31,1,1.0,988.0,157.09,0,,True,,False,,,,
Kern River,040305944600,Jerry-Lee,414,"Kern River Holdings II, LLC",Active,0,2018-02-28,2018-02-28,1,6.0,7081.0,1125.88,0,,True,,False,,,,
Kern River,040305948800,Cortez,78H,Chevron U.S.A. Inc.,Active,0,2019-03-31,2019-03-31,1,1.0,60.0,9.54,0,214.0,False,,False,,,,
Kern River,040305948800,Cortez,78H,Chevron U.S.A. Inc.,Active,1,2019-10-31,2019-10-31,1,2.0,131.0,20.83,0,121.0,False,,False,,,,
Kern River,040305948800,Cortez,78H,Chevron U.S.A. Inc.,Active,2,2020-02-29,2020-02-29,1,2.0,118.0,18.76,0,,True,,False,,,,
Kern River,040305949001,Cortez,77H,Chevron U.S.A. Inc.,Active,0,2019-03-31,2019-03-31,1,1.0,57.0,9.06,0,214.0,False,,False,,,,
Kern River,040305949001,Cortez,77H,Chevron U.S.A. Inc.,Active,1,2019-10-31,2019-10-31,1,2.0,132.0,20.99,0,61.0,False,,False,,,,
Kern River,040305949001,Cortez,77H,Chevron U.S.A. Inc.,Active,2,2019-12-31,2020-01-31,2,4.0,244.0,38.8,0,,True,,False,,,,
Kern River,040305951500,Cortez,75H,Chevron U.S.A. Inc.,Active,0,2018-01-31,2018-01-31,1,1.0,275.0,43.73,0,424.0,False,,False,,,,
Kern River,040305951500,Cortez,75H,Chevron U.S.A. Inc.,Active,1,2019-03-31,2019-03-31,1,1.0,57.0,9.06,0,214.0,False,,False,,,,
Kern River,040305951500,Cortez,75H,Chevron U.S.A. Inc.,Active,2,2019-10-31,2019-11-30,2,3.0,261.0,41.5,0,62.0,False,,False,,,,
Kern River,040305951500,Cortez,75H,Chevron U.S.A. Inc.,Active,3,2020-01-31,2020-02-29,2,3.0,261.0,41.5,0,,True,,False,,,,
Kern River,040305951600,Cortez,76H,Chevron U.S.A. Inc.,Active,0,2019-10-31,2019-11-30,2,4.0,271.0,43.09,0,62.0,False,,False,,,,
Kern River,040305951600,Cortez,76H,Chevron U.S.A. Inc.,Active,1,2020-01-31,2020-01-31,1,1.0,150.0,23.85,0,,True,,False,,,,
Kern River,040305951700,Cortez,74H,Chevron U.S.A. Inc.,Active,0,2019-09-30,2019-10-31,2,4.0,250.0,39.75,0,61.0,False,,False,,,,
Kern River,040305951700,Cortez,74H,Chevron U.S.A. Inc.,Active,1,2019-12-31,2020-01-31,2,3.0,266.0,42.29,0,366.0,False,,False,,,,
Kern River,040305951700,Cortez,74H,Chevron U.S.A. Inc.,Active,2,2021-01-31,2021-01-31,1,2.0,797.0,126.72,0,,True,,False,,,,
Kern River,040305951800,Cortez,73H,Chevron U.S.A. Inc.,Active,0,2019-03-31,2019-03-31,1,1.0,57.0,9.06,0,214.0,False,,False,,,,
Kern River,040305951800,Cortez,73H,Chevron U.S.A. Inc.,Active,1,2019-10-31,2019-11-30,2,3.0,261.0,41.5,0,62.0,False,,False,,,,
Kern River,040305951800,Cortez,73H,Chevron U.S.A. Inc.,Active,2,2020-01-31,2020-02-29,2,3.0,259.0,41.18,0,337.0,False,,False,,,,
Kern River,040305951800,Cortez,73H,Chevron U.S.A. Inc.,Active,3,2021-01-31,2021-01-31,1,2.0,779.0,123.86,0,,True,,False,,,,
Kern River,040305976600,San Joaquin,1177H,Chevron U.S.A. Inc.,Active,0,2019-01-31,2019-02-28,2,2.0,290.0,46.11,0,366.0,False,,False,,,,
Kern River,040305976600,San Joaquin,1177H,Chevron U.S.A. Inc.,Active,1,2020-02-29,2020-02-29,1,1.0,92.0,14.63,0,306.0,False,,False,,,,
Kern River,040305976600,San Joaquin,1177H,Chevron U.S.A. Inc.,Active,2,2020-12-31,2020-12-31,1,2.0,1082.0,172.04,0,,True,,False,,,,
Kern River,040305976700,San Joaquin,1179H,Chevron U.S.A. Inc.,Active,0,2019-01-31,2019-02-28,2,4.0,560.0,89.04,0,245.0,False,,False,,,,
Kern River,040305976700,San Joaquin,1179H,Chevron U.S.A. Inc.,Active,1,2019-10-31,2019-11-30,2,3.0,235.0,37.37,0,91.0,False,,False,,,,
Kern River,040305976700,San Joaquin,1179H,Chevron U.S.A. Inc.,Active,2,2020-02-29,2020-02-29,1,2.0,92.0,14.63,0,,True,,False,,,,
Kern River,040305976800,San Joaquin,1178H,Chevron U.S.A. Inc.,Active,0,2019-01-31,2019-02-28,2,2.0,288.0,45.79,0,245.0,False,,False,,,,
Kern River,040305976800,San Joaquin,1178H,Chevron U.S.A. Inc.,Active,1,2019-10-31,2019-11-30,2,3.0,234.0,37.21,0,91.0,False,,False,,,,
Kern River,040305976800,San Joaquin,1178H,Chevron U.S.A. Inc.,Active,2,2020-02-29,2020-02-29,1,1.0,92.0,14.63,0,,True,,False,,,,
Kern River,040305976900,Green & Whittier,382H,Chevron U.S.A. Inc.,Active,0,2018-01-31,2018-02-28,2,2.0,439.0,69.8,0,61.0,False,,False,,,,
Kern River,040305976900,Green & Whittier,382H,Chevron U.S.A. Inc.,Active,1,2018-04-30,2019-03-31,6,12.0,1833.0,291.45,0,214.0,False,,False,,,,
Kern River,040305976900,Green & Whittier,382H,Chevron U.S.A. Inc.,Active,2,2019-10-31,2019-11-30,2,3.0,258.0,41.02,0,62.0,False,,False,,,,
Kern River,040305976900,Green & Whittier,382H,Chevron U.S.A. Inc.,Active,3,2020-01-31,2020-01-31,1,2.0,130.0,20.67,0,60.0,False,,False,,,,
Kern River,040305976900,Green & Whittier,382H,Chevron U.S.A. Inc.,Active,4,2020-03-31,2020-03-31,1,1.0,117.0,18.6,0,275.0,False,,False,,,,
Kern River,040305976900,Green & Whittier,382H,Chevron U.S.A. Inc.,Active,5,2020-12-31,2020-12-31,1,2.0,1270.0,201.93,0,,True,,False,,,,
Kern River,040305977000,San Joaquin,1173H,Chevron U.S.A. Inc.,Active,0,2019-03-31,2019-03-31,1,2.0,168.0,26.71,0,183.0,False,,False,,,,
Kern River,040305977000,San Joaquin,1173H,Chevron U.S.A. Inc.,Active,1,2019-09-30,2019-09-30,1,1.0,129.0,20.51,0,92.0,False,,False,,,,
Kern River,040305977000,San Joaquin,1173H,Chevron U.S.A. Inc.,Active,2,2019-12-31,2019-12-31,1,1.0,165.0,26.23,0,60.0,False,,False,,,,
Kern River,040305977000,San Joaquin,1173H,Chevron U.S.A. Inc.,Active,3,2020-02-29,2020-02-29,1,2.0,141.0,22.42,0,153.0,False,,False,,,,
Kern River,040305977000,San Joaquin,1173H,Chevron U.S.A. Inc.,Active,4,2020-07-31,2020-07-31,1,3.0,2052.0,326.27,0,92.0,False,,False,,,,
Kern River,040305977000,San Joaquin,1173H,Chevron U.S.A. Inc.,Active,5,2020-10-31,2020-10-31,1,3.0,1967.0,312.75,0,61.0,False,,False,,,,
Kern River,040305977000,San Joaquin,1173H,Chevron U.S.A. Inc.,Active,6,2020-12-31,2020-12-31,1,2.0,1374.0,218.47,0,,True,,False,,,,
Kern River,040305977200,San Joaquin,1174H,Chevron U.S.A. Inc.,Active,0,2019-03-31,2019-03-31,1,2.0,168.0,26.71,0,244.0,False,,False,,,,
Kern River,040305977200,San Joaquin,1174H,Chevron U.S.A. Inc.,Active,1,2019-11-30,2019-11-30,1,1.0,108.0,17.17,0,91.0,False,,False,,,,
Kern River,040305977200,San Joaquin,1174H,Chevron U.S.A. Inc.,Active,2,2020-02-29,2020-02-29,1,2.0,107.0,17.01,0,184.0,False,,False,,,,
Kern River,040305977200,San Joaquin,1174H,Chevron U.S.A. Inc.,Active,3,2020-08-31,2020-08-31,1,3.0,2188.0,347.89,0,61.0,False,,False,,,,
Kern River,040305977200,San Joaquin,1174H,Chevron U.S.A. Inc.,Active,4,2020-10-31,2020-10-31,1,3.0,1967.0,312.75,0,61.0,False,,False,,,,
Kern River,040305977200,San Joaquin,1174H,Chevron U.S.A. Inc.,Active,5,2020-12-31,2020-12-31,1,2.0,1310.0,208.29,0,,True,,False,,,,
Kern River,040305977300,Pierce,48H,Chevron U.S.A. Inc.,Active,0,2019-08-31,2019-08-31,1,2.0,727.0,115.59,0,61.0,False,,False,,,,
Kern River,040305977300,Pierce,48H,Chevron U.S.A. Inc.,Active,1,2019-10-31,2019-10-31,1,2.0,109.0,17.33,0,61.0,False,,False,,,,
Kern River,040305977300,Pierce,48H,Chevron U.S.A. Inc.,Active,2,2019-12-31,2020-01-31,2,3.0,279.0,44.36,0,60.0,False,,False,,,,
Kern River,040305977300,Pierce,48H,Chevron U.S.A. Inc.,Active,3,2020-03-31,2020-03-31,1,2.0,123.0,19.56,0,,True,,False,,,,
Kern River,040305977501,Pierce,49H,Chevron U.S.A. Inc.,Active,0,2019-10-31,2019-11-30,2,2.0,189.0,30.05,0,62.0,False,,False,,,,
Kern River,040305977501,Pierce,49H,Chevron U.S.A. Inc.,Active,1,2020-01-31,2020-01-31,1,1.0,134.0,21.31,0,60.0,False,,False,,,,
Kern River,040305977501,Pierce,49H,Chevron U.S.A. Inc.,Active,2,2020-03-31,2020-03-31,1,2.0,123.0,19.56,0,,True,,False,,,,
Kern River,040305977600,Pierce,47H,Chevron U.S.A. Inc.,Active,0,2018-01-31,2018-01-31,1,2.0,639.0,101.6,0,668.0,False,,False,,,,
Kern River,040305977600,Pierce,47H,Chevron U.S.A. Inc.,Active,1,2019-11-30,2019-11-30,1,2.0,93.0,14.79,0,62.0,False,,False,,,,
Kern River,040305977600,Pierce,47H,Chevron U.S.A. Inc.,Active,2,2020-01-31,2020-02-29,2,3.0,222.0,35.3,0,337.0,False,,False,,,,
Kern River,040305977600,Pierce,47H,Chevron U.S.A. Inc.,Active,3,2021-01-31,2021-01-31,1,2.0,847.0,134.67,0,,True,,False,,,,
Kern River,040306023200,Tejon,170H,Chevron U.S.A. Inc.,Active,0,2018-02-28,2019-02-28,3,5.0,549.0,87.29,0,214.0,False,,False,,,,
Kern River,040306023200,Tejon,170H,Chevron U.S.A. Inc.,Active,1,2019-09-30,2019-09-30,1,1.0,122.0,19.4,0,61.0,False,,False,,,,
Kern River,040306023200,Tejon,170H,Chevron U.S.A. Inc.,Active,2,2019-11-30,2019-11-30,1,2.0,90.0,14.31,0,62.0,False,,False,,,,
Kern River,040306023200,Tejon,170H,Chevron U.S.A. Inc.,Active,3,2020-01-31,2020-02-29,2,3.0,242.0,38.48,0,153.0,False,,False,,,,
Kern River,040306023200,Tejon,170H,Chevron U.S.A. Inc.,Active,4,2020-07-31,2020-07-31,1,2.0,785.0,124.81,0,,True,,False,,,,
Kern River,040306054600,Unspecified,25-310H,Chevron U.S.A. Inc.,Active,0,2019-03-31,2019-03-31,1,2.0,143.0,22.74,0,214.0,False,,False,,,,
Kern River,040306054600,Unspecified,25-310H,Chevron U.S.A. Inc.,Active,1,2019-10-31,2019-10-31,1,2.0,119.0,18.92,0,61.0,False,,False,,,,
Kern River,040306054600,Unspecified,25-310H,Chevron U.S.A. Inc.,Active,2,2019-12-31,2019-12-31,1,1.0,119.0,18.92,0,60.0,False,,False,,,,
Kern River,040306054600,Unspecified,25-310H,Chevron U.S.A. Inc.,Active,3,2020-02-29,2020-02-29,1,1.0,100.0,15.9,0,153.0,False,,False,,,,
Kern River,040306054600,Unspecified,25-310H,Chevron U.S.A. Inc.,Active,4,2020-07-31,2020-07-31,1,2.0,739.0,117.5,0,,True,,False,,,,
Kern River,040306064900,Junction,140,Chevron U.S.A. Inc.,Active,0,2019-08-31,2019-08-31,1,1.0,116.0,18.44,0,,True,,False,,,,
Kern River,040306065100,Kern County Land Co. Lease 39,453,Chevron U.S.A. Inc.,Active,0,2019-11-30,2019-11-30,1,2.0,814.0,129.43,0,,True,,False,,,,
Kern River,040306065300,May,54H,Chevron U.S.A. Inc.,Active,0,2018-01-31,2018-01-31,1,1.0,235.0,37.37,0,577.0,False,,False,,,,
Kern River,040306065300,May,54H,Chevron U.S.A. Inc.,Active,1,2019-08-31,2019-08-31,1,1.0,126.0,20.03,0,91.0,False,,False,,,,
Kern River,040306065300,May,54H,Chevron U.S.A. Inc.,Active,2,2019-11-30,2019-11-30,1,1.0,79.0,12.56,0,62.0,False,,False,,,,
Kern River,040306065300,May,54H,Chevron U.S.A. Inc.,Active,3,2020-01-31,2020-01-31,1,1.0,138.0,21.94,0,60.0,False,,False,,,,
Kern River,040306065300,May,54H,Chevron U.S.A. Inc.,Active,4,2020-03-31,2020-03-31,1,1.0,114.0,18.13,0,306.0,False,,False,,,,
Kern River,040306065300,May,54H,Chevron U.S.A. Inc.,Active,5,2021-01-31,2021-01-31,1,2.0,809.0,128.63,0,,True,,False,,,,
Kern River,040306065500,Mecca,82H,Chevron U.S.A. Inc.,Active,0,2019-03-31,2019-03-31,1,1.0,159.0,25.28,0,153.0,False,,False,,,,
Kern River,040306065500,Mecca,82H,Chevron U.S.A. Inc.,Active,1,2019-08-31,2019-08-31,1,1.0,122.0,19.4,0,61.0,False,,False,,,,
Kern River,040306065500,Mecca,82H,Chevron U.S.A. Inc.,Active,2,2019-10-31,2019-10-31,1,1.0,123.0,19.56,0,61.0,False,,False,,,,
Kern River,040306065500,Mecca,82H,Chevron U.S.A. Inc.,Active,3,2019-12-31,2020-02-29,3,5.0,994.0,158.05,0,306.0,False,,False,,,,
Kern River,040306065500,Mecca,82H,Chevron U.S.A. Inc.,Active,4,2020-12-31,2020-12-31,1,2.0,1059.0,168.38,0,,True,,False,,,,
Kern River,040306094600,San Joaquin,1181H,Chevron U.S.A. Inc.,Active,0,2019-06-30,2019-06-30,1,2.0,1051.0,167.11,0,,True,,False,,,,
Kern River,040306094800,San Joaquin,1182H,Chevron U.S.A. Inc.,Active,0,2019-06-30,2019-06-30,1,2.0,1051.0,167.11,0,,True,,False,,,,
Kern River,040306094900,San Joaquin,1183H,Chevron U.S.A. Inc.,Active,0,2019-07-31,2019-07-31,1,2.0,610.0,96.99,0,,True,,False,,,,
Kern River,040306096200,San Joaquin,1184H,Chevron U.S.A. Inc.,Active,0,2019-11-30,2019-11-30,1,2.0,101.0,16.06,0,91.0,False,,False,,,,
Kern River,040306096200,San Joaquin,1184H,Chevron U.S.A. Inc.,Active,1,2020-02-29,2020-02-29,1,2.0,142.0,22.58,0,306.0,False,,False,,,,
Kern River,040306096200,San Joaquin,1184H,Chevron U.S.A. Inc.,Active,2,2020-12-31,2020-12-31,1,2.0,1331.0,211.63,0,,True,,False,,,,
Kern River,040306096300,Angus,716H,Chevron U.S.A. Inc.,Active,0,2019-08-31,2019-09-30,2,3.0,266.0,42.29,0,61.0,False,,False,,,,
Kern River,040306096300,Angus,716H,Chevron U.S.A. Inc.,Active,1,2019-11-30,2020-01-31,3,3.0,372.0,59.15,0,60.0,False,,False,,,,
Kern River,040306096300,Angus,716H,Chevron U.S.A. Inc.,Active,2,2020-03-31,2020-03-31,1,1.0,119.0,18.92,0,,True,,False,,,,
Kern River,040306096400,Davis Fee,118H,Chevron U.S.A. Inc.,Active,0,2019-11-30,2019-12-31,2,4.0,295.0,46.91,0,60.0,False,,False,,,,
Kern River,040306096400,Davis Fee,118H,Chevron U.S.A. Inc.,Active,1,2020-02-29,2020-02-29,1,2.0,138.0,21.94,0,337.0,False,,False,,,,
Kern River,040306096400,Davis Fee,118H,Chevron U.S.A. Inc.,Active,2,2021-01-31,2021-01-31,1,2.0,781.0,124.18,0,,True,,False,,,,
Kern River,040306096501,Davis Fee,117H,Chevron U.S.A. Inc.,Active,0,2019-12-31,2019-12-31,1,1.0,129.0,20.51,0,60.0,False,,False,,,,
Kern River,040306096501,Davis Fee,117H,Chevron U.S.A. Inc.,Active,1,2020-02-29,2020-02-29,1,1.0,118.0,18.76,0,,True,,False,,,,
Kern River,040306114400,Chanslor,118H,Chevron U.S.A. Inc.,Active,0,2019-10-31,2019-10-31,1,1.0,129.0,20.51,0,335.0,False,,False,,,,
Kern River,040306114400,Chanslor,118H,Chevron U.S.A. Inc.,Active,1,2020-09-30,2020-09-30,1,2.0,1101.0,175.06,0,,True,,False,,,,
Kern River,040306131000,Green & Whittier,383H,Chevron U.S.A. Inc.,Active,0,2019-03-31,2019-03-31,1,1.0,58.0,9.22,0,214.0,False,,False,,,,
Kern River,040306131000,Green & Whittier,383H,Chevron U.S.A. Inc.,Active,1,2019-10-31,2019-11-30,2,3.0,255.0,40.55,0,,True,,False,,,,
Kern River,040306150500,Angus,717H,Chevron U.S.A. Inc.,Active,0,2019-09-30,2019-09-30,1,1.0,126.0,20.03,0,61.0,False,,False,,,,
Kern River,040306150500,Angus,717H,Chevron U.S.A. Inc.,Active,1,2019-11-30,2020-01-31,3,3.0,373.0,59.31,0,60.0,False,,False,,,,
Kern River,040306150500,Angus,717H,Chevron U.S.A. Inc.,Active,2,2020-03-31,2020-03-31,1,1.0,119.0,18.92,0,,True,,False,,,,
Kern River,040306150601,San Joaquin,1180H,Chevron U.S.A. Inc.,Active,0,2019-01-31,2019-02-28,2,4.0,552.0,87.77,0,275.0,False,,False,,,,
Kern River,040306150601,San Joaquin,1180H,Chevron U.S.A. Inc.,Active,1,2019-11-30,2019-11-30,1,1.0,417.0,66.3,0,91.0,False,,False,,,,
Kern River,040306150601,San Joaquin,1180H,Chevron U.S.A. Inc.,Active,2,2020-02-29,2020-02-29,1,2.0,122.0,19.4,0,,True,,False,,,,
Kern River,040306150700,Luck,227H,Chevron U.S.A. Inc.,Active,0,2019-01-31,2019-02-28,2,2.0,96.0,15.26,0,245.0,False,,False,,,,
Kern River,040306150700,Luck,227H,Chevron U.S.A. Inc.,Active,1,2019-10-31,2019-12-31,3,3.0,412.0,65.51,0,60.0,False,,False,,,,
Kern River,040306150700,Luck,227H,Chevron U.S.A. Inc.,Active,2,2020-02-29,2020-02-29,1,1.0,135.0,21.46,0,,True,,False,,,,
Kern River,040306150800,Chanslor,116H,Chevron U.S.A. Inc.,Active,0,2019-08-31,2019-08-31,1,1.0,131.0,20.83,0,61.0,False,,False,,,,
Kern River,040306150800,Chanslor,116H,Chevron U.S.A. Inc.,Active,1,2019-10-31,2019-10-31,1,1.0,137.0,21.78,0,61.0,False,,False,,,,
Kern River,040306150800,Chanslor,116H,Chevron U.S.A. Inc.,Active,2,2019-12-31,2020-01-31,2,2.0,279.0,44.36,0,335.0,False,,False,,,,
Kern River,040306150800,Chanslor,116H,Chevron U.S.A. Inc.,Active,3,2020-12-31,2020-12-31,1,2.0,1137.0,180.78,0,,True,,False,,,,
Kern River,040306151000,Chanslor,117H,Chevron U.S.A. Inc.,Active,0,2019-03-31,2019-03-31,1,1.0,176.0,27.98,0,153.0,False,,False,,,,
Kern River,040306151000,Chanslor,117H,Chevron U.S.A. Inc.,Active,1,2019-08-31,2019-08-31,1,1.0,131.0,20.83,0,61.0,False,,False,,,,
Kern River,040306151000,Chanslor,117H,Chevron U.S.A. Inc.,Active,2,2019-10-31,2019-10-31,1,1.0,137.0,21.78,0,61.0,False,,False,,,,
Kern River,040306151000,Chanslor,117H,Chevron U.S.A. Inc.,Active,3,2019-12-31,2020-01-31,2,2.0,277.0,44.04,0,335.0,False,,False,,,,
Kern River,040306151000,Chanslor,117H,Chevron U.S.A. Inc.,Active,4,2020-12-31,2020-12-31,1,2.0,1137.0,180.78,0,,True,,False,,,,
Kern River,040306177500,Angus,719H,Chevron U.S.A. Inc.,Active,0,2018-02-28,2018-02-28,1,1.0,458.0,72.82,0,702.0,False,,False,,,,
Kern River,040306177500,Angus,719H,Chevron U.S.A. Inc.,Active,1,2020-01-31,2020-01-31,1,1.0,153.0,24.33,0,,True,,False,,,,
Kern River,040306177600,Angus,715H,Chevron U.S.A. Inc.,Active,0,2019-09-30,2019-09-30,1,1.0,126.0,20.03,0,61.0,False,,False,,,,
Kern River,040306177600,Angus,715H,Chevron U.S.A. Inc.,Active,1,2019-11-30,2019-11-30,1,2.0,144.0,22.9,0,91.0,False,,False,,,,
Kern River,040306177600,Angus,715H,Chevron U.S.A. Inc.,Active,2,2020-02-29,2020-02-29,1,1.0,139.0,22.1,0,306.0,False,,False,,,,
Kern River,040306177600,Angus,715H,Chevron U.S.A. Inc.,Active,3,2020-12-31,2020-12-31,1,2.0,1125.0,178.88,0,,True,,False,,,,
Kern River,040306177700,Angus,714H,Chevron U.S.A. Inc.,Active,0,2019-10-31,2019-10-31,1,1.0,152.0,24.17,0,,True,,False,,,,
Kern River,040306178000,H.S. Douglas,39H,Chevron U.S.A. Inc.,Active,0,2019-03-31,2019-03-31,1,1.0,53.0,8.43,0,214.0,False,,False,,,,
Kern River,040306178000,H.S. Douglas,39H,Chevron U.S.A. Inc.,Active,1,2019-10-31,2020-01-31,4,5.0,519.0,82.52,0,60.0,False,,False,,,,
Kern River,040306178000,H.S. Douglas,39H,Chevron U.S.A. Inc.,Active,2,2020-03-31,2020-03-31,1,1.0,128.0,20.35,0,122.0,False,,False,,,,
Kern River,040306178000,H.S. Douglas,39H,Chevron U.S.A. Inc.,Active,3,2020-07-31,2020-07-31,1,2.0,415.0,65.98,0,153.0,False,,False,,,,
Kern River,040306178000,H.S. Douglas,39H,Chevron U.S.A. Inc.,Active,4,2020-12-31,2020-12-31,1,2.0,1092.0,173.63,0,,True,,False,,,,
Kern River,040306178100,Angus,718H,Chevron U.S.A. Inc.,Active,0,2020-01-31,2020-01-31,1,1.0,153.0,24.33,0,335.0,False,,False,,,,
Kern River,040306178100,Angus,718H,Chevron U.S.A. Inc.,Active,1,2020-12-31,2020-12-31,1,2.0,1094.0,173.95,0,,True,,False,,,,
Kern River,040306203200,Hotchkiss,31H,Chevron U.S.A. Inc.,Active,0,2018-01-31,2019-02-28,3,4.0,434.0,69.01,0,214.0,False,,False,,,,
Kern River,040306203200,Hotchkiss,31H,Chevron U.S.A. Inc.,Active,1,2019-09-30,2019-09-30,1,1.0,109.0,17.33,0,61.0,False,,False,,,,
Kern River,040306203200,Hotchkiss,31H,Chevron U.S.A. Inc.,Active,2,2019-11-30,2019-11-30,1,2.0,88.0,13.99,0,91.0,False,,False,,,,
Kern River,040306203200,Hotchkiss,31H,Chevron U.S.A. Inc.,Active,3,2020-02-29,2020-02-29,1,1.0,78.0,12.4,0,153.0,False,,False,,,,
Kern River,040306203200,Hotchkiss,31H,Chevron U.S.A. Inc.,Active,4,2020-07-31,2020-07-31,1,2.0,294.0,46.75,0,61.0,False,,False,,,,
Kern River,040306203200,Hotchkiss,31H,Chevron U.S.A. Inc.,Active,5,2020-09-30,2020-09-30,1,1.0,178.0,28.3,0,92.0,False,,False,,,,
Kern River,040306203200,Hotchkiss,31H,Chevron U.S.A. Inc.,Active,6,2020-12-31,2020-12-31,1,2.0,713.0,113.37,0,,True,,False,,,,
Kern River,040306203300,Hotchkiss,30H,Chevron U.S.A. Inc.,Active,0,2018-02-28,2018-02-28,1,2.0,749.0,119.09,0,,True,,False,,,,
Kern River,040306210900,Jerry-Lee,317H,"Kern River Holdings II, LLC",Active,0,2019-02-28,2019-04-30,2,15.0,14915.0,2371.49,0,184.0,False,,False,,,,
Kern River,040306210900,Jerry-Lee,317H,"Kern River Holdings II, LLC",Active,1,2019-10-31,2019-11-30,2,7.0,5063.0,805.02,0,91.0,False,,False,,,,
Kern River,040306210900,Jerry-Lee,317H,"Kern River Holdings II, LLC",Active,2,2020-02-29,2020-02-29,1,5.0,4773.0,758.91,0,122.0,False,,False,,,,
Kern River,040306210900,Jerry-Lee,317H,"Kern River Holdings II, LLC",Active,3,2020-06-30,2020-07-31,2,6.0,5987.0,951.93,0,184.0,False,,False,,,,
Kern River,040306210900,Jerry-Lee,317H,"Kern River Holdings II, LLC",Active,4,2021-01-31,2021-01-31,1,5.0,5301.0,842.86,0,212.0,False,,False,,,,
Kern River,040306210900,Jerry-Lee,317H,"Kern River Holdings II, LLC",Active,5,2021-08-31,2021-09-30,2,34.0,4988.0,793.09,0,,True,,False,,,,
Kern River,040306214300,American Naphtha,3814,Chevron U.S.A. Inc.,Active,0,2018-01-31,2018-02-28,2,3.0,623.0,99.06,0,396.0,False,,False,,,,
Kern River,040306214300,American Naphtha,3814,Chevron U.S.A. Inc.,Active,1,2019-03-31,2019-03-31,1,1.0,62.0,9.86,0,153.0,False,,False,,,,
Kern River,040306214300,American Naphtha,3814,Chevron U.S.A. Inc.,Active,2,2019-08-31,2019-08-31,1,1.0,123.0,19.56,0,,True,,False,,,,
Kern River,040306214700,American Naphtha,3813,Chevron U.S.A. Inc.,Active,0,2018-01-31,2018-01-31,1,1.0,131.0,20.83,0,,True,,False,,,,
Kern River,040306215500,Del Rey Fee,39R,Chevron U.S.A. Inc.,Active,0,2018-01-31,2018-01-31,1,2.0,810.0,128.79,0,,True,,False,,,,
Kern River,040306215700,Green & Whittier,232R,Chevron U.S.A. Inc.,Active,0,2018-02-28,2018-02-28,1,1.0,226.0,35.93,0,61.0,False,,False,,,,
Kern River,040306215700,Green & Whittier,232R,Chevron U.S.A. Inc.,Active,1,2018-04-30,2018-04-30,1,1.0,345.0,54.86,0,276.0,False,,False,,,,
Kern River,040306215700,Green & Whittier,232R,Chevron U.S.A. Inc.,Active,2,2019-01-31,2019-02-28,2,2.0,82.0,13.04,0,,True,,False,,,,
Kern River,040306217300,Vesta,62R,Chevron U.S.A. Inc.,Active,0,2019-01-31,2019-03-31,3,4.0,399.0,63.44,0,214.0,False,,False,,,,
Kern River,040306217300,Vesta,62R,Chevron U.S.A. Inc.,Active,1,2019-10-31,2019-10-31,1,2.0,96.0,15.26,0,,True,,False,,,,
Kern River,040306222000,Unspecified,885H,Chevron U.S.A. Inc.,Active,0,2019-01-31,2019-02-28,2,2.0,262.0,41.66,0,337.0,False,,False,,,,
Kern River,040306222000,Unspecified,885H,Chevron U.S.A. Inc.,Active,1,2020-01-31,2020-01-31,1,1.0,127.0,20.19,0,60.0,False,,False,,,,
Kern River,040306222000,Unspecified,885H,Chevron U.S.A. Inc.,Active,2,2020-03-31,2020-03-31,1,1.0,110.0,17.49,0,,True,,False,,,,
Kern River,040306222100,Sycamore,204H,Chevron U.S.A. Inc.,Active,0,2018-01-31,2018-01-31,1,1.0,192.0,30.53,0,424.0,False,,False,,,,
Kern River,040306222100,Sycamore,204H,Chevron U.S.A. Inc.,Active,1,2019-03-31,2019-03-31,1,2.0,130.0,20.67,0,183.0,False,,False,,,,
Kern River,040306222100,Sycamore,204H,Chevron U.S.A. Inc.,Active,2,2019-09-30,2019-09-30,1,1.0,109.0,17.33,0,61.0,False,,False,,,,
Kern River,040306222100,Sycamore,204H,Chevron U.S.A. Inc.,Active,3,2019-11-30,2019-12-31,2,2.0,225.0,35.77,0,60.0,False,,False,,,,
Kern River,040306222100,Sycamore,204H,Chevron U.S.A. Inc.,Active,4,2020-02-29,2020-02-29,1,2.0,88.0,13.99,0,153.0,False,,False,,,,
Kern River,040306222100,Sycamore,204H,Chevron U.S.A. Inc.,Active,5,2020-07-31,2020-07-31,1,2.0,659.0,104.78,0,61.0,False,,False,,,,
Kern River,040306222100,Sycamore,204H,Chevron U.S.A. Inc.,Active,6,2020-09-30,2020-09-30,1,2.0,658.0,104.62,0,92.0,False,,False,,,,
Kern River,040306222100,Sycamore,204H,Chevron U.S.A. Inc.,Active,7,2020-12-31,2020-12-31,1,2.0,1045.0,166.16,0,,True,,False,,,,
Kern River,040306222200,Unspecified,884H,Chevron U.S.A. Inc.,Active,0,2019-01-31,2019-02-28,2,2.0,274.0,43.57,0,214.0,False,,False,,,,
Kern River,040306222200,Unspecified,884H,Chevron U.S.A. Inc.,Active,1,2019-09-30,2019-10-31,2,2.0,254.0,40.39,0,121.0,False,,False,,,,
Kern River,040306222200,Unspecified,884H,Chevron U.S.A. Inc.,Active,2,2020-02-29,2020-02-29,1,1.0,94.0,14.95,0,,True,,False,,,,
Kern River,040306222300,Sycamore,203H,Chevron U.S.A. Inc.,Active,0,2018-01-31,2019-02-28,3,3.0,486.0,77.27,0,275.0,False,,False,,,,
Kern River,040306222300,Sycamore,203H,Chevron U.S.A. Inc.,Active,1,2019-11-30,2019-11-30,1,1.0,88.0,13.99,0,91.0,False,,False,,,,
Kern River,040306222300,Sycamore,203H,Chevron U.S.A. Inc.,Active,2,2020-02-29,2020-02-29,1,2.0,88.0,13.99,0,153.0,False,,False,,,,
Kern River,040306222300,Sycamore,203H,Chevron U.S.A. Inc.,Active,3,2020-07-31,2020-07-31,1,2.0,410.0,65.19,0,61.0,False,,False,,,,
Kern River,040306222300,Sycamore,203H,Chevron U.S.A. Inc.,Active,4,2020-09-30,2020-09-30,1,2.0,708.0,112.57,0,92.0,False,,False,,,,
Kern River,040306222300,Sycamore,203H,Chevron U.S.A. Inc.,Active,5,2020-12-31,2020-12-31,1,2.0,1045.0,166.16,0,,True,,False,,,,
Kern River,040306222400,Sycamore,202H,Chevron U.S.A. Inc.,Active,0,2019-01-31,2019-02-28,2,2.0,296.0,47.06,0,275.0,False,,False,,,,
Kern River,040306222400,Sycamore,202H,Chevron U.S.A. Inc.,Active,1,2019-11-30,2019-11-30,1,1.0,88.0,13.99,0,91.0,False,,False,,,,
Kern River,040306222400,Sycamore,202H,Chevron U.S.A. Inc.,Active,2,2020-02-29,2020-02-29,1,1.0,113.0,17.97,0,153.0,False,,False,,,,
Kern River,040306222400,Sycamore,202H,Chevron U.S.A. Inc.,Active,3,2020-07-31,2020-07-31,1,1.0,563.0,89.52,0,61.0,False,,False,,,,
Kern River,040306222400,Sycamore,202H,Chevron U.S.A. Inc.,Active,4,2020-09-30,2020-09-30,1,2.0,708.0,112.57,0,92.0,False,,False,,,,
Kern River,040306222400,Sycamore,202H,Chevron U.S.A. Inc.,Active,5,2020-12-31,2020-12-31,1,2.0,1050.0,166.95,0,,True,,False,,,,
Kern River,040306222500,Sycamore,207H,Chevron U.S.A. Inc.,Active,0,2019-08-31,2019-08-31,1,1.0,100.0,15.9,0,61.0,False,,False,,,,
Kern River,040306222500,Sycamore,207H,Chevron U.S.A. Inc.,Active,1,2019-10-31,2019-11-30,2,3.0,232.0,36.89,0,62.0,False,,False,,,,
Kern River,040306222500,Sycamore,207H,Chevron U.S.A. Inc.,Active,2,2020-01-31,2020-01-31,1,1.0,123.0,19.56,0,335.0,False,,False,,,,
Kern River,040306222500,Sycamore,207H,Chevron U.S.A. Inc.,Active,3,2020-12-31,2020-12-31,1,2.0,1084.0,172.36,0,,True,,False,,,,
Kern River,040306222600,Sycamore,206H,Chevron U.S.A. Inc.,Active,0,2019-08-31,2019-08-31,1,1.0,100.0,15.9,0,61.0,False,,False,,,,
Kern River,040306222600,Sycamore,206H,Chevron U.S.A. Inc.,Active,1,2019-10-31,2019-10-31,1,1.0,110.0,17.49,0,61.0,False,,False,,,,
Kern River,040306222600,Sycamore,206H,Chevron U.S.A. Inc.,Active,2,2019-12-31,2019-12-31,1,1.0,138.0,21.94,0,366.0,False,,False,,,,
Kern River,040306222600,Sycamore,206H,Chevron U.S.A. Inc.,Active,3,2020-12-31,2020-12-31,1,2.0,1046.0,166.31,0,,True,,False,,,,
Kern River,040306223300,May-Junction,55H,Chevron U.S.A. Inc.,Active,0,2019-08-31,2019-08-31,1,1.0,126.0,20.03,0,182.0,False,,False,,,,
Kern River,040306223300,May-Junction,55H,Chevron U.S.A. Inc.,Active,1,2020-02-29,2020-02-29,1,1.0,102.0,16.22,0,306.0,False,,False,,,,
Kern River,040306223300,May-Junction,55H,Chevron U.S.A. Inc.,Active,2,2020-12-31,2020-12-31,1,2.0,1115.0,177.28,0,,True,,False,,,,
Kern River,040306225800,Rasmussen,417H,Chevron U.S.A. Inc.,Active,0,2018-01-31,2018-01-31,1,2.0,242.0,38.48,0,638.0,False,,False,,,,
Kern River,040306225800,Rasmussen,417H,Chevron U.S.A. Inc.,Active,1,2019-10-31,2019-11-30,2,3.0,170.0,27.03,0,91.0,False,,False,,,,
Kern River,040306225800,Rasmussen,417H,Chevron U.S.A. Inc.,Active,2,2020-02-29,2020-02-29,1,1.0,95.0,15.11,0,,True,,False,,,,
Kern River,040306225900,San Joaquin,1189H,Chevron U.S.A. Inc.,Active,0,2018-02-28,2018-05-31,4,8.0,3239.0,515.0,0,579.0,False,,False,,,,
Kern River,040306225900,San Joaquin,1189H,Chevron U.S.A. Inc.,Active,1,2019-12-31,2019-12-31,1,1.0,136.0,21.62,0,397.0,False,,False,,,,
Kern River,040306225900,San Joaquin,1189H,Chevron U.S.A. Inc.,Active,2,2021-01-31,2021-01-31,1,2.0,782.0,124.34,0,,True,,False,,,,
Kern River,040306231400,American Naphtha,5-10AR,Chevron U.S.A. Inc.,Active,0,2018-01-31,2018-01-31,1,2.0,524.0,83.32,0,,True,,False,,,,
Kern River,040306231900,American Naphtha,7-13AR,Chevron U.S.A. Inc.,Active,0,2018-01-31,2019-02-28,4,7.0,1218.0,193.66,0,,True,,False,,,,
Kern River,040306235000,San Joaquin,1186H,Chevron U.S.A. Inc.,Active,0,2018-01-31,2018-01-31,1,1.0,207.0,32.91,0,,True,,False,,,,
Kern River,040306235100,San Joaquin,1187H,Chevron U.S.A. Inc.,Active,0,2019-01-31,2019-03-31,3,5.0,608.0,96.67,0,335.0,False,,False,,,,
Kern River,040306235100,San Joaquin,1187H,Chevron U.S.A. Inc.,Active,1,2020-02-29,2020-02-29,1,2.0,118.0,18.76,0,306.0,False,,False,,,,
Kern River,040306235100,San Joaquin,1187H,Chevron U.S.A. Inc.,Active,2,2020-12-31,2020-12-31,1,2.0,1228.0,195.25,0,,True,,False,,,,
Kern River,040306235200,San Joaquin,1185H,Chevron U.S.A. Inc.,Active,0,2019-03-31,2019-03-31,1,1.0,148.0,23.53,0,214.0,False,,False,,,,
Kern River,040306235200,San Joaquin,1185H,Chevron U.S.A. Inc.,Active,1,2019-10-31,2019-11-30,2,3.0,259.0,41.18,0,91.0,False,,False,,,,
Kern River,040306235200,San Joaquin,1185H,Chevron U.S.A. Inc.,Active,2,2020-02-29,2020-02-29,1,1.0,90.0,14.31,0,306.0,False,,False,,,,
Kern River,040306235200,San Joaquin,1185H,Chevron U.S.A. Inc.,Active,3,2020-12-31,2020-12-31,1,2.0,1082.0,172.04,0,,True,,False,,,,
Kern River,040306237500,Nukern,809R,"Kern River Holdings II, LLC",Active,0,2018-01-31,2018-01-31,1,8.0,6285.0,999.32,0,1096.0,False,,False,,,,
Kern River,040306237500,Nukern,809R,"Kern River Holdings II, LLC",Active,1,2021-01-31,2021-01-31,1,2.0,1214.0,193.03,0,59.0,False,,False,,,,
Kern River,040306237500,Nukern,809R,"Kern River Holdings II, LLC",Active,2,2021-03-31,2021-04-30,2,2.0,1042.0,165.68,0,,True,,False,,,,
Kern River,040306237600,Nukern,609R,"Kern River Holdings II, LLC",Active,0,2021-01-31,2021-01-31,1,2.0,1101.0,175.06,0,59.0,False,,False,,,,
Kern River,040306237600,Nukern,609R,"Kern River Holdings II, LLC",Active,1,2021-03-31,2021-03-31,1,2.0,1238.0,196.84,0,,True,,False,,,,
Kern River,040306237700,Nukern,507R,"Kern River Holdings II, LLC",Active,0,2021-02-28,2021-02-28,1,1.0,1084.0,172.36,0,,True,,False,,,,
Kern River,040306238000,Y.M.K.,76H,Chevron U.S.A. Inc.,Active,0,2019-03-31,2019-03-31,1,2.0,148.0,23.53,0,244.0,False,,False,,,,
Kern River,040306238000,Y.M.K.,76H,Chevron U.S.A. Inc.,Active,1,2019-11-30,2019-11-30,1,1.0,79.0,12.56,0,275.0,False,,False,,,,
Kern River,040306238000,Y.M.K.,76H,Chevron U.S.A. Inc.,Active,2,2020-08-31,2020-08-31,1,2.0,888.0,141.19,0,,True,,False,,,,
Kern River,040306238200,Del Rey Fee,69H,Chevron U.S.A. Inc.,Active,0,2018-01-31,2018-01-31,1,2.0,808.0,128.47,0,638.0,False,,False,,,,
Kern River,040306238200,Del Rey Fee,69H,Chevron U.S.A. Inc.,Active,1,2019-10-31,2019-10-31,1,2.0,126.0,20.03,0,121.0,False,,False,,,,
Kern River,040306238200,Del Rey Fee,69H,Chevron U.S.A. Inc.,Active,2,2020-02-29,2020-02-29,1,2.0,122.0,19.4,0,,True,,False,,,,
Kern River,040306238300,Del Rey Fee,70H,Chevron U.S.A. Inc.,Active,0,2018-01-31,2018-01-31,1,2.0,808.0,128.47,0,638.0,False,,False,,,,
Kern River,040306238300,Del Rey Fee,70H,Chevron U.S.A. Inc.,Active,1,2019-10-31,2019-10-31,1,2.0,122.0,19.4,0,61.0,False,,False,,,,
Kern River,040306238300,Del Rey Fee,70H,Chevron U.S.A. Inc.,Active,2,2019-12-31,2020-01-31,2,3.0,239.0,38.0,0,335.0,False,,False,,,,
Kern River,040306238300,Del Rey Fee,70H,Chevron U.S.A. Inc.,Active,3,2020-12-31,2020-12-31,1,2.0,1085.0,172.52,0,,True,,False,,,,
Kern River,040306240300,Del Rey Fee,71H,Chevron U.S.A. Inc.,Active,0,2019-09-30,2019-09-30,1,1.0,158.0,25.12,0,61.0,False,,False,,,,
Kern River,040306240300,Del Rey Fee,71H,Chevron U.S.A. Inc.,Active,1,2019-11-30,2019-12-31,2,4.0,342.0,54.38,0,60.0,False,,False,,,,
Kern River,040306240300,Del Rey Fee,71H,Chevron U.S.A. Inc.,Active,2,2020-02-29,2020-02-29,1,2.0,113.0,17.97,0,,True,,False,,,,
Kern River,040306240400,San Joaquin,1192H,Chevron U.S.A. Inc.,Idle,0,2019-11-30,2019-11-30,1,2.0,101.0,16.06,0,91.0,False,,False,,,,
Kern River,040306240400,San Joaquin,1192H,Chevron U.S.A. Inc.,Idle,1,2020-02-29,2020-02-29,1,2.0,113.0,17.97,0,,True,,False,,,,
Kern River,040306240600,Del Rey Fee,72H,Chevron U.S.A. Inc.,Active,0,2019-01-31,2019-02-28,2,4.0,184.0,29.26,0,245.0,False,,False,,,,
Kern River,040306240600,Del Rey Fee,72H,Chevron U.S.A. Inc.,Active,1,2019-10-31,2019-10-31,1,2.0,158.0,25.12,0,,True,,False,,,,
Kern River,040306242600,Cortez,36R,Chevron U.S.A. Inc.,Active,0,2019-01-31,2019-02-28,2,4.0,170.0,27.03,0,214.0,False,,False,,,,
Kern River,040306242600,Cortez,36R,Chevron U.S.A. Inc.,Active,1,2019-09-30,2019-09-30,1,1.0,159.0,25.28,0,458.0,False,,False,,,,
Kern River,040306242600,Cortez,36R,Chevron U.S.A. Inc.,Active,2,2020-12-31,2020-12-31,1,2.0,1102.0,175.22,0,,True,,False,,,,
Kern River,040306242700,Revenue,159H,Chevron U.S.A. Inc.,Active,0,2019-10-31,2019-10-31,1,2.0,108.0,17.17,0,92.0,False,,False,,,,
Kern River,040306242700,Revenue,159H,Chevron U.S.A. Inc.,Active,1,2020-01-31,2020-01-31,1,1.0,193.0,30.69,0,304.0,False,,False,,,,
Kern River,040306242700,Revenue,159H,Chevron U.S.A. Inc.,Active,2,2020-11-30,2020-11-30,1,3.0,1643.0,261.24,0,,True,,False,,,,
Kern River,040306244700,Calex,38H,Chevron U.S.A. Inc.,Active,0,2019-08-31,2019-08-31,1,1.0,147.0,23.37,0,519.0,False,,False,,,,
Kern River,040306244700,Calex,38H,Chevron U.S.A. Inc.,Active,1,2021-01-31,2021-01-31,1,2.0,790.0,125.61,0,,True,,False,,,,
Kern River,040306246700,Green & Whittier,387,Chevron U.S.A. Inc.,Active,0,2018-01-31,2018-01-31,1,1.0,229.0,36.41,0,,True,,False,,,,
Kern River,040306248200,Green & Whittier,392,Chevron U.S.A. Inc.,Active,0,2018-02-28,2018-02-28,1,4.0,3568.0,567.31,0,396.0,False,,False,,,,
Kern River,040306248200,Green & Whittier,392,Chevron U.S.A. Inc.,Active,1,2019-03-31,2019-03-31,1,3.0,817.0,129.9,0,,True,,False,,,,
Kern River,040306248300,Green & Whittier,385,Chevron U.S.A. Inc.,Active,0,2018-01-31,2019-02-28,3,5.0,295.0,46.91,0,184.0,False,,False,,,,
Kern River,040306248300,Green & Whittier,385,Chevron U.S.A. Inc.,Active,1,2019-08-31,2019-08-31,1,3.0,1764.0,280.48,0,,True,,False,,,,
Kern River,040306248400,Green & Whittier,390,Chevron U.S.A. Inc.,Active,0,2018-02-28,2018-02-28,1,4.0,3457.0,549.66,0,579.0,False,,False,,,,
Kern River,040306248400,Green & Whittier,390,Chevron U.S.A. Inc.,Active,1,2019-09-30,2019-10-31,2,3.0,1752.0,278.57,0,458.0,False,,False,,,,
Kern River,040306248400,Green & Whittier,390,Chevron U.S.A. Inc.,Active,2,2021-01-31,2021-01-31,1,3.0,1418.0,225.46,0,,True,,False,,,,
Kern River,040306248700,Green & Whittier,380,Chevron U.S.A. Inc.,Active,0,2018-02-28,2018-02-28,1,4.0,3495.0,555.71,0,,True,,False,,,,
Kern River,040306248800,Green & Whittier,384,Chevron U.S.A. Inc.,Active,0,2018-01-31,2018-02-28,2,5.0,3828.0,608.65,0,,True,,False,,,,
Kern River,040306249000,Monte Cristo No. 1,220H,Chevron U.S.A. Inc.,Active,0,2019-01-31,2019-02-28,2,4.0,350.0,55.65,0,,True,,False,,,,
Kern River,040306249200,Helm & Smith,100H,Chevron U.S.A. Inc.,Active,0,2019-09-30,2019-09-30,1,1.0,119.0,18.92,0,61.0,False,,False,,,,
Kern River,040306249200,Helm & Smith,100H,Chevron U.S.A. Inc.,Active,1,2019-11-30,2019-11-30,1,1.0,139.0,22.1,0,91.0,False,,False,,,,
Kern River,040306249200,Helm & Smith,100H,Chevron U.S.A. Inc.,Active,2,2020-02-29,2020-02-29,1,1.0,114.0,18.13,0,153.0,False,,False,,,,
Kern River,040306249200,Helm & Smith,100H,Chevron U.S.A. Inc.,Active,3,2020-07-31,2020-07-31,1,3.0,1650.0,262.35,0,,True,,False,,,,
Kern River,040306255600,Wilmar,141r,Chevron U.S.A. Inc.,Plugged,0,2019-01-31,2019-02-28,2,2.0,274.0,43.57,0,337.0,False,,False,,,,
Kern River,040306255600,Wilmar,141r,Chevron U.S.A. Inc.,Plugged,1,2020-01-31,2020-01-31,1,1.0,412.0,65.51,0,,True,,False,,,,
Kern River,040306258700,Green & Whittier,277R,Chevron U.S.A. Inc.,Active,0,2019-03-31,2019-03-31,1,1.0,53.0,8.43,0,,True,,False,,,,
Kern River,040306258800,Green & Whittier,276R,Chevron U.S.A. Inc.,Active,0,2018-02-28,2019-02-28,3,3.0,665.0,105.73,0,,True,,False,,,,
Kern River,040306258900,Monte Cristo No. 1,83R,Chevron U.S.A. Inc.,Active,0,2018-01-31,2018-01-31,1,1.0,137.0,21.78,0,699.0,False,,False,,,,
Kern River,040306258900,Monte Cristo No. 1,83R,Chevron U.S.A. Inc.,Active,1,2019-12-31,2019-12-31,1,2.0,760.0,120.84,0,456.0,False,,False,,,,
Kern River,040306258900,Monte Cristo No. 1,83R,Chevron U.S.A. Inc.,Active,2,2021-03-31,2021-03-31,1,4.0,1540.0,244.86,0,,True,,False,,,,
Kern River,040306264600,Boots,4H,Chevron U.S.A. Inc.,Active,0,2019-11-30,2019-11-30,1,1.0,192.0,30.53,0,62.0,False,,False,,,,
Kern River,040306264600,Boots,4H,Chevron U.S.A. Inc.,Active,1,2020-01-31,2020-01-31,1,1.0,143.0,22.74,0,60.0,False,,False,,,,
Kern River,040306264600,Boots,4H,Chevron U.S.A. Inc.,Active,2,2020-03-31,2020-03-31,1,1.0,137.0,21.78,0,122.0,False,,False,,,,
Kern River,040306264600,Boots,4H,Chevron U.S.A. Inc.,Active,3,2020-07-31,2020-07-31,1,2.0,492.0,78.23,0,61.0,False,,False,,,,
Kern River,040306264600,Boots,4H,Chevron U.S.A. Inc.,Active,4,2020-09-30,2020-09-30,1,2.0,1035.0,164.56,0,,True,,False,,,,
Kern River,040306264700,Boots,3H,Chevron U.S.A. Inc.,Active,0,2019-03-31,2019-03-31,1,2.0,50.0,7.95,0,153.0,False,,False,,,,
Kern River,040306264700,Boots,3H,Chevron U.S.A. Inc.,Active,1,2019-08-31,2019-09-30,2,2.0,264.0,41.98,0,61.0,False,,False,,,,
Kern River,040306264700,Boots,3H,Chevron U.S.A. Inc.,Active,2,2019-11-30,2019-11-30,1,2.0,126.0,20.03,0,91.0,False,,False,,,,
Kern River,040306264700,Boots,3H,Chevron U.S.A. Inc.,Active,3,2020-02-29,2020-02-29,1,1.0,139.0,22.1,0,153.0,False,,False,,,,
Kern River,040306264700,Boots,3H,Chevron U.S.A. Inc.,Active,4,2020-07-31,2020-07-31,1,2.0,492.0,78.23,0,,True,,False,,,,
Kern River,040306265300,Unspecified,301h,Chevron U.S.A. Inc.,Active,0,2018-02-28,2018-02-28,1,1.0,246.0,39.11,0,610.0,False,,False,,,,
Kern River,040306265300,Unspecified,301h,Chevron U.S.A. Inc.,Active,1,2019-10-31,2019-10-31,1,1.0,126.0,20.03,0,61.0,False,,False,,,,
Kern River,040306265300,Unspecified,301h,Chevron U.S.A. Inc.,Active,2,2019-12-31,2019-12-31,1,1.0,173.0,27.51,0,60.0,False,,False,,,,
Kern River,040306265300,Unspecified,301h,Chevron U.S.A. Inc.,Active,3,2020-02-29,2020-02-29,1,1.0,121.0,19.24,0,,True,,False,,,,
Kern River,040306265500,Green & Whittier,405H,Chevron U.S.A. Inc.,Active,0,2018-01-31,2018-01-31,1,2.0,160.0,25.44,0,,True,,False,,,,
Kern River,040306265700,Green & Whittier,401H,Chevron U.S.A. Inc.,Active,0,2018-01-31,2018-01-31,1,2.0,485.0,77.11,0,,True,,False,,,,
Kern River,040306266500,Del Rey West Fee,17R,Chevron U.S.A. Inc.,Active,0,2019-03-31,2019-03-31,1,2.0,85.0,13.52,0,153.0,False,,False,,,,
Kern River,040306266500,Del Rey West Fee,17R,Chevron U.S.A. Inc.,Active,1,2019-08-31,2019-08-31,1,1.0,149.0,23.69,0,,True,,False,,,,
Kern River,040306268200,Unspecified,224R,Chevron U.S.A. Inc.,Active,0,2018-02-28,2018-02-28,1,2.0,429.0,68.21,0,92.0,False,,False,,,,
Kern River,040306268200,Unspecified,224R,Chevron U.S.A. Inc.,Active,1,2018-05-31,2018-05-31,1,1.0,307.0,48.81,0,,True,,False,,,,
Kern River,040306278900,Hanford & Fresno,604 H,Chevron U.S.A. Inc.,Active,0,2019-06-30,2019-06-30,1,2.0,129.0,20.51,0,92.0,False,,False,,,,
Kern River,040306278900,Hanford & Fresno,604 H,Chevron U.S.A. Inc.,Active,1,2019-09-30,2019-10-31,2,3.0,251.0,39.91,0,61.0,False,,False,,,,
Kern River,040306278900,Hanford & Fresno,604 H,Chevron U.S.A. Inc.,Active,2,2019-12-31,2019-12-31,1,2.0,106.0,16.85,0,60.0,False,,False,,,,
Kern River,040306278900,Hanford & Fresno,604 H,Chevron U.S.A. Inc.,Active,3,2020-02-29,2020-02-29,1,2.0,109.0,17.33,0,153.0,False,,False,,,,
Kern River,040306278900,Hanford & Fresno,604 H,Chevron U.S.A. Inc.,Active,4,2020-07-31,2020-07-31,1,2.0,808.0,128.47,0,,True,,False,,,,
Kern River,040306281000,Del Rey West Fee,45H,Chevron U.S.A. Inc.,Active,0,2019-01-31,2019-02-28,2,4.0,154.0,24.49,0,184.0,False,,False,,,,
Kern River,040306281000,Del Rey West Fee,45H,Chevron U.S.A. Inc.,Active,1,2019-08-31,2019-08-31,1,1.0,158.0,25.12,0,61.0,False,,False,,,,
Kern River,040306281000,Del Rey West Fee,45H,Chevron U.S.A. Inc.,Active,2,2019-10-31,2019-11-30,2,3.0,317.0,50.4,0,,True,,False,,,,
Kern River,040306281900,May,63H,Chevron U.S.A. Inc.,Active,0,2019-08-31,2019-08-31,1,1.0,94.0,14.95,0,91.0,False,,False,,,,
Kern River,040306281900,May,63H,Chevron U.S.A. Inc.,Active,1,2019-11-30,2019-11-30,1,2.0,85.0,13.52,0,62.0,False,,False,,,,
Kern River,040306281900,May,63H,Chevron U.S.A. Inc.,Active,2,2020-01-31,2020-02-29,2,2.0,231.0,36.73,0,306.0,False,,False,,,,
Kern River,040306281900,May,63H,Chevron U.S.A. Inc.,Active,3,2020-12-31,2020-12-31,1,2.0,1114.0,177.13,0,,True,,False,,,,
Kern River,040306282000,Unspecified,4112H,Chevron U.S.A. Inc.,Active,0,2019-03-31,2019-03-31,1,1.0,130.0,20.67,0,214.0,False,,False,,,,
Kern River,040306282000,Unspecified,4112H,Chevron U.S.A. Inc.,Active,1,2019-10-31,2019-10-31,1,1.0,118.0,18.76,0,92.0,False,,False,,,,
Kern River,040306282000,Unspecified,4112H,Chevron U.S.A. Inc.,Active,2,2020-01-31,2020-02-29,2,3.0,282.0,44.84,0,184.0,False,,False,,,,
Kern River,040306282000,Unspecified,4112H,Chevron U.S.A. Inc.,Active,3,2020-08-31,2020-08-31,1,3.0,1752.0,278.57,0,61.0,False,,False,,,,
Kern River,040306282000,Unspecified,4112H,Chevron U.S.A. Inc.,Active,4,2020-10-31,2020-10-31,1,3.0,1699.0,270.14,0,61.0,False,,False,,,,
Kern River,040306282000,Unspecified,4112H,Chevron U.S.A. Inc.,Active,5,2020-12-31,2020-12-31,1,2.0,1061.0,168.7,0,,True,,False,,,,
Kern River,040306306400,Green & Whittier,406h,Chevron U.S.A. Inc.,Active,0,2018-02-28,2018-02-28,1,1.0,236.0,37.52,0,,True,,False,,,,
Kern River,040306306600,Del Rey West Fee,41H,Chevron U.S.A. Inc.,Active,0,2018-02-28,2018-02-28,1,2.0,783.0,124.5,0,61.0,False,,False,,,,
Kern River,040306306600,Del Rey West Fee,41H,Chevron U.S.A. Inc.,Active,1,2018-04-30,2018-04-30,1,1.0,1067.0,169.65,0,,True,,False,,,,
Kern River,040306314300,Unspecified,421H,Chevron U.S.A. Inc.,New,0,2018-02-28,2018-02-28,1,2.0,319.0,50.72,0,,True,,False,,,,
Kern River,040306314500,Unspecified,419H,Chevron U.S.A. Inc.,Idle,0,2018-03-31,2018-03-31,1,2.0,591.0,93.97,0,306.0,False,,False,,,,
Kern River,040306314500,Unspecified,419H,Chevron U.S.A. Inc.,Idle,1,2019-01-31,2019-02-28,2,2.0,412.0,65.51,0,,True,,False,,,,
Kern River,040306314700,Rasmussen,419H,Chevron U.S.A. Inc.,Active,0,2018-02-28,2018-02-28,1,2.0,643.0,102.24,0,61.0,False,,False,,,,
Kern River,040306314700,Rasmussen,419H,Chevron U.S.A. Inc.,Active,1,2018-04-30,2018-08-31,3,6.0,2964.0,471.28,0,395.0,False,,False,,,,
Kern River,040306314700,Rasmussen,419H,Chevron U.S.A. Inc.,Active,2,2019-09-30,2019-09-30,1,1.0,116.0,18.44,0,61.0,False,,False,,,,
Kern River,040306314700,Rasmussen,419H,Chevron U.S.A. Inc.,Active,3,2019-11-30,2019-12-31,2,2.0,435.0,69.17,0,60.0,False,,False,,,,
Kern River,040306314700,Rasmussen,419H,Chevron U.S.A. Inc.,Active,4,2020-02-29,2020-02-29,1,1.0,358.0,56.92,0,184.0,False,,False,,,,
Kern River,040306314700,Rasmussen,419H,Chevron U.S.A. Inc.,Active,5,2020-08-31,2020-08-31,1,3.0,1742.0,276.98,0,,True,,False,,,,
Kern River,040306316800,H.H. & F.,12R,Chevron U.S.A. Inc.,Active,0,2019-01-31,2019-02-28,2,2.0,64.0,10.18,0,,True,,False,,,,
Kern River,040306316900,Junction,83R,Chevron U.S.A. Inc.,Active,0,2018-02-28,2018-02-28,1,2.0,627.0,99.69,0,,True,,False,,,,
Kern River,040306317000,Kern County Land Co.,466,Chevron U.S.A. Inc.,New,0,2019-01-31,2019-02-28,2,2.0,76.0,12.08,0,,True,,False,,,,
Kern River,040306317100,Kern County Land Co Lease 39,465,Chevron U.S.A. Inc.,Active,0,2019-06-30,2019-06-30,1,2.0,160.0,25.44,0,62.0,False,,False,,,,
Kern River,040306317100,Kern County Land Co Lease 39,465,Chevron U.S.A. Inc.,Active,1,2019-08-31,2019-08-31,1,2.0,631.0,100.33,0,91.0,False,,False,,,,
Kern River,040306317100,Kern County Land Co Lease 39,465,Chevron U.S.A. Inc.,Active,2,2019-11-30,2019-11-30,1,2.0,653.0,103.83,0,62.0,False,,False,,,,
Kern River,040306317100,Kern County Land Co Lease 39,465,Chevron U.S.A. Inc.,Active,3,2020-01-31,2020-01-31,1,2.0,424.0,67.42,0,90.0,False,,False,,,,
Kern River,040306317100,Kern County Land Co Lease 39,465,Chevron U.S.A. Inc.,Active,4,2020-04-30,2020-04-30,1,4.0,2634.0,418.81,0,92.0,False,,False,,,,
Kern River,040306317100,Kern County Land Co Lease 39,465,Chevron U.S.A. Inc.,Active,5,2020-07-31,2020-07-31,1,1.0,346.0,55.01,0,,True,,False,,,,
Kern River,040306317500,Unspecified,136R,Chevron U.S.A. Inc.,Active,0,2018-01-31,2019-03-31,4,4.0,688.0,109.39,0,,True,,False,,,,
Kern River,040306317700,Rasmussen,1534,Chevron U.S.A. Inc.,New,0,2018-08-31,2018-08-31,1,1.0,150.0,23.85,0,,True,,False,,,,
Kern River,040306317800,Cortez,503R,Chevron U.S.A. Inc.,Active,0,2018-01-31,2018-01-31,1,2.0,715.0,113.69,0,424.0,False,,False,,,,
Kern River,040306317800,Cortez,503R,Chevron U.S.A. Inc.,Active,1,2019-03-31,2019-03-31,1,1.0,47.0,7.47,0,,True,,False,,,,
Kern River,040306318300,Monte Cristo No. 1,3414R,Chevron U.S.A. Inc.,Active,0,2018-02-28,2018-02-28,1,1.0,457.0,72.66,0,,True,,False,,,,
Kern River,040306318400,Monte Cristo No. 1,3423R,Chevron U.S.A. Inc.,Active,0,2018-02-28,2018-02-28,1,1.0,457.0,72.66,0,,True,,False,,,,
Kern River,040306318500,Monte Cristo No. 1,3644R,Chevron U.S.A. Inc.,Active,0,2018-02-28,2018-02-28,1,1.0,478.0,76.0,0,,True,,False,,,,
Kern River,040306318600,American Naphtha,3815,Chevron U.S.A. Inc.,Active,0,2018-02-28,2019-02-28,3,4.0,554.0,88.09,0,,True,,False,,,,
Kern River,040306318700,American Naphtha,3819,Chevron U.S.A. Inc.,Active,0,2018-02-28,2019-02-28,3,5.0,461.0,73.3,0,,True,,False,,,,
Kern River,040306318800,Vesta,58R,Chevron U.S.A. Inc.,Active,0,2018-02-28,2018-02-28,1,1.0,604.0,96.04,0,184.0,False,,False,,,,
Kern River,040306318800,Vesta,58R,Chevron U.S.A. Inc.,Active,1,2018-08-31,2019-03-31,4,5.0,564.0,89.68,0,,True,,False,,,,
Kern River,040306327700,Fee B,67R,Chevron U.S.A. Inc.,Active,0,2018-02-28,2018-02-28,1,2.0,587.0,93.33,0,,True,,False,,,,
Kern River,040306327800,Fee B,46R,Chevron U.S.A. Inc.,Active,0,2018-03-31,2018-03-31,1,1.0,261.0,41.5,0,153.0,False,,False,,,,
Kern River,040306327800,Fee B,46R,Chevron U.S.A. Inc.,Active,1,2018-08-31,2018-08-31,1,2.0,304.0,48.34,0,,True,,False,,,,
Kern River,040306327900,May,68H,Chevron U.S.A. Inc.,Active,0,2019-01-31,2019-02-28,2,2.0,258.0,41.02,0,245.0,False,,False,,,,
Kern River,040306327900,May,68H,Chevron U.S.A. Inc.,Active,1,2019-10-31,2019-11-30,2,3.0,218.0,34.66,0,62.0,False,,False,,,,
Kern River,040306327900,May,68H,Chevron U.S.A. Inc.,Active,2,2020-01-31,2020-01-31,1,1.0,129.0,20.51,0,60.0,False,,False,,,,
Kern River,040306327900,May,68H,Chevron U.S.A. Inc.,Active,3,2020-03-31,2020-03-31,1,1.0,145.0,23.05,0,275.0,False,,False,,,,
Kern River,040306327900,May,68H,Chevron U.S.A. Inc.,Active,4,2020-12-31,2020-12-31,1,2.0,1108.0,176.17,0,,True,,False,,,,
Kern River,040306328100,Junction,141H,Chevron U.S.A. Inc.,Idle,0,2019-05-31,2019-05-31,1,2.0,20.0,3.18,0,183.0,False,,False,,,,
Kern River,040306328100,Junction,141H,Chevron U.S.A. Inc.,Idle,1,2019-11-30,2019-11-30,1,2.0,186.0,29.57,0,,True,,False,,,,
Kern River,040306332400,Dick,100H,Chevron U.S.A. Inc.,Active,0,2019-10-31,2019-11-30,2,4.0,290.0,46.11,0,,True,,False,,,,
Kern River,040306340500,Dick,104H,Chevron U.S.A. Inc.,Active,0,2019-09-30,2019-09-30,1,1.0,125.0,19.88,0,152.0,False,,False,,,,
Kern River,040306340500,Dick,104H,Chevron U.S.A. Inc.,Active,1,2020-02-29,2020-02-29,1,1.0,119.0,18.92,0,184.0,False,,False,,,,
Kern River,040306340500,Dick,104H,Chevron U.S.A. Inc.,Active,2,2020-08-31,2020-08-31,1,1.0,216.0,34.34,0,,True,,False,,,,
Kern River,040306340600,Junction,142H,Chevron U.S.A. Inc.,Active,0,2018-03-31,2018-04-30,2,4.0,1474.0,234.37,0,579.0,False,,False,,,,
Kern River,040306340600,Junction,142H,Chevron U.S.A. Inc.,Active,1,2019-11-30,2019-11-30,1,2.0,127.0,20.19,0,91.0,False,,False,,,,
Kern River,040306340600,Junction,142H,Chevron U.S.A. Inc.,Active,2,2020-02-29,2020-02-29,1,1.0,119.0,18.92,0,,True,,False,,,,
Kern River,040306341000,American Naphtha,3818,Chevron U.S.A. Inc.,Active,0,2018-04-30,2018-04-30,1,1.0,334.0,53.11,0,123.0,False,,False,,,,
Kern River,040306341000,American Naphtha,3818,Chevron U.S.A. Inc.,Active,1,2018-08-31,2018-08-31,1,2.0,1969.0,313.07,0,212.0,False,,False,,,,
Kern River,040306341000,American Naphtha,3818,Chevron U.S.A. Inc.,Active,2,2019-03-31,2019-03-31,1,4.0,971.0,154.39,0,153.0,False,,False,,,,
Kern River,040306341000,American Naphtha,3818,Chevron U.S.A. Inc.,Active,3,2019-08-31,2019-08-31,1,3.0,1702.0,270.62,0,,True,,False,,,,
Kern River,040306341500,American Naphtha,3808,Chevron U.S.A. Inc.,New,0,2019-03-31,2019-03-31,1,4.0,980.0,155.82,0,153.0,False,,False,,,,
Kern River,040306341500,American Naphtha,3808,Chevron U.S.A. Inc.,New,1,2019-08-31,2019-09-30,2,4.0,1819.0,289.22,0,92.0,False,,False,,,,
Kern River,040306341500,American Naphtha,3808,Chevron U.S.A. Inc.,New,2,2019-12-31,2019-12-31,1,3.0,1587.0,252.33,0,91.0,False,,False,,,,
Kern River,040306341500,American Naphtha,3808,Chevron U.S.A. Inc.,New,3,2020-03-31,2020-03-31,1,8.0,4686.0,745.07,0,214.0,False,,False,,,,
Kern River,040306341500,American Naphtha,3808,Chevron U.S.A. Inc.,New,4,2020-10-31,2020-10-31,1,3.0,1461.0,232.3,0,,True,,False,,,,
Kern River,040306341800,Green & Whittier,381,Chevron U.S.A. Inc.,Active,0,2019-05-31,2019-05-31,1,1.0,9.0,1.43,0,,True,,False,,,,
Kern River,040306341900,Green & Whittier,379,Chevron U.S.A. Inc.,Active,0,2019-08-31,2019-08-31,1,3.0,1771.0,281.59,0,,True,,False,,,,
Kern River,040306343500,Unspecified,303H,Chevron U.S.A. Inc.,Active,0,2018-05-31,2018-05-31,1,1.0,459.0,72.98,0,365.0,False,,False,,,,
Kern River,040306343500,Unspecified,303H,Chevron U.S.A. Inc.,Active,1,2019-05-31,2019-05-31,1,1.0,420.0,66.78,0,122.0,False,,False,,,,
Kern River,040306343500,Unspecified,303H,Chevron U.S.A. Inc.,Active,2,2019-09-30,2019-09-30,1,1.0,128.0,20.35,0,61.0,False,,False,,,,
Kern River,040306343500,Unspecified,303H,Chevron U.S.A. Inc.,Active,3,2019-11-30,2019-12-31,2,2.0,238.0,37.84,0,60.0,False,,False,,,,
Kern River,040306343500,Unspecified,303H,Chevron U.S.A. Inc.,Active,4,2020-02-29,2020-02-29,1,1.0,106.0,16.85,0,214.0,False,,False,,,,
Kern River,040306343500,Unspecified,303H,Chevron U.S.A. Inc.,Active,5,2020-09-30,2020-09-30,1,2.0,685.0,108.92,0,92.0,False,,False,,,,
Kern River,040306343500,Unspecified,303H,Chevron U.S.A. Inc.,Active,6,2020-12-31,2020-12-31,1,2.0,1087.0,172.83,0,,True,,False,,,,
Kern River,040306344700,Clarence,67H,Chevron U.S.A. Inc.,Active,0,2019-08-31,2019-08-31,1,1.0,144.0,22.9,0,61.0,False,,False,,,,
Kern River,040306344700,Clarence,67H,Chevron U.S.A. Inc.,Active,1,2019-10-31,2019-11-30,2,3.0,258.0,41.02,0,62.0,False,,False,,,,
Kern River,040306344700,Clarence,67H,Chevron U.S.A. Inc.,Active,2,2020-01-31,2020-02-29,2,4.0,422.0,67.1,0,153.0,False,,False,,,,
Kern River,040306344700,Clarence,67H,Chevron U.S.A. Inc.,Active,3,2020-07-31,2020-07-31,1,1.0,643.0,102.24,0,61.0,False,,False,,,,
Kern River,040306344700,Clarence,67H,Chevron U.S.A. Inc.,Active,4,2020-09-30,2020-09-30,1,2.0,1098.0,174.58,0,92.0,False,,False,,,,
Kern River,040306344700,Clarence,67H,Chevron U.S.A. Inc.,Active,5,2020-12-31,2020-12-31,1,2.0,1104.0,175.54,0,,True,,False,,,,
Kern River,040306353800,Unspecified,4115H,Chevron U.S.A. Inc.,Active,0,2020-11-30,2020-11-30,1,3.0,1611.0,256.15,0,,True,,False,,,,
Kern River,040306354000,Chanslor,124H,Chevron U.S.A. Inc.,Active,0,2018-08-31,2018-08-31,1,2.0,926.0,147.23,0,395.0,False,,False,,,,
Kern River,040306354000,Chanslor,124H,Chevron U.S.A. Inc.,Active,1,2019-09-30,2019-09-30,1,1.0,142.0,22.58,0,123.0,False,,False,,,,
Kern River,040306354000,Chanslor,124H,Chevron U.S.A. Inc.,Active,2,2020-01-31,2020-01-31,1,1.0,133.0,21.15,0,243.0,False,,False,,,,
Kern River,040306354000,Chanslor,124H,Chevron U.S.A. Inc.,Active,3,2020-09-30,2020-09-30,1,2.0,1101.0,175.06,0,,True,,False,,,,
Kern River,040306354400,Green & Whittier,409H,Chevron U.S.A. Inc.,Active,0,2018-05-31,2018-08-31,2,4.0,910.0,144.69,0,426.0,False,,False,,,,
Kern River,040306354400,Green & Whittier,409H,Chevron U.S.A. Inc.,Active,1,2019-10-31,2019-10-31,1,1.0,127.0,20.19,0,61.0,False,,False,,,,
Kern River,040306354400,Green & Whittier,409H,Chevron U.S.A. Inc.,Active,2,2019-12-31,2019-12-31,1,2.0,118.0,18.76,0,60.0,False,,False,,,,
Kern River,040306354400,Green & Whittier,409H,Chevron U.S.A. Inc.,Active,3,2020-02-29,2020-02-29,1,2.0,118.0,18.76,0,153.0,False,,False,,,,
Kern River,040306354400,Green & Whittier,409H,Chevron U.S.A. Inc.,Active,4,2020-07-31,2020-07-31,1,1.0,423.0,67.26,0,61.0,False,,False,,,,
Kern River,040306354400,Green & Whittier,409H,Chevron U.S.A. Inc.,Active,5,2020-09-30,2020-10-31,2,2.0,973.0,154.71,0,61.0,False,,False,,,,
Kern River,040306354400,Green & Whittier,409H,Chevron U.S.A. Inc.,Active,6,2020-12-31,2020-12-31,1,2.0,1065.0,169.34,0,,True,,False,,,,
Kern River,040306354500,Fee C,214H,Chevron U.S.A. Inc.,Active,0,2019-01-31,2019-02-28,2,2.0,86.0,13.67,0,184.0,False,,False,,,,
Kern River,040306354500,Fee C,214H,Chevron U.S.A. Inc.,Active,1,2019-08-31,2019-09-30,2,2.0,250.0,39.75,0,92.0,False,,False,,,,
Kern River,040306354500,Fee C,214H,Chevron U.S.A. Inc.,Active,2,2019-12-31,2020-01-31,2,3.0,237.0,37.68,0,335.0,False,,False,,,,
Kern River,040306354500,Fee C,214H,Chevron U.S.A. Inc.,Active,3,2020-12-31,2020-12-31,1,2.0,1075.0,170.93,0,,True,,False,,,,
Kern River,040306359600,Rasmussen,420H,Chevron U.S.A. Inc.,Active,0,2019-03-31,2019-03-31,1,1.0,133.0,21.15,0,244.0,False,,False,,,,
Kern River,040306359600,Rasmussen,420H,Chevron U.S.A. Inc.,Active,1,2019-11-30,2019-11-30,1,6.0,2897.0,460.62,0,,True,,False,,,,
Kern River,040306359700,Calloma,32H,Chevron U.S.A. Inc.,Idle,0,2018-05-31,2018-05-31,1,2.0,707.0,112.41,0,518.0,False,,False,,,,
Kern River,040306359700,Calloma,32H,Chevron U.S.A. Inc.,Idle,1,2019-10-31,2019-11-30,2,3.0,268.0,42.61,0,62.0,False,,False,,,,
Kern River,040306359700,Calloma,32H,Chevron U.S.A. Inc.,Idle,2,2020-01-31,2020-02-29,2,4.0,282.0,44.84,0,,True,,False,,,,
Kern River,040306359800,Calloma,33H,Chevron U.S.A. Inc.,Active,0,2019-09-30,2019-09-30,1,2.0,130.0,20.67,0,61.0,False,,False,,,,
Kern River,040306359800,Calloma,33H,Chevron U.S.A. Inc.,Active,1,2019-11-30,2019-11-30,1,1.0,164.0,26.08,0,62.0,False,,False,,,,
Kern River,040306359800,Calloma,33H,Chevron U.S.A. Inc.,Active,2,2020-01-31,2020-01-31,1,2.0,151.0,24.01,0,60.0,False,,False,,,,
Kern River,040306359800,Calloma,33H,Chevron U.S.A. Inc.,Active,3,2020-03-31,2020-03-31,1,1.0,181.0,28.78,0,122.0,False,,False,,,,
Kern River,040306359800,Calloma,33H,Chevron U.S.A. Inc.,Active,4,2020-07-31,2020-07-31,1,2.0,708.0,112.57,0,184.0,False,,False,,,,
Kern River,040306359800,Calloma,33H,Chevron U.S.A. Inc.,Active,5,2021-01-31,2021-01-31,1,2.0,814.0,129.43,0,,True,,False,,,,
Kern River,040306365300,Unspecified,18-10R,Chevron U.S.A. Inc.,Active,0,2020-12-31,2021-08-31,8,237.0,81522.0,12962.0,0,,True,,False,,,,
Kern River,040306366800,Junction,1003H,Chevron U.S.A. Inc.,Idle,0,2019-03-31,2019-03-31,1,19.0,5438.0,864.64,0,91.0,False,,False,,,,
Kern River,040306366800,Junction,1003H,Chevron U.S.A. Inc.,Idle,1,2019-06-30,2019-06-30,1,4.0,527.0,83.79,0,,True,,False,,,,
Kern River,040306375500,San  Joaquin,216R,Chevron U.S.A. Inc.,Active,0,2019-09-30,2019-09-30,1,3.0,1760.0,279.84,0,,True,,False,,,,
Kern River,040306397000,Unspecified,59R,Chevron U.S.A. Inc.,Active,0,2019-11-30,2019-11-30,1,1.0,272.0,43.25,0,,True,,False,,,,
Kern River,040306421900,American Naphtha,1-13R,Chevron U.S.A. Inc.,New,0,2019-01-31,2019-02-28,2,8.0,1718.0,273.16,0,184.0,False,,False,,,,
Kern River,040306421900,American Naphtha,1-13R,Chevron U.S.A. Inc.,New,1,2019-08-31,2019-08-31,1,3.0,1684.0,267.76,0,122.0,False,,False,,,,
Kern River,040306421900,American Naphtha,1-13R,Chevron U.S.A. Inc.,New,2,2019-12-31,2019-12-31,1,1.0,17.0,2.7,0,,True,,False,,,,
Kern River,040306422000,Rasmussen,421,Chevron U.S.A. Inc.,Active,0,2019-07-31,2019-07-31,1,1.0,257.0,40.86,0,,True,,False,,,,
Kern River,040306422100,Rasmussen,422,Chevron U.S.A. Inc.,Active,0,2019-01-31,2019-02-28,2,2.0,254.0,40.39,0,153.0,False,,False,,,,
Kern River,040306422100,Rasmussen,422,Chevron U.S.A. Inc.,Active,1,2019-07-31,2019-07-31,1,1.0,293.0,46.59,0,213.0,False,,False,,,,
Kern River,040306422100,Rasmussen,422,Chevron U.S.A. Inc.,Active,2,2020-02-29,2020-02-29,1,1.0,304.0,48.34,0,,True,,False,,,,
Kern River,040306422200,Rasmussen,1521R,Chevron U.S.A. Inc.,Active,0,2019-07-31,2019-07-31,1,1.0,258.0,41.02,0,274.0,False,,False,,,,
Kern River,040306422200,Rasmussen,1521R,Chevron U.S.A. Inc.,Active,1,2020-04-30,2020-04-30,1,2.0,520.0,82.68,0,123.0,False,,False,,,,
Kern River,040306422200,Rasmussen,1521R,Chevron U.S.A. Inc.,Active,2,2020-08-31,2020-08-31,1,3.0,1748.0,277.93,0,,True,,False,,,,
Kern River,040306422300,Rasmussen,241R,Chevron U.S.A. Inc.,Active,0,2019-07-31,2019-07-31,1,1.0,258.0,41.02,0,,True,,False,,,,
Kern River,040306425800,Monte Cristo No. 1,3513R,Chevron U.S.A. Inc.,Active,0,2019-09-30,2019-09-30,1,1.0,103.0,16.38,0,152.0,False,,False,,,,
Kern River,040306425800,Monte Cristo No. 1,3513R,Chevron U.S.A. Inc.,Active,1,2020-02-29,2020-02-29,1,2.0,652.0,103.67,0,,True,,False,,,,
Kern River,040306426300,Green & Whittier A,136R,Chevron U.S.A. Inc.,Active,0,2019-03-31,2019-03-31,1,1.0,58.0,9.22,0,,True,,False,,,,
Kern River,040306426400,American Naphtha,3820,Chevron U.S.A. Inc.,Active,0,2019-01-31,2019-02-28,2,2.0,86.0,13.67,0,,True,,False,,,,
Kern River,040306437600,Boots,109R,Chevron U.S.A. Inc.,Active,0,2019-01-31,2019-02-28,2,2.0,66.0,10.49,0,,True,,False,,,,
Kern River,040306437700,Kern County Land Co. Lease 39,457,Chevron U.S.A. Inc.,Active,0,2020-01-31,2020-03-31,3,8.0,3855.0,612.95,0,,True,,False,,,,
Kern River,040306437800,Boots,102,Chevron U.S.A. Inc.,Active,0,2019-01-31,2019-02-28,2,2.0,120.0,19.08,0,,True,,False,,,,
Kern River,040306439200,Boots,100,Chevron U.S.A. Inc.,Active,0,2019-01-31,2019-02-28,2,16.0,3328.0,529.15,0,,True,,False,,,,
Kern River,040306441500,Kern County Land Co. Lease 39,5065,Chevron U.S.A. Inc.,Active,0,2019-03-31,2019-03-31,1,1.0,54.0,8.59,0,,True,,False,,,,
Kern River,040306446900,Chanslor,34R,Chevron U.S.A. Inc.,Active,0,2019-01-31,2019-02-28,2,2.0,92.0,14.63,0,184.0,False,,False,,,,
Kern River,040306446900,Chanslor,34R,Chevron U.S.A. Inc.,Active,1,2019-08-31,2019-08-31,1,1.0,124.0,19.72,0,61.0,False,,False,,,,
Kern River,040306446900,Chanslor,34R,Chevron U.S.A. Inc.,Active,2,2019-10-31,2019-10-31,1,2.0,423.0,67.26,0,92.0,False,,False,,,,
Kern River,040306446900,Chanslor,34R,Chevron U.S.A. Inc.,Active,3,2020-01-31,2020-01-31,1,2.0,813.0,129.27,0,,True,,False,,,,
Kern River,040306447100,San Joaquin,470R,Chevron U.S.A. Inc.,Active,0,2019-03-31,2019-03-31,1,1.0,157.0,24.96,0,153.0,False,,False,,,,
Kern River,040306447100,San Joaquin,470R,Chevron U.S.A. Inc.,Active,1,2019-08-31,2019-08-31,1,3.0,1693.0,269.19,0,366.0,False,,False,,,,
Kern River,040306447100,San Joaquin,470R,Chevron U.S.A. Inc.,Active,2,2020-08-31,2020-08-31,1,1.0,210.0,33.39,0,,True,,False,,,,
Kern River,040306447200,Unspecified,315H,Chevron U.S.A. Inc.,Active,0,2019-09-30,2019-10-31,2,3.0,252.0,40.07,0,61.0,False,,False,,,,
Kern River,040306447200,Unspecified,315H,Chevron U.S.A. Inc.,Active,1,2019-12-31,2020-01-31,2,3.0,223.0,35.46,0,60.0,False,,False,,,,
Kern River,040306447200,Unspecified,315H,Chevron U.S.A. Inc.,Active,2,2020-03-31,2020-03-31,1,1.0,103.0,16.38,0,122.0,False,,False,,,,
Kern River,040306447200,Unspecified,315H,Chevron U.S.A. Inc.,Active,3,2020-07-31,2020-07-31,1,1.0,394.0,62.65,0,153.0,False,,False,,,,
Kern River,040306447200,Unspecified,315H,Chevron U.S.A. Inc.,Active,4,2020-12-31,2020-12-31,1,2.0,1047.0,166.47,0,,True,,False,,,,
Kern River,040306447300,Unspecified,316H,Chevron U.S.A. Inc.,Active,0,2020-01-31,2020-01-31,1,1.0,114.0,18.13,0,60.0,False,,False,,,,
Kern River,040306447300,Unspecified,316H,Chevron U.S.A. Inc.,Active,1,2020-03-31,2020-03-31,1,1.0,103.0,16.38,0,122.0,False,,False,,,,
Kern River,040306447300,Unspecified,316H,Chevron U.S.A. Inc.,Active,2,2020-07-31,2020-07-31,1,1.0,393.0,62.49,0,153.0,False,,False,,,,
Kern River,040306447300,Unspecified,316H,Chevron U.S.A. Inc.,Active,3,2020-12-31,2020-12-31,1,2.0,1089.0,173.15,0,,True,,False,,,,
Kern River,040306447500,Unspecified,4116H,Chevron U.S.A. Inc.,Active,0,2019-01-31,2019-02-28,2,2.0,284.0,45.16,0,275.0,False,,False,,,,
Kern River,040306447500,Unspecified,4116H,Chevron U.S.A. Inc.,Active,1,2019-11-30,2019-11-30,1,1.0,98.0,15.58,0,62.0,False,,False,,,,
Kern River,040306447500,Unspecified,4116H,Chevron U.S.A. Inc.,Active,2,2020-01-31,2020-01-31,1,1.0,106.0,16.85,0,,True,,False,,,,
Kern River,040306447600,Green & Whittier,402H,Chevron U.S.A. Inc.,Idle,0,2019-01-31,2019-02-28,2,4.0,578.0,91.9,0,,True,,False,,,,
Kern River,040306447700,Green & Whittier,393H,Chevron U.S.A. Inc.,Active,0,2019-01-31,2019-02-28,2,4.0,312.0,49.61,0,366.0,False,,False,,,,
Kern River,040306447700,Green & Whittier,393H,Chevron U.S.A. Inc.,Active,1,2020-02-29,2020-02-29,1,2.0,113.0,17.97,0,,True,,False,,,,
Kern River,040306447800,Green & Whittier,408H,Chevron U.S.A. Inc.,Active,0,2019-01-31,2019-02-28,2,4.0,120.0,19.08,0,245.0,False,,False,,,,
Kern River,040306447800,Green & Whittier,408H,Chevron U.S.A. Inc.,Active,1,2019-10-31,2019-10-31,1,1.0,127.0,20.19,0,61.0,False,,False,,,,
Kern River,040306447800,Green & Whittier,408H,Chevron U.S.A. Inc.,Active,2,2019-12-31,2019-12-31,1,2.0,123.0,19.56,0,60.0,False,,False,,,,
Kern River,040306447800,Green & Whittier,408H,Chevron U.S.A. Inc.,Active,3,2020-02-29,2020-02-29,1,2.0,115.0,18.29,0,306.0,False,,False,,,,
Kern River,040306447800,Green & Whittier,408H,Chevron U.S.A. Inc.,Active,4,2020-12-31,2020-12-31,1,3.0,1538.0,244.54,0,,True,,False,,,,
Kern River,040306449100,Green & Whittier,407H,Chevron U.S.A. Inc.,Active,0,2019-01-31,2019-02-28,2,2.0,82.0,13.04,0,214.0,False,,False,,,,
Kern River,040306449100,Green & Whittier,407H,Chevron U.S.A. Inc.,Active,1,2019-09-30,2019-09-30,1,2.0,182.0,28.94,0,61.0,False,,False,,,,
Kern River,040306449100,Green & Whittier,407H,Chevron U.S.A. Inc.,Active,2,2019-11-30,2019-11-30,1,1.0,155.0,24.64,0,91.0,False,,False,,,,
Kern River,040306449100,Green & Whittier,407H,Chevron U.S.A. Inc.,Active,3,2020-02-29,2020-02-29,1,2.0,115.0,18.29,0,,True,,False,,,,
Kern River,040306450800,Nukern,704R,"Kern River Holdings II, LLC",Active,0,2018-10-31,2018-10-31,1,12.0,10078.0,1602.4,0,120.0,False,,False,,,,
Kern River,040306450800,Nukern,704R,"Kern River Holdings II, LLC",Active,1,2019-02-28,2019-03-31,2,9.0,8068.0,1282.81,0,153.0,False,,False,,,,
Kern River,040306450800,Nukern,704R,"Kern River Holdings II, LLC",Active,2,2019-08-31,2019-08-31,1,7.0,5089.0,809.15,0,335.0,False,,False,,,,
Kern River,040306450800,Nukern,704R,"Kern River Holdings II, LLC",Active,3,2020-07-31,2020-07-31,1,7.0,5907.0,939.21,0,92.0,False,,False,,,,
Kern River,040306450800,Nukern,704R,"Kern River Holdings II, LLC",Active,4,2020-10-31,2020-10-31,1,6.0,2016.0,320.54,0,151.0,False,,False,,,,
Kern River,040306450800,Nukern,704R,"Kern River Holdings II, LLC",Active,5,2021-03-31,2021-03-31,1,3.0,2948.0,468.73,0,,True,,False,,,,
Kern River,040306450900,Nukern,1001H,"Kern River Holdings II, LLC",Active,0,2018-12-31,2019-01-31,2,12.0,9871.0,1569.49,0,59.0,False,,False,,,,
Kern River,040306450900,Nukern,1001H,"Kern River Holdings II, LLC",Active,1,2019-03-31,2019-03-31,1,12.0,10116.0,1608.44,0,61.0,False,,False,,,,
Kern River,040306450900,Nukern,1001H,"Kern River Holdings II, LLC",Active,2,2019-05-31,2019-05-31,1,12.0,9920.0,1577.28,0,92.0,False,,False,,,,
Kern River,040306450900,Nukern,1001H,"Kern River Holdings II, LLC",Active,3,2019-08-31,2019-11-30,4,14.0,11271.0,1792.09,0,122.0,False,,False,,,,
Kern River,040306450900,Nukern,1001H,"Kern River Holdings II, LLC",Active,4,2020-03-31,2020-04-30,2,5.0,4714.0,749.53,0,,True,,False,,,,
Kern River,040306451000,Nukern,807R,"Kern River Holdings II, LLC",Active,0,2018-10-31,2018-10-31,1,7.0,6813.0,1083.27,0,92.0,False,,False,,,,
Kern River,040306451000,Nukern,807R,"Kern River Holdings II, LLC",Active,1,2019-01-31,2019-01-31,1,6.0,6464.0,1027.78,0,89.0,False,,False,,,,
Kern River,040306451000,Nukern,807R,"Kern River Holdings II, LLC",Active,2,2019-04-30,2019-04-30,1,3.0,2631.0,418.33,0,92.0,False,,False,,,,
Kern River,040306451000,Nukern,807R,"Kern River Holdings II, LLC",Active,3,2019-07-31,2019-07-31,1,2.0,2321.0,369.04,0,244.0,False,,False,,,,
Kern River,040306451000,Nukern,807R,"Kern River Holdings II, LLC",Active,4,2020-03-31,2020-03-31,1,1.0,1119.0,177.92,0,122.0,False,,False,,,,
Kern River,040306451000,Nukern,807R,"Kern River Holdings II, LLC",Active,5,2020-07-31,2020-07-31,1,1.0,1272.0,202.25,0,243.0,False,,False,,,,
Kern River,040306451000,Nukern,807R,"Kern River Holdings II, LLC",Active,6,2021-03-31,2021-03-31,1,5.0,1916.0,304.64,0,153.0,False,,False,,,,
Kern River,040306451000,Nukern,807R,"Kern River Holdings II, LLC",Active,7,2021-08-31,2021-08-31,1,1.0,1619.0,257.42,0,,True,,False,,,,
Kern River,040306451600,San Joaquin,713R,Chevron U.S.A. Inc.,Active,0,2019-09-30,2019-09-30,1,3.0,1745.0,277.45,0,123.0,False,,False,,,,
Kern River,040306451600,San Joaquin,713R,Chevron U.S.A. Inc.,Active,1,2020-01-31,2020-01-31,1,2.0,527.0,83.79,0,,True,,False,,,,
Kern River,040306455600,Nukern,701 H,"Kern River Holdings II, LLC",Active,0,2018-11-30,2018-11-30,1,3.0,3168.0,503.71,0,90.0,False,,False,,,,
Kern River,040306455600,Nukern,701 H,"Kern River Holdings II, LLC",Active,1,2019-02-28,2019-05-31,4,34.0,28358.0,4508.92,0,61.0,False,,False,,,,
Kern River,040306455600,Nukern,701 H,"Kern River Holdings II, LLC",Active,2,2019-07-31,2019-07-31,1,3.0,2698.0,428.98,0,61.0,False,,False,,,,
Kern River,040306455600,Nukern,701 H,"Kern River Holdings II, LLC",Active,3,2019-09-30,2019-09-30,1,7.0,5363.0,852.72,0,92.0,False,,False,,,,
Kern River,040306455600,Nukern,701 H,"Kern River Holdings II, LLC",Active,4,2019-12-31,2019-12-31,1,9.0,8103.0,1288.38,0,,True,,False,,,,
Kern River,040306456600,Unspecified,4118H,Chevron U.S.A. Inc.,Active,0,2019-08-31,2019-10-31,3,4.0,530.0,84.27,0,61.0,False,,False,,,,
Kern River,040306456600,Unspecified,4118H,Chevron U.S.A. Inc.,Active,1,2019-12-31,2019-12-31,1,2.0,131.0,20.83,0,60.0,False,,False,,,,
Kern River,040306456600,Unspecified,4118H,Chevron U.S.A. Inc.,Active,2,2020-02-29,2020-02-29,1,2.0,125.0,19.88,0,,True,,False,,,,
Kern River,040306457200,Vanderlip,47H,Chevron U.S.A. Inc.,Active,0,2019-09-30,2019-09-30,1,2.0,534.0,84.91,0,61.0,False,,False,,,,
Kern River,040306457200,Vanderlip,47H,Chevron U.S.A. Inc.,Active,1,2019-11-30,2020-01-31,3,6.0,1956.0,311.0,0,,True,,False,,,,
Kern River,040306457300,Alma,46H,Chevron U.S.A. Inc.,New,0,2019-09-30,2019-09-30,1,2.0,807.0,128.31,0,61.0,False,,False,,,,
Kern River,040306457300,Alma,46H,Chevron U.S.A. Inc.,New,1,2019-11-30,2019-11-30,1,1.0,340.0,54.06,0,,True,,False,,,,
Kern River,040306457400,Clarence,68H,Chevron U.S.A. Inc.,Active,0,2020-01-31,2020-01-31,1,1.0,147.0,23.37,0,,True,,False,,,,
Kern River,040306458300,Rasmussen,423,Chevron U.S.A. Inc.,Active,0,2020-08-31,2020-08-31,1,1.0,138.0,21.94,0,61.0,False,,False,,,,
Kern River,040306458300,Rasmussen,423,Chevron U.S.A. Inc.,Active,1,2020-10-31,2020-10-31,1,3.0,1810.0,287.79,0,,True,,False,,,,
Kern River,040306459100,Calex,39H,Chevron U.S.A. Inc.,Active,0,2019-09-30,2019-09-30,1,1.0,429.0,68.21,0,458.0,False,,False,,,,
Kern River,040306459100,Calex,39H,Chevron U.S.A. Inc.,Active,1,2020-12-31,2020-12-31,1,2.0,1073.0,170.61,0,,True,,False,,,,
Kern River,040306459200,Alma Jr.,23R,Chevron U.S.A. Inc.,Active,0,2019-01-31,2019-02-28,2,2.0,86.0,13.67,0,92.0,False,,False,,,,
Kern River,040306459200,Alma Jr.,23R,Chevron U.S.A. Inc.,Active,1,2019-05-31,2019-05-31,1,1.0,9.0,1.43,0,549.0,False,,False,,,,
Kern River,040306459200,Alma Jr.,23R,Chevron U.S.A. Inc.,Active,2,2020-11-30,2020-11-30,1,4.0,2417.0,384.3,0,,True,,False,,,,
Kern River,040306459300,Orient,101H,Chevron U.S.A. Inc.,Active,0,2019-03-31,2019-03-31,1,1.0,157.0,24.96,0,183.0,False,,False,,,,
Kern River,040306459300,Orient,101H,Chevron U.S.A. Inc.,Active,1,2019-09-30,2019-10-31,2,2.0,505.0,80.3,0,61.0,False,,False,,,,
Kern River,040306459300,Orient,101H,Chevron U.S.A. Inc.,Active,2,2019-12-31,2019-12-31,1,2.0,114.0,18.13,0,366.0,False,,False,,,,
Kern River,040306459300,Orient,101H,Chevron U.S.A. Inc.,Active,3,2020-12-31,2020-12-31,1,2.0,1095.0,174.1,0,,True,,False,,,,
Kern River,040306463200,Green & Whittier,394,Chevron U.S.A. Inc.,Active,0,2019-09-30,2019-09-30,1,3.0,1810.0,287.79,0,,True,,False,,,,
Kern River,040306535200,Winspear,34,Chevron U.S.A. Inc.,New,0,2019-07-31,2019-08-31,2,16.0,8413.0,1337.67,0,61.0,False,,False,,,,
Kern River,040306535200,Winspear,34,Chevron U.S.A. Inc.,New,1,2019-10-31,2019-12-31,3,17.0,9638.0,1532.44,0,60.0,False,,False,,,,
Kern River,040306535200,Winspear,34,Chevron U.S.A. Inc.,New,2,2020-02-29,2020-02-29,1,16.0,9551.0,1518.61,0,92.0,False,,False,,,,
Kern River,040306535200,Winspear,34,Chevron U.S.A. Inc.,New,3,2020-05-31,2020-05-31,1,8.0,760.0,120.84,0,92.0,False,,False,,,,
Kern River,040306535200,Winspear,34,Chevron U.S.A. Inc.,New,4,2020-08-31,2020-08-31,1,1.0,156.0,24.8,0,122.0,False,,False,,,,
Kern River,040306535200,Winspear,34,Chevron U.S.A. Inc.,New,5,2020-12-31,2020-12-31,1,8.0,7638.0,1214.44,0,273.0,False,,False,,,,
Kern River,040306535200,Winspear,34,Chevron U.S.A. Inc.,New,6,2021-09-30,2021-09-30,1,8.0,1656.0,263.3,0,,True,,False,,,,
Kern River,040306536600,Winspear,35,Chevron U.S.A. Inc.,Active,0,2020-05-31,2020-05-31,1,8.0,760.0,120.84,0,92.0,False,,False,,,,
Kern River,040306536600,Winspear,35,Chevron U.S.A. Inc.,Active,1,2020-08-31,2020-08-31,1,1.0,156.0,24.8,0,,True,,False,,,,
Kern River,040306537300,Winspear,33,Chevron U.S.A. Inc.,New,0,2020-05-31,2020-06-30,2,10.0,930.0,147.87,0,457.0,False,,False,,,,
Kern River,040306537300,Winspear,33,Chevron U.S.A. Inc.,New,1,2021-09-30,2021-09-30,1,4.0,741.0,117.82,0,,True,,False,,,,
Kern River,040306537600,Winspear,32,Chevron U.S.A. Inc.,New,0,2020-01-31,2020-02-29,2,10.0,5192.0,825.53,0,92.0,False,,False,,,,
Kern River,040306537600,Winspear,32,Chevron U.S.A. Inc.,New,1,2020-05-31,2020-07-31,3,20.0,7854.0,1248.79,0,61.0,False,,False,,,,
Kern River,040306537600,Winspear,32,Chevron U.S.A. Inc.,New,2,2020-09-30,2020-09-30,1,9.0,5461.0,868.3,0,92.0,False,,False,,,,
Kern River,040306537600,Winspear,32,Chevron U.S.A. Inc.,New,3,2020-12-31,2020-12-31,1,8.0,7445.0,1183.76,0,,True,,False,,,,
Kern River,040306549200,Unspecified,4119H,Chevron U.S.A. Inc.,Active,0,2019-05-31,2019-05-31,1,1.0,447.0,71.07,0,122.0,False,,False,,,,
Kern River,040306549200,Unspecified,4119H,Chevron U.S.A. Inc.,Active,1,2019-09-30,2019-09-30,1,2.0,105.0,16.7,0,458.0,False,,False,,,,
Kern River,040306549200,Unspecified,4119H,Chevron U.S.A. Inc.,Active,2,2020-12-31,2020-12-31,1,2.0,1070.0,170.13,0,,True,,False,,,,
Kern River,040306549300,Green & Whittier,399,Chevron U.S.A. Inc.,Active,0,2019-09-30,2019-09-30,1,4.0,2301.0,365.86,0,244.0,False,,False,,,,
Kern River,040306549300,Green & Whittier,399,Chevron U.S.A. Inc.,Active,1,2020-05-31,2020-05-31,1,2.0,738.0,117.34,0,153.0,False,,False,,,,
Kern River,040306549300,Green & Whittier,399,Chevron U.S.A. Inc.,Active,2,2020-10-31,2020-10-31,1,2.0,856.0,136.1,0,,True,,False,,,,
Kern River,040306553500,Sycamore,210H,Chevron U.S.A. Inc.,Active,0,2019-09-30,2019-09-30,1,5.0,2843.0,452.04,0,92.0,False,,False,,,,
Kern River,040306553500,Sycamore,210H,Chevron U.S.A. Inc.,Active,1,2019-12-31,2019-12-31,1,2.0,122.0,19.4,0,,True,,False,,,,
Kern River,040306553700,Queen Esther,101H,Chevron U.S.A. Inc.,New,0,2020-07-31,2020-07-31,1,2.0,406.0,64.55,0,153.0,False,,False,,,,
Kern River,040306553700,Queen Esther,101H,Chevron U.S.A. Inc.,New,1,2020-12-31,2020-12-31,1,3.0,1499.0,238.34,0,,True,,False,,,,
Kern River,040306553800,Sycamore,211H,Chevron U.S.A. Inc.,Active,0,2019-09-30,2019-10-31,2,3.0,204.0,32.44,0,61.0,False,,False,,,,
Kern River,040306553800,Sycamore,211H,Chevron U.S.A. Inc.,Active,1,2019-12-31,2020-01-31,2,2.0,276.0,43.88,0,60.0,False,,False,,,,
Kern River,040306553800,Sycamore,211H,Chevron U.S.A. Inc.,Active,2,2020-03-31,2020-03-31,1,1.0,190.0,30.21,0,122.0,False,,False,,,,
Kern River,040306553800,Sycamore,211H,Chevron U.S.A. Inc.,Active,3,2020-07-31,2020-07-31,1,1.0,589.0,93.65,0,61.0,False,,False,,,,
Kern River,040306553800,Sycamore,211H,Chevron U.S.A. Inc.,Active,4,2020-09-30,2020-09-30,1,2.0,533.0,84.75,0,92.0,False,,False,,,,
Kern River,040306553800,Sycamore,211H,Chevron U.S.A. Inc.,Active,5,2020-12-31,2020-12-31,1,3.0,1489.0,236.75,0,,True,,False,,,,
Kern River,040306554000,Sycamore,212H,Chevron U.S.A. Inc.,Active,0,2019-09-30,2019-09-30,1,1.0,123.0,19.56,0,61.0,False,,False,,,,
Kern River,040306554000,Sycamore,212H,Chevron U.S.A. Inc.,Active,1,2019-11-30,2019-11-30,1,1.0,99.0,15.74,0,62.0,False,,False,,,,
Kern River,040306554000,Sycamore,212H,Chevron U.S.A. Inc.,Active,2,2020-01-31,2020-01-31,1,1.0,149.0,23.69,0,60.0,False,,False,,,,
Kern River,040306554000,Sycamore,212H,Chevron U.S.A. Inc.,Active,3,2020-03-31,2020-03-31,1,2.0,138.0,21.94,0,122.0,False,,False,,,,
Kern River,040306554000,Sycamore,212H,Chevron U.S.A. Inc.,Active,4,2020-07-31,2020-07-31,1,2.0,763.0,121.32,0,,True,,False,,,,
Kern River,040306556700,Winspear,36,Chevron U.S.A. Inc.,New,0,2019-07-31,2019-07-31,1,9.0,4090.0,650.31,0,61.0,False,,False,,,,
Kern River,040306556700,Winspear,36,Chevron U.S.A. Inc.,New,1,2019-09-30,2019-09-30,1,2.0,150.0,23.85,0,61.0,False,,False,,,,
Kern River,040306556700,Winspear,36,Chevron U.S.A. Inc.,New,2,2019-11-30,2019-11-30,1,8.0,3916.0,622.64,0,62.0,False,,False,,,,
Kern River,040306556700,Winspear,36,Chevron U.S.A. Inc.,New,3,2020-01-31,2020-01-31,1,8.0,5354.0,851.29,0,425.0,False,,False,,,,
Kern River,040306556700,Winspear,36,Chevron U.S.A. Inc.,New,4,2021-03-31,2021-03-31,1,4.0,1540.0,244.86,0,,True,,False,,,,
Kern River,040306558400,Producers,27,Chevron U.S.A. Inc.,Active,0,2019-09-30,2019-09-30,1,5.0,2987.0,474.93,0,427.0,False,,False,,,,
Kern River,040306558400,Producers,27,Chevron U.S.A. Inc.,Active,1,2020-11-30,2020-11-30,1,5.0,3183.0,506.1,0,,True,,False,,,,
Kern River,040306558800,Producers,23,Chevron U.S.A. Inc.,New,0,2019-09-30,2019-09-30,1,4.0,2121.0,337.24,0,274.0,False,,False,,,,
Kern River,040306558800,Producers,23,Chevron U.S.A. Inc.,New,1,2020-06-30,2020-06-30,1,2.0,119.0,18.92,0,123.0,False,,False,,,,
Kern River,040306558800,Producers,23,Chevron U.S.A. Inc.,New,2,2020-10-31,2020-10-31,1,4.0,2546.0,404.81,0,,True,,False,,,,
Kern River,040306559300,Green & Whittier,401,Chevron U.S.A. Inc.,Active,0,2019-09-30,2019-09-30,1,3.0,1707.0,271.41,0,,True,,False,,,,
Kern River,040306560500,Producers,25,Chevron U.S.A. Inc.,Active,0,2019-09-30,2019-09-30,1,4.0,1893.0,300.99,0,244.0,False,,False,,,,
Kern River,040306560500,Producers,25,Chevron U.S.A. Inc.,Active,1,2020-05-31,2020-05-31,1,2.0,105.0,16.7,0,61.0,False,,False,,,,
Kern River,040306560500,Producers,25,Chevron U.S.A. Inc.,Active,2,2020-07-31,2020-07-31,1,3.0,1548.0,246.13,0,92.0,False,,False,,,,
Kern River,040306560500,Producers,25,Chevron U.S.A. Inc.,Active,3,2020-10-31,2020-10-31,1,4.0,2546.0,404.81,0,,True,,False,,,,
Kern River,040306561100,Producers,22,Chevron U.S.A. Inc.,New,0,2019-09-30,2019-09-30,1,4.0,2122.0,337.4,0,,True,,False,,,,
Kern River,040306561400,Producers,28,Chevron U.S.A. Inc.,New,0,2019-09-30,2019-09-30,1,3.0,1784.0,283.66,0,244.0,False,,False,,,,
Kern River,040306561400,Producers,28,Chevron U.S.A. Inc.,New,1,2020-05-31,2020-05-31,1,2.0,105.0,16.7,0,61.0,False,,False,,,,
Kern River,040306561400,Producers,28,Chevron U.S.A. Inc.,New,2,2020-07-31,2020-07-31,1,3.0,1548.0,246.13,0,61.0,False,,False,,,,
Kern River,040306561400,Producers,28,Chevron U.S.A. Inc.,New,3,2020-09-30,2020-09-30,1,2.0,688.0,109.39,0,61.0,False,,False,,,,
Kern River,040306561400,Producers,28,Chevron U.S.A. Inc.,New,4,2020-11-30,2020-11-30,1,5.0,3184.0,506.26,0,304.0,False,,False,,,,
Kern River,040306561400,Producers,28,Chevron U.S.A. Inc.,New,5,2021-09-30,2021-09-30,1,5.0,936.0,148.82,0,,True,,False,,,,
Kern River,040306561800,Unspecified,423H,Chevron U.S.A. Inc.,Active,0,2019-05-31,2019-05-31,1,2.0,795.0,126.41,0,122.0,False,,False,,,,
Kern River,040306561800,Unspecified,423H,Chevron U.S.A. Inc.,Active,1,2019-09-30,2019-09-30,1,1.0,186.0,29.57,0,,True,,False,,,,
Kern River,040306562000,Producers,29,Chevron U.S.A. Inc.,New,0,2019-09-30,2019-09-30,1,3.0,1784.0,283.66,0,,True,,False,,,,
Kern River,040306565800,Dick,106H,Chevron U.S.A. Inc.,New,0,2019-09-30,2019-10-31,2,2.0,556.0,88.4,0,152.0,False,,False,,,,
Kern River,040306565800,Dick,106H,Chevron U.S.A. Inc.,New,1,2020-03-31,2020-03-31,1,2.0,145.0,23.05,0,153.0,False,,False,,,,
Kern River,040306565800,Dick,106H,Chevron U.S.A. Inc.,New,2,2020-08-31,2020-08-31,1,3.0,1636.0,260.12,0,,True,,False,,,,
Kern River,040306573400,HH&F,100H,Chevron U.S.A. Inc.,Active,0,2019-09-30,2019-09-30,1,2.0,476.0,75.68,0,61.0,False,,False,,,,
Kern River,040306573400,HH&F,100H,Chevron U.S.A. Inc.,Active,1,2019-11-30,2019-11-30,1,2.0,127.0,20.19,0,428.0,False,,False,,,,
Kern River,040306573400,HH&F,100H,Chevron U.S.A. Inc.,Active,2,2021-01-31,2021-01-31,1,2.0,781.0,124.18,0,,True,,False,,,,
Kern River,040306573500,Cortez,17R,Chevron U.S.A. Inc.,Active,0,2020-06-30,2020-06-30,1,2.0,797.0,126.72,0,62.0,False,,False,,,,
Kern River,040306573500,Cortez,17R,Chevron U.S.A. Inc.,Active,1,2020-08-31,2020-08-31,1,1.0,85.0,13.52,0,61.0,False,,False,,,,
Kern River,040306573500,Cortez,17R,Chevron U.S.A. Inc.,Active,2,2020-10-31,2020-10-31,1,2.0,862.0,137.06,0,304.0,False,,False,,,,
Kern River,040306573500,Cortez,17R,Chevron U.S.A. Inc.,Active,3,2021-08-31,2021-08-31,1,2.0,1121.0,178.24,0,,True,,False,,,,
Kern River,040306573800,Ashe,12H,Chevron U.S.A. Inc.,New,0,2019-09-30,2019-10-31,2,2.0,553.0,87.93,0,61.0,False,,False,,,,
Kern River,040306573800,Ashe,12H,Chevron U.S.A. Inc.,New,1,2019-12-31,2019-12-31,1,2.0,119.0,18.92,0,,True,,False,,,,
Kern River,040306594500,Clarence,68,Chevron U.S.A. Inc.,New,0,2019-11-30,2019-11-30,1,1.0,151.0,24.01,0,336.0,False,,False,,,,
Kern River,040306594500,Clarence,68,Chevron U.S.A. Inc.,New,1,2020-10-31,2020-10-31,1,2.0,860.0,136.74,0,,True,,False,,,,
Kern River,040306594700,Queen Esther,52,Chevron U.S.A. Inc.,Active,0,2020-05-31,2020-05-31,1,2.0,98.0,15.58,0,61.0,False,,False,,,,
Kern River,040306594700,Queen Esther,52,Chevron U.S.A. Inc.,Active,1,2020-07-31,2020-07-31,1,2.0,758.0,120.52,0,92.0,False,,False,,,,
Kern River,040306594700,Queen Esther,52,Chevron U.S.A. Inc.,Active,2,2020-10-31,2020-10-31,1,2.0,853.0,135.63,0,,True,,False,,,,
Kern River,040306594900,Tejon,171,Chevron U.S.A. Inc.,Active,0,2020-05-31,2020-05-31,1,2.0,75.0,11.93,0,,True,,False,,,,
Kern River,040306640600,Kern River Drillers,196,Chevron U.S.A. Inc.,New,0,2020-05-31,2020-05-31,1,2.0,693.0,110.19,0,61.0,False,,False,,,,
Kern River,040306640600,Kern River Drillers,196,Chevron U.S.A. Inc.,New,1,2020-07-31,2020-08-31,2,3.0,912.0,145.01,0,61.0,False,,False,,,,
Kern River,040306640600,Kern River Drillers,196,Chevron U.S.A. Inc.,New,2,2020-10-31,2020-10-31,1,2.0,838.0,133.24,0,304.0,False,,False,,,,
Kern River,040306640600,Kern River Drillers,196,Chevron U.S.A. Inc.,New,3,2021-08-31,2021-08-31,1,2.0,1270.0,201.93,0,,True,,False,,,,
Kern River,040306642000,Kern River Drillers,192,Chevron U.S.A. Inc.,New,0,2020-05-31,2020-05-31,1,1.0,393.0,62.49,0,61.0,False,,False,,,,
Kern River,040306642000,Kern River Drillers,192,Chevron U.S.A. Inc.,New,1,2020-07-31,2020-07-31,1,2.0,774.0,123.07,0,92.0,False,,False,,,,
Kern River,040306642000,Kern River Drillers,192,Chevron U.S.A. Inc.,New,2,2020-10-31,2020-10-31,1,2.0,861.0,136.9,0,304.0,False,,False,,,,
Kern River,040306642000,Kern River Drillers,192,Chevron U.S.A. Inc.,New,3,2021-08-31,2021-08-31,1,4.0,3321.0,528.04,0,,True,,False,,,,
Kern River,040306644000,Kern River Drillers,194,Chevron U.S.A. Inc.,Active,0,2020-05-31,2020-05-31,1,2.0,814.0,129.43,0,61.0,False,,False,,,,
Kern River,040306644000,Kern River Drillers,194,Chevron U.S.A. Inc.,Active,1,2020-07-31,2020-07-31,1,1.0,441.0,70.12,0,61.0,False,,False,,,,
Kern River,040306644000,Kern River Drillers,194,Chevron U.S.A. Inc.,Active,2,2020-09-30,2020-10-31,2,4.0,1726.0,274.43,0,304.0,False,,False,,,,
Kern River,040306644000,Kern River Drillers,194,Chevron U.S.A. Inc.,Active,3,2021-08-31,2021-08-31,1,5.0,4221.0,671.14,0,,True,,False,,,,
Kern River,040306646800,Ferne,1608,"Kern River Holdings II, LLC",Active,0,2019-08-31,2019-09-30,2,13.0,9047.0,1438.47,0,61.0,False,,False,,,,
Kern River,040306646800,Ferne,1608,"Kern River Holdings II, LLC",Active,1,2019-11-30,2019-11-30,1,7.0,6357.0,1010.76,0,91.0,False,,False,,,,
Kern River,040306646800,Ferne,1608,"Kern River Holdings II, LLC",Active,2,2020-02-29,2020-02-29,1,3.0,1982.0,315.14,0,61.0,False,,False,,,,
Kern River,040306646800,Ferne,1608,"Kern River Holdings II, LLC",Active,3,2020-04-30,2020-04-30,1,1.0,1088.0,172.99,0,61.0,False,,False,,,,
Kern River,040306646800,Ferne,1608,"Kern River Holdings II, LLC",Active,4,2020-06-30,2020-07-31,2,6.0,6343.0,1008.54,0,92.0,False,,False,,,,
Kern River,040306646800,Ferne,1608,"Kern River Holdings II, LLC",Active,5,2020-10-31,2020-10-31,1,4.0,4573.0,727.11,0,120.0,False,,False,,,,
Kern River,040306646800,Ferne,1608,"Kern River Holdings II, LLC",Active,6,2021-02-28,2021-02-28,1,7.0,6109.0,971.33,0,61.0,False,,False,,,,
Kern River,040306646800,Ferne,1608,"Kern River Holdings II, LLC",Active,7,2021-04-30,2021-05-31,2,9.0,6069.0,964.97,0,92.0,False,,False,,,,
Kern River,040306646800,Ferne,1608,"Kern River Holdings II, LLC",Active,8,2021-08-31,2021-08-31,1,6.0,6025.0,957.98,0,,True,,False,,,,
Kern River,040306647000,Ferne,1606,"Kern River Holdings II, LLC",Active,0,2019-07-31,2019-07-31,1,11.0,8343.0,1326.54,0,61.0,False,,False,,,,
Kern River,040306647000,Ferne,1606,"Kern River Holdings II, LLC",Active,1,2019-09-30,2019-10-31,2,14.0,8263.0,1313.82,0,61.0,False,,False,,,,
Kern River,040306647000,Ferne,1606,"Kern River Holdings II, LLC",Active,2,2019-12-31,2019-12-31,1,14.0,8019.0,1275.02,0,182.0,False,,False,,,,
Kern River,040306647000,Ferne,1606,"Kern River Holdings II, LLC",Active,3,2020-06-30,2020-06-30,1,1.0,947.0,150.57,0,92.0,False,,False,,,,
Kern River,040306647000,Ferne,1606,"Kern River Holdings II, LLC",Active,4,2020-09-30,2020-09-30,1,5.0,4120.0,655.08,0,,True,,False,,,,
Kern River,040306648300,Kern River Drillers,197,Chevron U.S.A. Inc.,Active,0,2020-05-31,2020-05-31,1,2.0,717.0,114.0,0,61.0,False,,False,,,,
Kern River,040306648300,Kern River Drillers,197,Chevron U.S.A. Inc.,Active,1,2020-07-31,2020-08-31,2,3.0,961.0,152.8,0,365.0,False,,False,,,,
Kern River,040306648300,Kern River Drillers,197,Chevron U.S.A. Inc.,Active,2,2021-08-31,2021-08-31,1,4.0,3541.0,563.02,0,,True,,False,,,,
Kern River,040306648500,Kern River Drillers,199,Chevron U.S.A. Inc.,New,0,2020-05-31,2020-05-31,1,2.0,493.0,78.39,0,122.0,False,,False,,,,
Kern River,040306648500,Kern River Drillers,199,Chevron U.S.A. Inc.,New,1,2020-09-30,2020-09-30,1,2.0,1041.0,165.52,0,,True,,False,,,,
Kern River,040306648700,Kern River Drillers,193,Chevron U.S.A. Inc.,New,0,2020-05-31,2020-05-31,1,2.0,717.0,114.0,0,61.0,False,,False,,,,
Kern River,040306648700,Kern River Drillers,193,Chevron U.S.A. Inc.,New,1,2020-07-31,2020-08-31,2,3.0,961.0,152.8,0,61.0,False,,False,,,,
Kern River,040306648700,Kern River Drillers,193,Chevron U.S.A. Inc.,New,2,2020-10-31,2020-10-31,1,2.0,852.0,135.47,0,304.0,False,,False,,,,
Kern River,040306648700,Kern River Drillers,193,Chevron U.S.A. Inc.,New,3,2021-08-31,2021-08-31,1,4.0,3542.0,563.18,0,,True,,False,,,,
Kern River,040306649200,Kern River Drillers,195,Chevron U.S.A. Inc.,Active,0,2020-05-31,2020-05-31,1,2.0,814.0,129.43,0,61.0,False,,False,,,,
Kern River,040306649200,Kern River Drillers,195,Chevron U.S.A. Inc.,Active,1,2020-07-31,2020-07-31,1,2.0,808.0,128.47,0,61.0,False,,False,,,,
Kern River,040306649200,Kern River Drillers,195,Chevron U.S.A. Inc.,Active,2,2020-09-30,2020-10-31,2,4.0,1735.0,275.87,0,304.0,False,,False,,,,
Kern River,040306649200,Kern River Drillers,195,Chevron U.S.A. Inc.,Active,3,2021-08-31,2021-08-31,1,5.0,4221.0,671.14,0,,True,,False,,,,
Kern River,040306651600,Nukern,710R,"Kern River Holdings II, LLC",Active,0,2019-08-31,2019-09-30,2,10.0,6522.0,1037.0,0,92.0,False,,False,,,,
Kern River,040306651600,Nukern,710R,"Kern River Holdings II, LLC",Active,1,2019-12-31,2019-12-31,1,1.0,790.0,125.61,0,274.0,False,,False,,,,
Kern River,040306651600,Nukern,710R,"Kern River Holdings II, LLC",Active,2,2020-09-30,2020-09-30,1,2.0,523.0,83.16,0,92.0,False,,False,,,,
Kern River,040306651600,Nukern,710R,"Kern River Holdings II, LLC",Active,3,2020-12-31,2020-12-31,1,2.0,1030.0,163.77,0,90.0,False,,False,,,,
Kern River,040306651600,Nukern,710R,"Kern River Holdings II, LLC",Active,4,2021-03-31,2021-03-31,1,2.0,2001.0,318.16,0,,True,,False,,,,
Kern River,040306651700,Orloff,916,"Kern River Holdings II, LLC",Active,0,2019-08-31,2019-09-30,2,13.0,8307.0,1320.81,0,336.0,False,,False,,,,
Kern River,040306651700,Orloff,916,"Kern River Holdings II, LLC",Active,1,2020-08-31,2020-08-31,1,1.0,454.0,72.19,0,,True,,False,,,,
Kern River,040306651800,Nukern,810R,"Kern River Holdings II, LLC",Active,0,2019-08-31,2019-08-31,1,9.0,6207.0,986.91,0,61.0,False,,False,,,,
Kern River,040306651800,Nukern,810R,"Kern River Holdings II, LLC",Active,1,2019-10-31,2019-10-31,1,9.0,6187.0,983.73,0,458.0,False,,False,,,,
Kern River,040306651800,Nukern,810R,"Kern River Holdings II, LLC",Active,2,2021-01-31,2021-02-28,2,5.0,2850.0,453.15,0,184.0,False,,False,,,,
Kern River,040306651800,Nukern,810R,"Kern River Holdings II, LLC",Active,3,2021-08-31,2021-09-30,2,7.0,6097.0,969.42,0,,True,,False,,,,
Kern River,040306651900,Nukern,410R,"Kern River Holdings II, LLC",Active,0,2019-08-31,2019-10-31,3,23.0,19820.0,3151.38,0,61.0,False,,False,,,,
Kern River,040306651900,Nukern,410R,"Kern River Holdings II, LLC",Active,1,2019-12-31,2019-12-31,1,8.0,8416.0,1338.14,0,335.0,False,,False,,,,
Kern River,040306651900,Nukern,410R,"Kern River Holdings II, LLC",Active,2,2020-11-30,2020-11-30,1,2.0,924.0,146.92,0,62.0,False,,False,,,,
Kern River,040306651900,Nukern,410R,"Kern River Holdings II, LLC",Active,3,2021-01-31,2021-01-31,1,2.0,1289.0,204.95,0,242.0,False,,False,,,,
Kern River,040306651900,Nukern,410R,"Kern River Holdings II, LLC",Active,4,2021-09-30,2021-09-30,1,2.0,1021.0,162.34,0,,True,,False,,,,
Kern River,040306652000,Orloff,820,"Kern River Holdings II, LLC",Active,0,2019-07-31,2019-09-30,3,12.0,9148.0,1454.53,0,152.0,False,,False,,,,
Kern River,040306652000,Orloff,820,"Kern River Holdings II, LLC",Active,1,2020-02-29,2020-02-29,1,3.0,3023.0,480.66,0,153.0,False,,False,,,,
Kern River,040306652000,Orloff,820,"Kern River Holdings II, LLC",Active,2,2020-07-31,2020-07-31,1,2.0,1069.0,169.97,0,61.0,False,,False,,,,
Kern River,040306652000,Orloff,820,"Kern River Holdings II, LLC",Active,3,2020-09-30,2020-09-30,1,3.0,2493.0,396.39,0,123.0,False,,False,,,,
Kern River,040306652000,Orloff,820,"Kern River Holdings II, LLC",Active,4,2021-01-31,2021-01-31,1,4.0,3648.0,580.03,0,120.0,False,,False,,,,
Kern River,040306652000,Orloff,820,"Kern River Holdings II, LLC",Active,5,2021-05-31,2021-05-31,1,3.0,3194.0,507.85,0,,True,,False,,,,
Kern River,040306652100,Nukern,407R,"Kern River Holdings II, LLC",Active,0,2019-08-31,2019-09-30,2,11.0,8455.0,1344.35,0,92.0,False,,False,,,,
Kern River,040306652100,Nukern,407R,"Kern River Holdings II, LLC",Active,1,2019-12-31,2020-02-29,2,11.0,9295.0,1477.9,0,426.0,False,,False,,,,
Kern River,040306652100,Nukern,407R,"Kern River Holdings II, LLC",Active,2,2021-04-30,2021-04-30,1,4.0,3270.0,519.93,0,184.0,False,,False,,,,
Kern River,040306652100,Nukern,407R,"Kern River Holdings II, LLC",Active,3,2021-10-31,2021-10-31,1,1.0,624.0,99.22,0,,True,,False,,,,
Kern River,040306652200,Orloff,1015,"Kern River Holdings II, LLC",Active,0,2019-08-31,2019-08-31,1,6.0,3950.0,628.05,0,61.0,False,,False,,,,
Kern River,040306652200,Orloff,1015,"Kern River Holdings II, LLC",Active,1,2019-10-31,2019-11-30,2,12.0,8906.0,1416.05,0,91.0,False,,False,,,,
Kern River,040306652200,Orloff,1015,"Kern River Holdings II, LLC",Active,2,2020-02-29,2020-02-29,1,2.0,1172.0,186.35,0,184.0,False,,False,,,,
Kern River,040306652200,Orloff,1015,"Kern River Holdings II, LLC",Active,3,2020-08-31,2020-09-30,2,3.0,2986.0,474.77,0,,True,,False,,,,
Kern River,040306652300,Nukern,405R,"Kern River Holdings II, LLC",Active,0,2019-08-31,2019-08-31,1,7.0,6220.0,988.98,0,335.0,False,,False,,,,
Kern River,040306652300,Nukern,405R,"Kern River Holdings II, LLC",Active,1,2020-07-31,2020-07-31,1,7.0,6856.0,1090.1,0,,True,,False,,,,
Kern River,040306652400,Orloff,818,"Kern River Holdings II, LLC",Active,0,2019-08-31,2019-09-30,2,12.0,8560.0,1361.04,0,61.0,False,,False,,,,
Kern River,040306652400,Orloff,818,"Kern River Holdings II, LLC",Active,1,2019-11-30,2019-11-30,1,6.0,4215.0,670.19,0,244.0,False,,False,,,,
Kern River,040306652400,Orloff,818,"Kern River Holdings II, LLC",Active,2,2020-07-31,2020-09-30,3,6.0,3757.0,597.36,0,,True,,False,,,,
Kern River,040306652600,Orloff,1013,"Kern River Holdings II, LLC",Active,0,2019-08-31,2019-08-31,1,11.0,5762.0,916.16,0,61.0,False,,False,,,,
Kern River,040306652600,Orloff,1013,"Kern River Holdings II, LLC",Active,1,2019-10-31,2019-10-31,1,8.0,6119.0,972.92,0,61.0,False,,False,,,,
Kern River,040306652600,Orloff,1013,"Kern River Holdings II, LLC",Active,2,2019-12-31,2019-12-31,1,8.0,5805.0,923.0,0,182.0,False,,False,,,,
Kern River,040306652600,Orloff,1013,"Kern River Holdings II, LLC",Active,3,2020-06-30,2020-07-31,2,7.0,5891.0,936.67,0,92.0,False,,False,,,,
Kern River,040306652600,Orloff,1013,"Kern River Holdings II, LLC",Active,4,2020-10-31,2020-11-30,2,6.0,5753.0,914.73,0,121.0,False,,False,,,,
Kern River,040306652600,Orloff,1013,"Kern River Holdings II, LLC",Active,5,2021-03-31,2021-03-31,1,9.0,5897.0,937.62,0,91.0,False,,False,,,,
Kern River,040306652600,Orloff,1013,"Kern River Holdings II, LLC",Active,6,2021-06-30,2021-06-30,1,8.0,6097.0,969.42,0,62.0,False,,False,,,,
Kern River,040306652600,Orloff,1013,"Kern River Holdings II, LLC",Active,7,2021-08-31,2021-08-31,1,5.0,5923.0,941.76,0,,True,,False,,,,
