steam_t,soak_days,cutoff_m3d,spm,oil_total_m3,SOR_t_per_m3,energy_per_m3_kWh,days_total,max_floating_index,failures_expected
2434.890121389908,11.0,1.1319610532656732,8.01232729679916,975.6910239981318,4.942334448743929,11.555920489482956,108.49638429917617,0.21799487845338333,0
1597.1960993801308,13.0,4.185152324082315,9.859163466039881,787.1747939490191,2.774627952196513,13.711129782488118,68.50212142891051,0.7956204026590707,2
2646.494799778456,11.0,5.326516867708621,5.5058029751706625,994.1243985063588,5.6928645394465285,9.088809871085209,76.93037306529274,0.1906895165870698,0
2243.4200726484096,10.0,4.222769109651164,7.550324587834664,911.0843235234735,3.582176277714887,11.524817720223583,73.76481301407394,0.2173022940910192,1
735.4433697191239,9.0,1.9145167921799162,8.260241033479467,440.86259471730625,5.42210931244359,12.256803434889513,77.16991420731057,0.8192681772867316,1
2939.05587909189,6.0,3.7823185858345374,9.884522975673857,1017.4867906581197,7.887154336987918,12.854798153054519,74.23029803802447,0.22280213453141456,0
2402.849254975882,6.0,3.8815898659081527,11.71562968634486,892.2147683381025,4.215782126285986,15.170360277795087,73.03850434970153,0.5633220125011722,3
2465.1607631923844,12.0,2.3140114571483115,10.786204384034331,1020.4616789514549,4.8883686196857905,14.51882647370737,84.27270844865046,0.4669297002338547,3
820.2840816888647,3.0,6.294149801296674,8.972147361839601,407.013109063934,4.626863463040167,12.93572139304227,47.863278335726974,0.7233516204891016,2
1625.964844738918,4.0,3.2498047609973377,8.669125398678474,727.7150612075369,2.6280342520363336,12.820707072176907,68.65485786248347,0.44429367159299515,0
1426.9950605814531,8.0,5.122911033980314,8.825493544581366,661.986232124841,2.7784613443465225,12.050404089740386,60.47718607320567,0.7529416835609006,0
2816.9124721215044,13.0,4.610111266711373,8.36142914127819,1094.9489843190593,6.941096075710103,11.531562079618341,84.16942982761844,0.3118348454855395,0
2109.6628002016614,11.0,7.141989554514721,4.4749030420713884,811.4894144197824,3.3028093327410066,8.47631571135527,63.701452415620494,0.24871768930551702,0
2556.904033177075,10.0,1.8541045230398674,9.58637115670564,970.9289748957482,5.266548015649719,12.92848145680121,92.52698228519938,0.46521410285233783,0
1608.535497068328,9.0,1.799841057774221,9.730694401036825,783.2564153557637,2.634560719495843,13.068173389101263,80.67458085297336,0.5820475419890052,0
1068.0968044619422,4.0,3.1022376838611105,8.09984289813622,549.0413168065674,3.5866165534172914,12.05850454499803,59.126215406066756,0.7844231435809145,0
1886.461967539587,7.0,4.018504776880845,10.963100843220344,834.3960365103663,2.8990874267269438,14.187602284123502,66.60456777021582,0.8669311230762535,3
659.5431402604383,4.0,3.0897957412649766,9.379494422053428,370.1646730086642,5.6728527724120195,13.414452727525267,55.09229595982988,1.0,2
2569.0779299814553,12.0,6.342309576766707,6.901317262856136,961.3716251743942,5.457477466777498,10.71078525028631,70.7286386039546,0.2978282859188156,0
2079.160997805162,12.0,2.7168609017650978,4.157554828789074,924.0513882170213,3.5018856758882615,7.974414639670648,78.40377329167154,0.16560655824733572,0
2395.2193502134346,6.0,1.593423199405713,4.473293171981441,960.7669032126872,4.330677023379403,8.410492481450397,93.64248526520763,0.0,0
1386.3149203246708,6.0,3.896598669189033,6.81438609313429,719.0186874849167,2.4450780301395283,10.495599544453636,59.78333298743785,0.7387941501796305,2
2926.745060987258,7.0,6.413655016969388,7.696842601589463,993.845335689997,7.854180937100614,10.967949327916335,67.16708171443022,0.2145755099172925,0
2732.8028033054943,14.0,6.953933605107189,5.3349689560674,982.2098384329843,6.312223478871527,9.437827666383253,69.2643799712189,0.024348821472094904,0
2445.9587426844046,9.0,6.133413938543455,5.514626451381057,919.9957210914848,4.47441623644622,9.910286769369097,66.4556020988449,0.02497744408590067,0
986.596769629919,12.0,4.905206749498208,5.84169087023469,495.0158071940865,3.9705299321861656,10.38494838560758,54.951061804344924,0.5229917993160244,3
1666.8025093175854,8.0,6.069341912244237,10.244106716610181,727.9965212868375,2.4890455218907253,13.86866404449381,57.04706565335002,0.7326712468808828,2
609.5094144680719,12.0,5.76972674712703,10.170302727614171,366.14280335714426,6.226957475927276,14.053283844511446,52.22428438573516,1.0,1
885.7237301688696,9.0,2.640566427465426,7.06351188331023,541.9634167083966,4.544150649100497,11.009142274332582,65.14133728679496,0.8161521738893099,0
2207.6223831061366,6.0,4.855312245422356,5.378915052675167,867.455198645472,3.6933891791014,9.619248840535734,63.43580497515245,0.2832659572425389,0
2361.905389769543,14.0,6.394265328469024,4.887267080507754,950.0134301921715,4.299268163204709,8.135141021573306,78.57606515379383,0.26912113499251045,1
2918.774331085525,12.0,3.2198446331259674,4.697034496377386,1101.5423974415346,7.79761954444103,8.481480173553145,81.03887370528301,0.024635606004766046,0
1314.5633953453798,13.0,5.57781202701852,7.130234007194977,710.6936812423456,2.9408794651794374,11.200275769888304,65.53017738817564,0.7220106272257775,4
1426.1492650871724,15.0,4.3703629926315894,4.364339466568955,754.4195632042222,2.9216314451782464,8.116630349336965,67.50262535713077,0.22509959935281287,0
1673.8895281895198,6.0,4.52211195661514,6.66908029701068,729.9828177737695,2.6546139874042476,10.677146855514902,59.0344528934365,0.36971047726179274,0
973.6783977107143,4.0,1.6303852644751182,11.692265940329099,482.46094259690165,4.19441847546392,15.465218784138376,77.30062969951341,0.9063137988387524,1
824.8037633386791,10.0,5.6635201571376586,8.06003692488031,484.90316605405036,4.727746026720802,11.642640470316945,52.48352283124736,0.9123775392210717,2
1689.2623155648344,7.0,7.05980924748164,10.58115725468151,724.7252138447942,2.519163319499328,14.101068291411341,54.97054229321677,0.9659022482447892,3
1067.2733726272104,8.0,1.9900190161810396,5.034127567163193,607.6812270273617,3.8170093098228586,9.003721080496806,79.19262908793586,0.5738431698393878,3
2174.534986706276,6.0,3.5627396355151455,6.144630259277639,854.9371017094041,3.4174802551147723,10.122867512449158,63.002942164719606,0.24284773644371302,2
1592.879797180827,8.0,1.340672183885845,11.57237155635207,804.075903053277,2.5540277266514235,15.113536480180322,92.9478461255118,0.5756130811227131,3
2581.695490144594,8.0,1.2074232018347377,7.068415175472189,1001.7185639689179,5.364805532279183,10.880569091827391,109.07977125412636,0.310927277294533,0
2250.662755005623,7.0,7.927609476702206,9.187249027586578,830.3619013304783,3.5927938473961993,12.772019491660453,66.2991809808259,0.39497207376795535,2
1280.9166034551026,12.0,4.454300558144693,11.809014233300715,671.7937087639704,3.161748011498473,15.310195069835673,62.08400163989866,1.0,2
2580.6495034880027,10.0,3.4886331304467246,8.406302050645884,1000.9712638192204,5.567965500251141,11.612464190354025,85.98825377566894,0.24666466187768918,1
2511.9108937420046,9.0,2.9241395363751326,6.442767593829887,947.8000414603486,4.861799392864243,10.211295244954202,81.9153227812185,0.4795112255372297,2
1468.695947575436,4.0,7.860088514614714,8.255587647616498,629.3923207771442,2.457703653051781,11.826617560577276,44.21858286582267,0.687260539364688,1
1220.8202598256103,10.0,2.7657554986517856,4.4370975946468745,644.757186935374,3.213508633396558,8.923238047978701,64.54104601863685,0.47473346739477396,0
2206.2387599374388,5.0,6.079958770164203,4.898958992741529,816.1751006483295,3.5780522665534376,9.10412545296211,62.641677574798834,0.25261957701204585,1
849.3812090232746,7.0,2.986306670641537,4.057368840418159,510.7877523281841,4.603206970722241,8.638856494541553,57.1539207740176,0.7024750047338559,2
999.7705061877708,8.0,1.4934265374984337,11.073680332520034,560.1227462809308,3.9765841864759355,15.194488950458839,84.81726869547283,0.9202902871894313,2
518.4056743775138,4.0,5.782936301625589,9.370243431196766,185.56531832013363,6.414691098592434,14.48980105860121,43.19821944189001,1.0,6
2467.3109437553458,8.0,1.011415933409054,6.386638121061985,990.7417525937203,4.885257372017732,9.987010008708163,113.4078053751732,0.3364758136410122,5
2162.1271414800804,6.0,5.730239580923986,5.769291353658437,795.6849711912524,3.33800239255048,9.5889929217706,60.19826968111977,0.34592766656195734,1
2262.913446565838,14.0,2.7526361929287617,9.464612809262238,1001.5894846535008,3.851056767554472,12.43684582110398,85.98216187987985,0.4686951745444421,3
2451.82257755492,14.0,6.222729624500508,11.35625651828226,962.6452493150491,4.649518751132942,14.179077640076857,67.09143600670956,0.3923501934439462,2
1647.2894388458499,3.0,6.388251171454546,6.393112728416885,688.719282375504,2.588615435941781,10.520920511343522,57.000960713822614,0.4560622312581088,1
1921.8529898822344,10.0,6.068750671722765,6.572472875094254,833.8841851496193,2.6838440047952488,9.976366467259105,67.32885415001539,0.4851822878712979,3
849.4924953191436,11.0,1.1713840902732726,10.833925801550183,585.4146881055341,4.67945856972056,14.111335782546652,94.72216170365344,0.744862568979008,3
786.3251838399336,7.0,5.926156337506379,11.147006527070019,417.7139563462595,5.0644750053918814,14.959383005555685,45.77453024539765,0.9821146892650345,2
2171.007404476179,9.0,7.931019298390343,11.312292534638228,845.2701275086882,3.374798290071368,14.530616503139372,64.94289854738393,0.5390708216643725,3
1677.7405153578313,13.0,2.6983775796793603,6.345233664053558,831.5320209875163,2.796881680030467,10.457445808511322,75.55391070668632,0.31084193810442295,1
1913.090266202972,7.0,2.9196700055773697,4.962500540770791,821.27292963711,2.8871128911797643,8.97143768446219,67.13581724779824,0.3672294361173802,0
2412.497143540064,3.0,6.694685847063776,7.5199805759883365,812.1717226709558,4.300405338814435,11.020948596210719,66.81472453791616,0.30774567934571184,2
2086.795800001477,7.0,2.122777635392564,6.366118921129448,887.5542869997615,3.210050603516973,10.471673590098712,78.47957214106158,0.5232746096128895,2
1883.9485016449896,6.0,5.624085728531861,11.070933334494686,808.7384097215889,2.7962064753922964,14.677074921934615,56.09143303436644,0.6408605492392794,5
1898.0179018635338,7.0,6.285184642504049,4.293079534428359,790.3269509887083,2.8527660637255434,7.946596199941142,61.38159040484365,0.3888208008123115,0
1259.8752451565306,5.0,1.2601246327355002,9.071043757090179,631.5975761340701,3.254330300553234,12.87293402815126,90.0095479957495,0.7135218673226388,0
577.0445864198485,4.0,4.8763346598565835,11.249450925984911,285.28809994531883,6.055399986665632,15.312074226460698,51.53333464641667,0.8476274163385622,4
1591.7934730809059,15.0,5.0311408097511805,11.813362934448527,772.5575099045068,2.84149669713193,14.927356110445716,66.70209856103375,0.8475682370491489,0
1036.4616820488231,4.0,3.1241002817425594,9.201044794384345,490.74741347616475,3.7278984173459557,13.65687797005341,57.46027733134312,0.7599060751735595,2
1521.3216093115902,12.0,7.13441268578262,11.59938365617904,730.6776144822949,2.52835008525765,15.024163760144221,61.628843225410044,0.716111823545283,0
2633.5076831704155,12.0,2.1392480350989946,4.605275701000538,1012.6951238724653,5.790822796471577,8.474472193115139,91.98086916498254,0.0073507519781036285,0
1084.848714663352,11.0,3.5493629665410236,6.874226767969918,655.5833856882426,3.7803216442501464,10.822433048016965,64.44304217728542,0.7328414478304485,2
645.7568542226651,14.0,6.9406808100313055,4.0697175786138695,394.8977689342502,5.893849024472852,8.937938284235297,54.91810813617522,0.7673073955311172,6
1203.4597300549913,3.0,2.3344992962419475,11.849470177526548,601.6982036455239,3.1823929322744258,15.118826916189603,66.22988892997725,0.9676368246857961,2
1233.9843944167092,6.0,6.749618954293725,11.221811830133593,586.8983463177766,3.1418520844808087,14.62192468860267,50.979785753103094,1.0,4
2154.791286817238,5.0,1.55348424157569,4.224420449985611,950.5199673436821,3.460584320832991,8.419802143637137,92.66880284249682,0.37293058866351114,0
1892.580380853196,10.0,4.424603470329931,4.145061203678128,851.3424036804664,2.7368100917849985,7.745484504070559,66.40664881041097,0.11441886329444267,1
2459.745522766034,11.0,1.527314637119924,6.935755952850929,1008.8875172527627,4.732417324178223,10.935888219793586,102.29514239760229,0.12856334632842245,1
2160.7838508184686,14.0,5.7453250954306,6.068303734327214,972.5978590919835,3.521748883689896,9.391189109880422,75.21439804361725,0.17694510922544193,0
1515.9671536001763,7.0,6.534210423389202,10.775458217940017,675.662682717536,2.556558931525376,14.21619373770251,54.309489674685494,0.8368841733699093,3
2535.0509616650866,6.0,6.94900983772762,5.2838752261748985,911.3179270440704,4.823077741640278,8.714762598961022,72.19828352467658,0.09699327463695274,0
917.4322997692598,15.0,7.868835755207922,10.325195701606859,487.32301430822497,4.40789169986044,13.79661144675246,54.66150046836461,0.8724334022635978,2
556.7801828346512,11.0,5.704110056097107,8.435677599925306,237.2051047769474,6.360658314539879,13.667714247398024,49.97036841958358,0.8716711140787761,0
725.1196519391044,12.0,6.383433396880142,7.0191341712399025,404.1252233696976,5.5168430621858295,11.620350331324572,55.27049947909275,0.8021901711381637,3
2305.8983764911254,8.0,4.540307948249305,5.16575809386703,902.7811178123216,3.792080540241776,9.43765425823151,70.59863363787174,0.09665492795189971,0
1654.6930756284685,8.0,7.389158308267883,11.981530447677368,714.0481665827366,2.4767106990534966,14.908867217204223,57.88238110680645,0.6376233122146171,4
903.1794475840045,8.0,5.506308675396238,8.943888967372294,448.339013231683,4.2555844176403905,12.626365228743856,55.38313991014831,0.8748003573226271,1
1752.6119377584089,12.0,7.184859843759404,7.515057860543954,782.8046073005432,2.4810969735076513,11.376497041034202,63.634903093103844,0.6642882038582486,2
880.780256782921,5.0,2.648164119097166,6.969020452421853,471.76254875163835,4.430577033151917,11.33459783041165,67.66223457234062,0.7357662274315888,1
2240.80093769434,15.0,4.4771644650264495,11.245825845046841,960.0732113577991,4.020099572671281,14.298024048339396,75.64967240149737,0.44884164499737655,3
1615.3906889350767,5.0,6.108732447446628,10.569534465526088,713.8965508861486,2.5127754211057853,13.89920987463567,53.41243091941756,0.4886669742259843,2
1452.5530652412062,8.0,2.4190522819387827,10.489486306945789,714.3687399624166,2.6771764014322037,13.661068297868251,70.67350455833387,0.8669155353213123,3
1253.7802228696914,7.0,2.4793785528338477,8.929587783699143,629.9048966906109,2.9135515918999086,13.169119088012009,70.15138778539963,0.635280813642445,3
2075.706482797221,11.0,7.846299182839462,11.103652661566414,864.4097964557944,2.902970749338951,14.313544138750085,65.86183706530349,0.498552860976506,0
1404.531526383476,11.0,4.042272525160442,6.394226976976563,731.5464654620337,2.7721715158777425,10.310978837479054,65.50787915177925,0.39361026597937,1
719.1247982902526,14.0,2.2727081704664016,9.629649081306315,489.16034732719515,5.43866784849549,13.509505323858228,70.04295916041724,0.7799691345616715,3
795.0147553012882,13.0,3.320247173870542,7.23558193913514,541.0748708406699,5.0077057597237955,11.582979105462849,67.34703568841209,0.7116793266883041,2
2904.7441613737865,6.0,3.781633037861479,8.799990468477537,1017.0444827457134,7.341914266416994,12.02754791742526,81.72457494829357,0.18806204584743436,0
2771.4517267690176,5.0,5.361596802291548,11.985224004901543,942.9388595352804,6.527643026039946,15.561385513354853,68.99288925407569,0.2888554612741352,3
2249.267834526874,14.0,7.461102613334267,11.876198245402547,868.8773976705409,3.858684694612918,14.765326350843836,74.96620002547807,0.6683588235189833,3
1164.674903648799,9.0,7.906130531454637,8.100952131739586,555.7762800084581,3.4462864710146324,12.360287050615192,55.834564507548535,0.6668894371415263,3
2922.94094336931,4.0,5.561891312377788,8.590907617318596,994.8854465634427,7.4510213878576455,11.619283318683733,75.6731682767936,0.4025462320354406,0
2446.877259914487,13.0,5.899456525584073,11.178574153098408,985.4739102187041,4.553891948704005,14.435246125170838,74.05713323824317,0.32256804834056474,0
2292.225472897489,11.0,3.2528041878761234,11.885085700110839,942.8200053305394,3.8847591967696626,15.608467431693109,77.77768703549161,0.5825453637590458,2
1623.4037553594717,3.0,7.000110168141243,10.228862421008639,693.6363551771562,2.4547468189915733,13.991824053800867,55.332534926320456,0.6957055340650202,6
1180.6039046128976,13.0,2.5245883465422043,4.521475663669046,671.3653940960542,3.2779542754254645,8.79150152596072,72.27153492310185,0.5089398750787719,0
740.9774053837482,10.0,1.744664545176773,6.581117874750912,454.71212655699634,5.5437623015650574,10.488158986049553,78.02169153604656,0.7425070794818648,1
2756.505991359604,10.0,7.812791930683556,11.172498719362462,926.1987924450548,6.438776567208824,14.266681203078807,74.2369222846398,0.44545134121870317,4
1639.4407245840277,14.0,7.048970737743725,10.146820046803844,742.2102913931546,2.5841101177031764,14.07438760714887,66.36481959992301,0.6777253625850737,1
1005.9084119880758,9.0,3.1255159417669334,9.937864568195417,539.2641669263363,4.159892885793637,13.827531450011687,63.163041722725694,0.9758606116759796,2
1264.8915603766313,8.0,5.726195014667344,9.343385843745128,667.1649792173074,3.0208756675312443,13.275673887150614,56.72832455942625,0.5712029457084628,3
1948.04892235474,11.0,4.269128501892396,7.322110797059068,860.9037671459262,2.9692286660969005,11.076665866299502,71.80791028757363,0.35196295882275785,1
941.9319573480793,5.0,3.261897443018296,7.225930562757614,508.08036662368454,4.0914004135941555,11.20609508726898,59.98686125871283,0.8903916580991866,3
2641.5357102309385,4.0,3.007419475322064,10.471459900726408,1003.9198862378779,5.55137497485596,14.052750567506145,77.61620911133896,0.4555433375626729,0
2396.298824588025,13.0,1.9521921165463454,6.350242334120567,966.9976742544154,4.445469034583799,10.206675471281143,93.71598256184477,0.32680980021172584,0
2298.657389877342,5.0,4.845226575930875,9.478654981607788,868.283490398963,4.138500813611409,12.94048051758687,62.8962618044702,0.5434063452675466,1
1580.2325994377593,9.0,4.126176830822555,9.809668187391653,792.7032509958551,2.702753177449637,12.909101698441091,62.34817342547392,0.4672786094757339,0
2068.272101756108,6.0,4.58530494209961,10.756447914892231,829.4448904169228,3.145229995734248,14.44922585564871,66.15150151846392,0.6585055058613619,5
1960.2449222818389,5.0,2.5075001723558312,6.559084725656126,892.3945629207778,2.790616305772427,10.48341637100424,76.02504119055111,0.48921743869469586,2
2124.61650388705,10.0,7.570274695412734,9.935114134705618,852.6035725401193,3.353076497693971,13.228875319179501,66.27770988484242,0.4595154540678557,2
711.1108028497227,13.0,5.470138374313791,4.851919180629495,457.12981776943553,5.2888140143345055,9.595528041692567,54.05410179560944,0.9844670442863934,3
1539.5185054265241,8.0,7.297204601683358,5.104493831615238,709.2624692658138,2.352096802045818,9.231154314150565,56.164009615553965,0.47462950511443336,2
604.0354346547311,4.0,1.764898162229288,7.338688321387212,330.1625607827446,6.04092059065266,11.89536354596008,65.51381416470745,0.5951570909468898,2
1734.9770481112973,6.0,5.3599567609932235,4.441806210841978,728.9556810406208,2.7868477224638486,8.811524467228827,55.36960459577557,0.38813595148864083,0
1324.6530308319634,5.0,6.946232730509128,11.581586571722706,590.8224085573644,3.0330824070816873,15.30106229215337,52.1287438681059,0.7529039611812856,2
861.3104721651173,14.0,3.3164454587012666,11.215166484074885,520.7270396922764,4.646857953061409,14.949908947751887,69.77923271597591,1.0,4
758.5074193063791,7.0,2.3660021839519048,4.391469564206745,449.2678816949716,5.096344920879355,8.786084496860244,65.2437189156581,0.7515194094560946,4
1969.1114304442801,7.0,2.8551491406393374,10.706493775138231,843.984421333358,2.7483648170422694,14.704886041277014,78.43018463994945,0.5285830985221499,4
926.4824213422153,3.0,2.910536087248593,8.070993392720203,535.2989484960814,4.242176201650788,11.79099981079836,57.387271300098476,0.9334778701803118,0
2812.8002959419928,8.0,4.130392754464746,9.615703106988398,1023.5244843154817,6.942264237981548,13.26873082709953,75.74811818351297,0.4735126271631417,0
1952.6528492509874,14.0,3.281745219455321,11.095449354385497,948.8855587678597,3.099410384831141,14.382293815900258,73.83646276802651,0.5209940971130329,0
1367.1745113370926,8.0,2.8989185089559393,8.615795896621588,637.588504798383,2.998286168850061,12.51799427800001,66.32738696487756,0.6651633900936458,2
1977.288728703542,11.0,5.539586088835965,4.930616802277036,807.3193663541725,2.917899105411583,9.30304898813282,63.034206724686044,0.3590798162924245,1
557.0096775742437,5.0,1.3712266017031913,4.02062888389269,287.45652356226464,6.523395650652404,8.916607243431976,74.6905289165192,0.6626246323841404,1
2896.398033103613,4.0,3.3825464469781097,7.975372258011572,1040.7285002567316,7.44567272460765,11.742732092279013,72.1833021092699,0.1377875921856816,0
1705.7585923572506,12.0,5.828263761583324,11.593857056994882,771.8692398565861,2.679546057145101,15.03236102618305,64.60807225453769,0.7486330997027901,2
2456.838068125716,3.0,2.2309482449670415,8.580974972905567,891.0910294981866,4.600364241434721,11.979374948720713,77.25265535028699,0.3004046863920945,0
706.8249998060965,8.0,2.546495035490387,6.983513104705834,419.5398724875059,5.5453932300217845,11.616016963588486,62.13042890421899,0.5934627834641688,1
1716.6458270954008,7.0,2.4046663778904223,4.247376136647307,758.8381568909834,2.692493499759068,8.563116483558412,75.34755620360865,0.381441819626666,1
1726.7674858863022,3.0,1.0064827471198345,11.319835338225602,745.5164471363611,2.6419203427155846,14.594027637075765,100.23482023337048,0.5324959727572942,2
2844.566137437457,9.0,4.316374262821009,6.6172532868643374,1069.7980437516117,7.267215959773679,10.660508438933796,76.5893250508369,0.03944602073971486,0
1929.3201309401884,15.0,1.2727115259128623,9.63821921052077,913.6334127329922,2.8480339194143527,12.86278375378625,108.98086804227313,0.3911485064803929,0
1683.7235026423846,3.0,2.9105786824243007,9.55389761689172,744.9652364669737,2.4335319721582658,13.126765382854012,68.2553708109572,0.5078674328735802,2
1167.4391577297338,13.0,7.963623972143801,6.031065290949983,588.2489213785948,3.2688520127856058,9.979175858739428,58.7583510252761,0.6624317125759988,0
1328.9224933563805,10.0,7.428773479732099,4.510220051685803,621.5192611294706,2.6838356379591857,8.928175881100403,56.20938152008086,0.4359022988967604,3
1801.6810061788444,12.0,2.505530657094339,7.0800030293747485,827.8192128675848,2.7296331469739705,10.711295009454133,77.09261626354073,0.4458161855595928,1
1597.2786507626167,4.0,3.170017023397529,6.537048110697599,713.9374186093688,2.528838384018081,10.671161431741085,63.65305340005412,0.4250292543385452,5
554.0301997008261,14.0,4.24593207587986,9.602051190978607,330.0513336940778,6.683463462260604,14.032116802591258,63.63186451343983,0.8853117940247465,3
2565.7298104858946,3.0,6.9108948266147046,10.558259965278712,914.9078684015126,5.138172674076638,13.827061716509894,63.15844044125285,0.4641270571286391,0
2740.4019295994167,14.0,6.618521589751637,5.779563339133397,1029.3999832206657,6.539700279272335,10.139098158429286,75.14884233785561,0.13250630543776631,0
850.6227224965269,11.0,1.8836900559639753,8.225848558211538,507.31658165952666,4.789503166302613,11.968155609832014,78.04967944201299,0.897765314517032,2
1885.0903588476235,7.0,1.8711419384384649,4.324866779105293,863.5486192511748,2.7614415951329327,7.932880831164544,83.06605634834,0.4832767723373251,2
771.4393528386089,3.0,3.917125777258313,5.714046583467695,414.68656280899523,5.013512437981888,10.364055609450896,51.70912582062715,0.6918922165527038,3
2180.600232599529,10.0,7.090667727296404,10.094092842576664,836.934200037682,3.525728270123927,12.917796000567158,64.5276773508668,0.34592623627504826,1
1203.084459597521,4.0,7.174594993668516,10.34718656391258,547.2168197333282,3.227117510173422,14.490984638993636,48.14887272799693,0.7177187797687458,0
2148.5565867297546,10.0,1.7515609478057113,10.211235707614426,939.8773424140373,3.4769637085628915,13.646225748246044,93.72872635281541,0.481308315394463,1
2317.4865357172066,13.0,5.020081015758861,5.139103399906161,938.2509209346506,3.872418773428905,8.623422725198314,67.27581463256448,0.14402372937766084,1
2421.6187297941424,6.0,2.08972637987579,8.408277819747338,958.7130809736514,4.3264374230543,11.700136662076869,85.3638854037366,0.23875578870479586,1
769.3523648897415,6.0,5.802905170019479,7.381667315547063,375.7978907502166,4.958472154806321,11.217675910793783,47.60291323474432,0.7848182790601131,2
2790.02961284402,5.0,7.415032735502345,11.931890374360723,980.971879618831,6.330936895913288,15.261325107888899,60.27632901545219,0.6613511609513503,0
1075.534977237202,5.0,4.183385047329155,9.23255895246669,501.8426873190263,3.8209431840777035,12.708291331904148,52.17397368696405,0.737523283236392,1
593.5313904404494,4.0,1.5815794228443605,11.481616731165833,337.80352013966217,6.255787558633646,15.668202050654203,72.76393627803098,1.0,0
1887.1311734787084,6.0,5.0547793712618185,5.162802440067501,792.7431747871206,2.642016396715722,9.05965198480402,62.04570369589542,0.22688268854486163,2
1427.305709656097,11.0,3.8596166909509826,7.6069861848018325,735.3098389402392,2.6747505782360936,11.247666693265156,68.03865563498438,0.7157966508038831,1
2574.474357831033,6.0,6.676291266337722,10.172860800846948,890.9815336561085,5.347974636045724,13.757321597619192,68.15582380351337,0.4630041243057356,1
2520.628680160755,13.0,3.382411247484714,6.942861824243221,1032.61902070501,4.985472959796403,10.822993588502412,76.30496655798814,0.3054903332533356,0
1292.8472320567885,13.0,7.124280403308124,9.060067969229173,642.2720522700254,2.8672702951470224,13.120591081935064,60.48288628996443,0.8675018027530677,2
2882.2484876743624,12.0,2.915902853443494,8.093617378989286,1042.1551774019088,7.4596056747959025,11.477942140038474,88.58493400103637,0.12752033962526793,1
1227.2945953502965,10.0,2.1026234512208015,11.935435273743938,647.5215874536343,3.272387335396518,15.350688930066873,76.46549370839703,0.8485868312451352,4
1787.6428230792862,7.0,3.1453626412300593,5.390980320523932,798.84451379703,2.7457605630455406,9.1620073721824,70.45945455096361,0.5315737306463774,2
1139.912726419007,15.0,1.2444105427592256,11.482789562641022,657.7577376570364,3.7633932370688337,14.99153348457826,93.8171640689323,0.9753448438709766,3
2840.1089251224084,5.0,2.968721768119689,7.212567630426374,1052.2259253926475,7.243684514529259,10.637970459191779,75.64116279635304,0.0,0
911.5195439550454,9.0,5.620823437174215,7.743943731018356,520.0576813219528,4.3115989706661075,11.611465790061741,57.88792899895177,0.8928977377727739,5
612.2765484808225,8.0,1.9959808498961462,8.228815069519833,411.46052704820283,6.228567089219076,12.25238012531198,68.3440491656522,0.7982141624441722,1
1587.7426500075949,12.0,1.7795548095061158,6.122932395468639,846.9992524123759,2.6584965304474992,10.070902873666325,93.2630360955713,0.5652329709321152,0
2980.9389101395927,10.0,1.9266970387804527,11.709259540886343,1079.8643217199538,8.142169991176564,14.909636982087143,92.11549946381501,0.39463785545654845,1
2729.193165637285,13.0,1.5428617198302645,11.291897641878315,1049.9818173402423,6.395083663826148,14.695557337371078,108.87202190290945,0.25389323347753273,0
2371.520048642373,14.0,7.122447882900577,11.783240801690901,857.9181978856028,4.165467079697082,15.039062665083325,69.3071537124887,0.5358703660139145,1
2726.981227196312,8.0,7.608805808475697,11.975356577676184,930.1482949157261,6.127540781076306,15.033934074069519,70.74272034128492,0.4464421489400351,2
2733.616599244658,14.0,1.325928062101504,9.358400761447776,1127.9531575789267,6.412616979935314,12.834570210045346,110.70134249041637,0.3379570580092487,0
1797.1459009661226,5.0,6.320502470804782,7.6134839664459575,713.7826084458849,2.4993379083139136,11.137375099777914,57.811409606348725,0.5375079145132517,0
1289.8226295769825,14.0,6.160062227020385,10.805871211970437,661.219139138763,3.1147289610081046,14.500974602338395,63.42501756522933,0.9488607338552456,2
2430.03108027747,5.0,7.978365972270283,4.1904390226907084,838.2383962805101,4.58851502898768,8.162946780486726,59.98058791557624,0.15554206054425299,1
2154.1531579194025,14.0,3.4350946320474773,10.675232357708026,942.9315305787832,3.3132508853758322,14.093273900670711,80.41161847386464,0.5167985032125406,2
1434.144322184275,8.0,2.9985629418329136,7.978288193688053,742.3216170690013,2.624614712181838,11.785316571279678,66.55340696084964,0.7440389393454336,6
736.1666701537881,15.0,4.171574845668791,9.385760216667343,436.564985292907,5.277171538743565,13.843891729485776,62.27887379393096,1.0,1
2366.974028372565,4.0,6.996026240044333,6.992368490740061,812.1181144022905,4.186973861645569,10.900145944287246,53.31052326244748,0.379077005571029,0
1156.1512898071617,9.0,6.100155497765292,6.948985230934527,619.7412724170073,3.3078385972994915,10.921483023934481,54.38532191951749,0.6692382728934226,1
2842.0328763344482,14.0,4.301366697772519,4.253737222487102,1077.9081470165982,7.1410815027333605,7.991741387530717,85.16000957905217,0.06144304698943265,0
1102.426437514212,3.0,2.711939903001112,7.390315443432106,559.6351716597583,3.6091275441014243,11.60675080548291,63.23268001064465,0.7292444267020683,3
806.8948310287151,6.0,6.089110188878598,7.26683356335464,455.6718692184895,4.896737769322195,11.336913202845144,51.58224162180965,0.7481984150633906,2
2577.7816803122655,4.0,6.981688076295373,5.79832881494457,854.6373870963814,5.202790470814066,9.228886644574484,63.53167998341133,0.3772771168500782,2
883.210791561235,7.0,3.799658617472436,5.97858618831814,515.6493274280477,4.3745541428514345,10.097922079687924,61.651823722897504,0.5924832697600387,3
948.1707703943478,8.0,5.68009812074689,8.673116643540094,499.1533706269306,4.158236260538203,12.664608822084022,53.910221658428284,0.9768100834293887,3
1998.4569788021088,11.0,3.801484148236187,6.5421715403160245,883.9196780100999,3.0115145419814646,10.094932482525348,69.78757881228658,0.35078212858208113,0
2686.4051020936613,6.0,4.349454066990393,10.642015272138318,905.7415827283343,5.967828502802505,13.983986721892819,74.22430837169364,0.22190364723283273,3
991.0866642864331,5.0,4.674372659684396,4.891080854856532,503.2553810056129,3.862614502717023,9.175353001419897,55.51460878166751,0.6053485293196985,5
1275.809182250237,5.0,6.430080698155946,8.621159572600348,604.3290319947216,3.0411556266163284,12.404162334235213,53.97800810862407,0.6470073493671951,1
2443.512095602944,15.0,7.842541888902518,5.280357817112819,935.3136935505951,4.6346259972703026,9.550378601193017,70.87690004283532,0.22047656473107258,4
2929.5660651524186,15.0,4.110563138467627,8.22592501536527,1117.9553115626625,8.065293019959585,11.367661210345045,84.73661734455438,0.22321879277264878,1
1751.8529655058558,5.0,3.396205043733241,8.42036709560255,797.4696659263521,2.7666698712088564,12.69005760048903,69.36528207607829,0.45379905233436435,1
859.7437563781269,5.0,3.615137045306739,9.138381492205834,444.2132723292935,4.620039358771526,13.115161114076276,56.62696872993317,1.0,4
534.8407192705039,3.0,1.9372234856262716,7.41939957818315,262.7883135693859,6.505562750115799,12.373660693581973,59.88728177516094,1.0,4
1074.140074997138,15.0,3.078571164724059,8.075797481034035,621.306830270952,3.918648903242418,11.950372898490393,68.34467044763873,0.8743125127425557,4
829.5555444663025,12.0,1.6051318928816436,5.4476209286503465,541.0393734385137,4.941738942258106,9.124369491647473,80.64986523704931,0.7305263177876424,4
2194.1466840321436,12.0,3.9952598422547303,7.704122797890637,934.3545456320993,3.9200523019274427,11.04484023867777,71.69629328599315,0.3859706677481252,2
804.5812615713278,6.0,2.171500885177342,6.984243112754324,449.68603282824273,4.949212418580291,11.018045541550245,60.3426184895293,0.8130806869090857,5
1765.8248290515826,11.0,3.424847221820861,9.329048837235277,837.7122236962485,2.788906399306515,13.171750842358259,76.8490105163361,0.5533362971856373,1
2235.6560891072163,3.0,6.555044245741244,7.4785737879718885,803.9421514664699,3.580777314650038,10.812968305310312,56.88095434607719,0.3699343489067346,1
1952.7915230522558,11.0,2.721493554123952,10.234733207841762,859.7392016669057,2.9648480229354823,13.419796029115728,75.16278796142292,0.6008889445328954,0
999.439129150144,10.0,5.283262349394483,7.407936788589537,561.683765792347,3.914781372946611,11.428742853716429,50.52588538453725,0.5915455757705782,1
2510.3113154556568,7.0,7.30826993474029,5.886169383791669,873.5335437239621,4.889494953720155,9.897319671657593,67.9122774853319,0.23019128092283708,1
2288.5178240395044,12.0,4.968504309206828,6.189509751668677,901.5372381411269,3.9981419981131165,10.147061648464671,71.68865250767497,0.272810235148693,3
2347.460009788854,11.0,2.3565482894068888,4.362281800733093,993.3582859851278,4.389471588090063,8.033526535070889,83.88282703352824,0.12677442178912463,0
827.6443788932831,8.0,3.41336335776168,8.31935048480728,482.3305724605776,4.818721222474206,11.837324779361927,57.96041011190989,0.8524237585050461,2
809.3845091258615,5.0,5.132584450288462,10.647047071202575,384.2661752596539,4.726705856632539,14.78500537726066,51.54727536980008,1.0,2
2818.906377516269,3.0,4.546277978318974,10.152893654540561,984.9873044618192,6.841683963132814,13.973638076233652,67.94660842720793,0.2897634100478409,3
1493.9454845623516,15.0,2.0403388539383265,7.502315730707771,787.7141037849372,2.682967038956602,11.156292121824448,78.37963173740953,0.5717282992351947,2
1252.3717294523494,6.0,4.127574412833983,5.568962841156098,585.7401666794003,3.271464801767548,9.351557265799821,54.18549185961264,0.4960527847698132,2
1721.4601133788333,6.0,4.801466864371738,10.907875546379621,683.38420665095,2.4973561134195164,14.27344617214448,56.680367911290375,0.7026174635524,2
2157.160531908956,11.0,2.8713290012030073,4.454248272360547,941.2636822750279,3.6180307615842184,8.552002839261442,79.29380583377824,0.1459228137607282,1
2889.058142617425,6.0,5.2871186073789636,7.193781801619952,967.9991327243183,7.4774208031886715,10.817684185146765,74.02897484502661,0.11277954092632919,0
1216.1155672051375,7.0,1.491120696396469,10.852921139071608,625.2231130156838,3.2991324420783377,14.829558731420326,88.79676397366461,0.870266447662812,1
2812.021073280068,12.0,3.3562492349586175,7.145413499233571,1068.1439767966503,6.986156297108836,11.082844716605853,78.0926265280645,0.21646156724048207,0
562.1487284656408,10.0,6.629937829443021,4.943003766055679,283.59775917756104,6.2435112432140585,9.914453189298618,51.53215617902365,0.601201559143157,3
1887.9951058170618,11.0,2.814993606357088,6.127596002766369,837.7020350050561,2.7455792890074484,9.406036283575851,74.34917310389848,0.5807399104737893,5
2084.9377792027126,3.0,5.236237950021548,8.800235533943587,825.875433880043,3.3006754978448662,12.196867433875896,69.07836039520093,0.5604476254124596,0
764.7435093768833,8.0,3.8702079959721836,5.216287261556567,491.19613464501754,5.125342062990445,9.3445904932545,60.30114023237683,0.5720394393070726,1
850.8489926597815,9.0,3.2152209969067274,9.239482614738847,535.5956093504948,4.817230963740551,12.83838167056676,66.27541284244705,1.0,4
1547.7857982907597,11.0,7.412921815370188,7.505295449593966,730.233952714699,2.742233955755708,11.35978194071774,61.97915192420849,0.6241774014714161,1
2915.5797803579544,4.0,3.4028320265626846,6.675116006564175,1014.4846134585246,7.634028385034056,10.46532590822934,76.93383435013872,0.11661718916585193,0
1990.106383085932,5.0,2.6567313104091284,5.927403844185311,824.8902051387068,3.016270278409611,9.31735401866288,71.27745798391896,0.46394795342959677,3
2832.558054000528,12.0,7.3651092094818935,10.586639886853675,994.4643550430987,7.039467380235355,14.171581900345462,71.67413682075612,0.30940617250194824,0
2510.902289032427,11.0,6.221610491550704,7.1733915797072125,953.8699160730469,4.811174832927523,10.880233925631515,68.35251289200887,0.2969090060253118,1
1668.4540038882287,13.0,5.772597995887382,9.90783412484982,742.2610476980723,2.6006542238452894,13.563237102685077,66.93120056651274,0.7194717316385555,2
2461.9086231304686,6.0,1.3467445944681307,7.522841541099075,946.8461619616648,4.829524412398226,11.416460397972944,104.85217198287992,0.25982975439459577,0
544.5919599424693,15.0,1.9184347250104308,4.734937495094235,316.72870650003597,6.6177296397246455,9.29426330108213,75.65099334478637,0.5482778014324565,1
772.8599919143373,6.0,5.46837974666764,7.524047801338083,410.18650605691494,4.9489661242658,12.124480888010385,47.53372491466348,0.8305515696914505,1
2573.5715372068407,11.0,2.4660298556838214,8.061502237886112,1013.7426442675362,5.39976511156675,11.607391409270978,81.61581083106506,0.22402885920622367,1
2492.042720812904,5.0,2.5794658994125137,7.662737547947015,929.371799229386,5.1199145625316325,11.780626215439634,78.91513148298331,0.34967733064677825,0
1081.6018549160842,14.0,6.453969607405274,10.52993369398618,610.7985487550006,3.4301396835967854,13.863640997395336,62.80042504363886,0.9473438497063581,3
1826.9239764976337,7.0,3.0014746418585982,11.286810792344234,781.548289992116,2.775319655698666,15.101408282470606,74.09739561741233,0.6113273532223952,2
2015.0395517500274,13.0,1.501111115063412,10.294229401688272,905.8606265099423,3.1459783751717927,13.435180286236877,102.25610393503077,0.70791494143202,5
2669.347384440028,7.0,1.2550236311690277,8.662255217687678,1036.0603695623145,5.9154917905717594,12.946741970555841,107.74755841985375,0.33212809283930733,0
2007.7678933468142,13.0,4.102245910717015,8.331599684439126,905.6264725207351,3.0481807074511535,11.654572788760332,72.97437923765787,0.4618738730615007,1
1531.4289231842008,8.0,5.319900043792522,9.156928240989272,683.3939530840529,2.6854772687694615,13.14352536241551,63.43945341390689,0.687790100135967,3
1435.4601085179568,3.0,7.082196633742621,6.302642371514996,615.1033780251395,2.6667645003889953,10.213957060036975,47.496365071837,0.7408045825827624,1
1564.7052159337748,5.0,1.7756307652284748,10.49477476918948,722.2321347964726,2.6673337723398087,14.21364255972558,78.11532635587581,0.6575853840125887,3
2129.827563949935,11.0,2.376709784018074,10.854785420829288,915.0960770430097,3.5615780360578664,14.194261930757955,87.67580368277319,0.5897046669684436,4
2668.7265793808124,5.0,4.708604276352298,6.137737305454644,952.2194649301887,6.006974130439678,9.61666569034371,66.20607877642315,0.036434032865915025,0
1634.7422051907495,6.0,3.5487585356938256,11.22254566512062,756.1246038268309,2.6822473179310706,13.790255388602322,64.15136873397456,0.7828220965363725,1
1119.5989073783953,10.0,4.377762158718463,10.78986179193334,611.3239306238585,3.4533650620741945,15.117468189970046,61.79561354628288,0.7731644450491434,1
1091.6559074939528,6.0,7.468872542889508,7.395894139860082,521.6275750174761,3.522860811655345,11.44504261977039,50.197995737892306,0.6606259322285453,3
2365.035700608616,4.0,4.81424157705281,11.272001616741964,851.1729817206847,4.211560201848578,13.731682160262624,68.56163179844435,0.44122533752916754,2
2541.421908559776,11.0,3.9058442742845316,4.963511950492065,993.3970017013822,5.092774560727011,8.960602092457012,81.35284913627524,0.1268906388784828,0
763.1951996353124,11.0,7.926079346898214,4.223892473671203,415.9046975338424,4.855437764946074,8.970138016495829,52.64089188479493,0.4831543408201863,2
666.3971423879455,12.0,1.4565096892967542,6.782934604752435,464.56674731243123,5.589490295564469,10.75113419535904,89.02853025375602,0.5978908716715668,5
1986.0841593911296,15.0,7.524794138598203,8.52348559061876,824.0358015668327,2.9690870336751667,11.944046472799519,65.04845526227673,0.5143572410063219,1
865.4331104817456,4.0,4.511632894458382,6.8115409162629295,472.3086339981016,4.5301604321609945,10.971338119421057,50.48066777119308,0.5210669136693533,5
2561.6604761408535,8.0,4.526294364369967,11.536541869370875,921.4739203000802,5.1019968157741875,15.177753114834392,79.08805500074926,0.568041592048485,1
1275.836684810186,6.0,7.453750339422465,6.0376818324411605,567.7925021969179,3.0399055663117527,10.168384393972106,57.63679718829177,0.7633229857093851,5
859.6798324278566,14.0,4.551267857151487,6.2497071487414315,519.217089788102,4.6904672374690595,10.83409469193958,56.94912037825476,0.7716450952069742,2
2802.4261812186255,10.0,4.068849633711041,9.07862090035884,992.111887500253,7.039744354884572,12.91330489389707,77.73215726760507,0.46528349176538514,3
913.8293068381954,4.0,2.907420144820393,4.030911058733666,488.29123184378483,4.351473026358481,8.378367774168666,59.183369212627674,0.582477257119017,2
1211.8002058448387,11.0,5.611717367721946,9.820456418836795,630.5937755004567,3.0831494410552454,13.001576434386864,60.059493263940155,0.9256861290501347,3
884.0334879801466,3.0,4.9875156368583315,7.019755864745258,397.28486386373737,4.42782330860382,11.256613256634592,52.692500336208845,0.6686737407621288,1
788.7251591633874,6.0,2.5004180586344815,11.821982941146368,447.4809809436275,5.069142666291642,15.691622106807012,68.40071614857237,0.7632735315383037,3
552.8700408411,12.0,5.965890405429273,9.531340744237989,234.6828386400678,6.387129728839512,14.30060270719881,52.6981232918349,0.9487272381719786,0
638.4885229106503,9.0,5.5086080013564835,4.417719640658745,393.2354136662225,5.67078809878925,9.183477509453043,54.642886486563725,0.8910762475069357,2
936.6036773396318,12.0,3.781337189445786,4.741022469935789,561.7033650090585,4.307185214226495,9.238065859210574,64.17802774137958,0.7363532256053686,1
633.4548315679385,10.0,1.030806453324854,4.705344855393268,416.62440914271696,5.90573950444253,9.354165307089087,99.47800927255264,0.6334847481448691,3
1977.859540277428,13.0,4.1260680512333145,11.62097807913555,880.8837121496753,3.1496984881133017,14.830371154593072,67.22581026894397,0.6856347334053883,2
2201.786316998766,10.0,1.0424068199117622,9.472412329740703,963.0257446603609,3.6441646405580563,13.096493674841929,117.63238557654222,0.5774551875966517,1
1484.0761420800704,3.0,1.524989425093279,7.420848058311486,731.2388124234748,2.894300775232903,11.89642543789609,84.0008776819085,0.5542653609589978,3
1294.9777423801236,3.0,4.014269317365839,5.603861519040248,573.2134058769491,2.6730034512744094,9.294331884674238,57.065225383060536,0.8090209325843735,1
1761.3155925555752,13.0,1.5734391892972939,10.989117971486426,893.4229452399497,2.8036240124856953,14.484108697192845,90.80238578992305,0.6702328805075899,2
2687.5123555865216,3.0,2.9296580365101637,5.612447421370724,994.0760513855253,6.173219417299871,10.00318736511463,81.23274134247666,0.2643166507053668,0
2627.829067055515,7.0,5.588439579912778,9.65343373180654,941.8258982028822,5.49018928470785,12.760420304856163,69.47215593715957,0.46392041450959537,2
608.6876550319798,3.0,3.160307398265933,10.106594892362768,302.2832407531457,6.000947145081728,14.719527676391907,49.648244726336074,0.9250422150307307,3
953.7460239913103,6.0,7.983540158850573,6.357248710843266,375.1015490799004,3.953392226656107,11.128316907278323,44.14596201621954,0.691171394135411,1
1091.86217776099,10.0,7.414114237404868,8.039317897365137,516.596426465697,3.442381507383435,11.56663107451905,56.04371169468416,0.8745360290584698,3
1123.4689395805294,5.0,5.097169332098666,5.783914258547151,566.9621722029742,3.4385915012474007,10.12474578803566,55.12767792272559,0.6402668796983578,3
1928.0816293569317,9.0,7.768629970444513,7.031437259643985,806.7053986968131,2.5939445650413515,10.742742724021454,59.615155353169065,0.4936292242601466,4
1540.6560642579807,15.0,7.076121061027655,11.721075186240071,753.7447293501394,2.6376596225169187,15.061517573170805,65.27365793220869,0.6008640455676115,4
623.135299818985,3.0,3.2322896318834093,9.545104277235442,314.36220197987075,5.984194179494753,13.765525036482341,54.79686498752204,0.982483244740117,1
1434.035346148929,3.0,6.247173721897166,10.77291364952412,669.5550650768851,2.5810238844583298,14.686840667687308,52.36447225162763,0.809937975877493,1
1809.3823717940932,6.0,1.9578224880276314,8.324796571733927,836.0990522737291,2.5925295907647516,11.93709282396974,77.63609253272284,0.5237109685375821,1
754.17975725929,13.0,5.7918599706511875,5.912317937210849,435.2507268894622,5.312846952085522,10.101102610333937,58.78523189373798,0.8242393573803017,8
2583.6463844713994,8.0,4.437572785462063,9.70303885333755,1014.6347359171551,5.463929479787013,12.993052854155497,74.87026276203164,0.33851775081500374,2
629.9046661627606,11.0,1.117781574769773,8.004543686324531,389.98540625148786,5.936426460573287,12.127471737354357,97.67983684878503,0.8633029526327876,3
2812.104672545155,3.0,2.919608756732595,5.4147909448564695,949.9281552037611,6.723678093339421,8.970535670947891,74.1705498357076,0.046140811473758175,0
747.7828539496887,12.0,7.68767552182974,7.299439116945682,394.4973896901826,5.03992529603279,11.441803395380731,48.28943091001509,0.7200599567949832,1
2608.937378994382,3.0,3.210820395619365,9.078721752130448,924.4887175030674,5.556703037854254,12.63882205071658,73.00575842476051,0.5343140216287899,1
2756.6328598190426,12.0,2.2701811871100848,9.882654853457906,1048.8965306145064,6.6637994288422755,13.397056947945272,93.7846504783048,0.40285628255989225,0
2948.9267014664815,4.0,2.312720126005458,5.945766367122814,1049.0208332928255,8.084502164217621,10.09370941353982,87.55386205373351,0.03361863647218841,0
2505.0647006839836,14.0,4.354492852493643,11.00797871479465,992.8361967141235,4.979861243797646,14.382360710642947,79.58266459194499,0.653520162351708,2
2448.693851928322,6.0,6.898544684693745,7.036408856597424,879.9066380525429,4.413393532105096,10.645020735867282,62.833062591520324,0.22598198466479186,0
2106.208189988869,5.0,6.306012355933426,6.169093743141987,809.2756754571674,3.2620841282930813,9.743141520406647,58.16418891599229,0.32561275790499433,0
2447.4908864453228,7.0,4.0579640527644205,5.560960443629798,872.669333148007,4.552020741485638,9.551574227200446,71.21004802613052,0.30049633256424535,0
836.3805210328677,3.0,2.461088184058724,10.433370675223788,420.334393829144,4.711878422155909,14.306445666433975,60.72111285461751,0.7465978717427169,0
1840.1700898690933,5.0,1.3224543007153378,6.8333165997285,810.4804088748457,2.565062312143316,10.618224213059861,97.09377459312866,0.3963624178105798,1
1785.5571754760363,10.0,4.2384122363791175,7.867192223103477,781.7346098995994,2.6132727750236215,11.670914458875368,65.57267308703736,0.5695232512046876,2
2643.930360306394,6.0,6.703427439627342,5.782558588511005,916.1006222231093,5.771296930968315,9.79675271275693,65.20000087830685,0.2666663252703601,1
1656.9984139837898,7.0,6.107773955160196,9.488728569351451,752.7508291773221,2.4359705622993344,13.152160616273866,64.55850370161573,0.6509992224157525,2
1462.7237402508836,13.0,3.8602053733907518,10.248267260419379,743.7358984739233,2.8891659692624367,13.710110426641437,72.82411857730213,0.7044514504564136,3
2098.9081780927754,4.0,5.162918703423202,6.715401991626733,782.2563121532571,2.8702494429021606,10.314788602909735,58.96207394080369,0.3301373684599654,4
1166.1582937521152,8.0,4.053725646623524,11.560635082971217,588.947385584268,3.280390180899678,14.899913961573338,63.869037637549816,0.9699233663398423,2
849.4210273848921,5.0,5.0531127685312445,4.244884876481889,484.43822923370794,4.553809471897765,8.900573003119257,47.002434221003774,0.6171370173001047,1
1694.6931850593644,9.0,4.622536710754844,5.063544826192323,804.1323106761381,2.8118206736088456,8.927545049944506,62.624641803453336,0.38651195057022775,3
1542.2234214872126,7.0,5.766766200876113,8.710296252483927,706.4981778241971,2.4288799991749364,12.001626516561966,56.86594841537027,0.6237338317650968,2
1081.4248513221842,3.0,4.553961904731867,9.611254896387038,491.65804645320475,3.6233889773324957,13.811575397326708,51.75681442629978,0.9891047244665634,2
1418.77952528782,3.0,7.58427698717291,6.005463916072472,604.5107396206798,2.715384809498271,9.783896108603255,51.95816773570194,0.6180263768530421,2
1415.9811245656185,14.0,3.9961972710718037,8.432568775130788,747.4227096417917,2.7787827931891655,12.13505842162396,68.49350500384591,0.5829899380551509,2
1318.7389110313636,3.0,1.1114141212779765,6.547089976342502,664.012346928781,2.9179832115159354,10.642128341363557,97.01684889426035,0.39431348702784585,0
1448.6601993173224,13.0,2.6546147478628916,8.432713964972722,745.3364047583221,2.862077699506151,12.127078499281327,73.88322913298241,0.5020957060421049,1
2214.3583636398635,14.0,4.504248006746591,9.27462142211402,921.6570995619139,3.516295524087345,12.037718799578267,75.5870100255413,0.4243781240258232,1
1242.1911864282133,9.0,4.784002963220634,11.782464428552458,615.6244318623,3.069053216645869,15.37111117720008,59.20061063136495,0.8673015704713108,5
2872.144816788351,7.0,4.866693525184374,7.64557488016947,972.0567965178674,7.4917740894064595,11.690454955989578,68.88515702733321,0.11103616483755288,1
2790.8700488454447,13.0,6.001864687890575,9.185728322171045,1050.6563422994016,6.842732935395356,12.883829559339272,77.35462426692686,0.3335065669704258,3
1702.2760707501964,15.0,2.922536998322695,8.624313983359455,863.3491410157678,2.7272586555461844,11.587996370476628,77.84103474125574,0.5263022255202591,2
1320.903012511722,4.0,5.65432575329034,6.540439151100584,596.7871689043865,2.850514357778019,11.194824230134861,50.67864614975013,0.5486107760752786,1
1838.5869745750078,15.0,5.92822591183449,6.024513053581763,839.4417570189744,2.8306700168424728,9.50081343356283,67.23241514354321,0.4740876292278611,0
2621.4012219340616,15.0,3.8789652683457843,11.902965773957789,1041.6141305451013,5.820905328418801,14.773162726561313,80.48109258123003,0.6027124803160976,2
2131.4683514002554,4.0,3.8151836940242543,5.654818893612123,901.3902370811168,3.220572466374035,9.767659248789572,65.30656272013749,0.2048172459949399,0
2510.9795698676935,3.0,2.2524734995951485,10.322202136593894,960.2181579859234,5.133706931340293,13.842406359755481,85.02405336864945,0.46260698402025624,1
1831.8056901643504,12.0,3.8979116337876163,5.172699128166088,856.291000975668,2.9267950238545652,9.146660663332122,76.98167814792701,0.17791265141848672,1
2082.294073169052,4.0,6.507714041949087,10.434810154890005,792.3388982735655,3.1440496246145995,13.725341752176984,50.864652045494964,0.42275786709806873,2
1220.3890354561543,10.0,7.362811038849188,5.485827543916384,582.8183874342255,3.018570343673157,10.022821952697674,56.81747504931673,0.5099152075961008,2
2337.232905775727,3.0,5.155292339225758,11.737253152129336,893.7715600614895,3.8792393747097935,14.999271733301883,65.8757084014115,0.6518739589445193,2
1006.0114828142958,11.0,3.0955924034800915,9.487901252596139,603.7774987724042,3.9600476451585402,12.731861729925559,64.79428119870643,0.7399546825611816,2
2236.9953220462457,6.0,5.77602803061812,4.720945949406631,831.8119959395395,3.6266141967321484,9.099419232484115,66.54198469790899,0.1118078386867921,0
2651.7976708147353,4.0,6.181023460872027,9.545416955672087,926.6058297266314,5.473865706706205,13.088343774837272,70.18761005454101,0.36509807872427036,0
830.2570932538598,3.0,3.3254894514646365,8.828966102252416,463.1658965432104,4.754929478595447,13.144192947384052,50.229501832079364,0.8224768889413888,3
2035.9493513547995,5.0,6.785835030426827,6.700369973551668,732.2581155241143,3.1025825065448216,10.74835303178985,59.60272710213397,0.3278956163602314,3
737.7393705748366,10.0,1.5158708249683805,6.085887982053717,452.74065446439255,5.436803031228079,11.078294029478526,87.82884427661867,0.9387726129066076,2
2314.2890706785674,3.0,1.0752760232001788,9.750086253985216,924.6404817374572,3.9437112851210703,13.114687117649586,103.22922085834693,0.43302639912777363,0
711.2330470588006,13.0,1.860795408424368,9.930890983598927,430.5859918544512,5.463954584249623,13.87159644634693,77.01090905558007,0.9207305002315822,5
2839.849556751565,10.0,2.092058434792568,6.617646791620293,1016.1616904147348,7.25359482490318,10.565469447856367,90.73319097476804,0.07733218893413901,0
843.5198250945054,6.0,7.152503230634049,11.00981688671603,408.56808883914533,4.538341329290308,14.79672649407265,50.97954797055802,1.0,3
2897.200614772701,15.0,3.974871915548966,6.15061775110793,1094.9674051881593,7.736548778610332,10.141654966395102,87.64057000504009,0.19474660871360386,1
2502.2104402127416,11.0,2.9245218437926717,4.558915407798488,1004.0059565830458,5.0735113395032005,7.61720395805244,82.02526081368966,0.3158619055241037,0
1984.2050111658853,11.0,4.0035258119077355,8.79894275862063,901.9639666401981,3.1333386554729734,12.340690202191968,70.9254678518619,0.4224188288517674,0
2456.560261573867,5.0,3.763886248904426,4.856564582652929,922.7927048192275,4.507954858821661,8.773477182897645,65.34912966973512,0.29757235657887476,0
2487.7870974577145,12.0,3.110231675916119,6.213312514131882,983.5531125910842,4.959326429597624,9.956905462989447,85.4380459660216,0.2548260265880287,0
2865.0676570433257,10.0,1.9652970768837572,8.057491144387503,1034.2118570670284,7.371870203034949,11.375431895566873,93.12091315683388,0.2957574233565611,2
1133.458384597968,15.0,5.591408233817164,6.290876978858381,620.5479712914826,3.499230317128092,10.578217716918735,61.63835797221169,0.6254093979546924,2
1975.189738395773,9.0,1.9562308194575875,5.719970739360355,892.692349589634,3.1184369088018378,9.444722920226813,87.33792403310711,0.31224191790329336,2
737.622993911003,11.0,6.42797116870872,9.625483319245236,428.8689364824914,5.3527177336726375,13.655703184013001,53.30323386866524,1.0,2
2040.4142500603032,7.0,2.4118160929631753,8.375994731218364,873.9042393391693,3.2882132725376203,11.98496222017742,80.29318707105443,0.5824281515646653,3
928.228260231972,3.0,6.119599149933181,10.718089986002244,459.370068850473,4.1795370773950475,14.667147896204215,48.89707676185585,1.0,0
1912.3765286811047,4.0,6.639102739868269,8.64991675724382,781.7918167755859,2.6679175198820455,12.72585848223841,57.77249226269512,0.5204553392593293,2
1931.0762850846243,14.0,1.877282068421155,7.867577694190227,907.6548057096037,2.976148531331633,11.580047255127058,91.20319108046161,0.4412503644900312,1
1664.9628824530682,12.0,1.6072203780160286,6.090050812886306,861.4426119592082,2.524329229496333,10.197802213176825,87.61284322381931,0.3019195676789722,1
1806.579438782807,7.0,7.647009394575619,10.336527000730378,714.768172118742,2.7148127096290886,13.905957360579155,57.46505856167313,0.457109514266007,2
2409.80847501647,12.0,4.241327647268065,5.574968068514938,958.1722086880186,4.461520900789608,9.283130295661003,78.49673967817029,0.255347286640411,1
2498.1117912801665,3.0,5.411648464810918,5.937827287785282,876.4088297754371,4.84509774688307,9.7579852966922,61.37239242286031,0.15852029770424328,1
1730.3830389385728,3.0,1.1628230808523743,10.732708774024559,798.7579747608878,2.7122714761003213,14.075152655020794,94.75656515740607,0.7320169663523282,0
1998.9836038065307,9.0,2.9509712638943792,9.929540205833689,840.2740930384556,2.886759579319692,13.583069970160233,71.68325198338276,0.4040086952233547,3
2828.0905892252545,11.0,4.537783581915704,8.902987911836163,1021.3943488088532,6.959336721994916,12.43630624608837,77.96336181869023,0.19414603118066612,1
799.333971252807,15.0,7.203528193725828,4.311364246292587,417.8780392016329,5.110161158921349,8.599165535316533,60.530178046694544,0.6313419290546368,1
792.7589147502763,12.0,2.900075922950634,5.018060946277812,516.3418478885325,5.079409274561904,9.224346748154241,67.25818265527667,0.7816547641046776,1
719.272529776921,6.0,6.426339239011037,7.999659681500877,390.3160340426777,5.199551139362974,11.766729280475197,40.99841282576549,0.7608477455797661,1
2144.6582126013195,13.0,5.635490497810912,9.970711387863128,913.2142868218701,3.393771235070951,13.356272588782675,72.03926773206226,0.5946948146766492,2
1546.5207519759488,9.0,1.8068953746402148,7.712806913534586,788.5117734042191,2.845407022609928,11.449202735287408,81.34506585801475,0.6445104002144209,3
2435.8035403546082,13.0,3.053626209543976,4.138344195318265,1012.1404308093583,4.791468004190073,8.662246312436343,83.53495276968869,0.21713293087799215,0
2178.0785332714813,5.0,2.6650482550703383,5.474159989334574,895.8750454347347,3.311492940246042,9.777770446900652,73.84594844707655,0.36906882768480714,2
1334.0943958205953,3.0,4.0976931130129985,8.710133596961745,638.7469577895519,3.0375315902564926,12.155123932510218,53.40195924737219,0.6844478713660409,3
2745.9163684038394,3.0,5.44733970133309,9.55373647750393,953.3025426667128,6.440822169593321,13.078487627138484,66.25929973385935,0.18161939774299357,2
2406.330367676631,15.0,4.033938288559547,4.267426501695235,970.0066527182908,4.5161988216457996,8.318845251566284,77.61269552828317,0.0954189701072352,1
1176.3373522754391,4.0,2.711756030262642,4.346654027684003,595.4355846803497,3.153580798239927,8.514634535354306,63.81240260273241,0.5399380033205796,2
1410.480044430135,15.0,5.871151377597928,6.090480923650904,717.8237244759155,2.958929884651181,9.988666145340101,61.666245872706874,0.5514346946286083,3
1286.0999505106572,12.0,5.091297662980429,4.6680135630925195,656.9124392972074,3.1081867574046487,8.703936441350818,58.27150473189206,0.41184519363210575,1
894.0291215624991,4.0,4.635197351909843,8.335569857546918,421.6173010276413,4.1747825750191865,13.012553088721408,53.080969420729026,0.9868453003496543,1
869.4584313554792,14.0,4.880937182121849,4.989615855653444,494.89414459656217,4.5853069647158975,9.174052646616445,63.313824022870804,0.6781922686335896,2
2840.31865843936,4.0,2.553304524056765,9.18575467921138,1011.2329568851313,7.492488845025805,12.765017082695124,82.64231961902863,0.16548480438931462,0
1594.7600929968833,4.0,5.763017427647194,10.217802554460697,704.7679989304842,2.4988543195025965,13.004875918674722,53.41249508551262,0.6142656843859604,6
1458.2995569435247,10.0,3.712503748771378,11.764133310016852,722.7614403587238,2.6671854077943364,15.388223449453264,63.524385606502214,0.9932656038013736,5
2324.214271693445,6.0,3.544274738110137,11.587255693101714,973.7512121562178,3.917259792116291,15.194589109810545,69.12338524261162,0.587062189011021,1
1882.4826631322499,6.0,2.0481394578673937,6.1869212018822255,804.5553788620402,3.0141618979781106,9.749789081473534,81.7908915956154,0.5097562765171546,1
2840.3499670961555,5.0,5.1778613418531245,4.235276820985383,985.244579919582,7.155581039824348,8.064173675140694,67.51614891389785,0.0,0
2450.7537347734806,10.0,5.2186508738255455,6.635297728894144,970.0123838699473,4.8141941074670695,10.519584881439243,73.6568832456518,0.17939333566386786,1
1698.423910311351,3.0,3.3821045056656986,9.667840949701226,764.0390365142557,2.580822699208582,13.230428522581859,64.6353820539571,0.5413810700500468,0
1440.8986837020657,6.0,7.018950398058738,4.478409674180314,652.2257088274497,2.7698285498262645,8.783764210062436,57.67045443379635,0.4506097575375706,1
2966.578862310805,10.0,6.9182052910079985,6.8777012613714295,1037.9472241696355,7.987471076711576,10.48913486455258,76.52801738282491,0.06710101720659668,0
2294.400590009109,9.0,1.763380145377019,6.384276380375256,950.4207407619143,4.030416298641577,10.725694594683825,92.5975343826159,0.22788892941408795,0
2877.9866500096027,12.0,5.865268714669428,5.754765086551814,1068.35589352548,7.463932240682425,9.3527736084308,71.60353328704059,0.04702161141919796,0
796.1964430426034,5.0,3.756843293295156,9.649046037842522,466.512783008186,5.0609259774201005,14.349039441802564,55.76320469243425,0.8208673920874078,3
2626.3341979769566,11.0,7.9980039574402495,9.272776040194993,917.7436962630427,5.613652137739431,13.153927147739196,70.11163391277971,0.3615444541225108,1
2092.684709978019,12.0,2.575165407792567,8.283952752274747,924.7638914230533,3.25478683659251,12.137734903343045,80.10656009138302,0.5862936012901369,0
804.8041958377814,8.0,2.9636694379014257,11.28619711745278,436.1181066081586,4.924717809128345,14.762616855440477,65.37988753788997,0.8158269577468836,5
1970.6449999230517,6.0,4.0947440618900925,4.82511082184218,855.9053754004158,2.694990384970161,9.082845835597096,64.90537345305229,0.3574431020374134,3
2215.240912763622,10.0,2.881006040764642,5.197513795825047,928.8691027041751,3.407444897062557,9.289575127854988,76.39012075744749,0.3721979382747491,0
530.7567147215071,10.0,5.8439535647056,7.067597433755305,266.885743622783,6.683100058723006,11.22372327325718,53.94675768251388,0.8542338840781625,2
1635.7949046043664,4.0,4.366356785270364,9.247056414903206,711.3987260212599,2.4846857412377648,12.463243265338896,57.88410415410354,0.6301855727112302,4
2563.498777990803,10.0,2.5461518439467814,8.672634337963297,954.0645378293432,5.312581424454173,12.33191813108947,82.46148133149693,0.3945357459038694,0
1238.3975633602247,5.0,4.5446184864059385,4.592341499743456,667.8874015423543,3.1805080576447766,8.69202077996565,52.204941689033845,0.437659150159714,0
1646.3702044963777,10.0,7.221514364555269,11.66739842997174,725.4001038701559,2.701037976597968,14.89713495141003,57.31168061397432,0.7726698107715367,4
1605.7853176697329,15.0,6.54676952795037,6.440518531691132,736.3535500068748,2.698991270768211,10.663368754132765,63.01951060723382,0.36310105882489785,0
1254.8184786062288,9.0,4.491802470987747,6.871780910264751,668.7983003168154,3.331353657020011,10.517556677089738,61.76899398851543,0.4218840373917569,0
2796.1047387888857,12.0,3.019448221993634,8.989038392347389,1105.1230768346586,6.953118680704952,12.315512905738581,81.77501076330489,0.2375505640864348,2
2453.2350885787896,7.0,2.2592052529176945,11.561324139677877,953.5685145453787,4.738086602119431,14.63055972661842,77.51684616183123,0.4213158708553697,0
776.4710274902762,14.0,7.148680140308268,9.301505912826176,442.58226062235354,5.066155425095763,13.428192887464084,56.06755740953521,0.868461405775272,5
2992.5866445939328,13.0,5.971168583490874,11.638186636381633,1060.0482324318004,8.229729949413624,14.335871833467436,76.0722969481338,0.4675208378423163,1
2698.0000607693632,14.0,5.005143122032209,5.500728950563832,994.0395872671177,6.289138746608133,9.203752960862428,77.91886904495885,0.33923389895953904,0
1209.7710946600973,12.0,7.156042521675679,8.95047943178348,591.9402071247546,2.8920275670575557,12.214345849217667,61.329481439026935,0.8012345747231626,1
2592.2414491523455,11.0,1.8518320116186264,10.631031135010279,1069.1091323924134,5.480115331980626,13.848208661301967,94.537395858439,0.5064903758216318,2
766.0488296784572,9.0,5.7774250020144775,8.072195746038776,416.631523988331,5.06481184084872,12.441971849922714,56.57460112341487,0.8610954707578179,2
2997.7618261855964,15.0,2.5169861868926238,6.897389406634724,1101.9033212494055,8.467397143977646,10.79292766788875,93.61121073469981,0.04941613051645995,0
2164.2118402663423,14.0,1.844042087111909,11.878068240255018,948.3438682102415,3.546592239962219,14.893769849456616,96.20020617778007,0.39055531377315095,1
2125.3125388969925,8.0,4.259259570048532,5.127898723173284,893.6046708470246,3.5358977116704677,9.222730670852274,66.69779918655183,0.45579840250411885,1
726.1018174603319,4.0,3.711750508350476,7.287436220229253,338.5866033639388,5.4126114764836135,11.68452522108987,52.74896970616705,0.6859909646304335,0
2742.5834972415632,3.0,7.588215265276299,10.986990020485282,909.9496427287429,6.155018055367639,14.736201275513308,60.53392857894197,0.5485950498222734,1
572.4987580111735,6.0,3.267856827262715,11.203845972047368,354.8007807271238,6.250844878625316,15.171865751500565,52.64304776924929,1.0,1
1102.0701451028676,3.0,6.704315813364017,11.843056812478192,556.8799471108205,3.251356854613155,14.48512459312012,47.296161237522675,0.8210751760012837,2
857.5546879165875,5.0,6.241789003278413,11.078780738115052,442.0673319977106,4.581848216679912,15.144146503899568,44.20257339749003,1.0,3
2441.9198517305463,4.0,5.675467090409754,4.4076562030993,913.9890134219353,4.466605458246228,8.266802845105433,64.46909552602372,0.34343639209100446,2
995.5105680322447,15.0,7.442803310720417,11.438131997019905,582.7098074703406,3.7364804571549617,14.89850684270328,57.10830438568404,1.0,5
2776.595567827213,4.0,3.855472160669395,7.425337531254282,970.8679157284485,6.61792610123047,11.195583311097545,73.03199173511946,0.12253639479564452,0
2140.6725983187252,11.0,3.72769830188006,9.212953499652656,925.2982752453281,3.476277232946534,12.296538811104247,69.56287621883425,0.3723339596926397,2
590.4067762367406,7.0,2.1266319650705654,7.154206953336953,380.96355640359803,6.349538917332943,11.511151529033013,68.2228912105614,0.9040057156765118,3
513.5745853217511,5.0,2.930334528465484,10.50934461290839,171.76959338387334,6.710968102802039,15.947460111044517,60.704064791537505,0.9950789320097859,1
629.1447925359973,12.0,7.158435192426095,8.607354210582129,348.5951467699684,5.855391539433241,13.00330095198944,56.132767304002755,1.0,2
2014.8129441193191,15.0,4.320674930379576,10.764357140432034,905.7975251924623,3.3596146631777737,13.94984184449291,79.74656834259027,0.6575135791889486,4
2503.704527148538,13.0,3.3894732553349733,5.550171772166138,1002.4666619955104,5.026302684028406,9.691749946987743,80.86620384911757,0.025763495922959526,0
1096.382051568471,15.0,2.512784385575198,5.479864758039218,663.250891438403,3.816740953266208,9.235719527438727,73.78473127260632,0.6386601206665367,2
2623.5221073076823,10.0,4.394721751705305,7.523014412678296,990.3413340637101,5.58619852917742,10.98695762793981,76.3507131834805,0.21027064357607925,1
643.079850383151,11.0,6.0166575932517015,4.038012359699844,361.94822285661337,5.911731631052885,8.698541136434775,51.6884534040354,0.6732498224010108,2
2502.4096341041904,4.0,3.0068441781995277,9.542823639170065,961.3319750828072,4.720246185369169,13.093271136523086,68.75726089716838,0.49764431419486727,1
2819.488575430701,14.0,6.30401564568858,6.368429822464088,1037.2518754291928,6.942082714944485,10.019858240247153,79.17052717116641,0.32190039818559557,3
2430.270997760951,12.0,5.408514423074429,8.4583947697156,942.2526592079284,4.420984714406626,12.405645951064779,71.69312364107415,0.4961042277477667,4
2245.301959946593,6.0,6.51293793777793,4.560028483686775,822.2904973684199,3.556045218494342,8.679057592695305,58.26339359896574,0.11529334972459586,0
2594.9505466384576,7.0,2.7563674021243862,5.365154875061552,967.7147613114463,5.6297462966594205,9.264681716715586,78.19243895772931,0.1795617055130117,1
600.3782488676661,10.0,5.417197013131317,8.982873360175462,326.61130005082197,6.03946360832996,13.387324241329909,51.44464067144649,0.9096955756873993,4
1004.4552767976385,3.0,2.0761469564218933,6.445301016888345,520.4875005422522,4.002435893258356,10.789152984520488,66.97973866816348,0.5124376958677015,0
812.3091982641076,13.0,3.5465788751524574,5.71777554068507,533.549140407409,5.116197269393621,9.967927098610375,63.112338975851536,0.682951017623659,1
1761.3274754824663,6.0,6.070520663899609,5.830772006462143,747.9666729951706,2.544235284201971,9.239622941328161,62.60416493673693,0.6367610805235503,1
2362.9703208221113,3.0,5.421678699059552,5.718554917803964,889.181523231158,4.2282470624291575,9.923403987852131,58.83076483482718,0.14215265521724624,1
2075.0296114409966,7.0,2.3150250773626535,8.982807595444385,860.6637125148759,3.277360108581152,12.585186996654874,78.21150940728495,0.5213361550793445,4
2627.8277494048375,13.0,7.008398704647703,5.341529715755657,949.4082279034167,5.658391214550208,9.43414766266876,70.20254273386955,0.10156364994118919,0
888.0324811027272,6.0,1.3734568764162731,6.901650873439123,551.3732988679159,4.596736563959834,10.815164046091699,87.3342200784781,0.8385557072431447,3
2336.552729837904,10.0,5.166509819616547,9.503094924747618,918.1415596562191,4.324132158923734,12.440433134833189,68.29442075430616,0.30497755415643285,0
982.6037271722603,13.0,7.886743501621244,8.109368458781205,517.0643041773985,3.907262337400284,11.388356897938804,54.40225048054547,0.6144405059643006,3
1176.8968782945008,3.0,4.720533122899241,8.77824696620387,579.9688705127936,3.104524902347857,12.306804122024742,55.628483645843815,0.6298426888376789,1
2274.76174320326,12.0,6.604702739715945,6.007255835709988,912.768271164874,3.708756326795083,9.999945850587379,72.80637799959973,0.39729661623726265,1
2950.5119622467046,6.0,5.166266812323715,11.461718985321646,971.1595326232341,8.066603716628352,15.116793149693125,76.53679226756267,0.2715949422982018,0
2028.8590149426739,12.0,6.481618204460948,7.311033986530685,878.2031371316789,3.1803848588922397,11.125997440672673,61.61619844981563,0.38314380405784837,1
636.250787478239,5.0,5.589158947487011,6.295711492898676,297.0101649136602,5.731480690418487,10.697227374497317,48.546317938788064,0.9734716784149967,0
2040.772424818832,4.0,5.837924101762701,11.234609472467778,834.4797236546661,2.717190532610524,14.355251868437387,60.49570099068063,0.5141687853961191,0
605.8763789504177,13.0,2.594678057604688,9.242316922115096,357.9543605691339,6.124810084788901,13.843781054133705,67.02934149097999,0.964372304997368,1
2710.364278417043,13.0,6.192746395010424,8.911566905107604,1006.3049806163679,6.272951798903794,12.024669762672008,74.99210169788157,0.38226895071317085,1
2273.9457127515516,15.0,2.6653692066503156,11.093877217329345,974.5071604314934,3.982818554997884,15.025485250149677,89.10773159226208,0.6351934234850941,2
932.8196160562582,11.0,7.864481925998117,4.468322290171075,436.1296146202715,4.196619921794518,9.501459857535043,56.07320128728763,0.4487541241517952,1
729.3025145604952,9.0,2.594510336728433,10.701436096060643,463.10682865227864,5.3069517107278825,15.135440702918185,67.10951582013537,0.9030115469953895,3
958.8330722007975,5.0,2.656788025183594,9.422914914440806,478.61675901637045,4.245664564876506,13.430575603029359,62.79273427620036,0.8836254181216565,2
2950.067948885481,6.0,7.010711843387049,6.879942358241035,967.5145500075281,7.929427010410712,10.502921152159065,75.87078389370629,0.2963184123287984,1
1646.4016061462246,11.0,2.7009010337397337,6.050810740190845,825.5473240791529,2.7543900206741103,10.037160584423138,73.47695631015273,0.4378792856738394,1
2460.20237085352,7.0,3.526319554438981,4.838447199052461,927.7894163763309,4.718867516887358,9.058310280632432,68.76904666447585,0.16349998865483928,0
2091.020855269442,9.0,6.002481128253189,11.52859336197352,818.346279268381,3.2402478090899947,14.669291892101981,64.11034300367076,0.6405312514063902,3
1931.0328748965933,5.0,2.1112400613633424,5.1352968266362895,850.2622237429401,2.9194257264132766,8.761849276916992,77.90285871497784,0.39825979049458,0
862.8256366626242,8.0,2.1135022837925157,6.075508285847074,509.92319916912845,4.52808510665586,10.167208362029777,73.92670630143964,0.8110124425974243,6
2865.0611338952376,6.0,4.404508962866332,9.528857436555759,988.179968866606,7.327027691687922,12.749063925814973,71.74008103175393,0.1935912918402472,0
1253.3565812867948,4.0,2.705877279629088,9.681219503087942,658.3388082173141,3.1772478673919067,13.692953380195844,65.18121065281744,0.6848649841828535,5
1945.0430395188555,4.0,2.649605688983235,5.286149636820752,788.3209373679036,2.9976900698131637,9.080013374799824,66.66357648723229,0.3488483497410797,1
2249.439861472665,9.0,1.0646724499295888,10.513049286125021,938.4132372535765,3.9028427563677357,13.916688244211151,116.09401307692984,0.6388035288553467,0
2123.082888113272,7.0,3.5931471383856355,8.0822981534109,889.9390199979035,3.19755926448255,12.018449492702127,70.13424051067528,0.387740036642608,0
2851.4860242387963,4.0,3.2277538823288228,10.787653424920872,966.6432276664143,7.085229036592933,14.506643912565467,75.26196991718511,0.3734918159511226,0
871.0974748001449,9.0,1.218090675786693,4.698283118780356,585.8623467372767,4.5876447700167216,8.973776829254762,98.36334872387555,0.5703435455022444,0
1770.881846117355,5.0,5.348632247495645,4.342639992749517,737.0390658265396,2.5840364478578812,8.566376938412759,62.136360859440174,0.5196979949390359,6
1510.085976851915,3.0,5.386586274023478,9.095923051954799,678.1376868652123,2.53137706801753,12.471084274295887,51.120114233628364,0.6880022772725671,2
1685.4218237065454,4.0,1.4956033024156121,5.200190376878535,792.1160257708774,2.4842991109548542,9.492064860678374,85.64363285361937,0.5007262978207665,2
798.0438154943615,8.0,3.2192909403661716,8.1995923658664,463.65445745616023,4.810508756686907,12.621401531930381,67.82704124743019,0.8565235799514881,3
835.2365246819134,15.0,7.109638723967785,4.11287007427607,471.95049425613934,4.484174691571865,7.988023667201184,62.728062990101,0.6382388691062897,2
1195.1888644531434,6.0,5.075169477712049,10.239434084385602,586.3941634918947,2.825338065660225,14.426509451586973,57.54304333381279,0.674766086456451,5
1261.7615094020782,6.0,3.883823068083915,11.196241361428012,645.3602523620866,3.0400046910645004,14.486228241651139,53.525166194821836,0.7478993690754978,5
1569.758034203375,6.0,4.255713499248671,10.711062095714304,689.232479072602,2.861360313879384,14.398700855695736,64.79272459929528,0.8345855199531178,1
2027.4688675915706,7.0,2.457959961050636,11.666822505203346,833.5403675808072,3.3028195312262127,15.003289550020902,74.77962031953042,0.6522497680008499,1
2086.5727935456575,12.0,6.683170504955496,11.224766037270317,890.8300239655229,3.0720236884022083,14.533196121398218,70.81405657637771,0.6120256513975054,1
1529.5272414639255,7.0,7.398032938156773,7.552144146322922,645.2105737416125,2.5474912012999025,11.354926980459506,53.237530929703865,0.4663571790737394,0
1521.9577735717428,11.0,7.374648295750305,7.186785667549173,702.6577097671087,2.420474407517327,10.739605319691883,60.82204758920906,0.4931271890847425,2
1044.071316742405,14.0,2.5675407418460976,11.169469343772345,629.2878382977773,3.7503992554633476,14.845309983818364,70.88853049457367,1.0,1
1970.7656210225207,15.0,3.1751818744351983,11.415510362857816,899.7357511950137,2.9152976996671813,14.632720901952148,77.51437062305578,0.8403780548241435,1
1292.6022782930947,10.0,2.124359423666758,11.782687586544295,731.6518263822961,3.0679553958970938,14.75830025901521,78.03642083951853,0.8517037359012323,1
590.1495856934092,12.0,3.150407935426192,10.146537878742262,358.51949545605726,6.258097890970503,13.937082123470317,57.98995322423546,1.0,0
1546.0001103921509,14.0,3.329637604858202,5.615910639531043,776.2894320778944,2.775046234874101,9.181857428212794,79.59723429110788,0.5343088708281757,2
1685.3316877254258,13.0,5.431740159452448,11.559633088885779,776.4966405391827,2.715628412085027,14.761426846166437,62.81783624705399,0.6873726610837773,3
1063.9821705105273,6.0,2.3275246708368726,11.577131734529758,568.9702277280085,3.6786826178020435,15.267972836271014,64.1688303282639,1.0,3
1931.1448328052893,4.0,7.4357784705742045,9.32905091130377,725.6596042172926,2.6942066168042538,12.734033041165475,58.25594424478877,0.5909024438454472,1
1914.4297510798024,4.0,1.7216962905971696,10.858242130795878,811.6486778445649,2.7008455088988637,14.557874448791997,86.86947288110296,0.7208020916784028,3
2255.0054527759285,14.0,1.0481460772403315,8.489411369311618,1032.9281954704074,3.7885170880154684,11.991954490882184,117.82287558371291,0.472546667535719,1
2119.871205503025,10.0,6.984615900413733,11.553015563293782,858.4752069827708,3.0670774806965624,14.776834932413157,61.57461213843584,0.5925142258285108,4
2131.082641302579,6.0,5.926388654362348,4.7514911727367295,818.4342111937552,3.3307277013450474,8.770109807334608,59.667899133778725,0.4086476056766527,2
1290.5353795601077,7.0,3.4875190924919894,10.911709571878166,675.3249026047168,2.973312888168238,14.831392587184272,59.019501972587705,0.9346864808201771,4
2468.580554964885,6.0,5.168497941370826,4.444029032297115,870.4290860974734,4.454647830113128,8.047767988481407,68.2191330439386,0.11750670168420987,1
1872.8609589991986,13.0,2.5648087058746336,6.712856417744164,907.8583191585784,2.869419487049064,10.979078250884502,79.91220875415797,0.5416493046552664,1
1578.5454879497252,10.0,2.178727540517632,5.082605140922095,811.8398745067605,2.5511180053056384,9.355100658412878,79.60196292395935,0.5536232744536358,2
2065.031202352643,14.0,4.2980439459710595,7.8330807397032975,956.5262457399176,3.4315070164617225,11.461455565167876,74.70475895719434,0.5709422422248149,3
1401.6433361256356,6.0,3.472314808046726,5.85796926393976,702.6968398530461,2.713751253138752,10.196315561502347,64.76890947220559,0.1633321742788466,0
1781.8481115168956,9.0,5.306610353747045,11.616579034671977,788.7840247045041,2.7132109661197124,14.865288937381035,61.895301702034644,0.7482905902983814,4
2341.7642212055507,4.0,2.5270442919272202,8.474570669227276,939.8568953503678,4.2461849952967725,12.138413822208689,73.94618128786689,0.4287443352385327,0
2716.0072168092693,15.0,5.64049390392433,11.181845890429798,1008.0881007211425,6.177582204701648,14.298027665842271,78.2663207141563,0.4830993832078734,0
2802.642993237979,9.0,6.368030642119693,6.224467752409208,971.3396518319859,6.80455951839692,10.303765926499032,71.28352511899641,0.1917398522382112,0
1759.082312957748,10.0,2.166453001199321,4.2078204795724865,825.6009825816695,2.7894992013312767,8.059357297456792,81.04471800654026,0.35669731641581376,3
1800.6877868514227,8.0,1.3070079839254118,10.205240029471373,868.7878073709933,2.767317090311226,13.629717307719716,94.7781150874537,0.7264246400062729,4
2499.676026909591,6.0,4.077111627109371,9.619021279775776,911.365637706428,4.921256664559476,13.299762576615255,72.6397126677234,0.4207121900336737,2
1286.1267293605033,15.0,6.41816860194706,8.363933165393549,645.3590571506923,2.89659143738932,12.461806745619839,58.67460863359539,0.8440437992588227,1
2593.4559058626714,9.0,5.555458849018999,10.522741837833701,959.158956900918,5.483169529078067,13.641153164337258,69.41359308122054,0.4520935208891783,1
1735.3541162935585,11.0,5.913172042902139,10.72067498118506,790.8975664207744,2.5525781759506248,14.380303449485373,66.88750336813081,0.7756710879337603,4
789.641810838171,3.0,3.819875379953579,8.703226464145391,396.46444867284526,4.941029769100519,12.547225994183043,48.20979193466036,0.9191985008714073,0
680.1478676823592,6.0,2.644618816771489,11.727422334831495,407.68568043152294,5.73102220435847,14.890728878233546,63.63978744512514,1.0,3
2604.983027598658,13.0,4.722451902992266,9.757695580938618,1034.2148974280926,5.651959729417221,12.944273741834689,72.52779654737691,0.4512503006671776,1
638.9197922671948,4.0,2.430559856244378,9.41500300930103,378.7087776841796,5.900235768072245,13.780121268475144,55.31919090601496,0.9901135853785871,4
1201.5285903341398,4.0,6.08360087889546,6.891374340469163,567.3332360181921,3.198152506095866,10.903624842633121,46.39627906471609,0.7397718058306372,1
1335.3251012538644,13.0,2.3787651917163393,4.018068628800061,727.2894218483007,3.123111304798014,8.005749749410226,76.92684001001825,0.5211329474790463,2
932.4861129789845,7.0,3.03884286700039,5.927541391153424,569.1413562338596,4.440738623173681,10.054243847481349,63.25800589678885,0.9010243682441217,5
1284.733424504973,6.0,4.545813448261038,10.11136405451704,625.4335866210596,2.976482460373002,13.746503866071736,60.92407438525532,0.8653487522243045,1
2356.731416812714,10.0,4.406969539004464,9.678970035497393,954.020837860805,4.235767498675292,13.316920650215211,75.82072442462953,0.36253921731235117,0
536.7071089001769,5.0,5.205945634849206,6.648177158640753,260.92335797430883,6.596817044426546,11.032863682096123,49.48045047300067,1.0,3
2567.933561301716,3.0,4.062112203499419,9.004663796307511,943.4916940298531,5.16061659420836,12.497448627003186,65.954625996592,0.1123241022481671,1
2641.3700589363953,3.0,7.4363131595706395,5.5622998357850975,861.4769392423281,5.4066852085092885,9.50767190487621,59.960704412912804,0.24068582860049148,1
1430.6539329788704,4.0,6.879538659380318,6.109021754152352,587.9505309783966,2.666762091944964,9.768837875205154,54.39143135091138,0.4356539555389062,2
884.032247651587,5.0,7.153794158656469,11.579264751219974,418.99368544813325,4.3131244455269675,14.962281875032254,51.49140552970945,1.0,5
2002.101019862702,12.0,5.406615999824063,7.305444583484756,871.263302457854,2.8696186407998896,10.924591063195393,65.02510215988718,0.42918505137485136,0
799.1813896622359,6.0,5.445055411025645,5.959900754390836,429.7873078908375,4.90316875382548,10.297160873323211,53.89298352478038,0.617009431450517,1
1412.2984026956312,3.0,5.26439078601164,7.896865974711932,684.8881918185298,2.839610796178515,11.69483011922098,47.75930180499022,0.6544018506944115,1
2896.072952252431,3.0,4.0441890809501935,7.096127038298929,996.3081382821734,7.296738189489091,10.621092006892756,72.96660638094174,0.06472952887571018,0
2988.661181459093,9.0,3.2547420074708384,9.836232298792845,1053.9495326302317,8.494480767187305,13.052933504703791,82.00983087136149,0.22203332011143836,0
2430.262228386464,13.0,5.144020212142092,11.696928851927048,930.3316382634328,4.284420555895409,14.83863727538096,73.35408186836463,0.4919251916418603,2
1277.4037748019155,7.0,1.1787228599691522,8.733899395661535,710.7053978101397,3.0658533490811015,12.512887093263917,95.77040172064251,0.7066948563563191,2
2219.162622915231,3.0,1.0521950199666212,8.729177495495321,895.3956919775519,3.870923551106097,12.676375916782424,104.65408514440747,0.43308940607696456,0
2263.515913710032,5.0,6.96149278407724,6.9186708697878645,794.8203741388992,3.6312420150575955,10.063943079412606,62.592234523845306,0.3495214568905281,1
1469.6042379091243,9.0,1.3249683134433554,8.517047455802363,754.1744283956497,2.8101799772323313,12.382624628368564,94.16214963072011,0.5158430257619082,3
2102.2215864653986,5.0,4.673566052333927,6.554630931097106,806.5027400000977,3.280750924971711,10.361790896413117,66.66631271872707,0.23103744284944772,0
526.8191124391906,15.0,5.304914340647516,4.008736594498735,264.0022577770773,6.496788727875337,9.280718176783424,61.34962976587429,0.7137017949402178,0
1022.6441465056037,12.0,2.3871986073570493,10.92876938302788,612.8522315261474,3.976476592003843,14.844241329095665,72.74125512324392,0.9311529620186385,3
1812.720757418153,7.0,7.270115867856038,7.435552684173642,717.4856033993227,2.579331836262836,11.02296206846847,55.92401585252112,0.5704221147339882,2
909.3782606457396,15.0,2.330670402238625,7.936707880431974,578.0451063972322,4.733824199295906,12.118316016408494,71.4237510565964,0.8718139325609406,1
914.7671696913342,7.0,7.191604911566722,4.6680073234074255,437.10793150343045,4.070778360177071,8.740099524116207,54.58548836482211,0.7538612892219684,2
2590.760726375595,4.0,6.340931885331246,10.696884107243136,883.0008593274214,5.256085707196406,14.118476157995755,69.08105781168551,0.5149692384814931,4
2972.8325067090136,15.0,2.6852006746693577,5.362696563020723,1090.6179701711003,8.232675975440452,9.120436417618235,94.73513858940672,0.2901006323694893,0
1889.923570071121,15.0,2.0552091639326546,7.2849692702745275,889.172965842145,2.823416930961206,11.020212415638031,88.27290623696287,0.7763779620673885,1
2597.6743272042836,7.0,3.213628971303646,10.72212437651105,950.834849878992,5.617756675523332,13.773884593298291,79.09272137309432,0.21283991615089642,1
2975.8041608156814,10.0,3.7856539638919227,7.662263521708156,1074.5139531872169,8.264449914399094,11.399363542571928,84.52074689905189,0.0,0
853.9897214219368,5.0,2.720492735492464,11.44921868373171,483.8756725679179,4.554340717890206,15.606841623823982,58.74085451938582,0.9991581734386736,2
1620.6140331358777,11.0,7.992240841280962,5.6745144273655175,741.5445942269423,2.4658545787797923,9.354920549441704,59.802807511463236,0.47612252281770445,2
1481.4317896047996,11.0,2.6075663536770675,9.721862639638172,800.9547011170546,2.71011453313493,13.305974055200016,70.50557224576697,0.7260571432084401,7
700.1232091154625,12.0,6.8144437888799985,11.82398818849382,406.3533074706596,5.405961242200221,15.882716371161765,52.41887441057423,1.0,3
2388.325431986861,10.0,2.1138242296333094,8.396909097762487,982.7199111293727,4.279250051055761,11.87522954590966,91.90064883210916,0.359099932304704,2
1584.4475683064825,12.0,7.861712376931632,9.537471189151944,730.3398735937183,2.5268518717472137,13.539532158429084,63.71204414598676,0.6381035852403594,1
1673.317335476003,10.0,2.578664207981594,7.1458132768080675,810.5517177356023,2.6312751047901366,10.79581647416805,75.40605462054968,0.43711665347104234,1
876.6824345331005,13.0,3.951819883485146,10.010698717803752,536.3272363902903,4.499173981317933,13.72055376107002,53.87000320564787,0.859663799574651,2
952.3166305771704,5.0,4.9099484673753455,11.270992452189834,489.43689106988387,4.1039457654367535,14.663212681987904,49.77587592149321,1.0,0
2767.7590553905375,9.0,1.8420000060926531,9.624444536404233,1017.0061401314017,6.706559716335548,13.093288482920125,94.55809824304345,0.23652695928794332,0
611.6227224356973,8.0,6.717740472353709,11.487429691047833,315.3798611073563,5.901997705912314,15.607905407733584,47.400061539668,1.0,2
1082.1307123592655,9.0,2.922798728765809,8.709221215938477,602.6685808442118,3.6619416291509803,12.692784173880304,65.44789436801803,0.7977832612280585,3
1230.148325786321,4.0,4.844889311211647,8.617099523607703,622.9472593322503,3.3377695385798467,12.20663669211205,54.41343687924071,0.690451037099698,5
1725.4938560039661,7.0,4.8474366748527284,6.437019104873243,777.2938262142093,2.832266722128587,10.103324421168027,60.031572160666364,0.5778780461861346,2
1966.1129325369898,15.0,5.218484566280495,9.677019929310287,856.2913160505259,2.8617222757708505,13.315196316277788,71.13612724926024,0.47109795171850744,1
1733.2249396266664,4.0,1.3884019056702028,11.055620174049242,815.4526938048054,2.530778684682026,14.859740386285088,89.09907167366823,0.5576672071415439,1
710.2883363922051,11.0,2.180331332820975,9.17052980903145,393.30027501257484,5.398247301082026,13.459214533240603,68.51202863337599,0.9497482561433602,8
1109.1686351392839,11.0,2.1283457004635493,5.864313764788664,689.5946112794186,3.763991510477498,10.41215699928006,80.82160835516183,0.6288938749947945,1
2608.970961906353,9.0,3.114358815910963,8.352872917773492,959.4470952418943,5.5365466980682925,12.101084648344909,77.92593677566727,0.2498933076064732,0
2093.9717511961476,3.0,2.0143990980083792,10.04749933561132,865.8041820453556,3.2440838670438614,13.660535489232055,71.9626472935659,0.6954248820354831,1
2122.872625335686,3.0,7.453449245420027,11.514906518982023,789.011744234176,3.3765798659650694,15.07416703433201,62.628488088334684,0.7670827704442803,2
2175.5081383783872,6.0,4.590681153579105,5.252768396164432,885.0261874074823,3.4347319612815097,9.625906810664617,63.28620928054343,0.22676149586970282,0
2407.2575475988224,4.0,5.365026033918791,5.019976727732485,870.4060669455234,4.41880384445854,9.348805695085163,66.95584364523702,0.37232447417342407,0
645.2712043036183,4.0,3.5024172277868457,7.303548241863248,283.7770881357138,5.847713822367246,11.657287014623149,50.541078586970215,0.5644321709814588,0
1416.5209623315309,5.0,2.9337229872373807,5.004889355700887,673.7457073210009,2.690842103477267,9.33827079130512,66.32487273410537,0.5833862069412493,1
1848.8185881541967,5.0,4.522240191625491,11.843431300040947,768.760121155259,2.792924461246268,15.259013474657273,61.61150434888663,0.581106954517996,3
1346.141208243315,13.0,3.0602608238438354,7.394434938260473,671.4594035594625,2.8966846072417267,11.192498265063097,74.0685765691659,0.7476369627532927,1
2611.197183217966,11.0,3.4055214801083498,8.26888415254324,1006.1112526586797,5.780100010053738,11.307687337810604,79.08930620399238,0.2782976194082814,2
1706.4312714682349,3.0,4.169256119896,5.81670225034217,700.7718222864399,2.459618563456495,9.343782958589083,57.489409399770004,0.4732202340891265,1
2421.568973648448,11.0,4.540135810290488,7.593008988295434,966.1677682687956,4.476459578737096,11.138374696517271,74.20221299350258,0.20957010776111965,0
2630.0387922029227,4.0,7.890198082472871,11.877551478889758,879.2372147910089,5.366198828202802,14.705358675456864,61.75728455363881,0.46681791914495996,0
1761.978707258745,8.0,2.5632581171335835,7.909497210935756,855.0166140024982,2.5723166660018815,11.483247610904058,68.23997747425555,0.7213071062302311,3
2773.8806096783746,3.0,4.4158331541785305,4.07059140643589,950.692072371015,6.5032576860905325,8.298580760816355,67.5217737929471,0.015413949064920465,0
1967.8098513424516,4.0,2.0465821764253724,5.9402202420050445,842.6771681936503,2.630050632910961,9.64658894951778,86.60157662140332,0.5587650868474539,1
2625.6857470843042,4.0,3.4499946289558086,11.827638643828033,945.8161667471277,5.574780846793316,15.092828725038496,67.18407021629693,0.41458329823878315,2
1351.4769889788108,8.0,6.02117503094483,11.91254010728586,599.3420852031265,2.7635790025519755,15.067698994638661,57.20275175313275,1.0,1
1747.042396328713,9.0,2.221235006324022,5.683944718173645,810.2064239907281,2.7932994070364,9.698881775302414,77.75373588261823,0.22666580277247592,1
1828.5276025114442,7.0,5.069459152850302,8.922112702750827,795.8749552688444,2.70566464956446,12.684933565520824,67.63011780944379,0.5889815010662485,3
762.4492897401765,11.0,3.9169071649760503,4.615266644043316,476.90129858807734,5.083364335823498,8.565607680752137,55.6095862943312,0.6483886410709199,2
1496.3812667538516,12.0,1.361056810831311,8.619533139557033,777.4315902532694,2.759658093197236,12.046528660508686,96.35111429591782,0.8411782675945328,4
2793.34418137919,12.0,7.531526690349112,5.007365611891499,949.6079152640791,6.7090549693667,8.547704450978426,74.95854716318887,0.10529366551039505,0
2077.080600911856,10.0,3.8952219820502045,10.549292189141262,893.5076691634147,3.395131214036338,14.0948012388374,70.63640870170963,0.3614692590448007,1
943.7664560924187,10.0,6.4874857502581635,11.516599900817955,513.3586488343833,4.052749485166319,15.193324232033707,51.38358062535155,0.8888539387622548,5
1347.1390890240123,9.0,3.914194421122602,5.383894464395861,699.2741252534178,2.8247220280433,9.402613217019352,62.73362705804785,0.4556538401362965,1
979.0075241567496,6.0,7.561522251051492,7.701697348758592,462.6766907369905,3.768463122716813,11.757577735677815,47.79649670503501,0.8891662149400237,4
562.0578294964314,9.0,3.0332923410022823,4.816343987797073,267.1894705714086,6.25373462458964,9.92862520182838,58.46415788597164,0.8219224141841144,2
2818.6511462600665,3.0,3.885614547813878,6.7131200565838,986.8025229247535,6.935657603696539,10.550013090476025,74.42022132470412,0.13109989683857282,0
1620.5183206421787,15.0,6.3120496818150045,4.520782038084212,768.62527875082,2.6627682514111584,8.44044022013451,66.91966055939626,0.3929997063565593,2
1268.8376810519653,7.0,3.4056712069659985,6.1163722241394165,679.8096295705843,3.221672368965961,9.902455981100493,63.96134995215031,0.6965708644358377,3
1996.1929788943414,12.0,3.5504994993462553,11.921789336714411,880.7126018370449,3.1819727475812054,15.166089517436392,74.85184902623615,0.5842576742248249,2
518.2861407325391,15.0,7.963762213899564,4.356826138571215,217.37902976239,6.972225168952591,9.704326953271705,55.59663011872871,0.8123666468902102,3
1195.0552665020346,9.0,4.889301679832464,10.871746636949364,624.6420513780193,3.2417752912202062,15.043143390202058,62.13502288522852,0.8808032895953489,3
2257.5836642472314,14.0,5.825663175691036,4.619620622032839,905.3155939912729,3.7852718660660196,8.484325030570297,71.01495355205523,0.1550596052118011,1
2084.4244326731578,9.0,5.504235639075269,8.231975448938881,830.7949991235298,3.017764450062603,11.977144045289718,68.20334715083102,0.4731416233663339,1
2954.5148688563386,4.0,6.7954690300960054,7.616958339418765,960.3956764588058,7.985354247009543,11.411535454807838,63.48599641990813,0.15296743839396015,0
2050.89427414511,3.0,7.032775696092201,11.45243728016516,745.3633173087272,2.9625327390262663,15.264001880122345,50.28125694359112,0.642216050669733,2
1693.764684069332,4.0,4.942792927292167,5.592398898280717,715.0469176981237,2.59599728101192,9.349207482759505,63.55574796963847,0.3343646705911926,2
2403.581407960019,15.0,3.0618925247647955,5.437456123037081,1048.9015759665597,4.413680120902063,9.676956178956354,82.63146248686076,0.3068186248466952,0
2758.3196799101324,9.0,1.159601733024786,9.989712708542658,1077.063877161003,6.673196491895975,13.317902781454277,114.08251798370253,0.4074328294953675,4
2301.7398667958787,7.0,5.300822757450241,9.80575578480283,889.2329231928417,3.929846804138517,14.025409675233504,62.66074886713884,0.48686069059283754,1
2908.028058873449,8.0,6.778281832859337,9.59345416394239,1025.4076287301143,7.5977664599227355,13.132978182691906,67.11805016669108,0.3576835778544494,2
2455.012926845443,6.0,4.153778638581617,4.209016929379046,901.9504241137942,4.557141331502142,7.862919852492127,67.85597681732128,0.1890830556812841,0
2667.0035956548163,14.0,2.1529429834360503,6.079677493799269,1120.8863976513414,6.197878871762766,9.769422570978666,95.46755821469657,0.24021068297038908,0
785.260177959093,15.0,3.0165745105494866,10.719161422834395,508.2524665614836,5.373419545595563,14.83513653298376,66.19308376295021,0.9688834859624235,3
2331.0337574844693,4.0,4.569922506583052,8.806864971654182,924.7767541528559,3.873843373913722,12.383177644649601,64.43229170354178,0.2926565848308079,0
1600.2217488184215,12.0,6.856768532843666,8.817559365857452,781.1861812394676,2.668679419296073,12.429957634672299,59.51916193146231,0.7165223335075546,2
1882.759506028188,7.0,2.2022720224789443,6.3673328432384935,789.4737136142581,2.466956181633541,10.452965355870955,81.56955009064839,0.2164434586685223,1
2135.256023705892,3.0,5.285049129966599,6.081384708455583,850.2909481154842,3.3201966273760273,9.840174142279444,63.310930252636254,0.3440554088373058,3
2924.5377917639235,14.0,6.273580297653818,11.572439104146039,1038.1112909151168,7.595603101515642,14.737290383506362,76.35684997357548,0.3359994996566107,2
2961.4452035790614,3.0,7.552332642343762,9.822042230825698,930.5489707455797,7.859077209351459,12.986289442769587,67.61136615256176,0.23714019693198277,1
1220.570613719763,5.0,1.816925841752016,5.0149289424147,650.0441002727722,3.053039978300196,9.647425148942746,74.49280686120902,0.5702338048256206,3
2334.3837435947908,3.0,7.484741439151902,11.50165553715011,798.4657090827129,3.89340392462134,14.485667374118549,58.34749867826303,0.5279561453882317,4
2374.9588448381714,9.0,5.2102727462213565,8.658961214544439,926.8101454238887,4.361156106886606,12.275492943153584,69.11616805002205,0.41096623102511354,5
1366.232153282622,10.0,6.366911112026002,6.666898935656705,631.7492694158412,2.593792485649953,10.777336990731765,60.01574537743692,0.5563471618709235,1
809.6744371605525,7.0,1.3764229669798882,7.177115571196787,497.5368807302659,4.880240313245316,11.259269179306818,81.01139752744582,0.7062088406137419,4
602.3674007142994,3.0,4.543037089484166,9.803236082820945,312.3567055547795,5.959213636933111,13.727340839197037,48.7378818875941,1.0,5
2443.3578188229467,4.0,5.358407718565556,7.010181213488669,895.7904137578068,4.70310682230767,10.456066905230447,72.12439732823181,0.2669584825258886,1
1724.2493545422647,15.0,3.147836879109881,8.629958392948856,834.5946044347755,2.800017707848555,12.402992234909094,76.85256521853299,0.6550379879924888,4
2963.8504237373154,13.0,4.021551456708769,9.683995973187239,1091.6813883229202,8.056936797761042,12.848039855849747,82.66527365325204,0.38971109392778125,0
1662.4336404841326,15.0,4.880086946957187,5.562999978447716,766.3373492830983,2.62253677143784,8.907058150726515,68.66669630270752,0.567072472000301,1
2944.7924476846006,9.0,4.867835578410859,11.553931889940394,1009.0181113248233,8.14045738551339,14.91105719304388,77.20836608237701,0.3918304657552686,0
1528.9400054851496,10.0,1.2930306778478666,6.8493821714832785,768.2354932261006,2.843830588947641,10.423369018571874,91.86079980409941,0.5021296096549908,1
2484.2053763999315,13.0,4.076372366052246,7.354998056615314,1005.3252353624616,4.789396365576346,11.206745222047019,82.66427605347877,0.11960808865584999,0
712.0481807795802,11.0,2.496727083545616,9.588114942942564,463.80779854028685,5.473261291460124,13.4312432651631,70.09550385660313,0.9238711549722732,6
1888.6542753444098,8.0,7.416865546597449,8.870280715102112,777.8899109425503,2.6515396978416277,12.422520524816868,58.042665852685424,0.6200441590888781,2
2505.149467464311,6.0,7.836059930863339,7.520958695513434,876.7946533526152,4.730458328269786,11.240741442339415,63.803045644588714,0.3405072179973568,0
2811.7541680497216,9.0,3.0975282744644836,9.197936322406331,1012.287270007045,6.755801483346344,12.331739440915321,79.81578031445297,0.0,0
2556.457726543579,3.0,2.2262977807574114,11.222626460576357,985.075755692682,5.126226412764254,14.258788028983366,81.41285495080206,0.5249985509396474,2
592.4268180029355,5.0,2.5365290566384013,10.402268933163349,298.55718887786736,6.344683357898761,14.62384164152642,59.76269202359434,1.0,3
1431.7558532668354,12.0,4.344265787470676,10.594072079638188,731.7561573960246,2.756352312195057,13.737992174197423,65.81476885231302,0.7422161422322463,3
621.7461807846282,14.0,7.121539193792248,6.067267268538504,341.98386898323787,5.9673423220701185,10.844331651149444,50.55764210981891,0.869734356400606,2
773.2057277863951,4.0,4.500253504563477,7.3552267943811005,417.0918759655592,5.001913699002597,11.48651173732067,48.62000901085971,0.8757288419373098,4
2188.26407166871,4.0,1.3877444320070835,8.430553133232474,876.6394922921894,3.811674909123253,11.608954747404619,97.55644099883013,0.4038070563884363,1
2283.1454907792454,4.0,1.279199218992008,4.353526553291863,940.2204740492226,3.9054832759813682,8.175897335448715,97.1344246649675,0.3197438681742176,1
2434.301706879066,13.0,2.59173661935994,10.158337443018596,1032.233444252147,4.816934679572155,13.560373710630033,77.56303400191658,0.32473345372118745,2
2663.641370139157,7.0,6.899398943266002,6.587707395320711,955.5613470515888,5.7141366582801565,10.21371163380573,66.88093226115296,0.17229330076576083,2
2348.5786711912747,7.0,5.3503639027460075,6.260768624328114,894.5969844844269,4.0750000831560955,10.201765242685017,73.93445053400615,0.22242213837700034,2
2502.17898026658,3.0,4.9407049765040405,6.074336074849171,885.434158046145,4.822154023584314,10.090869153678595,67.71243873313536,0.10949949484641969,0
622.4092745581981,15.0,3.232787148078495,6.267034123360515,482.210692263007,6.0141370693805465,11.190353715066472,63.03149154699036,0.8209638198382962,1
1086.3378761032463,8.0,7.5059778353233115,6.704118657262658,503.4791822764716,3.4870624989985033,11.173371827701867,51.70520215023512,0.8219674121013795,4
2054.7444334381144,13.0,3.318247714734927,8.838596464609275,927.0014816160029,3.3262364613327935,11.895324485804304,78.66885513381402,0.5786898677814605,0
2645.313261562058,12.0,6.844610888570627,8.668522575200505,976.3659359673745,5.64869308966402,12.103283033709667,66.95039787484893,0.44082571500063955,1
511.2503123491478,4.0,7.2713246258311885,6.045694028815003,122.74136806545368,6.591473668540423,12.620017211574137,39.79591757320261,0.6141832845335167,2
1786.5733552908746,13.0,4.383345092512957,5.65139421258566,829.5179348924393,2.8082349738246273,9.740983845818645,70.74895038534908,0.3077028961988073,0
2193.2184984109927,10.0,7.260024886365199,10.610865520570854,840.0214973726477,3.3775396060023746,13.74588143708642,69.98007918601994,0.6002707755308208,2
574.0182228215331,10.0,2.9376230117373296,4.741786701410932,342.4729622780288,6.498078676186097,9.276207796300909,59.84688928746422,0.7708491325096989,1
1503.3888938834698,5.0,5.609033983282931,8.10258272960742,674.9587615758409,2.584258410664351,11.511629692507611,60.43197020261278,0.5499950751941232,2
2739.087203459242,14.0,1.6157462396707039,8.16448699351421,1147.4470309346798,6.537267902772916,11.515958546626932,101.26244535387652,0.4136314094390603,3
2179.032022139647,15.0,4.317539498646758,8.593094454492974,960.5753412470708,3.3500956957818953,11.980712447019247,65.5305861956231,0.4456611132838633,1
1094.1459084014932,8.0,2.5213226151084354,11.085200927257086,618.8291808665942,3.5882428961748936,14.52916102023998,69.96992560607181,0.9066879497241768,1
2631.9528240797817,4.0,1.4393429455142202,8.991311520758142,996.9141731317452,5.746951117470438,12.137464699074771,98.62641240862092,0.42593766864052646,0
1370.078558523786,14.0,1.0260785565433452,11.789070129984186,814.5449562837914,3.239398288433985,15.395842567768577,113.38439340816544,0.8111704255404609,2
2633.3616778601486,14.0,3.2732648150856587,10.97082466678982,1011.030274362987,5.874349360389389,14.411042385045262,85.75525399000993,0.6433150180790267,2
1247.3591277972637,9.0,5.12671416175734,5.717922075897692,623.6126262340734,3.2351274732588586,9.352904767847926,58.75224407048271,0.4715268789125575,4
1975.8006272078724,10.0,4.186612433558102,5.929466481802409,802.0130536716615,2.8189764339635617,9.843056714806979,68.31295655924804,0.3392553999582372,2
1492.3501693695853,5.0,3.1123850896364726,6.758193087321365,715.3121888071132,2.6459408489455063,10.171993713468305,63.5392567131338,0.4974962465558417,1
1187.0626268876676,3.0,7.938400215433758,7.13211532064105,538.9421715201345,3.239132803173721,11.563775163135888,46.0476199843149,0.7968183211441765,3
2716.393905429673,15.0,7.576675279857745,8.423960962461564,969.8745409288587,6.130198792476438,12.478221854854935,73.88180747510665,0.3205709870035027,0
968.9842048487283,9.0,1.879573147862478,5.860101063170711,610.4921799046791,4.278543563426558,9.912578816675955,70.17887928433598,0.6119823303072828,1
712.0289780894077,6.0,3.9057519866794634,5.778761448910125,374.54358779639915,5.476152425572458,10.013058241647606,49.83932445784866,0.6149832115809983,4
1354.817346364151,12.0,5.541928537955275,7.0511196589446365,671.5800412191786,2.925533938499325,10.742337209922981,60.884465629861616,0.7100320143790417,0
2294.097869103919,3.0,6.134435582709557,9.376184905702015,838.3948787707628,3.749081225451866,12.779545941390728,53.99922868321687,0.4550806372032966,0
2518.5790149407044,4.0,3.5646050843664328,9.505004904769507,968.100616173253,4.848880845545481,12.935636437099948,64.99442980595498,0.5553811578244978,2
2996.858425166912,6.0,6.223972689147434,11.808933920322318,973.6198029782381,8.521214710435878,15.45001940955418,69.60588285991219,0.31049452764090113,1
1240.9051425279122,8.0,1.869050090374748,5.619323471374512,674.1977368853757,3.2752995271279866,9.937369416811853,77.12592705805623,0.6833307236343855,4
1519.8548778282054,7.0,3.3226883768039333,7.142873214855846,741.3636204160757,2.7003940926972922,11.259433546715986,64.31614965201655,0.5698223170001078,1
842.0531950740658,5.0,6.015032230291335,11.717419983512483,437.8905139328886,4.5338967899950715,15.510321814024707,41.25581885153714,0.8969318992558639,3
1937.179824057584,7.0,5.379779531822626,9.520069941324417,813.8211161862595,2.812062413902502,12.713487934820058,67.18185730327298,0.5127014819607666,1
2993.950093157293,7.0,6.860471504031585,8.738228198576152,1012.0407901391035,8.298797856547447,12.028629352059475,66.37656349666511,0.07350839253604421,0
2252.2025253016463,9.0,1.3279991586700857,8.317168411210776,932.6796732084017,3.9036183281429024,11.932539738021678,99.24829355658933,0.4440280139881295,2
1988.0321010334294,10.0,2.2207420247613396,4.604083041090052,924.2337086751662,3.137148818126831,8.216135674374364,78.11301344227788,0.34220651633111165,1
1480.9227323044852,14.0,1.3394620759037652,11.146990470527282,793.8836822421617,2.7673983464646947,14.627338458454226,102.50042127524739,0.8374956745509414,1
2788.246900713887,13.0,2.3447995697444792,9.00404172332086,1064.773029097957,6.694603599400487,12.72084152333561,92.73527040431249,0.3216448902322371,0
1742.2914903258736,6.0,1.0299796744305452,8.573339263424273,841.6717446837275,2.69647101331693,12.354853612134121,105.25676227488103,0.5356600187362367,3
835.9172832826537,14.0,4.529472111752064,8.31600274657474,499.19858108678716,4.585187899073731,12.437243642624741,58.97478190268143,0.9653217608608351,2
1413.4461579978338,9.0,4.698200768977788,7.135313658568894,694.5528355438187,2.7342793620625843,10.437807607841918,61.44408760197305,0.6517079216107137,1
667.9166721194173,5.0,5.605242469841963,6.037317530887142,312.09929534873055,5.532100467574531,11.115235910300699,43.64376867721667,0.9437926796917111,5
1004.947594221954,7.0,3.6943871304073044,10.042575882675873,609.0437906232378,3.984674508992125,13.22486991995355,59.43254760609904,0.9919016271233667,3
544.1719524997806,12.0,1.0224538347962882,8.076540142093297,399.0111256857142,6.90037617525654,12.225539676365203,99.47814108411049,0.983314770242008,1
1633.1997912504085,13.0,5.71723808085346,4.2715162583137625,762.4199983826414,2.391035173150865,8.554572905408795,66.385493286218,0.38989639165818296,1
2086.350662379493,7.0,1.380037614235388,7.192755998177306,906.2181863073556,3.5457871570000177,11.022454461560457,97.7977499865417,0.484134784167524,2
1358.2311559472694,5.0,7.063193015724208,11.428829105782661,602.5025854841539,2.707548177185564,14.566492863071295,50.29621836959108,0.7103603901702438,3
1550.9544287631927,5.0,1.1585779139555616,6.991156492326903,738.4380355242671,2.713371785023244,10.504227063006173,91.13903598918411,0.4666136415150725,1
2898.02318211144,4.0,4.713325862796427,7.30586406340459,986.7439674888991,7.333018327081466,11.066772790019781,69.9696206953735,0.026169280776013347,0
2379.907803937289,12.0,7.264425176698645,8.991688984440284,907.4608511341175,4.386541120321578,12.686563955353428,64.71008734432733,0.37259600008664334,1
1852.141592362378,9.0,5.007427030521461,10.413398430527058,761.758512881039,2.720509808207516,13.56499822815602,64.7395215459569,0.569917097974686,1
1211.352187779563,8.0,5.25891722580751,9.347688941637697,612.7731811329661,3.1705744840136623,13.183467921660233,55.752998972860624,0.6080121177743362,1
2742.491996932488,11.0,5.77127593836184,10.800437848983572,993.7627735616794,6.1786995508177025,13.668322569617668,72.0572498779428,0.3689499279828745,1
1087.7427922016486,13.0,1.856861934113269,4.911764696325586,661.3334118321228,3.7597758963461283,9.212743641768588,77.30332119089495,0.5741661501801862,1
1313.3568262916926,13.0,5.724489705673917,11.39674042654919,670.5441150727121,3.0874163121818565,14.58844431315042,65.17521938770705,0.9326336049375401,2
2772.662036057371,4.0,7.162484174089706,11.231375459291087,914.6582677909532,6.449956189573668,14.569713750677067,63.74255533594458,0.6331470762676711,1
1823.855138212681,10.0,7.819545829847216,8.153188692684703,780.5063269731063,2.7530394956473234,11.824138353656128,67.97168388189617,0.5545117406371115,0
2355.7948735449418,14.0,4.10136399550843,8.997937902297608,980.2287787986211,4.416974992033135,12.854409313188755,77.2920170098053,0.36293788240873087,1
1976.8619854094154,13.0,3.411533961742828,5.702504401611214,920.4674904980056,2.957606559237325,9.639454759725993,76.41078430478468,0.43650819725444595,3
2133.598022523738,7.0,6.2731673091742195,7.583579503851111,842.7910154957561,3.4565931954248446,11.120104504628513,63.0181632396928,0.40960556978384544,1
1248.458228787064,8.0,4.8001200166672024,5.621626887358499,620.5013993244622,3.0973863361112235,9.811981974733166,59.008984941831464,0.5446993147565635,1
1103.4301540666575,14.0,2.8011325811852132,4.175813431528156,668.5689010618323,3.6878989614064968,8.999248920256296,74.73227075988444,0.44425977061822464,0
1306.230867921663,3.0,2.2051051947879206,11.84722454501642,593.5037800351998,2.968891682612348,15.558502660908433,71.58457392693796,0.8098854862646891,1
888.6039102085562,9.0,2.191612104149206,6.073172125681641,587.552519296434,4.532686344747501,10.128895013891103,64.96332338640914,0.7369577904025414,3
2685.7859132270187,4.0,4.214239256243064,8.744866471182682,958.1889236847122,5.65108468524018,12.037750142488157,72.66179641947798,0.37834923505267415,0
1208.1173331252853,14.0,2.190870839309551,6.402003068302904,753.7368690026746,3.3468460391477395,10.107544490034162,79.95896184831433,0.6643072503126878,0
1903.7234860359615,3.0,1.1380326080804004,6.964972961683479,800.5892484375015,2.653187388730064,10.972105532793329,99.86747808229396,0.6476686471878543,1
2479.936062853435,3.0,1.3646214247878299,7.182092468658198,917.5260486401369,5.003362020481161,10.634097375400549,101.90525170309682,0.33972469704277025,2
2459.560273439284,7.0,7.50919180767076,6.680373850598062,890.3125288545396,4.767295281035904,10.462423528581512,69.84411059617207,0.30086778198010367,0
1595.9656464604823,5.0,1.5107293881209503,9.099198074719485,763.2991213555616,2.74125379461083,13.144604895286674,88.38936029637169,0.5849065501891939,2
1690.6432714668142,9.0,1.5122648340667169,11.687490163908848,819.8747309334603,2.6663019641470123,15.051738275422954,88.95142106369678,0.6146718803618304,2
2986.754372337562,6.0,4.1583191187347275,7.429077200049864,1028.883488887413,8.162407840329,10.751200881561997,71.71900136884476,0.11396201781395787,0
2186.49369244756,7.0,2.715701976345228,11.786613792434121,879.7664901469477,3.465660763071826,15.715972870145297,78.22187239302083,0.515968815154161,2
2536.5961077947068,10.0,7.738856965207484,9.342377898758265,880.0991614617083,5.266319826556414,13.391368838819357,72.19764470496406,0.14546871789360696,0
2756.3849230480796,10.0,7.37690087648463,8.857089560168072,972.4508147538282,6.362709600757002,12.533065429206042,64.61137279019508,0.20474236412693494,0
2468.974590573348,15.0,3.83320274069887,5.896830814391384,970.1534835842414,4.573634491268012,10.102180251007049,83.6013372608283,0.36505848108866834,2
962.948362383919,9.0,4.141120635913815,4.5033656471950465,503.75026042807065,4.244914090743837,8.766979432643613,57.35371872551078,0.6938007885472561,4
1905.4268343439305,10.0,3.6257955715289913,10.815478162334632,831.899682788432,3.0300636831377554,14.432093895223561,65.17535220126041,0.5899326603095076,3
754.7353932863622,11.0,1.2650628165018976,8.59184851155415,508.07831044938735,5.490949889274125,12.392881930916948,92.38401726742183,0.8832578123618506,5
2132.305316409996,5.0,3.0499278747829606,7.315310899399055,912.1774345567123,3.452482862625939,10.615666476968041,73.72380948199105,0.1956673542348997,2
2888.3735704695273,11.0,1.8587142872838887,10.495738576707868,1105.2785711249985,7.7608420527694815,14.585641217392658,96.11006784660611,0.3234291822446708,1
1781.8301607502783,14.0,1.716592310105859,6.48464306061855,907.5293590287089,2.820467731690271,9.854974425258321,88.5992079938546,0.5439448605444861,5
1582.4312321694179,7.0,4.9260310105547145,10.2689380477159,731.6568851940154,2.3226733177000174,13.878016029742716,65.1407763905442,0.7109128897698953,5
589.6068785454079,5.0,1.6913540039949357,6.623710683246376,335.19067065233037,6.225792535350436,11.240453256462583,69.36469471132861,0.648535458791582,2
2899.436305823051,7.0,1.7205192665668452,11.36704949123331,1115.5497129606035,7.723464618081333,14.743713832375603,99.34597275288662,0.3831726293601294,4
757.506710325397,6.0,4.36359600373544,6.1437349956544205,379.3209507661219,5.091801383865411,10.556972185339145,47.786043304597655,0.8965997832691636,3
602.6977332621174,10.0,4.095976555858471,5.100432940596569,331.6413959387647,6.115314890401275,9.772736742559786,56.923513818846,0.7352514742538173,2
1115.1665287623462,14.0,1.9634434959265856,9.584773666795295,661.6147686561984,3.5507524246995827,13.272401245684225,81.87274376744821,0.7177487601135852,5
663.826084795956,10.0,1.031143173662041,5.302778024518166,458.26199359342957,5.7109818268898875,9.789323900640868,102.44635468031723,0.9669103984583722,3
1637.794606029406,4.0,2.3508210923749067,11.594904402311885,720.4300654745535,2.810529898255009,14.990092966657697,75.37989337262167,0.5983054761780205,3
1790.219503142781,7.0,2.6512457792742854,9.244440899110927,822.8703142748955,2.9133010200045355,12.785591795540869,70.0921764363414,0.5896872884298734,0
1281.4248725714597,11.0,6.601739105262073,5.846885290276208,647.6367588839985,3.0013425696812925,9.48349394606954,59.465087301525344,0.5215066654922227,0
627.4012064372151,7.0,7.408068453690505,5.67055147428343,309.382516295357,5.862807315307838,11.0004989496153,42.27358712033873,0.6990763509456956,4
779.0009206230668,10.0,3.8416107824157883,11.391000312963373,483.91618607365456,4.944694777764572,15.239199447335512,54.27471281258944,0.9876567127008408,2
1461.2609449748202,12.0,3.8351870855068446,8.862863302799127,776.0059377096577,2.8560451482812823,12.554708974297494,65.5222140806884,0.7251155529851782,3
651.3211270663403,7.0,5.987368986319067,11.149888053379334,327.38200336259683,5.928087202985075,15.069373319202564,49.76228918880551,1.0,0
2245.474314024784,11.0,5.388454109932823,4.881801638766602,913.4468683719849,3.5545255908311697,8.530438986530253,74.6202655915303,0.20457321483159324,0
1017.5513538120299,8.0,2.288981306853864,11.40313756463341,561.7471387534233,3.986968684966659,15.232883894593439,74.96488416289768,0.7949796480810244,2
1255.1789219590962,4.0,1.7538238560710295,8.160394495952707,617.2221080670216,3.1708957411644945,11.944461257172279,74.69807649412617,0.755276290434252,1
1485.3144429452436,7.0,4.063283234585356,9.347375330650804,745.1864085220905,2.733202549396944,13.1357356158083,62.53613167168142,0.7033414777774433,1
1541.5240826728698,8.0,4.9537985421393405,6.983003772330245,691.2977925231954,2.806178642725516,10.4576801939776,63.35617487318927,0.5568520363333961,2
504.1517691870013,3.0,1.9709532221116648,4.47312257604661,188.1451067144162,7.031691726580481,10.615885390908181,65.77978854685577,0.8075708831197091,4
780.1759274967438,14.0,3.052914453859112,11.663779530734633,521.7745709832893,5.111495059779187,15.53442940057085,65.9467402621829,0.9752104973135509,2
2656.9114093521953,9.0,3.141600975014024,11.956786632867857,1031.216593546582,5.96591868751594,15.12468051503597,79.89597179035589,0.4738996253319077,2
503.08265627977033,3.0,2.829087407169148,6.916374790083544,112.71216353918635,6.779577481116109,13.913887698525118,53.90853627091334,0.8252474154742385,2
1770.4183895321878,14.0,4.225328864042537,11.550943438015837,853.4729643158943,2.653788182246043,15.08682371303379,70.27914018813206,0.8154597431194253,1
1723.7550162680202,14.0,5.57144509023817,5.341810327692514,797.657303430456,2.6927617138776037,8.908003615425185,65.98251772167846,0.6033323484320713,4
1332.7354025265945,3.0,4.565729185311946,5.237475597268604,600.9451267015908,2.91070990725255,9.88269428243712,54.10976245356224,0.5551875399614726,0
1578.3175503661241,5.0,2.4101959357314096,4.584894720073372,729.656047882658,2.645168359651738,8.819587048525056,69.45997488904385,0.39015520290837086,1
2451.4528438164607,7.0,1.7205733293317982,7.130155260673206,992.265196476941,4.603086369738486,10.609027087173002,87.98037243599582,0.27803534693690357,0
2603.009265537391,9.0,6.7530932402909025,4.418418001452793,955.4390358652372,5.383105238648968,8.0662544060168,71.50265085636732,0.017954684441273655,0
1150.8713585381252,12.0,4.355132779024499,7.157257516903174,627.6941725131937,3.391851208536552,11.374914096363934,63.83433425522956,0.7284673572960755,2
1306.2261024193244,8.0,1.4349742889371404,5.107123429197346,666.0918754973426,2.954035073245189,9.260276603902588,93.50463810476552,0.6132695631066254,4
1106.2071325708318,10.0,2.8068504975469057,9.844222364583658,595.3665593170997,3.6496934194001507,13.676435399492032,68.5468974937902,0.7617797701536809,1
1699.6585013776628,3.0,6.6282364486890835,10.666901194691263,707.8517677346738,2.5042174517235383,14.17330050455533,52.7978861644494,0.7538492979715796,2
2208.1458941470323,11.0,6.26208427341485,9.502523422370304,847.0601654975852,3.6915654691942263,12.723669447477318,65.78362717641875,0.4659804647834948,2
1070.6321886585515,14.0,7.130716430281645,5.603953219489247,573.0677504259105,3.5672984199317317,9.894140983829752,58.26272187536637,0.5374448825429657,3
1326.8393551371666,9.0,5.214614782011845,10.134785543263646,719.3942418933636,2.843449081834309,13.618069802268279,60.433142218031826,0.8075596872402682,3
2825.9615439728764,8.0,3.960341540506385,5.9960015762662,1025.1919212261744,7.2129718573063855,9.78006492745522,75.67569210951254,0.13665124451952865,1
621.4232246173951,6.0,3.986444982881155,10.07590877574822,346.10552777867605,5.936171731965542,14.937135587818865,47.85446399530535,1.0,4
1651.9240130989156,15.0,2.3580003114506063,8.539180599171127,810.0242230745969,2.757887560011173,12.439795673602648,79.74749845330177,0.7641621518783829,3
2278.895103991945,3.0,5.555592730625173,6.933700130329678,810.1686660763361,3.722948737353892,11.012083942632344,61.64295381950336,0.34085706918705555,2
876.1350288936851,6.0,5.095481292649978,4.6679390241284615,481.55894789589456,4.589473638684305,9.847937648274636,53.757340171671586,0.570290621207271,1
618.4350500137047,4.0,2.0840508800018513,10.620076078456206,330.5706007010975,6.143299502614477,14.883469591741514,59.516963265131636,0.9717265347552423,2
845.513429096327,14.0,7.199640440317624,11.517223366385803,508.92977796317916,4.798631415707055,15.187376339652872,56.584134153984834,1.0,2
2797.057983826707,9.0,3.5792774231741795,9.3273422400051,1025.586559620264,6.84118424910157,12.580866522991498,79.39709839298355,0.39699065141204354,1
523.1494545528085,14.0,1.3481713586474795,11.716332533547511,408.29148338299296,6.728197427620721,15.388625967798365,87.38149334596244,1.0,6
970.8049370283795,11.0,3.2951664454584866,11.472891352343929,558.3292267684101,4.373349563375431,14.427894266915162,62.1557711130767,0.9464379208016036,3
578.2087822541114,10.0,7.0889970029810305,5.556867206430029,283.57764601242195,6.316043693344318,10.648855905559525,47.03693735820855,0.8733987092892226,3
776.5736689055082,9.0,7.418696101032491,9.849698788785709,381.2149919566208,4.89883541791933,13.53392928775907,50.27583019626115,0.8549221895067992,2
2050.3732165707406,5.0,4.432788920817435,6.794438555501556,851.5561873733344,3.2258304741598502,10.855543747272476,67.41968489692123,0.7168705420877232,3
1104.0972718477144,10.0,7.6943795805139255,7.900138884525008,561.5081423112583,3.408526866286637,11.809584421054295,57.432225858023,0.7967604743815578,3
1923.0301260766919,11.0,7.126692664483832,5.255723449190766,779.5851513373963,2.959029067633577,9.281662123974035,60.27741276209718,0.253559954192588,1
1975.4884569153153,15.0,6.776615019694577,11.79823542446122,845.3362251979687,3.138112454007663,15.078886004093002,68.04792798304693,0.7002970695516836,2
2623.5883327244474,10.0,7.017970452775442,9.809099064611267,982.0096576485549,5.462080526989951,13.651339456437864,63.2048342014838,0.43941832878028114,0
511.8534822796848,15.0,3.6731278851817644,6.135266477047745,301.66780511771776,6.929825146363478,11.210534384143815,61.780939651993265,0.7509737115278764,2
2633.423648355917,15.0,6.295282585288805,6.971773521344268,965.1128560842118,5.824795037782814,10.680388048804843,77.65812650206205,0.062261049898274835,0
2047.797716067435,9.0,5.041373021533045,7.379863414630275,836.3872506807987,3.403925586611465,10.850423216728592,71.0923803517145,0.31701570155593195,1
906.858715262394,8.0,6.037788012182147,9.980269793150722,525.5414022668496,4.2170189265791445,14.020529408256072,46.64662913618538,0.914336411971633,1
2432.34347033821,4.0,2.2445027530654222,11.405578134156677,928.9047336781967,4.723166288505965,14.40326249355236,76.79123373232261,0.33900553104435616,1
2638.728854476464,6.0,6.119757382424593,6.571521063876573,936.7242739800413,5.63675999324918,9.874930570713977,67.62400919515952,0.1048206429167165,0
1135.6587093853932,14.0,7.703147039359202,7.7800007062433565,619.4470061686421,3.276492169129074,11.797242836020692,53.29044636244877,0.7921044748432224,2
2796.9842022567022,4.0,3.118643256670007,8.745660582677608,958.099843475725,6.761875074644405,12.654134523962812,76.72561391380083,0.2107855106166479,0
1636.1435757466445,8.0,7.90312926768939,7.146751939202525,672.1817444454304,2.483816294879168,10.905628349754394,58.82237286361537,0.5187274059471969,1
2008.5611358333038,12.0,3.6486321036375977,8.033450586925483,875.8016413171244,2.954885695733258,11.808185258510605,69.68626719955316,0.3894587169289329,1
2961.623834044109,6.0,2.39806447914723,4.845661032160816,1078.7101988579625,8.160661562391986,8.60720600330482,86.03417239898614,0.0,0
1403.8401965979983,15.0,1.7860036086016686,5.341395101761329,803.3549122457275,3.0802598785966984,9.521765532624896,83.99632614336798,0.5372025568361384,5
2532.898364550282,11.0,6.494733393017245,7.208810057761159,963.6512938414897,5.093172547498726,11.231525866321556,74.69351575318893,0.19155580132273145,1
1295.9977945711491,3.0,4.883777802635978,11.31951209416442,598.606125986998,2.8344815718305045,14.776920342286031,53.865487439623564,0.7487241396578701,5
2498.0338056037276,6.0,3.149919055634202,6.794864365957069,977.0791432199529,4.879002053551709,10.216480400752943,73.10825448883897,0.2772346347761649,0
2001.8347971566063,12.0,5.259152588556305,5.998342468840109,854.359820744353,3.017800937896834,9.429585852265303,64.71260593100247,0.30554732521793543,0
1040.8892380635036,14.0,3.324708314887033,9.942897766794207,638.7050357298604,3.9235882908330644,13.852581697381707,68.62303738680164,0.8372842860531252,1
1535.0652344730909,15.0,4.138504301299211,11.593041328612873,803.3271449330084,2.8762965634753495,14.59069639519139,73.92245030683151,0.5537975144109519,0
1294.089085908904,14.0,7.038648880271638,7.672988936508379,699.5733224808547,3.036825556059492,11.589074407262734,58.15074240355571,0.6838086660382309,2
695.2709827009097,3.0,5.677165338014153,4.068839644537465,332.4653147381095,5.223185433137248,9.0983108261325,44.202430505492934,0.6509832229614653,4
574.5869252492437,12.0,6.336812877933015,9.505194651804944,290.83725139954146,6.22325958532697,13.779624260864125,49.9579293599248,0.9153666847308748,3
1366.1966385179524,4.0,5.084454860287034,7.320486412929159,661.3719990958448,2.785130793862217,11.143377865600414,59.129119224521034,0.47857330421682,5
547.5853695437164,3.0,7.939786342199347,9.38916429292972,206.86738849580104,6.4307190037495205,14.683566783806942,35.3068106998721,1.0,1
913.7193939544376,11.0,2.6898704640362485,6.221732126633628,543.6892594667512,4.5747946777475255,10.092815145922557,71.29988045446576,0.724389348942625,1
2312.958302127172,9.0,2.8360381250317035,4.019265150535699,911.7528499101597,4.269324970389439,7.783140536149664,77.1542628801822,0.15992354518930496,0
2270.22808920897,11.0,1.6479125711683302,6.75596974996483,994.5905877090821,3.962221575034658,10.412230941878418,94.89713411101535,0.48695653853929294,2
2346.4509661434568,14.0,4.878136514494973,9.638338740903531,914.7510652242727,4.307393640000344,13.495156101021182,73.74238449496265,0.61122269938273,2
1292.8829278249468,3.0,5.293514654858575,7.144906264073514,552.624429140858,2.719763506590309,11.637453854441054,52.98225625304132,0.6231436924853703,0
2725.0486427942387,9.0,6.081731010291739,5.753393117225808,966.6342398363544,6.3024685284665765,9.562225883973289,68.92670242030209,0.2880184150003633,1
1984.576370071119,13.0,3.348121481644827,7.712054913072812,890.8827842236396,2.9237369750872446,11.176205783010287,78.94140982152065,0.449865577207651,1
815.0658543665663,8.0,1.0857976130551905,10.018788186387084,481.71593244829813,4.910689456260597,14.166508648214993,99.7065665075469,0.9679851385143223,4
859.2966536388353,9.0,5.42560675961824,4.955464694338448,478.3547047763325,4.9364901061056905,8.795329123664615,50.70141039309874,0.7620067301029727,2
2232.738567324254,9.0,7.990868447642679,9.534016269173183,849.0699019207696,3.6183700160243677,13.126001631061202,65.83835718305505,0.4599150106351641,2
932.3598411051951,14.0,3.0618454765299474,9.338752190431578,569.3413782709995,4.262510721909857,13.094269078370681,66.85014166567485,0.8699960721686385,1
1768.2317539551084,3.0,2.287541167283138,6.965903037480571,822.5438363204635,2.6700404381550187,11.143757357380517,72.06625417228918,0.581647864004665,1
2979.4361898217767,14.0,2.9723687047844725,11.762689531035956,1115.4493707142951,8.314461781450841,15.363526010424772,93.55573563816112,0.3620833684695765,2
510.01901183334877,13.0,3.9779083234393307,11.157642395842812,270.5186818775886,6.71895474753844,15.237760536049311,56.16139148211603,0.9934923075341697,3
541.4495047438922,13.0,2.7563905026679527,6.529291846416559,283.1351393563746,6.897114470631019,11.339419010499483,67.96174122431584,0.6449262149820593,2
2982.711454826266,8.0,3.428720177572709,4.248728747150745,1013.8308151220027,8.428739267665286,8.047217716443816,81.69773087836381,0.0,0
1961.5970853354138,9.0,5.4674471700555385,6.466438453960613,830.6449678821853,2.923137759384304,10.21334990327612,64.00792937200723,0.5925282497735295,3
817.2749387962829,7.0,3.415195907898303,5.637775540328346,512.7633410725392,4.774504616114896,10.039301286587182,58.84349835836532,0.7079483210107487,2
2743.255499385234,6.0,3.7724126134855824,8.378015312380743,959.6997451341682,6.364197161834153,11.856542570905962,75.08273175183614,0.17228321014647097,0
2700.9507503192303,14.0,1.2802188395948475,11.349955369457238,1081.8383812155405,6.491083193542424,14.642878464932261,109.40143479149077,0.4355833544581875,1
1840.501032778438,9.0,7.425597511360088,10.962700080300172,729.7699920898154,2.6651514383458306,14.701729627955615,58.66499664391456,0.5702820829031203,2
2054.4800746518913,12.0,3.8482017194039755,6.446633245318614,870.9955250063,2.818150549793302,10.715763047703643,70.00074183798336,0.31923401646688476,1
1182.967978752191,4.0,3.29700461224356,7.428780268445096,598.7785227597296,3.549582991898358,11.440532917255325,58.19816016242156,0.6411356696321884,4
626.2992409300128,13.0,1.6053893737176916,4.292337592636532,410.89316217057694,6.12228818281064,8.871922519861087,85.6722088916559,0.5660221420596812,4
1986.419022227161,11.0,5.439282507766285,8.353308061193196,808.7465571097309,3.005194632707282,11.680382730045748,68.63814027442126,0.28726063837181826,0
1236.8879830069075,15.0,7.046774651846285,4.506943840405831,610.7226913329391,3.290117061525911,9.186950738210005,56.58564626216896,0.3588382432340766,0
2159.05261665088,4.0,1.288072400366802,11.508849329832797,839.6951645012659,3.5064367801275305,14.98303806536322,96.35165563762997,0.7267399215384664,3
2590.612942106503,10.0,2.0169072715622485,10.935470678818177,1025.6789646942177,5.6103304779255545,14.272776722491011,91.35552087714724,0.3507261659758859,0
545.4013597859101,9.0,2.0247288022034513,5.713501011500024,318.85354967987126,6.527853418931118,10.422160100551121,71.31987734325378,0.8457822168420132,0
1989.2844367143184,9.0,5.21592398743455,9.594949438896364,844.2174434876835,2.7993114142899644,13.217462116170148,63.44377837425042,0.6104893287491717,1
1078.2013492171307,3.0,7.448613519028582,8.544163059466666,463.36612100099785,3.501421358724677,12.78453216545424,43.124908405870556,0.7489327111081128,5
2684.7212447595034,9.0,4.064378569458567,10.410861700129464,1018.5211352544394,6.210936175130495,14.031166952906792,75.44058811731665,0.3834672230582668,1
1134.161266404571,6.0,3.4066451373569544,7.805216854012159,608.8558475589191,3.361551055920792,12.164905694369379,61.661337446579374,0.7316847770509282,0
2026.9253330885458,11.0,6.360884799176839,5.534175765326224,837.1351436010302,2.9414432381628375,9.531384843701893,66.40644279063486,0.31127590743563155,1
1883.8521002240286,6.0,6.1979834322895595,9.118747200982654,761.7124574013312,2.825580583570311,13.258265389939783,56.8650565478449,0.6701272776121469,2
1490.4162501481223,8.0,2.7272929749404673,4.64224261596756,714.3385478324856,2.6648061004285726,9.055293919778501,75.1678555819483,0.6357706232053717,2
2194.051908999485,11.0,2.1257845361552024,8.676703929347376,942.7767911522689,3.5991352092503637,12.215272703963581,85.86894614849002,0.607653903055059,1
2314.4240867885846,3.0,3.5046702269074945,5.701638443715661,919.5901708651212,3.907752555174729,9.06623885688925,68.84538473221323,0.03269159581652496,0
1917.344488298467,13.0,6.429223745586419,9.479491496988482,854.6655052726237,2.8230394112689714,13.025230383312223,64.51992903957596,0.5690215628666917,3
2396.055592961885,12.0,5.8654437294048485,10.624345293824868,926.4000520506403,4.196316749536681,14.461233010837839,74.50948502482552,0.44326908857407904,0
2958.542689982344,3.0,5.660975944493437,4.87619783425658,986.0573856190763,7.889758616980135,8.561655015629825,69.89984674395032,0.046880966103712535,1
1548.1809697520127,3.0,6.805999921142427,7.202148417188739,618.1354653664125,2.501638932408544,11.153779714961653,53.24155089525583,0.35017707622429817,1
1786.4576297138271,14.0,2.939912186389756,9.868172702207975,872.7629965829648,2.808177377812058,13.38923567765868,73.81838467346908,0.427458566877555,0
531.1746948530331,6.0,3.3777860782865705,5.309624492150868,218.063527171162,6.733289786960005,10.895627866085992,57.356951872267565,0.9181184104315567,1
2490.071390775946,14.0,1.296376154264232,8.532189360285706,1053.794638593405,5.250139595156192,11.942207558789034,112.45428586967297,0.29296662589929295,1
1800.5751676149846,9.0,7.081220430624734,9.374711855005785,830.151282524308,2.7766146202082846,12.658265431770563,63.52366756793606,0.4592277232580123,1
1519.903575901413,7.0,5.077008144455247,6.838348857915058,681.4412931982033,2.716608296357581,10.912505755234445,59.128107631367605,0.409808276387736,1
735.1799077234896,6.0,3.086856043185853,10.655858193620809,491.8076197499287,5.257612731757329,14.180582422793266,57.564467974693066,0.9991041266106332,1
2724.1410541884934,11.0,1.4859157201455588,8.08526548037371,1067.8715509245544,6.337747053738945,11.100664212512683,103.07427264233971,0.13021938948717451,0
1487.5181001013912,4.0,6.063866522137218,9.015958719524079,628.9477742418853,2.564710593179808,13.302457278137961,60.60685173373631,0.6749899097427053,0
2206.453995523051,8.0,6.241162636843428,5.12698237363823,835.0626257687499,3.5938859304948623,9.371399325193066,63.050794562057334,0.19487000940949373,0
873.4353909203769,7.0,5.663250564805158,4.185281396261352,519.0157082217602,4.563503313485286,9.102459175761556,47.77024155102602,0.4479271259884826,0
2903.874073852581,5.0,2.426466796627107,4.40598856659989,1039.4554484027908,7.708016901978029,8.61241041338812,82.64628360701316,0.12115137583921304,0
946.1044045545773,7.0,7.392512409560235,11.231361185585726,452.13980061433665,4.054184400867959,15.19701666940947,47.9779835569208,0.9888794768803741,2
998.854982248726,9.0,6.272106133146134,11.06113907398601,515.8630037723697,3.9980277540420697,14.841285521010663,57.334254986377076,0.9220673573110618,3
2647.4571513942847,11.0,5.604294265087792,10.46073151329474,989.8369346869298,5.931922333033709,13.76295684298026,69.11267025949681,0.3084974648555056,0
2781.4568603548278,4.0,5.5566074639525125,5.596896729878886,949.1956423682146,6.695543828070344,9.612248467142207,65.92865153664357,0.22340618830485623,1
1030.3685188082536,14.0,7.330503900641489,8.203669215596026,566.2250816159234,3.814861468309556,11.923765401996002,58.06023088615241,0.8627085456761456,3
1674.5022204370698,14.0,7.498149931679866,10.368936804386987,801.746228131202,2.486914807129193,13.510185356709389,67.55187466139486,0.7812749179207077,0
2333.7372614070746,11.0,5.16946192607168,9.39735345004619,894.0576580850096,4.002997307127904,12.805348798290538,73.083393367843,0.35232357139774384,0
2695.914334527004,15.0,3.916685876737839,4.924169549407501,1061.855982370673,6.126351053407814,9.195899200219806,87.1352691978406,0.0790387785490199,0
1447.631737593263,8.0,3.5461378569159137,11.164329598499389,704.0907915709263,2.7755142117479847,14.246283184464088,65.4335120642945,0.8549753088287358,5
1792.548717123573,13.0,6.733551887565057,5.285459142223698,778.657192121116,2.720394331411169,8.90566311348085,64.22523059490095,0.31228819931402624,1
2354.2910262993373,12.0,5.512237378840335,5.374365547306684,956.2274265123941,4.032171719603983,9.432632269732373,73.99445215549878,0.2159949958090915,3
2327.8399416319885,10.0,1.5408622117755755,11.208069033365666,930.9098325042924,4.113589077352411,14.392425676394069,93.11615436595203,0.4572265218059179,0
2457.400325065212,5.0,1.9953020911051904,7.876935512756129,888.2749436435909,4.730400104832804,11.685201499629873,79.51498272868355,0.35675437183854775,1
1924.8345466038159,10.0,7.301301265733924,6.983134607651735,796.5394577045,2.66470826243843,11.083950611775354,65.39484947873612,0.293920460181581,1
761.537742011938,14.0,7.191487036731506,8.429253938384452,432.77151494915665,5.172292475646793,12.649063539424752,55.590275861625166,0.9171440994411377,3
2759.9332271951002,15.0,7.662827140882282,11.851178662656892,967.9340016711644,6.500469451125079,14.889638438796187,78.32135199133263,0.4330109940296042,2
2663.9313483025703,8.0,3.9949567712982663,4.957043641928343,939.6371950411597,5.803122557286879,9.271915638058733,72.1011321512361,0.061121579379199584,0
2495.2435895458325,6.0,6.48842635348495,10.055590790336522,943.966132112291,4.787929383427954,13.696412532307185,69.05402180367352,0.42655858412869047,2
749.6561929018237,12.0,6.797575191200251,6.67460689795302,431.0209669862539,5.217127090949606,10.943223664244337,55.334315472987754,0.8150288444769219,3
1010.993417703573,3.0,3.209878340867352,4.93639416678099,524.235911298954,3.7535342991597016,9.19929516562604,56.70887025637272,0.5092866679502087,0
2359.00091276913,4.0,2.0173639785899957,7.375466842823509,973.7110545184478,4.178948936848485,11.160917405656425,82.95383504369143,0.37069306490112264,0
557.850236454866,10.0,7.9791845314742105,8.390023021802168,263.77061161128864,6.3836774085700405,12.973894777798387,49.13885145599774,0.9717849606358848,1
2948.061584268199,15.0,1.2115344262594494,5.647693101825175,1177.6609202168104,8.089087550183377,8.933218724991262,116.43439380682516,0.0,0
1442.8617008892018,7.0,5.181351430980101,7.24215567277282,642.4898372781738,2.4879287160869756,11.36556537036459,56.8535637875908,0.5086340007248266,3
2298.2813342270592,8.0,5.551485919271962,9.085408203778325,854.6035490033887,3.713926363522162,12.852143576136125,67.7840975571437,0.37252357105787415,1
2718.927721220108,7.0,5.7725253937875385,8.611584157761778,973.7379218216313,6.13799884871654,11.470894102800386,68.30793974378807,0.1948282460262286,3
1486.5747203752057,8.0,2.7893942077836282,9.785284752438805,738.8977336192631,2.56357301107529,13.50130602335953,64.96753739700983,0.8501295719650123,3
1297.8312214991652,3.0,6.051054710091956,10.69123626349921,613.9020432548252,2.8186148466385563,14.800627447434817,51.7786052670199,0.8265705836236228,2
2021.8528222456168,10.0,2.5147969429688586,7.27312265415499,844.7051015269055,3.3168277023701527,10.68105692497156,81.58541591087126,0.38440642205293973,0
1952.4734343701268,10.0,6.803267790261777,7.38373820369782,822.5448490996442,2.673238730968415,11.109672667886912,66.54962946664658,0.41376756469749976,5
1522.849944061993,7.0,2.533816718592442,7.973537075641225,759.4009209553188,2.646807753785026,11.648319665283148,72.50512333617543,0.7155244547553936,2
2004.436889669271,6.0,5.8769422035325425,8.530827027050428,822.4174496129357,3.1715699084335562,12.66223890783546,63.70868150628599,0.49709269535725514,3
2838.4534239162367,12.0,6.483894400837831,4.866581393903133,1000.0102699820496,7.154207708550273,9.116203259809279,77.60075934873034,0.0,0
1669.1006415664913,5.0,2.3226202532353213,6.5010828335581925,774.5841226948701,2.5623620683322734,10.10385585024286,72.76286666052755,0.5598588743781711,1
991.8554518765783,3.0,2.665905413428219,5.375134363016194,504.8206508275701,3.93229050937351,9.732617096039133,54.06822938008788,0.6889852381895507,4
1443.0149572075097,3.0,6.453726171140568,7.086822098753053,613.6243302127818,2.6400087012803652,11.720806163493743,55.20644794390186,0.3623253438407573,0
1485.2674564827967,14.0,1.6019928014446698,11.786832580592293,767.8981648925884,3.0522706424916244,14.941639356634793,88.62607150579517,0.7993982129725659,2
827.7717325655497,7.0,2.335326667266649,8.661847653447838,468.88386634245586,4.734627603143157,12.645406459674442,62.57742379034096,0.8436348146792003,4
907.1787513863873,4.0,4.188716343329407,7.43505215936437,467.3612693152211,4.209132179407561,11.701468086957341,49.085762612535525,0.8051755784650285,2
2211.405183484193,14.0,7.5112735012133935,8.52749516178967,872.7018767748018,3.4277672431673167,11.950075951700445,76.55577861129251,0.41340254811314087,1
1348.6943855222567,4.0,4.933144844251073,9.352612443417435,604.4155170437035,2.814889413184238,13.608108502595817,55.97121377689914,0.5524626173818767,2
2887.245979639519,7.0,3.7137449374575784,7.479627706323208,988.2740227209888,7.323393532727415,10.994610488508679,73.90380896711787,0.0,0
1108.9918633965185,3.0,7.848591555557336,7.581678434023098,540.4982104150077,3.290495710742413,11.146858006363843,44.68435304519134,0.6836741766616946,1
747.3112627620558,11.0,4.24597914354902,9.611209035053669,435.86663534265733,5.136088873036236,13.410305424308449,57.601953885558295,0.935209295952727,4
2383.761407500645,12.0,4.036144815812374,4.48690066564561,965.9487325170315,4.510709046793169,8.648217277005354,77.33049617517487,0.0,0
2702.5901297946752,12.0,3.8815102182140646,8.320644546306752,979.5747341676331,6.147974267261309,11.657468316446407,80.32167913561551,0.17723447577558163,1
1195.2833921787196,6.0,3.185260508247574,8.378622497741611,649.7904056938999,3.303728843084422,12.247003176497088,59.003778450401924,0.513285508396734,1
1005.2202541136949,7.0,3.2798636681630904,10.054018089027046,556.5689532148025,3.7444839960091465,13.936070440165183,61.29708545836886,0.8133227810163476,5
964.4153371777179,15.0,5.814859419506487,11.861158018693263,550.5856063315395,4.170419307620002,15.038861199602431,58.12898212943325,1.0,4
1805.0307534162807,13.0,1.2858491813931678,10.366038294294466,865.0875045187856,2.6889557982703383,13.622704770194465,105.85282356309344,0.7093779047451327,3
1671.0416031169275,3.0,5.772717079524233,8.030308901203744,716.113222744979,2.422157464620227,11.890540158708193,55.27302497815247,0.5681722850151029,0
1148.5995996363356,11.0,2.40843148688111,5.355625436857428,577.4632776550193,3.7625789210558107,9.723471280580469,70.12047318459489,0.6565664415480081,0
612.932792473566,13.0,3.6894560224314503,8.706087773065365,360.3390411915516,6.2378041019613235,12.783909462083475,62.45875032189615,0.9370352138763572,2
1703.7283508157018,10.0,2.025772807922324,10.674391093701487,812.1425053966425,2.6830548600029744,14.145008077177982,82.80534470037759,0.6436867608172131,0
2898.330869089021,11.0,4.869257308507288,11.459312509162661,1034.2054784819336,7.989451177824526,14.614970718930579,75.88091931288481,0.4811437961969333,0
2131.298001881658,3.0,6.105453114664978,10.602483035952805,863.0589477272322,3.093288296884137,14.224057546782772,61.33053662621815,0.6030180922897972,1
1738.7663915715461,3.0,3.4825890323945528,5.511748850900508,737.8513671899842,2.7055626061496327,9.658512641208642,64.5035769408132,0.5310548602541669,3
776.7301850740403,3.0,2.1439160427818407,9.700606914794651,457.03069973074776,4.837082126809515,13.49371604773564,67.35893898749207,0.8938780557731737,4
1131.0907263739682,5.0,2.5855390735182286,11.041239579886746,639.695688966449,3.4298169664930063,14.70594609737217,66.64731522541197,0.8203120648901647,2
1236.9348739363568,15.0,6.726790429679008,9.448135733015802,665.5012952559861,3.007454471871877,12.980593319078771,60.64706648595446,0.876293972356458,3
2412.008881518086,11.0,2.873541145418967,9.486016327425721,956.1289090015932,4.567770989088159,13.092976911169195,75.92865967573235,0.37161226468478287,2
2691.7769931615485,13.0,6.42291815107859,8.00129829000863,959.2395618555404,6.081986657035388,11.759553804204277,74.81925799509861,0.37080555638584867,1
2754.104633916096,6.0,3.3183958476434774,9.09580977700404,1012.4529822630002,6.454478885100656,13.292622832709798,77.6474845324398,0.16245660183185745,2
2961.4215206268855,15.0,2.321127880400738,6.355045753784169,1160.3375880009153,8.3898575018458,9.963389768026824,95.61730812373892,0.24333453655711024,1
2955.916707761331,5.0,6.091159917392017,4.710480694285962,995.311394115947,7.881552358070524,8.598936355754102,60.37688449787369,0.04259737864326686,0
2882.4978319199536,14.0,4.279815206326447,10.621719237963203,1098.2340460458831,7.581790651746721,13.729598922841907,83.88076508149824,0.2844777330935209,2
679.555351257211,3.0,1.2189407589236447,11.545154459132124,452.71144249945553,5.7205393821401005,14.964356935487206,81.2824675681344,1.0,3
844.4838398195129,3.0,7.71959693541079,10.854578683015554,404.2253684714243,4.311765656668266,14.621729664917448,46.2744333600177,0.9225614473501674,4
1261.1663161900824,4.0,2.034274115504752,6.671308430246424,611.5764363416841,2.9929752832625427,10.857755231612712,76.20826752739185,0.6554453722779344,1
1882.2456351611536,13.0,3.4738488351716397,4.748241210463426,863.3829420133827,2.8698495631872554,8.957949390448178,73.33597233214728,0.25489959862161055,0
742.4447217636982,6.0,3.693562444969951,6.241107101051252,448.12340059615894,5.290512602756928,10.598311619433836,55.98437897230708,0.7277331690853434,3
2614.492394505356,8.0,4.4260092948088925,10.7426830064792,960.0953469536911,5.7345541060540794,13.99631052922231,72.79948730787731,0.47351918536210075,2
2041.8904476932726,9.0,6.498108156339194,9.246516061065728,859.9754494953676,3.005601173040821,12.638981516348922,65.22911187132982,0.5515493588268934,3
1855.9110057555124,13.0,1.0426319577258873,11.733553952823497,890.4956420828538,2.8614224114822266,14.73433745327879,114.4161180544365,0.5897382648495595,1
913.2783084182279,7.0,7.527304359352523,6.741448147496827,458.3755771264595,4.1112976683045295,10.772883894830574,47.552823146743364,0.5971389203017645,0
1133.1386860004934,3.0,5.5219262214210785,8.411776962333139,526.3230309305719,3.3738062817283607,11.942050391840265,47.482333777964904,0.7738359554044295,0
900.7800624556451,8.0,7.654542154042549,10.320305773105822,454.521133329197,4.250967273939648,14.575679777752157,54.617680974819436,0.9082415197142407,3
2629.8328944869963,6.0,6.7217267619154,5.871935541854499,924.187311356923,5.5276963291835015,10.268700127577558,67.54026564361436,0.13827899951186154,1
1960.5696501530454,12.0,7.494867526582518,11.712719797277327,772.2766359719717,2.8525385778036956,14.4786381063224,67.10271964469698,0.816662522026443,1
2337.8235687990837,12.0,5.207003856549746,8.739181379934518,919.512311119573,4.203909289499973,12.387055541018253,73.09836573719213,0.47031304818774494,0
1240.0821572750642,4.0,3.5011628801402237,4.0631805065572255,579.3324736401067,3.0250218881239306,8.429119858805834,61.46528921008314,0.41238958662097946,1
1428.1315927206929,13.0,4.100398441795226,4.201226205024099,721.6908481165987,2.736850964552775,8.398000166898916,64.2261384001936,0.37875740063495744,1
1512.1374110663346,3.0,5.606226172688791,11.057728131212762,633.6814411083714,2.589439616123406,14.405364016308901,54.07330506776845,0.717857405965963,4
2400.037429360087,11.0,3.9885230183643543,9.16225222208862,979.0772221253865,4.08243698663464,12.961329145686594,76.55999516248728,0.36987228066889305,1
2430.88246918642,8.0,6.1217094842745245,10.104580152510897,929.7118958367984,4.4151951128169395,13.647506138667579,70.9880173077184,0.6299119793855,2
1017.0338187850792,6.0,1.642936112560207,10.272128007655265,587.6541101197114,3.7846225736920696,14.235824246232106,85.70955015540783,0.9565913852319226,4
2853.8471418452477,9.0,6.809906542894221,7.363678210006212,952.4564976217133,7.312687201447899,10.82602348237303,72.57172088544961,0.19569055263632956,1
801.638343609216,7.0,2.4293204774940294,10.388889969138415,470.7261179643624,4.882304454279199,13.784797153204678,62.73134583566327,0.9972050283788885,4
2740.3052060590758,13.0,7.607633266673058,11.500259558500304,949.1792178897896,6.303534483718216,14.902121989220708,69.70293830496803,0.5526421020193204,1
750.9891141245232,15.0,2.0888205995608753,5.377368862156973,511.1528036170391,5.3428065171351315,9.333293719868289,73.5197902433082,0.7596168056954961,3
1161.3495278782777,13.0,1.9041493727167849,10.113091196336164,695.5241927072241,3.4305245358980097,13.99326776238321,78.80126995302656,0.8374911761127657,1
2616.1963401698927,8.0,6.683132774111749,6.46233606092452,957.5940299512068,5.458501414622848,9.595829608733581,59.43654162878713,0.23527558734872675,1
948.7301808652186,9.0,6.7309127939211,6.571944024430831,505.15597020266995,4.118419814966999,10.56602230181298,50.37443235460353,0.7656606549802139,1
1533.9198282749246,8.0,6.171315939168731,7.30203880829109,722.6752774486845,2.527334409740899,10.940557313121708,60.211820048590404,0.47583603736126034,1
1624.6482498603154,13.0,7.723713247332933,10.909756159264685,739.2821730426983,2.5138391842598313,14.260132944471337,62.24096596995164,0.6357347026950018,1
1113.147432558024,10.0,2.8937774007979122,4.176448538480393,617.4669841832045,3.464241930471638,8.48494132186093,66.08974544661591,0.5006811906070932,1
2275.6130033399663,9.0,6.786541172932013,7.471409654482112,891.5278136319365,3.6454029317833445,11.291807408615497,60.731300002639095,0.29113704120447914,1
2628.3366235055096,8.0,3.464283710303946,9.440381196554164,1006.1078262285699,5.686204072856632,13.085836058729221,79.75419382152667,0.18128684488859229,1
2686.4378496389295,7.0,4.761790378985385,4.883323666260176,954.1373514952043,6.0363892815300755,9.040714062762552,73.00012103362528,0.21566200842334574,1
1348.3053643414023,10.0,4.1192002079093015,10.338028776139332,692.948833169952,2.7463080867012035,13.830011415588762,63.01019310744954,0.818713480602959,4
1827.1259857195362,11.0,1.0409501587152508,11.535220783178824,861.7632404875725,2.92536003249902,15.478474625190952,105.3033495150335,0.5358075887273418,0
1121.016009664129,8.0,5.021235354774104,4.727478568615829,528.0300701949104,3.5564856546370613,9.428390427181132,54.687093270273365,0.5516788967388345,4
1111.9912538753636,13.0,6.232541214347671,5.223585102647025,607.806769772749,3.6512373750641363,9.265734018414772,60.0479595083367,0.5514858405864236,2
903.1351571298103,13.0,2.2218666850268987,11.792777799569624,540.7170122038813,4.549313388867707,15.312196401109627,73.94996990755808,0.9639280032373742,3
2850.0475270187867,8.0,7.521591033251262,5.582845126285933,972.9729376927523,7.1791671357696405,9.335757401865358,70.05332514903341,0.0,0
2719.9720715139497,14.0,4.712796775929527,4.631517405625636,992.023823284366,6.594307946295041,8.680571372273302,80.98735292047476,0.0,0
2443.3967833192305,5.0,2.247722022057655,11.617540291167202,922.8040287627415,4.585716805733162,14.59766639294536,81.59187704469075,0.5573837353028455,2
1794.1538032193225,15.0,5.521632996418197,11.14098167847575,814.8738213247896,2.600365050745012,14.28089581563122,70.75691372689374,0.4973902458449495,1
1726.5197887796796,6.0,2.343458959607408,9.24580378186505,814.2819165560784,2.4543459350648402,12.16224389126839,71.33772994893629,0.5824890430327317,2
1824.364165456245,10.0,1.4447334380673549,8.411447418300426,841.0437836351186,3.0146280275106663,11.926304134301194,91.10547888204027,0.5044980081573427,2
1841.4200339427232,6.0,5.797206696934696,11.353861570422163,734.42485243706,2.8455914841986245,15.08254704693856,61.196094483118756,0.643233835579696,7
1586.407711744226,8.0,1.7748641831384613,9.244160600891382,780.7782553614488,2.568742838675676,12.78642358411912,84.71670607603787,0.6579900394232502,2
829.3870822301687,7.0,1.7435221386350472,9.267173274520559,492.1052651995501,4.720313632913812,13.124441585851233,76.26389122954932,1.0,4
814.15963217134,12.0,6.179604942272693,10.749484513615624,483.1118193016233,4.791346112802318,14.58594947302413,55.24571339462872,0.8148773971076013,3
2880.6242896142085,4.0,1.3864156324564982,9.225965418339367,1005.156315508662,7.611514010686944,12.400645700942986,100.11118548391592,0.37231739816023735,1
1705.0768989658764,13.0,6.668384253335683,8.02941509630142,775.1014988571638,2.450179295941324,11.75012089608138,64.68140886655354,0.31566212498852536,1
2883.0138122629724,14.0,6.573041310534793,7.117771983187583,1094.833754583162,7.2418482136373505,11.038445905793171,78.09623250874652,0.35472439541089423,0
908.9421942752749,10.0,1.989753996544362,8.025071142329926,549.1734618756205,4.70774246585287,12.042900293270629,75.56179574624407,0.6162631109458746,3
1886.041380099834,10.0,4.6286645309387815,8.179829192697555,826.3706725976856,2.826914564484436,12.139339976157519,74.64453469286433,0.7222672992750574,3
1019.2931333788481,12.0,1.6763784367825965,6.8866550489460145,580.5123917914876,4.057169928736578,11.266275561203544,80.22196102871649,0.634067383487288,3
1132.961515316504,5.0,5.42799853850191,7.584947271842768,531.1126153685574,3.342999466081122,11.77836541536884,62.0613926381926,0.8503083680771222,6
575.136446902947,12.0,1.440510090793826,10.41497546290817,382.9116742162212,6.489740193006895,14.204095139722895,80.63281351505817,1.0,3
797.3832768505283,5.0,7.611365994259231,7.332106949407103,368.98854470913,4.591211199272562,11.579700138727164,47.013786640076965,0.7588847195370323,4
2792.1210190729894,11.0,2.4541151475870713,4.204478133083435,1069.3189095584535,6.7646754286157975,8.737546859237204,84.78541300526828,0.0,0
1303.8324787058293,6.0,5.780262591640516,6.264154574190793,623.2544409508806,2.912673317350138,10.373782129384328,55.33720737514179,0.5321241230997131,2
2020.3230297864789,12.0,1.8980399706397704,5.853934912733585,877.4224232610384,2.8893971621815373,9.778709157072988,91.761156446723,0.4916484445444015,2
1662.5353299731826,13.0,2.4671751382874354,10.348656094655748,847.1025321543708,2.6851854625857867,13.528000539673588,79.04241255023896,0.645233342270211,2
1501.128113113196,5.0,4.1566475421835944,7.59434446777447,657.1141182338076,2.577521933151123,11.416193947812076,62.365231974489156,0.5395819539369151,1
1829.7152283651703,11.0,5.011672989390614,6.242484344281065,791.0765477559809,2.681679185064543,10.338788054456574,64.99815572673766,0.4826694929420198,1
968.0973615383539,9.0,7.992042682741781,10.485639070732997,488.2965231392493,3.9170807692702834,14.2607032535345,45.03884860491815,0.7826240991715052,3
2971.5097462989415,6.0,1.181483596636609,4.153734436452896,1105.3103812333015,8.123490091597859,7.944436822219189,113.37883300447402,0.0,0
2545.7696717596573,10.0,1.0022009375086087,5.394006741849741,995.0134144219912,5.068980725344323,9.170394849273249,120.41784544988829,0.1708750257262594,0
2354.0365818287883,15.0,3.4525696630046356,10.615638555166399,987.9570177810492,4.324928583140076,14.316498208480862,79.479884358773,0.439076063478155,2
1671.898242534881,3.0,3.5630945746169393,8.40521382128322,731.6480808856287,2.5036267900295153,12.311737609217815,60.32659264422945,0.5054550068493853,1
882.1928053158399,15.0,7.186860652690421,10.189198196635843,521.5266265996968,4.330849637099076,14.097469501513553,58.39024197312158,1.0,3
2801.6646456839194,14.0,7.3880778338811135,10.70540811809662,1035.3416062837568,6.840122334102075,14.153477862761706,72.69423995481438,0.4322234931966593,1
1353.4676684543192,9.0,7.1636748345152315,11.535707908708318,621.2980372949677,2.7660762872419546,14.671041527162998,57.03600065156354,0.831503443871137,3
625.2667242423345,10.0,2.0022512534023345,4.507396794426704,417.7231746647907,5.994860104822591,9.095933803160513,74.78484746658513,0.6726728627165519,0
1356.0091920265718,7.0,3.884733846267514,10.393877946387775,698.6244610418588,2.606208502748262,14.247446066175808,67.18537590982571,0.8357855528199336,4
2486.142576239711,4.0,6.221196136065163,9.670129185758679,926.4719091699925,4.792526322357491,13.056585220992767,67.71945295260105,0.26714916174834635,0
2056.7718624705203,10.0,3.18827747448969,5.656204805412473,895.9309911940929,3.035868264864969,9.830275701029894,74.87189414080834,0.3409321407984398,0
2377.096461862149,13.0,5.642666199573859,11.453618130720985,944.1544128525796,4.325054092121592,14.895483847533507,73.1772311199056,0.5523637729650832,1
2484.0884596559436,6.0,2.660000042337644,7.233615042451136,939.0113293739844,4.739459172817867,11.184535341892976,77.19652963355091,0.07564777057641314,0
1029.8865277013565,12.0,3.2639348057256563,11.100884219638434,565.9130665365509,3.8659650730065698,14.712899087306694,64.28465495994088,1.0,5
2809.4582902329507,12.0,7.023007545439387,8.840909637319402,989.7288724987914,7.009484158374543,12.626945429300614,76.25402665833778,0.3842436057630809,1
1594.9740073009314,12.0,2.753563252622966,8.213983572327653,794.1320409846826,2.7708764381097732,11.45687530496351,73.81715786558208,0.5311483174666782,1
2097.5341231604116,7.0,7.75026860819404,5.276191471167835,797.4536270931865,3.249014467766383,9.260112604981764,61.81530731935888,0.17892217294512425,0
505.771931466855,8.0,3.1438169265579283,11.314620994298503,216.03041577611828,6.8549569445789444,16.248654475501915,54.255271572168205,1.0,5
2983.421246027945,8.0,1.1646967687629415,8.45329525889797,1048.1860770292988,8.422235429005902,12.078467223363909,118.46070502223324,0.03181049391913872,0
1202.240964910388,14.0,2.784306326617993,4.0487392439745395,683.6829798126147,3.154296221388337,8.557618904518213,71.6043926967895,0.6066701182224902,0
655.1577663503881,14.0,2.19843459570398,4.146276328562266,494.1049314340387,5.873019386394331,8.494063690494889,76.1076621046126,0.5985650109422622,2
1645.655103841285,8.0,4.547788763522848,10.22106084014438,770.9286288062946,2.5566376752648976,13.55357294891666,60.5383064165175,0.8633172205972577,2
822.5751429551044,15.0,1.7890124642950203,5.295490827027117,572.8563527534537,5.108991465491838,8.972474571722522,79.4936758330383,0.6116509849340486,2
880.8167753939392,10.0,5.382342140717868,8.78990748502516,501.293418504065,4.421039282078841,12.626962656372244,58.93982645079487,0.8597701623856235,2
2080.7070325755253,8.0,7.124293493895462,9.448655695471842,804.6457181815434,3.1316816895819177,13.155965800237759,60.35093551715087,0.6185716532334646,1
1482.3184789255831,3.0,3.53763217262615,6.234924743587975,632.2390475156468,2.6559366120228423,10.472406914031923,55.079981080279296,0.5273599502706118,1
2804.631125387488,10.0,2.1794490351378313,8.5545104672913,1063.8548071406703,7.089691262462997,11.655294903237538,87.45638322347718,0.2593494920519135,0
1297.891236520175,11.0,3.800174970490891,5.922069967912598,619.2321027912704,3.0316833212302696,10.328421850811763,67.33778510168091,0.6510445923104452,2
2315.450320959753,15.0,6.501767750154389,11.570523418943605,922.2804157719462,4.146318616267947,14.554852402897257,74.6646243382525,0.5130413672599359,2
1652.748575387269,12.0,5.140413718557169,10.881361250793336,770.941037218518,2.4212279472800926,14.275727106968015,62.91219475967938,0.589240657781729,0
2149.878252823197,3.0,1.7080024932932218,6.304342331979753,859.3366827603237,3.1996880497137603,9.968738484041461,82.73238076521758,0.1639051014670156,1
1999.238391789976,10.0,4.7603100802892335,8.230515927602717,900.8399233907205,2.7234852299965358,11.976669354182496,69.61565233785434,0.5474104655879161,3
1681.9599318974954,12.0,4.276597670189153,8.005062857231245,837.2931992790795,2.749288866100381,11.7105088911153,71.79720538397929,0.5697412123416992,2
2875.1527365610928,9.0,3.2897857921481304,11.680186063600592,1066.7132038319683,7.520343988060233,15.090541663843073,80.78339828535356,0.4868732215836626,1
1356.7841068873895,8.0,1.7711241723732631,7.152230241470832,682.1757132267285,3.049607375612959,11.576507793666922,82.10734538277495,0.6343969822334995,2
943.0887531231814,13.0,7.867783549341924,8.497820436972535,553.9127523638899,4.076798308310002,12.489529522551855,57.677222656205544,0.6618927023276056,1
2195.2351521995706,10.0,2.232303239252789,11.429652759099497,944.1078818662485,3.5667055717393414,14.537363986269115,90.28942999643633,0.3409329905362844,1
2615.0189032697717,11.0,2.349200235535218,5.302488409412465,998.0205290097622,5.660035023552044,9.311353635564762,84.223648097562,0.4446645509581125,1
600.6343498498094,9.0,2.0190788447156507,8.403884826226705,364.10175243746767,6.371410007700671,13.245632115929876,67.71669482363649,0.9566119018993704,2
1624.0817210567013,6.0,4.991351270892567,4.845383362894637,741.5860058018407,2.7456684601746937,9.097131609871491,57.74219012454068,0.42166508935926755,0
2731.2192242183155,9.0,4.105687021378903,8.939991454548004,986.6868231116077,6.447998442761215,12.735097515427956,78.40864043861507,0.2888328011831469,1
2374.046547307169,15.0,2.746900274185892,6.925465627096037,1002.534476539884,4.459894247286627,10.153834901733852,84.82751474275923,0.1716527468834519,1
2979.5192912440707,10.0,4.005963681150697,11.741088585436806,1065.1283452801752,8.44645595981793,15.05858490377141,80.70959991731112,0.2870372873699647,0
1828.5345289931095,12.0,5.714652957432025,7.3232734491882105,779.8420674206966,2.679857966156025,11.023465147841069,66.15019938353959,0.7314131888029294,2
2149.989297002878,4.0,2.971903720490411,5.0895011003336545,852.8302080059144,3.3238956555031955,8.845540069722142,70.69418368641475,0.34747800634247394,2
1256.2007028448202,15.0,7.406720432212663,10.671999687427233,619.2464952633767,3.0835649691676865,14.244050848923065,60.98494802865742,0.775832394309852,0
2868.838999164981,6.0,3.1444236602439406,10.566933531383313,1039.6233080494646,7.232040784695909,13.927585116879403,81.85949034578086,0.25442868527752105,2
1415.8387213913406,15.0,2.387253215759973,9.558876956342274,747.2207090711318,2.907842093881462,12.950988759276324,76.3801182456219,0.6926856004971027,0
2346.2767817165713,8.0,7.681974928109701,9.990494415073824,870.4952827411756,3.9068161285269114,13.507492622732594,63.827890760096295,0.39821606140424626,1
1507.8505102977047,14.0,6.673924270827255,6.117721741515255,689.5771457490373,2.797443937895525,10.03396906587417,59.42288475460831,0.7025121533273481,3
1904.5473251574983,14.0,3.401963373904259,9.13642800338225,848.2258615807593,2.9805254760903135,12.905089377058145,76.3620182187572,0.5119589209803682,1
2299.4563375538655,12.0,6.8900229580071315,4.304158969643149,867.6626121517995,4.094586109009943,8.403024210095849,68.11622063599887,0.03825149023987448,0
1772.3353793783856,14.0,4.631699744076601,5.5751211511202765,818.3417135559699,2.523426095480491,9.619179408798816,72.88529078595282,0.43101918430501335,1
2767.7158172737713,10.0,3.4272674878274394,11.458235580424693,1031.270245797155,6.873109283184545,14.994099586068376,80.16934657413854,0.518129239810216,1
1548.2524698195257,14.0,6.8772811267745,9.91388237666127,741.7407566449392,2.4481127082145977,13.628252868207177,61.87538527439455,0.5704000292446395,4
2117.679495358313,5.0,6.265155468051082,5.845380327914063,766.6837478386378,3.0431655201600227,9.780744483795667,60.01344232206479,0.412989441802018,2
1355.9060832501355,3.0,3.085123898501741,4.891064716154305,641.1128642332309,2.7547196394030613,8.39979586452627,66.17749891949455,0.6764436811961645,1
1520.3916705775328,10.0,5.246749606805817,11.591355558948013,698.5187149111848,2.8032786158103944,15.158978749204238,56.92932637082579,0.7754092533238325,0
1600.125270583881,13.0,3.5857315646385803,4.897501328481062,801.594943597855,2.722456836358131,8.63317934863184,68.85169149976413,0.3580291811901044,1
814.5175457807131,12.0,1.007363807922717,6.056560384377986,534.4222002019435,4.954218555886235,10.17350489930228,104.81460087116355,0.6444917727141393,0
729.3091976475167,9.0,7.7327101898019555,5.461071943995657,367.5618282901474,5.120452373465192,10.114531131492088,47.14305855792947,0.5353263000126929,0
2168.7248078668945,9.0,4.847403532509857,4.059710563294144,856.9657320147664,3.285507040094369,8.520411335492701,69.53705360268327,0.19402053835908817,1
2138.794345857631,10.0,5.1890282116604824,6.513078192784352,914.9572190661909,3.494788152628993,10.851646124238277,67.78134584390749,0.4664450357067995,1
2157.274285525238,14.0,5.199239979741065,11.793430972790102,875.6953234314876,3.5733065543500557,14.7945022640213,72.8808457836124,0.635713813686644,1
549.4161133567292,13.0,4.85449022573582,6.735226446474852,288.7231687130444,6.687770991403195,11.052355059564508,56.2073367139591,1.0,5
1316.3671066794498,4.0,3.030334913415154,8.034439035742189,644.5334332186568,2.9729030318526934,11.949314241360259,61.65432656603978,0.7209329545153726,3
994.5246181479923,10.0,7.801032874356394,9.967486271374252,497.98286601270667,3.573790242627557,13.8467064578223,48.764064189220214,0.6816630757375134,2
2445.378556360031,7.0,5.351678887606995,8.408640816633728,891.5424405493228,4.419506234785589,11.655874609390178,68.1934978531847,0.18395750277690157,1
2651.576003490325,13.0,5.69644952387773,9.948732059298454,949.1926779769869,5.889985441441758,13.370288704558677,69.75841014598133,0.2533311523991705,0
1116.7009430653684,9.0,4.183549301219349,9.293086945524122,579.9613919081098,3.475232707142673,13.23274161752812,57.49301555648988,0.9165699794342484,2
2169.622897119966,15.0,3.015029803435478,8.868504183992119,927.288279065348,3.531513526541871,12.043973563297754,83.06414562617285,0.5295472428008928,4
823.4070086456861,8.0,1.4504428752245055,9.197191257693962,548.927340224916,4.730518616695955,12.707790406333201,86.16980836546131,1.0,4
1187.8813140042835,11.0,3.4516113759752036,10.39331489662601,705.9380758181184,3.458534182638993,13.72735736346506,72.31024677759756,0.8094153925721559,2
846.6362405835488,4.0,2.232682004878745,9.681531158408834,473.3670314194549,4.713021312163302,13.494710231468398,63.055109492011496,0.8704548954968244,1
1208.8019164980728,15.0,5.634617877799083,10.334199365641531,620.5818314149054,3.3390028068494773,14.153527295051173,60.14110472645212,0.6714842884306936,2
2186.8413683731947,4.0,7.153027193619036,5.164781106268251,823.4368343281357,3.291612609686995,9.036127687216133,60.823321361109485,0.27670113220922965,0
2775.817275463131,7.0,3.119284007719566,9.421389861684322,984.3833077746515,6.688462531576317,12.902191700258712,84.60326261028239,0.3133505004141338,0
1006.3060198104649,13.0,3.330178377898326,9.896175298604266,586.3404552959836,3.8604570659426583,14.262608630177617,70.67834747607799,0.8743050959098105,2
1855.1975873767979,15.0,5.692551526803082,6.399731459974676,822.5246392484045,2.7733834560631916,9.959172849533147,65.98682730554471,0.5901264948188999,1
2253.477753108581,9.0,2.0449000396886543,10.996618622746258,923.5557182252269,3.535694724568508,14.134167423417576,85.4545374817723,0.48748107921733375,2
2882.3061712139142,9.0,7.506061986743894,6.437692826421603,970.100794079823,7.181095402459606,10.409678494468352,73.36770266449824,0.25178431350813646,0
2025.1512072179346,3.0,3.5469274671783815,5.950656955011978,781.9158574076491,2.950277725161043,10.163568212145645,67.92669485815729,0.17598164638315428,0
1137.7673275684517,15.0,1.7083961214874226,10.93677452384409,672.3967186195707,3.8983856881687395,14.56242423428256,88.27391944052712,1.0,4
2063.6953922848406,3.0,2.2227880344444904,5.9761587049314135,868.9413788682571,2.909887598468348,10.381563352570847,74.28383530225935,0.27482082008346775,0
1301.2279041950405,3.0,7.529222532052207,7.324019699454401,560.7301878756139,2.659147972332639,11.400210074998085,50.73012497501101,0.7630115674273092,3
2940.320976729269,9.0,2.72983501858314,6.943382640294551,1064.3782112272854,8.006888238605884,10.032019536110022,88.17061243259988,0.19786721665731205,0
1499.1903379090922,3.0,5.635881626819005,11.184494580466179,593.6350706361435,2.7610336732930985,14.768958466275091,50.841914871332804,0.6876376133197313,1
2213.5693019025357,5.0,2.093156564767856,7.641885906303714,918.4123037818039,3.6528191484456496,11.141936463289264,84.79124166037612,0.4269109903731467,0
558.0689558668962,11.0,2.358711846441444,9.554471466369725,313.64670588890715,6.593898563336408,14.289488109164283,69.99418147013212,1.0,2
1500.1536153368884,12.0,7.154667532299843,10.352311237150632,727.0328977174572,2.596700128738964,14.156648763630937,58.161785563740125,0.644974455889662,1
2687.769033306279,6.0,2.0362325407179327,9.02322864597741,1004.2380619930641,6.013925045871975,12.04231047779232,90.1186024864749,0.20664200481509673,1
2025.5686110831145,13.0,1.1312541071539541,11.549555986599318,917.0333570251724,3.222290200252391,15.235884956445924,113.73350854715508,0.6589898862657775,3
1609.8572159899409,10.0,4.508632326683934,10.420060234048066,711.087127959945,2.5409029212702,14.222383512970039,66.95983515809822,0.6735534147187656,3
2839.8437485893146,5.0,7.039087692840543,7.201653021398905,1000.4795989706446,7.081069757243543,10.783957332902473,71.65018851751626,0.3035813639091943,1
2634.960940368073,12.0,3.281937317909373,11.606494746061465,1039.55359775616,5.593263025551675,14.807093248240522,81.60010887657496,0.49935846382147203,2
1305.5391845573456,10.0,1.8971358945199737,8.196598666170672,724.9962213000147,3.1795747778737597,12.34631892542678,80.67657788865205,0.6706842477579152,2
1861.371005103349,13.0,7.875615806959464,4.180618583559167,836.4781615356086,2.7064177330224264,7.649298539655438,56.31597715911687,0.3564325609959087,1
1724.5606402311569,5.0,5.737170406425893,6.080106237223174,730.4316308510203,2.4949081086044957,10.153336425566911,61.05119160370307,0.2481720976992268,1
2080.506250287156,6.0,6.954834423637095,8.973836696298132,834.0879496398969,2.8772708409847003,12.884041651458066,63.49091427075371,0.4072130225457253,1
1335.2781673968889,6.0,6.264967906302466,5.254519218595494,603.2823281297631,2.7014357843057764,9.365492865638727,57.997948812329845,0.5913426499568335,2
1110.5125019147206,7.0,5.887695917924331,8.672544359145629,571.8779459741035,3.6035569331272574,12.699112815918632,50.48582748352391,0.8706519432019463,5
2781.6795881388402,14.0,3.6919484699164418,6.892784178460238,1041.6730927246615,6.772445474810808,10.618449752694156,85.95451314531014,0.16072400003903706,0
2809.686248746266,12.0,3.2703799524254755,8.275083840466191,1040.4133454517262,7.018887443031769,11.596826256410635,86.49960248864905,0.3718395466160939,1
2608.3072144049474,10.0,6.0187101712613185,4.014998782986023,959.63788113093,5.4026235482421425,7.787613795085733,69.09923562657737,0.16383978136189492,0
2945.5110769114035,10.0,6.016991057240611,10.787370837349588,989.1981220026028,7.93672035321619,14.326580466907544,77.5947655881588,0.337319987184945,1
2362.4788144492213,14.0,7.654118688343653,6.895403902204227,923.2398497094722,4.04012158889999,10.448408356150704,71.85282713308399,0.2773583046335569,0
2411.668071404999,8.0,4.980618724938257,5.121267474223624,909.4990415679225,4.439009711959393,8.591568997806858,64.06934145887098,0.23577796877564713,1
2406.4752299066017,5.0,3.0623477405137147,7.50332685604064,871.3134084040339,4.458821750536201,11.2487908403991,75.4110055984555,0.23737102052886327,2
1701.5190773557663,4.0,4.426701595313342,7.889418347910673,719.090762701941,2.574166208463888,11.50281010145995,57.26768010193614,0.6689859356143567,5
1641.1304862856791,7.0,5.295996717081434,9.09922168396951,716.9848946039198,2.437941657304029,12.387458887173235,54.712821277860726,0.5191413284224293,1
1100.565690372508,11.0,3.9871085970383873,8.196499522818238,631.6302353135391,3.5703504179034717,12.031655707554597,63.15381579678298,0.8340572053674249,1
2112.047985898226,9.0,6.537931863516837,4.348188656536501,844.7666837407239,3.2864880336846345,8.617056334885875,64.10170177585827,0.35358199945860247,1
1223.3003402558363,8.0,5.092292485510864,10.972098576622118,648.8988071747012,3.1244910328038147,14.497362672247272,61.226956642321234,0.785664864898825,1
1144.521024255886,9.0,1.066050093393554,7.65207145429569,666.9855236740945,3.4861706350592,11.166705217928314,102.27290101740977,0.6318442312679534,2
1964.9034352401368,15.0,4.98887921762406,4.615902180264071,861.2508100394058,3.22107509178967,8.763293813292158,74.01134170510473,0.2922982621507562,0
1524.955970562608,15.0,5.435226501593027,10.182625892233482,754.2814224630588,2.59785974044168,14.005216265333178,67.81508617114253,0.8205704786027406,3
1047.1415219865805,5.0,7.406828760808494,9.281235350264545,482.2353838187561,3.745448055786924,13.846492512522467,51.63492008343268,0.769002051783437,3
2540.1400418820776,4.0,3.8960517156493197,9.195502182153774,939.7809153294618,4.940074510227775,13.134136289244559,67.14238463840587,0.2642029510626839,2
2651.4247982359398,6.0,5.021273614899508,7.415312013884488,950.0786201564241,5.827060726715642,10.793191084400195,70.05901750860404,0.37362378717492184,1
919.2487991944524,14.0,4.324982155000617,7.283976500967907,540.9714631443483,4.474020258256858,11.5524142091789,61.643169892371056,0.7606073535296817,4
518.7675819999997,8.0,4.721594999282198,8.290709091098742,212.36990806593033,6.612106038723896,13.422101376731014,52.85629619071586,1.0,1
1340.3249213234344,14.0,1.4711284946829752,4.404755303192826,764.2530399829066,2.926644616746737,8.142036886127825,93.95570499160877,0.5337540812292325,2
2493.7770892018816,11.0,7.280985672731711,6.391662113743367,898.355836044916,4.588389729400038,10.282892329170602,67.33629979727462,0.4536037722805452,0
2597.934665585811,10.0,7.372886378821379,11.903153388498989,942.7898250431722,5.330456204266026,15.712713775351904,68.10347152649803,0.6183183284473003,2
845.822675290123,6.0,4.836417268898429,9.297539913024607,411.72020952727553,4.677497462335437,13.698078742786,56.809612341954,0.8025287851521409,1
2435.8397529576278,7.0,4.895888610046619,7.351473323338577,943.1681759454183,4.404949138297869,10.736393568919285,63.53052495599142,0.3198837799543722,0
789.2604182735736,4.0,1.4028922516076818,5.778904823523624,471.2739739485735,5.000339470324484,10.053892693069653,81.78948537963173,0.6522787202720182,5
1475.156475391323,9.0,5.185653591838298,9.961674895201867,738.0421910673848,2.5000836424078217,13.654984170437778,64.04628699837913,0.6494848523153903,1
2996.52378752979,6.0,4.004062529154137,6.082322477649531,1000.3982151593522,8.343815734300325,9.354959926733969,77.68653030541267,0.0,0
981.4770580772745,6.0,5.963305411641061,5.298960830770363,522.8532509032498,3.803608925553371,9.025466435611753,56.789329309242824,0.6691929461990362,2
884.908956444066,3.0,1.3298744161690066,5.236119201874298,521.5901264605061,4.468911883062025,9.525781317197211,84.7816785891159,0.7191747144818159,1
1557.0008313669837,13.0,5.976213779106429,9.83410623331786,736.00887772849,2.5832603554464866,13.444469830408885,64.76218094420838,0.6714711295125163,3
2049.1713149246534,15.0,3.008256766826197,9.14248203430974,914.9313104078469,3.1017891243544677,12.11377944099449,79.03663044421955,0.4211774016200202,3
2832.251956033133,9.0,5.5619373131717555,4.558448794969845,971.7233905798017,6.961780063399514,8.6306357503869,74.31812999984898,0.0,0
2952.0528638325854,9.0,5.389881827184861,4.92034252289762,989.8342632988506,7.886298034402255,9.158505137754478,76.69754387869932,0.26612108954409086,0
674.1015914784866,15.0,2.587890392425628,9.070774938828617,440.90639793213154,5.637300976214173,13.005428980249905,69.93642493187647,0.9096465439767695,2
844.9937933697634,9.0,4.083166416513867,8.568928814977273,454.69026647315985,4.816146483221564,12.609699202733944,54.9159363318176,0.7980409054747488,1
2476.8449347399846,11.0,6.849432813373272,9.487992482974509,966.4626087082963,4.704048179401234,13.1244972209968,65.91563076097736,0.441254495463599,1
1176.5803806771512,8.0,5.239141505163417,5.424311266906096,557.0624372420009,3.0157623360275894,9.731641287180498,56.77428242175505,0.8546971042948048,2
2712.1226487659014,9.0,1.4811681138488804,9.812703249737336,1041.1026080957683,6.225705726941954,12.71505422132239,97.18884636440669,0.40646317403749516,1
2158.633143072717,9.0,4.1003618192458084,11.488771738644399,895.460961398411,3.5496191086233164,14.515055514167873,68.80455837489983,0.3642537684440308,0
779.6120059516929,12.0,3.182400211445419,8.808402516283529,499.19033112220677,5.017405790252747,12.61010380520944,56.35459271849041,1.0,3
2581.323212310018,10.0,5.4915197523814285,5.569040157142271,970.9468036730475,5.540545035324435,9.165857042915677,74.23822492160076,0.0,0
940.8909500201896,9.0,5.301947589066826,9.436350842272851,535.0840555050612,4.082216188975066,13.680352409559884,58.18764583921448,0.8621700587641703,2
1558.7384866991345,3.0,1.0727867105709836,6.744653468368515,723.4488592664716,2.6998770895727304,10.813437988117485,99.75333350887456,0.40300459630662183,0
1880.462321398325,14.0,5.253868565929241,4.394301971085771,845.1630580932767,2.9467417942428202,8.095235605053269,74.71915657100652,0.28637787105454293,0
1751.9153727006958,14.0,6.143947577894557,6.418709562819988,790.3852392300552,2.712942427557245,10.218620204812975,70.32702230705932,0.45815624381656955,0
2215.407289037876,5.0,6.381110226811028,11.244680815601056,863.3610480398737,3.341620704229659,14.922635965451255,62.99618251420614,0.3676649493329569,4
2131.7168371731377,6.0,1.412830392729728,7.289114561407802,947.4054611015006,3.2770824148790125,10.788537002745743,94.44546787343621,0.38289626831337426,2
2980.105013820137,15.0,3.125608919769083,10.91732270424874,1080.679271607995,8.533014164179614,14.451203160550623,87.94911530733796,0.41018653599687444,2
2998.5547730604694,7.0,3.9489149238606673,8.069274748182334,986.7285766207391,8.309499100545702,12.08268114973303,78.86706821903846,0.1690522487907271,0
1791.1485065891025,13.0,2.2584019545643828,8.1358239116768,872.1382493462286,2.9080824059508017,12.145726691693731,82.05526295278665,0.4029349067047296,2
737.99771740216,13.0,3.945137098155069,4.041730568519155,490.27140917054373,5.286605843521299,8.50755337574836,62.233264719277415,0.5920627353538283,1
2319.6082474217956,14.0,1.4979067507791464,9.096832586311777,1047.2794260003425,4.216835931831848,12.944398828283193,104.11934130054806,0.36829284261273443,1
2941.660195541473,3.0,1.792520981049361,4.862510760243362,1045.9962902518785,7.763726891713961,8.601998813322552,90.20027576773376,0.0,0
1295.8159690725508,9.0,5.6808633399039365,7.8299873174564345,670.465360513593,2.893010239682234,12.389353532861206,60.80729206686334,0.533902777443543,1
1653.0222145939345,10.0,2.838007228121085,6.082534845264791,831.1426643190811,2.5598522456029666,10.027801374353883,71.98616357797839,0.5016212884270712,2
1561.9423120386398,13.0,5.979840932357007,7.139063726634519,778.4960447919717,2.667490030605392,11.28300681934167,63.717150478508415,0.577208223219818,3
628.5478863923233,5.0,1.3367596961166759,8.296618845334407,387.059745856483,5.984847063941893,12.391786490974516,78.2375617251024,0.7477487813969179,1
2180.661078058612,6.0,4.93892137130452,4.115712916815783,820.7865391071451,3.498474121662591,8.341303412006445,64.14316211700546,0.12046039811711652,1
1383.3442376711696,5.0,3.740140645107882,6.2766686661729825,659.6687809395121,2.731470026141786,10.41840575226214,66.35021521688894,0.5546374964445331,1
2468.6596865787556,12.0,6.578799743408257,11.916895474334918,944.471420928377,4.615660182915926,14.870073139319297,68.10564180746674,0.45170859608694824,3
2580.3001882049653,15.0,6.487661061438933,4.459193006564477,982.1753857390681,5.421764666979569,8.132999933770963,76.36446427360245,0.14119934544148377,0
2553.0769664946138,4.0,3.6289174972025573,6.555147905258947,933.2096510827147,5.037335430445043,10.266910576774901,69.70115239156533,0.4300390858291454,2
1541.6649950997003,6.0,5.358998098614,6.571371799717186,728.7427659194394,2.696197474729884,10.794724908756256,50.97106809771823,0.5407387548578309,2
1303.8642056022488,6.0,2.592842081736417,7.035087367462101,641.5315606045109,2.9818640132799734,10.405658243585096,68.85618361055434,0.48203335897411725,2
2372.051949167637,14.0,5.062847853262942,9.478247347538762,975.8434727780318,4.287327206587224,12.831469650965882,72.90318426111101,0.4409730675703759,0
2503.4735846068074,8.0,1.568852857632657,5.981950389463717,995.0614618141111,5.059330399790143,10.178702356733151,97.2363638844571,0.16562675071976882,0
1728.1436159784155,6.0,4.04222998883027,7.682154753088422,737.7360808896108,2.5791099195014686,11.086499777853543,66.09388503380326,0.5055824956053638,1
2732.5775488407576,7.0,2.279093770766764,9.158908534819593,986.4014224231873,6.187978258469775,13.024702299603579,86.35582398324392,0.36543186313830417,1
859.7717401963957,10.0,7.1836682746406595,6.578576466628709,412.1297960416996,4.405392612129192,10.552948946686906,52.93489270675364,0.8321306039511035,1
2697.6719491474005,8.0,4.114305725767823,11.590180644026038,999.2528504921868,6.235868714387721,14.556499178661152,71.95616212182838,0.42062979510747456,2
740.2380824297031,4.0,5.135416240462744,11.837381079541451,373.38071609268854,5.164537223843254,15.680769043225311,50.20642785624219,1.0,6
883.8138051365347,13.0,3.522673022310073,4.957388541500089,524.1564660564169,4.366063785685023,9.786818316101495,63.30160637734149,0.8229444588731573,1
1834.600033184901,8.0,3.02118724667862,6.750559075206481,770.3587681155259,2.7806647818114345,10.40273959804761,65.21045675729133,0.6048989688849564,2
668.7962004685376,6.0,2.420438481430735,5.6637765584518025,397.3700607795611,5.631110655060638,9.584128428878682,64.95859220363741,0.8617850311994706,3
632.0177535002758,12.0,7.383101078669137,5.494316764456921,328.7284634824479,5.769688106742473,9.741114025385965,54.845792566422325,0.803192996062366,0
501.2968604142638,12.0,6.596260476988668,7.927838706706236,140.71211633019055,6.667187947875486,14.257322712513695,55.552398839971346,0.781468308598934,2
1590.7916492356578,5.0,1.9328280110172162,8.510616865079031,722.3950125162058,2.748224708388473,11.80684677194433,83.46298197375557,0.7554034452852838,1
2436.5597032305745,3.0,6.227074134042588,7.405216324780794,857.7439853822152,4.202091704925823,11.487423680049998,64.32154445116689,0.2949920924959356,0
587.0958756997892,3.0,3.9297154392565723,6.180438984778886,285.7894886227246,6.041853255743637,10.982963935345744,50.6811562180447,0.7954071799907717,5
2130.6440161646387,12.0,1.107776584723989,6.228972594029117,938.9959789907913,3.5004416592472247,10.022380881335339,115.74362918184201,0.3570978001456085,0
2557.818293540466,11.0,4.698571242633554,11.937025250725846,945.3455516333375,5.4506754040669305,15.255639701263984,71.6870368574988,0.36277483949680855,2
920.0021214446779,13.0,1.9103250805940628,11.389418991922003,583.7831591316781,4.509423319769083,14.695386910298947,73.59237982255001,1.0,2
867.1593370535106,11.0,2.4695401916551627,4.607190727914857,563.0008247138095,4.550477251786405,8.898311764535592,67.53658780054236,0.6703497582871512,2
2652.00243405134,8.0,5.872286729968651,9.252405215969006,952.9366334002739,5.940182221697151,12.388997882919318,73.56924160365614,0.31998253239923036,3
2557.811524875237,10.0,2.799994259988373,7.655020859878754,997.2466102167554,5.1405750112639215,11.69529044953512,80.02343320952093,0.2606169037017252,0
1847.354415660467,12.0,7.243217412892716,9.510512777593295,780.9238944704366,2.7191798666740272,12.76348673662637,65.15398754957421,0.568990141153981,4
2547.9996982349508,8.0,5.600188308969189,8.775685644324428,913.342532015091,5.191019573917391,12.467733063895546,70.91381433187884,0.1159004686165988,0
731.8901935612369,14.0,6.825984394375664,11.114019200659339,401.64074049454155,5.196848571557552,14.688107095129963,55.84163833424297,0.880420756238298,1
1486.203794846886,14.0,5.306326768311289,4.5359065143106,697.1286199913603,2.820374793009447,8.496136696598041,61.336397789626815,0.3776987412231163,1
2344.4938902659324,13.0,7.081947137154111,6.796783296461644,941.3577242845225,4.06430441398593,10.429873524954605,70.94530238034172,0.1796980376394106,1
1143.6298983099084,15.0,3.5317927251550514,11.883953006204678,676.2419796696252,3.6229774851815324,16.18146634246238,67.1601780303822,0.9147671058458353,3
2380.822286083882,8.0,4.843984038199058,5.458282791924934,915.0344752706362,4.063052904021672,9.345262686068452,74.30330472622944,0.2796978298098528,2
1760.4465109770347,4.0,4.611232803110335,5.018667516053178,750.270894865152,2.6008951284525557,8.803482591874388,63.02680529897757,0.36901061324445716,1
2375.6649698705824,9.0,7.326534956545793,9.831776048004603,891.1512731035766,4.150838025771668,13.164089335341412,64.78718065679683,0.5772992638197921,1
1661.6990946433239,12.0,2.154407860260295,10.219481280139707,799.826953950689,2.8537701983578447,13.24623956376984,86.76408020584674,0.6454262107570535,2
1419.760850554544,13.0,5.046425342306847,9.378188381397282,707.0681282791546,2.807961763157855,12.957250115786602,65.11834694434403,0.6917209164122926,2
1047.9730411965807,8.0,6.281018359588862,10.209566630079403,520.2883397229687,3.841273662462249,14.51274043395721,48.01741190478395,0.8267114548320877,3
1020.9483535875376,6.0,3.5903483237356224,9.549772576745378,608.7676506059255,3.909462198425433,13.35267231578118,57.68603816048611,0.916876796246747,1
2378.72702642849,8.0,7.073070672311834,5.086165458313414,904.6061176849821,4.191844717696255,9.290750597879331,70.17598267044752,0.19881853891466794,1
797.2758700849013,13.0,3.6111033695441384,8.865775179828056,505.3809245045444,5.108030229633669,12.497696758100957,60.12866342823389,0.951080232044926,8
714.9558752773628,3.0,2.213161319271413,10.21501346047626,429.8569115445424,5.471676224735745,14.063051672603605,62.05537972752832,0.7777323160104352,1
940.7284125553253,7.0,5.088338487835222,10.924132850595743,529.5507162502678,4.218790837124013,14.648247657548447,49.11941354169973,0.8142335068917355,2
938.3662786348048,5.0,3.9439760702611872,5.969881941469661,464.1968232280526,3.9021567237661876,10.01700513946005,50.993337934635235,0.7847861207755943,2
2557.7690570172495,13.0,1.106330732774032,5.0194460875083085,1039.3612169121907,5.2808457339346075,9.0223552659302,115.30830159184248,0.0,0
1496.266558685531,9.0,1.4888701474545225,10.248723548660637,758.4052670692008,2.932055304287921,13.935902215752584,85.57948558024626,0.8279207934375701,2
2975.971143401206,4.0,2.36694026144613,6.052386760285323,1048.4484574197893,8.064516603529029,9.99151863143511,82.25407140360045,0.14075710042454267,1
843.028144476531,6.0,6.3853097166270665,4.255435826567099,420.9988774618949,4.6881874884514545,8.734688558921146,54.041699775403146,0.5313297083664028,0
2133.8495642341086,3.0,7.244276612236238,10.601708509194435,781.4488636551206,3.261599303036991,14.38068075435152,57.51267841185972,0.46220998568795846,5
1621.8237680031266,9.0,4.819486118099557,8.04792907048688,732.0594665826758,2.505865613225703,11.712254630296984,65.0242628558385,0.7817941955793345,0
1482.295441742685,15.0,1.7389582375988644,6.613065059427376,825.287676619021,2.6234028779709266,10.331791794783655,92.60107776804304,0.6533052317447794,1
2687.7104976352057,10.0,4.740932665692922,4.091432841852393,955.7159156549207,5.985400354362841,8.533285673055328,71.20753322470748,0.014264155180368698,0
2938.989114570999,14.0,6.989238224178615,4.2826195576635815,1026.427765808096,8.166462058454693,7.911968783338218,74.47998045506147,0.0,0
2682.147396935447,12.0,6.246343403858128,10.340986164482358,938.0552390552529,5.898066819621115,13.222410992573343,75.72454997131668,0.2979090381503507,2
980.7516975878326,14.0,3.0376871458816246,7.917647079718916,576.3626186306974,4.056817033172656,11.55954501149036,66.65653743060489,0.7861138939863217,0
1051.994803022335,7.0,1.8672342650185048,5.197776394371681,599.8231763777508,3.673625772771613,9.461034528214148,76.75179596283465,0.5797324826669016,1
2140.184697737658,15.0,7.304771898335701,6.868045017992145,888.8177670156886,3.5205303015035807,11.016353828861899,74.64762308148431,0.35361487286621873,1
1222.7089540954794,6.0,6.978621226425477,5.322441180300183,560.3893302248008,3.0357399191247962,9.305830974435823,47.458627735949065,0.7505449541298652,1
2336.81282695145,8.0,1.3760075560165805,4.903052425443093,983.9044945127948,4.113088975493743,9.363741962499407,98.90173749925593,0.1807682156665359,1
1916.0516270241117,11.0,6.76572142877195,6.210462565393149,838.7135563926992,2.9581523375752505,10.074496386334276,63.43393603251071,0.2732063862197633,1
1877.2719212260074,6.0,1.6804884644945766,8.39606837969918,830.071048329599,2.874412720386261,12.003689138740743,83.89752456752034,0.36325889780439163,2
2571.3673120969643,6.0,1.4429854338142591,5.680052862497815,992.8370168798036,5.2529323241428525,9.259951998650006,96.47021240985906,0.2125396085238862,1
2276.3319293566947,4.0,6.310206280023817,6.749368650278137,825.6712486532786,3.5791971366132462,11.144292651832304,59.795362333615095,0.24989846678418626,2
566.4444124932293,3.0,4.754174353474706,7.823447071651677,256.08377358408956,6.398451841076213,12.5580045549691,46.23917986755139,0.8847520109523684,3
623.6478428650393,9.0,3.901836168632232,7.360237913465215,324.77563836585193,5.990835496047917,11.456237185514162,56.108508358017154,0.6473905401794023,4
2003.8961311400392,15.0,7.327035371832153,5.029022392970317,894.032133885234,2.820077165697143,9.710831965664127,71.08804471217518,0.3477036350188307,2
1715.4801890556887,5.0,6.875125004474276,4.310925084287105,733.9200306199765,2.268492863946606,8.54295211190535,55.806559930919114,0.2321032306741706,0
1150.4616383574785,8.0,1.4033643008293963,4.283669815591511,613.0510664530344,3.34249786435913,8.747426162455497,90.61354217791724,0.5015329722134694,2
1546.640218287004,15.0,5.312610693588207,6.801432144222939,743.9181268521279,2.551069910942416,11.163450574904866,64.98488427538116,0.5069003143135945,3
2394.775796832151,13.0,6.405871822452208,9.750416628298582,942.9655461495709,4.132305768968551,13.383907393550428,67.71007603728921,0.5673898549913172,1
2566.528711644825,3.0,4.853434058424664,5.050042389834165,902.0058014418589,5.055535753511273,9.28096108580783,65.11340580951713,0.21191124301249847,0
1903.0576697251104,9.0,7.8810384935333175,10.295840930915404,782.6328167399994,2.593201367258188,13.793649717964021,62.031264525280285,0.7656459373880388,1
1463.4237021427575,4.0,5.802332532532838,9.725394474510693,635.683315690224,2.5418025571686327,13.60221885125483,56.5563061055524,0.8134901972189628,2
1176.7419037377676,6.0,1.7290010888791771,4.0315479270848895,669.4420200283314,3.557993494917758,8.215658327365631,81.85023790505281,0.6480109353713487,4
1804.7961769231335,6.0,2.3880860839996743,4.213982983854761,803.5817090737206,2.6630141652762744,8.284293069249266,75.04328511141794,0.29298531573649494,1
1286.8740464109524,10.0,6.783719348396234,5.560265724304413,684.6810435951173,2.948332905162664,9.624367811943792,58.97252400649167,0.5531286288290633,1
1910.2378426180574,5.0,7.977296712010101,4.44896728840468,752.3638364131258,2.713507693433173,8.416683680088651,60.730061435763076,0.40921993631776965,1
2191.6309562740944,6.0,1.6883748681067279,8.250744842162447,870.269215122228,3.549635682370859,12.036611595009468,86.11570054055947,0.5762749034072883,1
665.1980272984871,5.0,1.7023052249153388,4.317018091667326,438.9807286625145,5.775420960316677,8.947071566445723,71.26788039115219,0.7917330273255608,5
502.66866255686807,7.0,6.343709379002984,10.42116670396318,158.7162080959106,6.760743937077063,16.144946513271954,54.797614899698004,1.0,7
1030.6928471018573,11.0,1.4504799720157768,7.943696551566484,631.4083803747099,3.963528547530007,11.974713271249234,90.24171299522973,0.7263744542220643,1
2736.2787442969525,8.0,1.4799208124539323,9.823634933379822,1050.174585951606,6.7835831387530225,13.82217340516742,102.43759815128742,0.45734533991785137,1
2115.7269080713977,7.0,7.2217153810676376,10.00562040748673,782.4780015652657,3.2917686091388747,13.832043768529857,64.1466169795821,0.7053057364881543,0
929.9008798425572,9.0,6.603148686229156,8.05411151736186,442.0562888426003,4.066435678373192,12.09138693958131,48.378551487140896,0.7417919537557719,3
2725.659904559047,10.0,7.170942399050675,11.402903010027728,961.5763234154703,6.281839927254309,14.81451778025524,68.68322085494604,0.33700332904226116,1
1674.88985071835,3.0,5.553593814929275,11.921926190842465,733.1453441498153,2.3853661836930575,15.699137413979797,52.51581983964387,0.6333410272845281,2
1690.2293916966516,14.0,3.257754953572009,6.873717488116367,835.0210206757298,2.7709963357401266,10.38038363944883,75.57571039390052,0.5714704770693074,2
2838.8548596066375,14.0,7.344192332329538,5.006913121993868,1056.0771574169032,6.947454547050138,9.489254552124224,74.45137108469466,0.0,0
648.7167304583501,10.0,3.0910646748210224,6.905905429182935,427.1735940741189,5.732552720750144,10.919310523784983,61.18412041700328,0.8678241911241469,4
1037.9456865717962,10.0,2.9285758761839453,5.786831176114161,595.07239060225,3.902165175488721,10.150417802472607,64.9341818871506,0.6915290785550149,1
1964.428312886806,12.0,7.204802934349399,8.248045336494002,847.343171789385,2.999944730224779,11.897284690562799,60.09284343371259,0.45326472131858037,2
988.7162739550101,8.0,5.7657581474524555,7.027100810019212,554.5032198371543,4.006692309689012,11.030477424403848,55.948355800821105,0.9062611541862091,2
2198.817523022394,7.0,7.2697045929646995,7.843595314294327,827.8507360261433,3.553245097799881,11.15154081111023,56.9550161968527,0.28967407330436945,1
1035.2307233418005,7.0,2.091309024777807,10.105500608608011,576.7169475209135,3.8965309995814343,14.060781719831978,68.85953154371572,1.0,4
747.8924264970358,5.0,7.666077584359419,6.192167796334817,352.92289689572397,5.069871041701597,10.31983559528916,41.35919575939152,0.797333203392527,3
1017.4628991020994,13.0,5.289195096902289,8.299797797117805,514.8249734044556,3.8562111430213455,11.813950033380085,56.87928652482237,0.5447930415804958,1
1556.8350856801555,7.0,5.676245308653994,6.681289994629507,704.0291192052705,2.6600479018191128,10.929230218417677,58.74429423330347,0.6682236883527477,1
940.3457479326996,6.0,7.3984240622851605,10.27968691296529,473.7540908269303,4.202582089997681,14.63291978649317,52.218361576699955,0.9631927820882871,2
836.7300623083682,15.0,3.6652708228624005,9.11629305926157,539.937423955704,4.823973565323997,12.745316612350265,60.054183777826424,0.8119504691916503,2
2650.704715547352,9.0,6.037024962871035,4.068037844084886,965.8239240310118,5.744369894800291,8.376320990950783,68.77409328481092,0.0,0
1300.9930089932695,11.0,5.482384347871388,9.280410728841748,655.1100833824535,3.1812759822395567,13.201911966257034,54.706940524095224,0.5475475164327296,2
1401.896716295634,6.0,6.514269032061722,5.361296064532659,581.9291326800018,2.689098081491847,9.485079770496597,52.41328098866342,0.8346943413574753,3
638.1760237530691,6.0,7.278599542833151,9.795790321624313,332.9728123766352,5.756845146665001,14.418255634641024,45.84078046131534,0.8572586841188758,4
1393.4240587551353,12.0,5.760425988010662,8.538709334763665,679.4214898123298,2.8759542128922297,12.224487908773913,63.6513696350223,0.5895467375527774,1
1162.017943303949,8.0,1.4734768815214505,7.211861421785398,630.5883619128746,3.4260637033432433,11.280263754041792,78.9845079865394,0.7361227539171433,3
2026.2126683544714,4.0,2.2819824209484616,9.552531433658068,875.9217277312976,2.946014798499627,12.677809133458133,77.20671036625444,0.35617809982968296,2
1013.4757441810167,13.0,7.677847275869588,10.852746286950241,562.17985983867,3.9065424611736486,14.11567883119545,53.03152789281862,0.8617463430712277,2
2720.9136326571015,8.0,7.780553313640583,10.229949710896586,943.3966129381811,6.151872026942758,13.981668055524695,64.27209781287577,0.4212731896818938,0
2824.166552298888,11.0,7.771893195888538,8.363034212575261,999.4288355835749,7.164647871020146,12.09232095112242,72.16425528624536,0.26805754229081213,0
749.5776429419755,7.0,1.2575958028008258,9.781554562076238,433.625832504163,5.356319299438832,13.683116311298209,89.08729823788742,0.8515719738193046,3
768.507390721443,10.0,3.677137175645928,7.311316435142029,458.77209529056495,5.054721515038161,12.02443096288048,58.70075123004202,0.8149926114532006,1
788.3160952774699,13.0,6.317708927915972,10.31220897250503,488.24168715412384,5.0689532437705385,14.669449157623719,52.10088271717115,0.8976814644745127,5
2048.9231407757798,14.0,6.270200625604816,10.632415132982544,850.4329407624826,3.168084832588094,14.171272686541162,68.75536020643163,0.5849932848350425,4
804.9224105240572,5.0,1.6013623346497097,5.09835069501119,446.33773050623074,5.069389909344275,9.048001448511853,73.34178595011105,0.6207608884407241,0
2630.9557948256656,11.0,5.266422209626633,5.90425087675157,982.8897471925195,5.623350496658288,9.6873093366643,75.51458924961999,0.09201080925636282,1
2385.678787344731,14.0,2.0000873297860022,6.159909898793267,1007.1893717013241,4.504553007986408,9.69128913848285,96.08155147776125,0.20919530008403944,0
2549.52214559506,11.0,4.452465330074554,5.3286537518567325,993.2919930971597,5.208783091537674,9.225343777171132,78.00528787797866,0.07157402955228244,0
1815.1513172150521,4.0,2.6777999058878503,7.140280055179366,751.1494615391064,2.673963397839534,10.677880088984157,69.49872152417342,0.629663423343538,0
2991.6930287978835,5.0,1.3721282021430938,5.544265691596898,995.187158719667,8.288060867334714,9.032905791806279,107.01260477323821,0.08518659687246191,0
610.4377573604032,5.0,1.560135978686267,8.764314487412875,369.7896249256924,6.155512221018969,12.290795178797712,71.49962293576571,0.8094629246290328,1
1503.1624104652833,4.0,7.376250648109357,4.812923543180927,605.3909971262333,2.5578642822998297,9.042538393598424,57.51443692712835,0.3070042470593042,1
1309.8416723440905,12.0,6.2125217494107385,6.159353224214051,640.8013256287891,3.118115782744021,9.478007400775889,56.67658436586453,0.549461005489202,2
2871.6137467816025,15.0,7.522767872410653,9.324165167570854,970.1635027811745,7.373602329831779,12.707978089823207,70.60156766765206,0.4781666911032416,0
1942.1523962439821,9.0,4.289929526334869,7.188360985066794,857.7861437280743,2.8300110456397,11.14416067405227,71.50407693494678,0.30430514837743355,0
2515.477413611813,10.0,3.89304749266963,7.371701934827262,979.4559816503956,5.124887591684214,10.826293006242551,73.43646130114652,0.24299557926388163,0
925.8529841462971,13.0,3.508851047514669,10.383402023667113,571.5737998141207,4.272474424606031,13.719435407831215,64.70836091760995,0.9006615901750842,1
2946.5853597510973,8.0,5.31414967236463,11.876092426327892,1023.2075844736601,8.070401158425959,15.059056613062117,70.66404106898162,0.34134063794349595,2
1746.598867190788,9.0,3.460915708799335,8.520542266033704,745.1119367848581,2.7909738600818037,11.956738473158248,75.89325116505816,0.509119231691887,0
1734.1801906766145,10.0,6.223912637874044,4.632537371708862,735.3683750338648,2.7368322634074316,8.768926078398323,67.44749305827861,0.49453109524031874,2
2927.2118213643444,6.0,6.609221283511035,4.823223793789087,965.3698505956921,7.75698223688125,8.445401421376205,73.99000532709671,0.0791449733918381,0
1451.8309030428627,3.0,7.130912154005667,11.748005776235328,594.6493723857653,2.4983602406322816,15.214522323328685,51.19745307978065,0.8635626306037779,3
1493.8125613874822,10.0,2.699606511716941,9.433879301987773,741.1643840700367,2.7601767829422204,12.926256495778004,75.10568458408872,0.7084162576628394,2
1961.8817570123415,13.0,4.689154345046628,10.019752946670554,869.0397994361801,3.0111983742008426,13.47459928149337,70.25514550804593,0.6529340937464054,5
820.1315263694673,3.0,2.5641123171088718,9.40611006148433,473.7592280396824,4.7046410203469735,13.800355264236721,62.967830297278034,1.0,2
1302.7140660296373,5.0,1.262890763942388,5.436940813561226,635.0312996138816,3.183031295540489,9.583080206774067,89.30535992496786,0.6845480890897055,0
983.0208061128263,6.0,5.954777129188864,7.586897286598096,495.0566762637218,4.004522770483388,11.787529090054951,55.660265159519376,1.0,1
758.208697767624,13.0,4.842868917545872,10.384643500954926,479.3852824469311,5.087580703394397,13.99314314550988,56.5888204460349,1.0,9
2665.36151582755,9.0,6.067490956871586,10.930903703536586,936.4875687687368,6.0779889375053315,14.331918192354529,69.5005087288403,0.37073213592867293,2
1973.3279153186902,9.0,1.6133603798457599,5.898684117970976,874.8899447645222,3.0328169122629047,9.68357503673272,89.52315141598942,0.470816964168946,1
1396.6819788197781,11.0,7.968683253433594,8.767694326670565,660.1372285978375,2.599991200789917,12.505756325067338,58.07365171423387,0.7299059102581367,2
1521.673443416782,6.0,7.960439968629224,5.256815221907627,645.218905823714,2.4042529626098696,9.545762007424125,52.58941874418937,0.6273825456439345,1
1578.7975092183865,12.0,4.254998778524589,11.666214984974012,781.2409170612076,2.8471074113233223,14.861529287066505,68.35080342709031,0.6498765450084051,0
2082.872955361773,3.0,7.062411006286852,6.017634311939901,777.5673353895354,3.251738645305047,9.810882151549647,55.88145087772324,0.3844469036368842,1
2816.923478722483,4.0,2.7049798906388975,9.813081028831174,991.0485019504476,7.057462106318644,13.089461465612697,81.72291127572744,0.2176908853579866,0
2831.9490491424563,13.0,6.162963128563079,5.848903553814835,992.4624590587584,7.238839519233584,9.51533522019481,80.61016820723017,0.14328066447964347,0
1478.7299488266585,11.0,7.154580997694961,8.928431543028333,690.9843782288962,2.7902234024975257,12.666443246172328,59.40617625884637,0.6728090483830488,2
1323.1561489944238,5.0,6.7026638625654495,9.274114456181252,599.3919246415803,2.8825961118632213,12.904851424347461,58.83821156967263,0.8568736171591795,1
1627.6162504631377,8.0,6.682418547688102,6.627424827638022,684.3828810111643,2.5606157612853204,10.99853740927191,61.63753562008574,0.3281022248040322,0
1919.8355760712313,3.0,4.241186424622056,10.55067092340841,794.1863004237747,2.8155439525623502,14.80301280550712,67.76005012360135,0.708447891216077,0
1654.5447786243706,11.0,6.73992963445141,11.082967185979605,771.2138161788436,2.651190060184435,14.322950689061594,61.26402109501133,0.7323911219785045,4
2146.883524541752,12.0,5.834933691149104,10.84055944203196,863.4462970933927,3.3060185867576686,14.307964202887545,63.76735084882346,0.5668996825425012,4
1885.997558449409,6.0,1.9271597870094306,6.646385755717739,812.0235862338957,2.8982437662082337,10.785745981907182,78.87546386357222,0.591547403877226,3
1301.7888667351904,7.0,1.799290828451641,9.954722072101232,660.592702166919,3.214058475476695,13.485041977892703,76.55194991279201,0.7367915234521368,2
1364.3270144065814,6.0,6.4034549515424795,8.475926038953794,580.171539195205,2.734280635087386,12.01946735548281,51.1541355642236,0.683657085994101,1
1446.4819688993273,8.0,5.378248621410466,8.741026595936093,728.2073603094801,2.6536054918649725,12.937670020726014,52.03315379167322,0.715711987385416,1
736.5994206234717,6.0,4.635632820339643,7.819400682067695,385.11556803372395,5.277878551395658,12.281957062644613,54.38315109918709,0.8893969163147687,2
915.1565810349327,6.0,7.350832535941797,8.802089183750972,424.0332055223049,4.119499639140832,12.960809751476896,42.733849081239946,1.0,2
2307.7845053634655,8.0,5.61713249809853,5.085233264286,857.8985214436194,3.778045248649772,9.478122269722313,69.54608958263928,0.19924300862328762,0
1472.7417788052,14.0,3.773027215618101,7.270777864939642,748.103959016454,2.9350809946837413,11.309455076941019,76.18641787078192,0.540904714575243,2
1036.3474314003593,12.0,3.897522657233287,5.421374095903568,578.0220933536716,3.8139824889167873,9.556871246573976,60.42286864847879,0.8698580484221483,5
1906.6810264371431,6.0,5.236710525723095,6.240844247771406,821.5046102025213,2.7459449915397736,9.810682012129574,62.68709604998264,0.42670391424191,1
2388.8488561835684,15.0,6.321926992804439,5.02251628737707,917.2486482922162,4.308999608602955,8.808351904962525,72.18336879883739,0.10264688003405022,0
1143.5559058634285,5.0,4.950473148643869,5.69996484177616,524.9108134381554,3.500450368884844,10.253449534841435,56.03684051775996,0.5016863190541856,1
2566.9747048093614,14.0,4.5613261755342585,10.255434046301726,1016.7265923927591,5.466237703360743,13.827935771611052,74.24058385421343,0.27830366920452915,0
2818.762149062624,7.0,6.088304918579273,8.398691697421363,969.7587472946776,6.864677982964922,11.915296263929141,69.6472080152696,0.041394633936726634,0
1993.4863226846019,10.0,5.936851849349255,4.18914494809788,821.995315037607,2.8078518931364416,8.786820189982281,68.40477040927598,0.27588633057662165,2
2172.369147478949,5.0,6.812427884294927,10.308195870416924,828.9074723886857,3.302178070849396,13.712772805049239,60.38451256849384,0.547059088125549,4
631.4399758076385,12.0,1.4378625039410609,11.275747167435924,425.21494771256357,6.125168922100515,15.385128541348866,80.15712414895995,1.0,3
2863.7997275547664,7.0,6.284664924573852,11.0434342062611,976.7002104328236,7.2536876283108365,14.414644748022985,73.91000589285713,0.4948271338734134,3
1481.2118356623596,14.0,4.59632315666183,10.584135062986574,712.7514188271,2.7763682927798885,14.66681294493538,62.97810305834316,0.8150689593988664,2
2809.7510013635747,4.0,1.5228518402320632,11.937731542407494,973.5324843562953,6.94378992845362,15.38074687043864,96.73347439967252,0.3072110009504265,1
1947.4438118756063,9.0,5.753070197186638,8.691215644303464,794.0083914366708,2.9365764697780716,12.339714937613186,65.65158496701106,0.5914383445903204,1
511.54699710831903,5.0,6.0157813580136,11.700701028119239,124.81972700382765,6.636944222109661,17.681612135654554,45.44878766185433,1.0,2
596.3549983085893,14.0,4.665390186812791,11.59075386001142,366.43833950673474,6.276576835136495,15.518655558360079,65.43652206120721,1.0,1
2201.0470141748046,8.0,6.55659284354834,6.5059098440275145,804.0707564250251,3.3765609076232335,10.135168336113168,66.36300476677742,0.3527200555516507,0
1906.6700345798326,11.0,3.1017367604051107,10.907470048446967,846.3957470431869,3.1892244117087656,13.879304269063365,73.80365130756505,0.48388185665114314,2
566.3310930151858,14.0,2.413350529720053,10.339781324470216,359.07189561626507,6.461418925680565,14.51240684388381,71.33300094307684,1.0,1
2358.6499030559635,9.0,3.4551376622029495,10.206390219208686,936.1986718267842,4.262768023403914,13.452955382089593,75.58177703641275,0.6154805130678663,2
2630.3633426729543,3.0,3.870353593071843,11.170246170335375,947.7242690872577,5.672424562884233,14.31443267577812,69.93920120917288,0.4925470904435732,2
1741.0437060982706,5.0,5.8715352168151815,7.073520079362462,718.8755711758558,2.4760837425518263,10.89594052793027,58.36059113586621,0.45503115120143156,1
1664.3936008931373,5.0,6.918639565147593,7.200439727099055,674.7509233986465,2.4690427507448547,11.088874127292264,54.01390022681845,0.489724352927483,0
513.6827720865687,14.0,6.046427330550736,9.12041847362909,259.998010070706,6.759982108891459,13.749062743022861,54.698747979197464,0.9858707839941998,5
2466.624281233998,14.0,2.2179129134872104,9.902436302514737,1009.9699688893331,4.767778734929599,13.829732657868,89.20222922852562,0.3592890658025,1
1326.7901668652635,9.0,3.563519593601802,11.037896821260915,712.596730005299,3.015011851208652,14.694148281693627,58.4165992981304,0.9070164715929806,2
2696.909049456349,14.0,2.108895994134446,11.006762565274254,1056.9199135697188,6.056085884652426,14.916889174644819,97.84059752411137,0.425754900302882,2
1432.6514688951327,6.0,5.807069396906359,9.77071699509008,651.1953908821766,2.877282159897822,13.276203146497474,53.962405230226466,0.8498868832559325,4
1912.6947765767638,11.0,2.737203147518259,11.65514222257218,861.0182473611961,2.9988677578221505,15.189310421931982,77.47129410566927,0.6995558824466236,2
1175.8544704983187,8.0,4.677708529962928,5.429028951569938,608.5644589581178,3.375768173088092,9.428386817025094,55.30407072320277,0.4690447507307733,4
901.4707814622967,6.0,6.54280890236279,11.602718777440689,441.02290596668894,4.078265850652055,15.18108971123541,46.99437261810741,0.9392872066412322,5
2437.26975845332,6.0,5.696574924451306,4.513531856268973,898.2144312248442,4.407339063711774,9.15116941823008,62.78837492781662,0.18751016372826965,1
1741.476197115704,8.0,3.088617934655929,8.444975049535346,831.1636670718781,2.8208401393009317,11.851286053814102,72.68581732008161,0.5196487326104547,0
1841.2198093806269,7.0,3.330067254314386,4.721575656064978,832.4783094227449,3.220254999613923,8.060390889095942,71.9990170106209,0.5279305585167703,0
2913.5398837043385,5.0,5.573550006221223,8.544007801585092,1008.0904529391839,7.760062316297241,11.874012019547342,69.97833425702376,0.3738906302582233,0
2908.949780555384,7.0,4.846274245379609,7.120877699645756,974.2165791347816,7.755899541742165,10.216879151044122,71.86016940794767,0.21732202188498284,0
2639.105304256009,4.0,1.6747544122903109,4.652875452019095,950.8840147082931,5.803408044308583,8.322851745255559,86.13799118485974,0.0798964888863406,1
969.0232319125839,15.0,7.1179411249148234,9.184934440193507,549.4996517248338,3.993696050526639,12.736776197183326,60.505929676343065,0.7652616747709807,0
1985.6817357539499,7.0,4.588292736375401,9.849583996982734,841.2458172386354,3.0473552365928884,13.35069540322307,62.903905512934784,0.553784845582869,3
2695.3685616388434,4.0,4.313527092382257,5.39348330895985,938.7043899858663,5.8953946816980665,8.665375228552984,66.51163424757144,0.05704062095306084,0
1436.1598411223445,10.0,2.3890753564258365,9.555493754470152,718.4653746551701,2.6793858828466695,13.515472256159903,74.56370741776298,0.8732392562068249,1
752.7654148389624,14.0,3.638956732793761,5.432380393181863,519.4364860785294,5.124103461552687,9.096476848884308,62.01351928443517,0.5562261483819327,3
2527.4072555998046,7.0,3.329774036205694,5.099171594522212,974.6816142472549,5.1856926714673985,8.961319611313579,70.73915070739307,0.16936529459869817,0
1704.408878405429,13.0,2.8951497798059878,5.178906132197966,852.7051210607785,2.7107288633723976,9.032864417225495,71.62624336079432,0.2947732318659432,0
1910.9817008979464,10.0,4.971846022527412,8.79262775163468,811.5207127567948,2.830904225564176,12.653871859728605,67.18739869799373,0.5356761280281712,0
2955.360740794611,12.0,4.235927521961974,10.230326465012826,1052.3893140457953,8.103767025440197,13.692844278744378,78.75108170598361,0.35056649722157673,0
2018.0285762351803,6.0,7.2243837972026705,8.775149611790509,805.6704597524013,2.7716066065023535,12.750177433243751,61.01626808734611,0.5815731301570828,0
1562.4484641652534,3.0,7.589407839330126,10.47481162414596,631.304722774206,2.3613589246644815,13.952502913248376,51.96983369642617,0.7247320320035845,1
1424.9609196179945,7.0,2.536314004596636,8.731818728562953,691.120927205533,2.7165157157490594,12.29798275138161,73.04861198346298,0.7203792315403311,2
1544.048231635114,15.0,1.7007380013704736,10.378569978787894,794.2702526698669,2.641267773394711,13.968157201971417,88.22284953230132,0.6967003212371015,3
795.9977079466719,13.0,6.4973628604142455,11.812180009066406,444.4396892079676,4.873397630215012,15.839732201475002,55.8926463630855,1.0,5
2486.8763960439296,13.0,7.964029825470263,7.127678463745797,949.7556921293748,4.667481057685867,11.0835922861247,72.31746207695404,0.4257618669568907,2
2594.292145467603,14.0,7.045200488979079,5.199537415415158,933.3222331987238,5.521365559968454,9.204704463546554,71.58070512874995,0.17276741625490755,1
1210.9928364335221,7.0,1.1658818148311432,5.083174493639661,675.1981651224911,3.3660674001516746,9.237074466484021,98.95473040059888,0.5077364960792441,0
1259.4915460248603,7.0,2.758844854945262,8.779820773252784,633.9715934327295,2.954987888038228,12.521895054887528,61.34431512590298,0.70532445020549,4
2685.835640837033,15.0,1.3033959392888474,8.376824526842736,1077.7441326609412,6.183759829562029,12.033266730218065,110.39312780835525,0.364110875307311,2
559.9258888198887,10.0,6.745455639288166,5.473883028336246,255.50329034208266,6.572800533747709,11.102512627714702,44.383072838606566,0.6699281795474947,1
1801.1436094180692,6.0,5.069848834046214,11.056839701341389,756.7182746951295,2.4933150373945683,14.406982025220518,58.63848356070493,0.6218975557542765,1
1659.1892867037525,6.0,4.596029788169377,11.653986947633507,725.7250039010462,2.603585862058723,14.930414166448836,60.18288637587363,0.7754797834414375,3
2225.3169239461495,14.0,4.881149173975693,6.0257251448264135,916.3386842402246,3.7353947583934257,9.727355693282162,76.03985871994666,0.2855226200437068,3
908.4792503736362,3.0,2.767158810876138,5.655063447208536,473.00264145995766,4.452661413419248,10.052030169289518,58.301811452697024,0.5078200582536615,1
2170.8268519878843,3.0,5.21146858397204,5.711374818460378,855.5857909626947,3.3921459146488786,8.971229701363878,59.43521686238403,0.4752151388274826,0
1441.835019687191,12.0,1.21466884924821,7.099372237530876,771.8141530191093,2.8304689860633268,10.86717598076403,96.16686088801977,0.49211993630013035,1
2046.7869454241052,3.0,5.5220820677958775,10.825817402391571,786.9458842619896,2.991156848731644,14.515723881077328,55.69080043128642,0.5654260554841042,3
600.2375246819398,5.0,6.141036811251816,8.767684879528943,252.9817751962578,6.026937303611777,13.314188718613883,46.703330232642486,0.8304419336331875,10
1654.3179929612734,15.0,5.71118384598279,4.540427453861359,776.6882475491282,2.642720726948861,8.65740324637807,69.69324699179293,0.3756373654729429,0
1805.6272349559304,8.0,3.324822628185542,7.783832681376538,789.500735934121,2.539465422547642,12.144899358297307,67.84468196510869,0.3933929020061352,2
1035.8160071374664,12.0,6.783840405892799,4.722653464224741,571.0345950397042,3.9327657474183706,9.050351034349116,59.83575133113571,0.6773495864304587,2
849.0591354478017,9.0,6.008807979822374,7.249712912067521,440.3241414265548,4.735527850379841,10.761395322879203,49.62618070942203,0.7643438318626883,8
971.1857575307536,4.0,1.898081260469945,7.228161138426536,479.09527946064094,3.952278961454628,10.917286709422221,69.15110573251715,0.872702228642418,1
1360.3526951583701,5.0,2.366009543768205,9.186821325677165,674.9394066805038,2.836398433671368,12.785484010832176,68.04424404914529,0.6205489814379668,1
742.0253732624286,12.0,5.45975889224767,8.395631735704807,428.1478103878991,5.227334305867606,12.249177582056424,59.99799137093421,1.0,2
2868.299489324011,4.0,3.025912934892183,10.998038258712688,988.9397933774135,7.180052022092152,14.333722955741413,77.91269877404305,0.164156379243337,0
1512.4851537395432,10.0,1.8360305901236587,4.130201461323779,789.0007377359701,2.5314165955793366,8.135778883652268,77.40874725426937,0.25390142355543227,0
2522.4240062668723,7.0,2.0847829520492454,10.191990576757192,906.8749029466127,4.997581062683408,13.963688146741022,88.85917738346609,0.6143368817220874,0
2936.0428077721167,7.0,2.1593202637828046,4.181266727646734,1092.4294165025244,7.889951642208019,7.801897000223732,94.6847328008218,0.04155119393195034,0
701.8382000068477,15.0,4.344536347728676,6.434318627810928,477.92448766390885,5.398550466256471,10.565589252099588,60.0796093726129,0.7982719715532989,5
2129.1736698374852,10.0,5.251698174006481,11.037305105436507,853.0576196519761,3.348430085239738,14.467653644074927,65.02536564184341,0.5928606331730915,1
2678.522716853035,10.0,2.2348159239809045,9.523313373416974,1016.3518088861621,6.207647011743329,13.066886877500547,91.22584820234935,0.46431497798753574,2
2085.5860849168207,7.0,5.987476272542548,5.375973426929146,836.5470616222733,3.2335824089576803,9.360573665638395,68.76957129725344,0.3298496097276039,3
1572.5653033935316,7.0,2.967088252510699,7.9262763528955436,755.2748463560836,2.6199726972089477,10.939875219109531,70.49369371924213,0.4852016239605754,0
1577.6908940948456,11.0,3.180906968757726,9.775233447823886,756.3469980632105,2.4654549291044936,13.351555513973034,65.77043461679744,0.7482336880442668,1
589.7472150183972,3.0,2.564490347518753,11.498746570716236,256.636238070825,6.251184668249507,15.862271940006377,59.557979219973305,1.0,3
1836.5018782231882,6.0,6.4964429516023365,9.074569593745629,802.4432469179508,2.623979213598163,12.924823180358661,59.81346437185826,0.7339589719891582,2
2983.8574919671187,10.0,7.718696830558139,4.197403291463418,1026.2122916894018,8.262723816595217,8.384336951895982,69.74801684700812,0.1301858850146733,0
2896.768814929835,11.0,4.447498940746649,7.9976148775702685,1047.4313424648483,7.838091297034848,11.65199334873706,82.32487002668513,0.20789387170391163,1
600.9980721054079,4.0,1.2942144900239454,5.223693113366622,338.8771985584429,6.0434923128806295,9.975641627466265,82.68520125135757,0.655248752783255,1
2264.4925090737206,13.0,2.823985214978331,4.382236403799371,974.2786777808881,3.573625871440698,8.760287843094394,85.83637102813763,0.3450839415632136,2
1254.412166742327,10.0,2.1063520378319223,8.788085077452674,702.3294630127863,3.0611620377566737,12.823898677977084,72.8449601251519,0.5890789030629044,2
2757.472883515342,6.0,6.899335993964125,10.215375220083395,888.5824660110337,6.46613312908293,13.726592478829884,68.46755112929596,0.39353398807733286,2
612.7868642731963,12.0,1.593977912032436,4.288484443971234,395.4806201910885,6.178007255406325,9.514689049130949,78.0842603148174,0.6409898445939595,1
2839.6852550277013,15.0,7.765333684818686,10.268714167724156,1003.8145217059301,6.975286873200642,13.451863843015579,76.86650148765789,0.26525521903862204,0
2593.689359469442,8.0,5.119596436372382,9.65110303849207,947.7934943770426,5.245804763890363,12.752392663141958,75.0882437021106,0.4060958362041234,0
793.7609556315037,6.0,4.624178509519142,10.01589510534689,447.4173808553121,4.8547865263397805,13.905073998671298,47.63363399754929,0.9827174130838916,5
649.560843293248,6.0,6.9314543569343074,5.957826981725604,260.4073070564418,5.535336228976928,10.785956532126857,42.04479698344979,0.7930080868849659,2
2586.7691608173395,10.0,1.192833349040193,7.148763643947433,991.6399741679201,5.584807683826289,10.097657088741165,114.03452017315448,0.1482400443878265,0
889.3941774364484,3.0,6.440069245849068,4.958006617657752,406.5506527799015,4.253694591405622,9.250378953672286,46.16824345878029,0.5983502572660463,0
1837.2453824396762,9.0,1.8162283189796158,5.911127601875732,847.845789046198,2.717453670694744,9.894874296139129,88.92173764915695,0.29670589547253484,0
2789.3621446967736,3.0,6.885446692583025,6.422317371819441,943.772468903078,6.5015109405294504,10.18650827989954,62.1857987134692,0.10998071948978581,0
1918.6202838733084,3.0,4.704233534665033,6.555493116294289,813.1819501377552,2.766349663255886,10.158900214695679,60.09424344986046,0.3878455203371486,4
1493.0832536820603,8.0,1.4279058165206426,5.4003191047744945,743.6605802755995,2.7610691012356128,9.410864644534252,92.01479711286059,0.6348825258538112,1
1612.5401371349806,12.0,6.8327152716092705,5.509694384569147,755.6570067141344,2.603743786478004,9.52498737811533,62.53728399624998,0.4389326643904172,2
657.7929267596776,14.0,1.1911988194987615,11.21176319833728,478.99425791107035,5.946199172473739,15.140192273247147,90.5811126183873,0.7896224755713054,3
2921.880803403997,4.0,1.9685948502552244,10.271148918524847,1042.839753176202,7.768857179917049,13.435151872860473,97.16519518153044,0.4726558249016576,2
1276.635462702707,6.0,6.584771666786403,6.755821627931499,591.2486435014023,2.814564628657347,11.018930824014822,53.51526133879456,0.6813859289304598,2
973.4087291821345,8.0,4.254097867005237,11.581148315847685,522.8434745773508,3.969613841572281,14.860887913888376,52.816883914636406,0.9737678783928625,1
1215.1182546009882,10.0,7.1697209304838365,5.911381702338591,568.1697138304028,3.092738207408944,9.873245454439921,56.46230877881286,0.5807434546406764,1
2910.932987228697,15.0,5.448004909537585,7.2545636276004055,1034.8126479002624,7.997229675785225,11.425348626014067,81.40997093693946,0.0979031954427587,0
735.7151337200175,11.0,5.364701280592856,10.508202491476565,433.5608339717007,5.117132416599735,14.072811472673225,57.52314218090946,1.0,4
2668.2576012529535,9.0,3.045645742924104,7.543090961629013,1004.1167060970233,5.91126878334439,10.989511740353342,83.16426644616892,0.2392330704670917,0
2269.609736003619,3.0,1.9357636648621348,5.877002583265168,882.7769926887568,3.827251057108914,9.36648457650542,81.05008300603814,0.12510812165721996,0
2575.0479478975703,4.0,7.728206736276778,6.948283740971907,893.6456100194207,5.130037726429416,10.45288017965607,57.34800787523397,0.3026251721006794,1
2939.743850919741,4.0,1.733583824003766,8.005768578997452,1031.0717524952656,8.05987427340532,11.63464651129756,94.39191054036367,0.30251838452813207,3
2605.38663879218,11.0,4.703074200514973,8.965155069282698,961.5452705604225,5.507731636988589,12.696599304372914,69.88423110576497,0.34015425490840256,2
2858.455878194632,7.0,2.9079801358434616,7.244851996652186,1020.8686939368406,7.262785578564733,10.906598519278969,84.86317080839534,0.04330664240220928,0
817.3381419772994,6.0,2.848984645070183,7.450434648959794,487.43274712243795,4.920928345660464,11.428610258963044,58.03524208865026,0.7455658729027147,0
2489.4714129174254,11.0,5.162103535119692,6.111548902411402,928.8434543811522,5.082501503434465,9.558204919839593,74.42276378750775,0.1613687096931415,0
1864.1892352026193,13.0,6.585538820252082,8.282778387339294,816.2776222630588,2.9131401313916223,11.726390771046356,63.78425772784676,0.6705124275820172,2
1858.7389876996517,8.0,6.440256379818951,5.755649870156371,770.5098942756171,2.6498241304671355,9.235410890465321,59.42768218616028,0.43852608292235784,1
2747.303940801284,14.0,7.081611824354875,10.940209744864607,981.0588489991567,6.444652943055155,14.474879395789419,72.54277735661623,0.18717767788663614,2
2929.509546616778,12.0,3.0503191653865698,9.97893656213041,1071.132402355763,7.932959710039621,13.596301425847374,88.11341283184196,0.39669937016941614,0
2262.0958076079523,12.0,4.260259672005517,7.282231907313473,889.3958782966203,3.868748227467285,10.99161791970287,71.84056569512579,0.3268036125673078,1
1707.3459736794598,14.0,1.0653420125401747,9.977822776262782,865.2047933924779,2.6868813601332424,13.574794083130351,114.69899766680328,0.5718494661471807,2
1641.0096447546134,5.0,6.228003361954558,4.055967534474984,661.4806418762514,2.600809799763818,8.517944568050785,54.25843153887074,0.2609667462196443,1
1465.8536430579545,12.0,3.1164017849959813,6.7559137811391725,776.4722510785766,2.819812660256942,10.625835481266016,70.21725485799489,0.4224646304126493,1
1403.9975739316567,15.0,4.930454732891305,7.5224091851743085,725.9418118432177,2.865358634976258,11.739259821937614,66.31593348736541,0.7068858695830563,1
1478.7671042110785,15.0,2.185101974136155,7.758388060365578,777.0626970517203,2.700735750309658,11.190170423744432,82.70780859466947,0.6136511408018558,4
724.3830881279882,10.0,6.7357965499403,9.989851821682711,418.60663376050184,5.297053784659799,13.841816600968782,48.378850338777895,0.9973198637165938,5
693.5902131510956,12.0,6.720905534947944,11.70245942049371,360.8362560526987,5.2782903347822385,15.50042688362415,54.97469352523038,1.0,1
2449.674609680779,14.0,7.142170403270688,7.039977043542424,921.9675287503674,4.572271306995952,10.964005526405911,71.0835361623868,0.311961986088582,0
1615.1822323005654,14.0,1.32155897974706,6.804798796222998,788.5436464423515,2.7066607920623147,10.201340766021307,102.18444944217353,0.48027460960631096,1
2826.7112213615515,14.0,7.947210968425096,8.88412181264317,1034.7774045226458,7.036900849247981,12.816658579448791,74.76824585504873,0.2655348715853291,0
2030.552521484881,13.0,2.7344559010778617,6.250028913532631,955.0057815755619,3.4019730351083024,10.212403968173257,82.00709486189778,0.4615986731128112,1
587.9399554610494,7.0,3.166035802331446,5.130802670521514,276.4669641096364,6.288156744069356,10.58963822168834,55.5965181846011,0.864406449231894,2
893.8083532936987,12.0,2.7453501043331228,11.692326963937589,532.6283299990818,4.701290326541121,15.261915626729394,65.42442530053515,0.856773886693526,1
1014.5494825325189,8.0,2.8727288885657267,10.476239654472177,571.9607034182299,4.003395146594464,13.96286864411154,65.31213373011148,0.8533597653316403,4
2939.3400609741516,13.0,4.8686294927255265,11.667996424193023,1048.0923659134119,8.103620471045799,15.079974361508727,78.23599578673905,0.4423152914162303,1
1046.7605653790872,13.0,2.678673810126457,5.742663029471333,624.9294305304289,4.101968077591006,10.117638521195557,75.24310885293583,0.7925528479641335,3
1789.3891907201282,15.0,3.7563991798028336,4.142473719757365,848.0592484667322,2.6866615134964036,7.9855652543224025,74.0696053587408,0.5372537718826099,1
2840.4423291004905,10.0,5.589246077102508,7.498092605904851,1018.1562345342958,7.021559490116586,10.541871407386003,70.01842986678334,0.08854118865544092,0
2942.9818247858934,9.0,6.852183425044088,11.468871703932649,975.8706434356709,7.959458202831265,14.183995307377641,70.4297534099696,0.4955077513898603,4
1090.9010884588615,5.0,5.849190501868157,5.106602710974071,535.6308622227758,3.49937596769324,9.42114087621546,48.16892695591508,0.5944256214636644,1
622.7941093751003,11.0,5.160259913511263,4.937484182676787,323.15542206986015,6.013120876081877,10.14358706813527,57.07401873375148,0.8112350997031466,4
884.0045813443962,10.0,2.034099937787481,4.5516222739667365,532.9206801036703,4.5367337152978875,8.45678918969209,75.65774336759007,0.6976641599242462,1
658.3211967563952,9.0,6.712809210788978,10.120143991455798,295.3754308861997,5.6090305938019025,14.380628462901761,49.33821783106128,0.8579432113891412,2
987.810602730841,11.0,1.2609242159512708,10.287412270668312,597.5282586010835,4.32484738691268,13.82356058463104,94.33247156187076,1.0,3
1921.4242867593384,14.0,2.8493416426471145,9.563008445307712,874.5734928774618,2.828284076079207,13.640233014965832,79.00870045375991,0.6774044521553751,5
2781.1219907391046,4.0,1.3994124185237284,4.426334760978689,1035.2979690372385,6.794582963940777,9.047672209867448,102.26756365704873,0.07393058122881216,0
1843.04720923585,8.0,5.672002829091238,9.78630668652163,778.0954088702246,2.732002429394917,13.449087598918695,63.56824101114996,0.54750529867743,2
2064.9738917477016,12.0,3.5785975781546013,7.589030467693497,898.4591334639438,3.0342111356100787,11.54473420217976,76.51601057982748,0.2412190386060939,0
1004.6681290238528,13.0,5.564339382434067,5.26315537549284,565.3403651022481,3.861026494759986,9.70543790549622,58.25409454592142,0.6884806887820767,1
2501.4590516846256,13.0,3.429216715125132,6.361008083876817,945.6120750174885,4.932544684658444,9.763817247269548,78.61661807239753,0.31354892814533963,0
2044.472271263958,13.0,4.190185115596459,8.009174719463687,839.6195067342229,3.234991333077763,11.89422042521793,74.759088410937,0.3587551538827199,3
2660.342072981812,14.0,4.205727071163266,6.6372117781574484,1018.5777954044834,5.906315509352429,10.060313076625691,84.52370275409038,0.15509580922438382,0
2872.10776751446,15.0,1.319064575672812,11.757993813932739,1124.8552331651472,7.554508951277889,14.886334998759217,117.5258888710846,0.447157960220419,2
1369.7519393914808,10.0,4.011585684422025,7.797933933657594,685.8026124742514,2.7060594681486485,11.943319857743518,68.39917466437139,0.5950637242354576,3
726.4476463385984,6.0,5.487450541806418,6.977204082017149,355.9539626593097,5.533922529602893,11.427504497510446,49.68461133170879,0.7961976898383536,4
1064.8223947919562,10.0,4.822365722528037,9.385323431744293,570.4445493912284,3.709657557411367,13.478747527256255,55.180276732849045,0.6293196232046488,4
1594.603914189593,12.0,1.5269863639480108,9.204360454847318,801.4444452841884,2.803890440991158,13.172802290736083,89.59555939360332,0.7980734291912961,3
2864.234129561183,4.0,5.676391899807242,4.019514243242139,982.5502365088877,7.142799652829809,7.497586576500346,72.35114554355542,0.00845554279943226,0
1445.774555933538,12.0,3.1620392844068266,8.947789586405943,761.2069719524625,2.7402892446329123,11.925182620553322,64.84701131712637,0.538198625297173,2
2426.933034163425,10.0,1.1010436194531548,5.95015179815227,980.7921993259064,4.8780906566488635,10.111597941018934,118.2773543299117,0.0,0
1851.1917304268875,15.0,2.0891688995897164,7.001869132703373,890.0684394629324,2.661848299826442,11.111808074306014,84.86856776143725,0.5279842093298639,0
957.0219260774413,5.0,4.482917601215917,9.650791125878754,505.46649882940585,4.110649675174957,13.554038590250604,58.724529883424815,0.958666478167233,2
1301.835297383629,14.0,3.172811613210481,8.459089768085565,725.7244716423513,2.957334897144166,12.282018962601098,70.71721968224776,0.7331708581662786,2
2132.9797125570467,8.0,5.860681096274856,6.949241153240775,885.7873221366408,3.2420415173575137,10.97380701342257,66.73522753234772,0.4589228974245587,2
2182.1334867122337,10.0,2.684574328960351,5.339282814696992,918.2764665091158,3.4990227865879677,9.503275868461378,86.3263860582993,0.354804056104384,1
1586.8993670226155,11.0,6.4095731793261805,8.043857497982025,755.5018459709024,2.4671368902327737,11.677665954666047,60.23954799987666,0.5911079295981572,3
1071.6140066552866,10.0,3.0053402697578595,6.554928188057626,577.2699285185985,3.7345899428235465,10.87910718510406,64.63980246064415,0.6066276200065649,5
2304.766948781691,14.0,5.3460459530909095,11.3034224672646,921.5533426927362,3.713358346824579,14.503188028274142,71.18639997459408,0.5049554302772923,4
922.1826040317869,5.0,6.594514661758261,8.274773122312405,398.5341567376812,4.134404060313651,12.524039227233704,45.31494717068708,0.8272487830174773,3
2841.6742296628167,12.0,3.6988929005062423,10.9277119533633,1056.3345450594825,7.202478318798714,14.273615409946293,80.64833915405406,0.4616285187824263,0
969.7589475911918,15.0,1.3276345927082933,7.121448227868091,647.404197876374,4.1027870226732075,10.769323708755742,93.22622495321258,0.6937040837384671,2
768.2809070813012,5.0,4.748118647412166,10.619497310303684,340.72068406549437,5.2019140753671556,14.508633539804496,46.56862215103913,1.0,0
1744.119255913447,6.0,7.9678634308115015,4.452295217376629,709.0865529070825,2.40797608196782,9.241404388268952,55.33999878280211,0.44577952875151833,3
1798.873995274235,9.0,7.7829430646383955,6.38495220454412,760.0792136370786,2.5439366916655897,10.005152196358804,61.0472656541191,0.49623371808433164,2
1770.482286945612,12.0,2.5471553576091774,4.625407464357595,854.0624661888089,2.678970180298424,8.742204315215785,75.57279588710239,0.6069572810109136,2
1591.6687233470986,15.0,6.2898755659697665,4.253201445718991,731.4827267846355,2.6374039196442998,8.548655566172236,64.96847724593087,0.5476027954625377,2
2987.0372320740207,13.0,3.4146628227404614,11.350897962584952,1110.7717262922388,8.570076798385418,14.559653273220553,89.66116675069536,0.48131641903104216,1
1715.7015316764546,13.0,2.1219073612816404,9.73494995519744,841.0084126620942,3.041918087679191,13.438521439423226,79.1748684030026,0.5210459638204458,1
1694.8664518495775,8.0,5.661402904217453,9.000880515747765,757.0580232271449,2.6460762125225807,12.727848530896562,66.34174612290134,0.810148862502811,1
1554.4151567864033,11.0,4.5060811066873825,8.259942475294665,742.754004844839,2.7896134980429284,11.711409071974408,62.83742040441426,0.5705422932396369,1
667.0643867536572,5.0,4.774613903589741,8.556432289734737,351.56282657023735,5.829452623991044,12.99961096988742,49.83981729478528,0.84441979483837,0
1982.3915778740402,9.0,6.791748635648559,9.109523051091628,831.8877608024294,2.9146613854756196,12.51599291583365,66.49565448303294,0.3462717463198595,0
1069.919430557956,5.0,3.3558057312119614,10.612638357920826,555.276099370069,3.8395350274385245,14.793937634619057,63.33167663568272,0.9026884477845436,2
2094.0224505726246,3.0,5.669663316889641,8.775108446364225,805.7114633245276,3.20089723354022,12.522790824669382,60.9323255928995,0.3423191575929409,1
627.083654871193,14.0,3.563340268738377,9.98864610488706,433.7106089298473,6.068723392276603,13.702009394747272,60.02545373366269,1.0,4
2953.467753132504,13.0,1.2990672760630044,6.247824414637879,1113.768090813246,8.234959092912442,10.08487003158653,111.3732281021809,0.0,0
1672.5126975316805,9.0,3.646105751354442,11.814093902531777,746.529019020627,2.408668620815717,14.891041243204086,65.45636298484412,1.0,6
2741.888428976746,3.0,7.650241242428942,4.255177667496231,919.4219756818518,6.265652166247253,8.342049573568788,68.929543849858,0.12473161102361756,0
1688.9029330823369,4.0,4.382837374618919,7.092612762218524,763.7778714016923,2.348108178555585,10.839354624905837,58.42935468862856,0.7066053486758529,5
650.8270464355544,4.0,1.757613057858077,11.056396412029631,399.91638590021034,5.606948401701958,14.702904499262976,70.6163592573994,0.8945906174524509,2
2555.533865234517,12.0,5.814787805633581,5.444183701489521,983.7368018853662,5.2526748679910265,9.054545737907226,69.74258623632882,0.3016876687462709,0
2120.459324167836,5.0,7.7436554480296484,5.130704743469264,730.8299541142358,3.017263227363766,9.895437487767344,55.48384017758666,0.08783903603556771,0
2454.392618934863,6.0,7.3556167258098,6.923446135199308,858.5231643808862,4.539029801339342,10.72443558048883,63.780134723897085,0.2942475687768609,1
1570.4246587721832,14.0,5.003725864656971,7.42555760413462,752.2413084421203,2.6967635181631504,11.085224357125403,65.7210781418405,0.5214052808212869,2
2094.8418606166124,14.0,3.6339652104397184,11.467152485293822,918.450713385725,3.3561766948467837,14.574477677647685,75.70419167143804,0.5853445522838159,4
2640.5725094915188,12.0,5.064743679564683,10.688956277670568,1036.029253513765,5.659511589761047,14.147499964872706,70.81511712696908,0.364804614179381,3
2077.6636071797184,7.0,6.711517435394747,7.712717101524113,784.270345774796,3.1967640777350006,11.25992479022589,61.496030340203895,0.32829204112320637,0
1369.1840870897581,10.0,7.02866139412918,11.783800807052824,702.299837895516,2.7807761760197556,14.846592637045177,61.87612746994772,0.6965105401446118,3
2156.3239859154996,5.0,6.731907194597088,9.138227233272515,803.0264813481343,3.346336597665376,12.71279576899101,57.91690470048284,0.4174018493855216,2
2179.635471535168,14.0,4.188334649092164,10.989269855855131,908.7028559785148,3.438421151520091,14.318540041436423,77.81416319999506,0.540070641945722,2
2901.4674062665626,4.0,1.8320059269916098,5.968455843894604,1048.735874855777,7.5953866560069185,9.627911339332547,80.37256964526262,0.2244023229028309,0
1427.280803854173,12.0,4.984213987171435,7.911712594399862,733.4675403707218,2.9208812074391703,11.398508391431585,60.90377887705224,0.6764581109593918,3
1562.704418785328,9.0,2.0950017962335563,4.237737706851466,784.6083011243414,2.812956921128781,8.206480980034437,72.535465807228,0.517501655659898,2
2530.307402967648,12.0,1.426708337284992,4.071041546131591,1007.4237742549044,5.121335223833388,7.920098555040666,108.06653160903797,0.0,0
1764.4057868568532,8.0,4.490674834002027,9.643625767515715,790.2432933107897,2.5616965611232323,13.002927167714049,66.64141187393298,0.5466631824638165,2
2341.4327327893325,5.0,5.587614150326395,4.946348979724806,843.761373674152,3.9185826845946288,9.008731785908248,61.04936317740636,0.26056394803010835,0
1649.27366113398,12.0,6.979031144844751,8.38246589688654,722.6002871797799,2.4918612036814265,12.765644083255115,62.95774993084615,0.5931818487648198,1
1038.737854531751,11.0,6.4798488776801255,9.56805985768016,547.2236013158677,3.5983689423286416,13.741746047867528,59.25198203587156,0.7219417829167663,1
2363.009606952527,9.0,7.0006835892958375,4.257876689837114,864.4173661251899,4.135223026373218,8.877404292469565,70.2722627432682,0.30974504838153116,1
827.8879229617748,7.0,6.320481395746234,7.589931193165456,454.4496497024575,4.754140620988289,11.540816198416339,48.55445505291754,0.7060655270873062,2
996.4591588282701,7.0,5.922675778342976,9.473215495886718,494.7702177884514,3.7998834024478287,13.836756516186448,45.46857927851445,0.7481094140669577,1
2067.0624569605216,9.0,1.0709629839848973,11.1178479028388,903.9746645224764,3.2486098541801423,14.516736134791419,107.99934995314001,0.6128488740423746,1
2368.174500480174,6.0,5.382716182664473,6.393840804813252,864.2572167651427,4.152537467652135,10.513190949631356,68.12696750439385,0.32331408523099403,0
2736.7197171695375,6.0,1.8433726289738237,11.793732237474643,1038.5811384601109,6.540384248714697,15.136811029515492,97.21291457473181,0.3916075704615089,2
1181.4662435397292,6.0,1.4106699263277873,10.756331997277579,621.0751282798433,3.2767653008105073,14.221763099751264,85.1846704341486,0.7857450601219357,0
776.8106465013859,3.0,2.0948850647395876,9.205080576654835,461.60429533855154,4.952998385742359,13.366964867621803,62.588830550629126,0.7518821046858396,2
2890.116648806573,15.0,6.763045130092252,7.135404057969049,1066.266659391899,7.441831879173331,10.9424834985713,84.97099420347381,0.0873487241602158,0
886.0577200553562,6.0,6.20694575170015,9.688883009595989,438.4176185026626,4.234835467718042,13.101910851353257,50.744365207432395,1.0,8
994.1674556365988,5.0,7.641406836436486,10.529546152562826,467.25838845819806,3.885632237868294,14.295411665507768,44.1103278136025,0.9078170172297583,8
1228.3236338961642,4.0,7.852833810552873,6.426398999092458,529.1392607409243,2.977196754861472,10.801425017890477,48.567067379061605,0.686098109841288,1
1823.4783850657186,15.0,7.252987904617875,11.942640519256233,820.6817954804056,2.710290746312291,15.319002577066817,69.50701957692854,0.8326650114022207,3
2707.0639150851953,9.0,1.9304823568389942,11.268954958037112,1024.8101609300545,6.4056716538790495,14.673216945984407,91.93983172608867,0.32093941612336113,3
2401.3650568246676,7.0,7.148679186474863,7.884011522743381,864.2164038022775,4.456947547091933,11.333030257211874,66.78989117809192,0.17430400770827784,0
2270.3938846065876,8.0,6.870459943520517,9.782639326203162,860.4664587531252,3.547981515337414,13.346102715100844,59.62195652599988,0.3629945276734917,4
937.9514196400091,4.0,7.0976010190178815,8.192071156950256,403.6717903689773,4.147254308737503,12.334865278301205,42.53055232249281,0.7529995900796512,2
1394.2065788149357,7.0,2.06179931981544,10.08744441757621,702.4359717110611,2.879600529319871,13.58711092460047,72.83829297723915,0.6570613941388425,4
1696.0123152166948,6.0,1.8175427944132228,10.61585763102385,800.4785550306641,2.586857622355213,13.850196021428228,80.12514534393199,0.8331799987006674,4
868.5648837139646,13.0,7.466662157088572,4.18578044125634,482.01621459725015,4.564372868818599,8.871508705926644,55.72321443873276,0.6840295823421119,2
1183.5742553166813,3.0,2.2167865439415317,4.633056237605194,626.1541702878417,3.067499936426103,8.91221149682812,68.81222872091216,0.8307377044011021,2
1270.8330098821107,8.0,3.5803521172982085,6.691739327013816,641.6120986620923,3.248162858078412,10.719359367279651,69.86479979713212,0.516244748133459,2
818.1904958225981,13.0,4.191893946458421,11.340909061058795,491.7214318807192,4.945139037222411,15.63552226599567,58.279573791688584,1.0,1
1875.5992297706441,13.0,1.871097694806951,7.186188665147117,856.603847701137,2.797907379689818,11.07666986150758,87.88076353993937,0.6358070116302807,1
2262.5704913104823,9.0,1.1444400162278319,11.100097721615395,941.3833917925986,3.8311939147327925,14.775143538428678,106.92112650821015,0.49568855445329,3
674.829078692153,5.0,7.958633288369813,7.699471301054023,348.76912195938723,5.2749300667292776,12.15829454023784,47.52543868551733,0.8988686175454466,2
1702.8077544078744,7.0,7.136600713844728,6.310823362492587,721.1069139325695,2.462150817166236,10.12849468620021,60.83729273332868,0.587196840811045,1
2455.527988169488,5.0,7.386365505454461,11.205161464499962,851.5504511699937,4.471882284685521,14.236635538468501,61.335388191669,0.5248938550485203,0
2369.975322381117,11.0,2.9919414849048294,8.485366151349421,937.3451324342975,4.174994796478944,12.135983734875364,85.95085885344375,0.4252201451088151,0
2537.6827405468853,6.0,2.5407110092180734,6.8838743602403305,923.4586555638319,5.228521010936083,9.829594268044708,77.86556711132776,0.17843940841547185,0
1620.6015829265175,11.0,3.981065907227986,4.355256029022534,751.0811510954778,2.8015493397110616,8.534036170347566,70.36711002190178,0.1283536481698589,0
2551.392706599652,11.0,4.173235582846048,4.887465059585791,1000.64275708768,5.236547870544628,8.89308113383912,80.25482830922824,0.1368028808301159,0
1101.8826780356737,15.0,1.0391960720496844,5.114482621132244,676.3356165845128,3.718530807536449,9.12918643543585,104.67102618658899,0.5133364995336865,1
1402.0264035437883,7.0,6.45477178791883,6.91869032328485,616.8317087328718,2.7603258931444206,10.847586476187969,57.04860960519743,0.47118670909583105,2
940.8889410445033,15.0,7.976669266994121,8.858663645954753,498.097766702021,4.192426427076326,12.400501622611994,48.755687823306786,0.8510269673061143,2
1668.7113485714297,8.0,4.700836090714626,6.460720915375439,766.0800481560398,2.450233777939976,10.752468557070724,64.92343744621154,0.3122710872532428,0
1480.150056038608,11.0,3.717810865087159,4.524221070118402,734.7335290967592,2.6674611267407156,8.515038738550416,63.63521251176038,0.5285984150396047,3
1102.3177910357804,11.0,3.749263252548423,6.11846989853867,598.8398845074591,3.5768083480647506,9.882953265820817,64.72873082584415,0.6814034567820174,1
2379.451773076954,13.0,1.6725399252047048,7.269453207196881,992.5497903780774,4.47732583916542,11.108908658798386,99.93306683773146,0.2893457690199611,0
1284.6169302791163,9.0,2.8631327285480825,11.938159429378633,729.3983472336757,3.0774417447324334,15.325967503275262,71.16265129113287,0.8563085508121194,1
1182.0108253645894,13.0,4.5149295204424185,7.143895238007509,677.8426996146288,3.3856408162281664,10.91211268905945,65.77999829499778,0.5381345434596628,2
827.2258271262376,7.0,4.0229360079428815,4.713563349979552,498.98051190232707,4.567596048321574,8.90463151901415,55.354423588731,0.7901087524999952,1
1597.0542545048718,9.0,4.815243220201771,8.648918515791468,693.1613213255595,2.6793392389754502,12.359401300125317,61.28954278764493,0.624344505520587,1
1257.411572093255,9.0,6.943459540461847,11.357120581010317,600.4505549516047,3.020308275791293,15.29131973976708,54.9921732828791,0.897060080640605,3
1423.1821033524216,12.0,2.576696118897284,10.293565590894001,729.1402452355952,3.1736525492979206,13.953664261785855,71.16944942091556,0.8029553580371798,2
1089.9931565513816,11.0,1.1936492663441838,10.689746473497893,661.907211084122,3.686218924658218,14.214763652675218,96.53088948054031,0.7945070281681118,5
2407.888724549751,4.0,1.2675781169791853,11.425854368818644,966.710440626721,4.498852696062623,14.95277346098841,99.54116115484396,0.32860117574576253,0
2825.0083683867933,13.0,1.9391816371480086,9.092348027084304,1092.0030612240575,7.494393780843361,12.557672131160912,94.8263152500749,0.4002916546365419,1
1744.829631972219,12.0,4.9933808936308175,11.95938184522799,775.3661139419897,2.682266077851414,15.39979466886212,61.24062357864275,0.8214004387743726,6
2107.4960583520815,4.0,6.6572936702654735,4.2662525590372065,778.2999037783476,3.121933984083525,8.398906326124353,55.256823591142044,0.2007692862172858,0
2667.930691516765,15.0,7.207641574964421,10.678717409148497,1006.4984155088172,5.806125382122746,14.185197210134962,65.55347055842634,0.45568244659982604,2
2997.0740933341467,11.0,5.445792413824798,10.856085356178093,1064.788125736033,8.591765753032776,14.01289515799099,76.06478369518052,0.3958596285223911,2
2033.7912118245804,4.0,3.822002767156254,11.33360312609572,824.1394058716369,2.8775939483202198,14.343794734385636,66.11798382441856,0.7289717884180148,2
2724.448666349672,9.0,2.081602957093032,7.8253556610867925,1033.9738297460046,6.418014218494866,11.701731526703712,82.02072855531605,0.17007353084406204,0
2771.520616389105,13.0,3.809928376104353,10.3020473889648,1046.9926384973955,6.648862687714415,14.105367766651174,82.17367805106078,0.18169342807248273,0
2478.6287195190557,6.0,3.3269059373544847,5.560643192969438,946.4958583178866,4.764674245767731,9.099626012170935,73.45363970394453,0.06959830460671661,0
1652.3284776827754,15.0,7.090181165999964,8.825041801425716,783.5736604253051,2.4414400425734155,12.506806805342311,61.45542467073617,0.5826485361142966,0
702.8850010597482,8.0,4.40703564187425,6.869161218907691,411.03647895030986,5.619450025248138,11.020733676534089,52.34982815920818,0.9199017420074768,1
539.5138886003347,5.0,2.5833712996817018,8.769389205295804,255.9871989325986,6.510337275856316,13.72004202778845,61.773016496713566,0.839061527302086,3
1693.0015832073116,7.0,3.021607467710459,9.404484057266401,772.1670424954727,2.474458252608196,13.056051999200244,65.86442896290238,0.6035282809329887,1
1735.7863338365444,9.0,1.9552911517988232,6.776549333969431,814.2557248619731,2.8502138813248146,11.588382248839237,82.28038368862497,0.39590491906575154,0
1518.405969657431,11.0,7.430098143483918,5.729906394422976,672.4647860877716,2.537015002360769,9.661312395149166,60.29911086598853,0.41815792163494836,1
1920.4183782284113,15.0,1.3524209236552798,6.573503270874678,899.2798710323154,3.0585837650058174,10.82214099334171,101.10244778760341,0.44840864219289367,2
1880.4067582610676,5.0,1.0899237398912596,9.311657960859542,847.0189119461702,2.913151531266983,13.343125831741313,106.8786036249478,0.4477381927733608,1
2591.5326025817326,15.0,2.2809225346880813,9.414993869382485,1032.1634213768143,5.650204097146135,13.02110925156419,93.43199473318164,0.43397082351543664,2
771.6427581556561,9.0,6.67611812537438,9.930535488192792,429.8751670922139,4.739956811940175,13.879109626714149,49.94795336096501,0.9536024752910436,1
1062.9441652638636,4.0,4.664267506417569,5.012292868581648,528.828419357978,3.706345348837581,9.295903892313534,59.582919256784265,0.8452375904366185,2
2482.5124473990763,15.0,5.380903011638905,10.548139122035693,1002.2337792970275,4.869345578369097,13.895495145204508,79.01340456775468,0.34300086189644713,0
2619.5921680591364,7.0,3.5041217279101438,9.505182412327644,989.0646616342115,5.568741616103469,13.299076581664567,70.26013185754192,0.47519067622610056,0
2987.0605340521697,11.0,1.4807458988441904,4.244040613525113,1125.529934205459,8.42822741866124,7.913233812083611,105.22325210691116,0.10563546598633065,0
2682.28004096771,12.0,6.993107137445177,6.684782795480406,961.0620943341438,5.786929516140667,10.384215521671107,79.80260536355183,0.19353197124125737,3
2724.7475176808275,3.0,2.343259904877852,7.733690047251817,989.0837146770486,6.294025838248602,11.280079961532602,77.9062850130553,0.23332604639585636,2
1285.8698565747623,5.0,1.2314144038158028,6.884939923094518,685.5766510712635,2.8986210393632383,10.262038046313089,91.78215843204067,0.5494232434149432,1
1504.154085023441,11.0,5.008928951532356,4.939335105667305,685.4739251241098,2.6484986652363522,9.28661394647971,66.71312969678205,0.34196982649637003,0
1170.2127620513775,7.0,1.5830245426922076,5.658770276040056,681.7893874122658,3.4128875353385975,9.998460506553698,83.56122111371165,0.5828858926973123,2
2015.748495481789,3.0,1.6703329630188395,4.19649115928106,897.3808981807596,3.151844739898964,8.032318116221333,86.46787481320966,0.3615264192889445,1
2847.013385517596,3.0,6.602639220377676,4.744617290820503,961.6703347331232,6.933658588552054,8.995138252939661,67.77018321496418,0.0,0
1361.6022162790443,13.0,4.441267125225968,6.130400941796358,726.8831182109526,3.102106972161249,9.592558331086419,65.20185835436716,0.7655700991957217,3
1892.5044547036255,4.0,2.690559165730001,10.559762125085845,819.0535454976767,2.8810925292134466,13.999340822832792,67.84829857847146,0.6270872657011467,2
1240.7490761337126,4.0,3.4403849635166313,8.213100079497602,603.209096911008,3.041215501788948,12.01703250324676,60.15169213862516,0.7643795531173336,2
924.4999344317687,10.0,6.1046868519022,7.395983125528848,497.53657330281965,4.118130586921047,11.486670423467631,52.86518343199322,0.6755503071137189,1
987.9638245466392,4.0,1.4644790132962129,9.297303551668392,572.7611952577012,3.8453417600819857,13.090708081584943,78.40578596038694,0.7753074251812652,2
644.8633613453248,11.0,1.8153643115324694,8.332084482600042,394.0856587994692,5.976108452409263,12.490771290841165,79.94726638805504,0.8542006924662159,1
2873.2338075231437,10.0,5.313834244933988,5.05211141404501,991.6598203230199,7.290273907883299,8.833932527329427,73.88063191968858,0.047002705857087476,0
1507.199021269074,11.0,5.248802141269751,5.7809869105935165,711.5899201005335,2.8167135348805465,9.732397938452012,67.6215610272039,0.5368571273308388,0
2585.3022300052703,9.0,7.8072352917476024,5.780178887924861,934.2697718551341,5.21856891831724,10.039269233149254,68.30850023227636,0.2817059471177715,0
2203.3236817242278,13.0,3.6218463687881473,8.799620100898737,911.9080589631301,3.557998800952053,12.184683117548746,76.12192975632932,0.42815592487031695,1
979.8029035277135,11.0,1.4555433902426111,7.6929949295147715,595.8107149260526,4.186694134425666,12.271651597098383,81.56706243423413,0.828063762714136,4
938.6556164477196,8.0,4.762762043947395,7.100680500486829,507.88560456065517,4.114026178258845,10.987642042650728,61.34385538830676,0.6978661081249731,2
2529.9705037763624,3.0,5.468427682332532,8.453113383054305,868.6703452795332,4.959887048786841,12.14029368483724,64.25387161656262,0.3808291087520745,0
1161.7792765488434,6.0,1.9772195005037436,11.760926286260457,561.3987870808381,3.5117524539748564,15.468701601125764,66.15109785124906,0.8604078179973735,3
2783.2129592549395,4.0,4.870033814746377,6.513547648447014,934.3802781525517,6.637315660632534,10.202757339254283,72.11554948571016,0.30679611954702146,0
850.1385117237265,3.0,2.384369851607852,8.161563469068138,472.57240724475173,4.635275521104204,12.606547222941069,61.51469101419189,0.8282993255537547,3
2194.271536136174,6.0,6.913110405167479,7.842960125152925,838.3644671737092,3.455165109067683,11.699347105431107,58.8279002629458,0.357010347639921,0
2536.184690077335,5.0,6.846130470486808,9.733144253966758,902.9009752335897,4.7794787828190275,13.14137558773543,66.91947201337233,0.42307570028348035,1
1088.1409710391126,3.0,4.007403671989092,9.842322143863328,556.6573770920028,3.581992238791574,13.988044227117744,46.20750004284796,0.7913517483566488,4
1190.5184086414151,7.0,7.767202333589628,9.832565771304324,537.830997766673,3.166770384151155,13.288389711508556,49.487687613219265,0.7878173915032647,3
2911.297215348004,9.0,7.858417121148191,5.6121566395099585,957.9978168220418,7.697181295026379,9.298833405667766,69.84989035441576,0.11957718799012017,0
1161.4940133653959,5.0,1.9047576226333365,7.592745090889502,624.7565522773299,3.4541964841865678,11.64249109898744,75.67157479084672,0.666923732855876,4
1574.8926247501195,6.0,3.5739966338272735,10.4893975282331,720.2362909580376,2.5765978422066844,14.236270995135179,70.25760939626402,0.7900182160778834,2
1581.2889831059153,3.0,5.202250290326512,7.05224136432515,701.536470611425,2.627927490567869,11.013980850166456,54.6120538423918,0.6343747800980937,1
1132.5868748242087,3.0,1.5938646670701107,11.874040938319432,603.3494052326945,3.4187606710077434,15.311444912836496,78.35005172175134,1.0,3
2439.477716092726,5.0,3.6785885266989595,6.918293934337593,950.6277180186672,4.5887814021507145,10.571805922837106,78.95054584470529,0.229048492466792,0
2429.623358072888,8.0,2.8282045881161353,7.981334618735746,941.633134665714,4.542816188148103,11.94741532228917,78.52531659605937,0.415069930067257,1
1445.795035559464,11.0,7.6643515467669285,7.796204758420375,694.2911380555126,2.7239193261946917,11.664829863968297,59.6909984544298,0.39501783323910206,0
2587.814477701834,13.0,3.8811007598202933,7.46931041975394,1060.1173402459685,5.447775385967785,10.838024468287587,75.62562192592662,0.30953436717165017,0
1032.687335997506,11.0,6.338696009832588,10.765050946556972,550.7034888829033,3.9919850732191495,14.135918825296015,61.67004410982989,0.7357598262593136,2
510.76443916919663,11.0,3.7069375445852164,5.242201900384108,244.93517232098694,7.049019923926241,10.805105284213083,55.15458287661138,0.7000295035878806,1
1927.9184051393527,15.0,1.9226844929318483,8.541317651311864,889.0770626469781,3.1193557034430097,11.921462159781488,91.29126602310247,0.5269504730499722,0
2985.194431130946,6.0,7.042060711125933,8.94881261884339,1003.0515426690324,8.368475117149796,12.534533773450246,70.09288494830712,0.20941743526660622,0
596.6107745672115,13.0,1.002918418321727,10.809770464554965,435.1060821804075,6.13101906257251,15.053381387486343,104.04752715528468,0.9218727655825357,4
1019.9951842711514,15.0,1.3915861178211502,8.873601279408867,638.2261310091842,3.882786504365296,12.775610447330562,92.0132788082422,0.7382135738515486,2
1797.2866062177104,10.0,3.5506908412793026,11.680162782302245,830.7151984216774,2.6743107087534943,14.766366580332985,70.59496482005486,0.7598828140447039,3
2524.8518411121768,13.0,5.808287788631156,10.977341698087432,974.857869322062,5.074869462643699,13.985215523849837,78.85062749037836,0.33983362228594155,0
722.605012687633,4.0,3.39193006703543,6.789919586821852,400.44984439943744,5.286653887791714,11.670770822324126,60.757895995441686,0.816998439830383,1
1488.0866343972357,14.0,1.4641897233468248,10.879251562326676,817.1468642293389,2.652909079818247,13.968485117585113,94.33373380179009,0.7404104879283356,1
2367.689501574716,10.0,3.224880236139042,11.667822512747644,963.5012050638104,4.439694903820471,14.750212059766094,75.93384724099349,0.6012587697154027,1
1428.858021015904,5.0,2.714866012931136,6.057577447396691,685.3914124841094,3.008549887195706,10.147178923428381,63.96282511805452,0.6612663433738678,0
972.0910511890975,3.0,1.0379385987273857,8.881670453315268,561.3611445053177,4.238174100748182,12.640393643530178,103.58620501546812,0.6922955219136372,2
988.7395684914684,12.0,4.743613392262812,6.254431298737084,591.5763921335478,4.167203536978811,10.477289234529621,59.92248597024649,0.7482953586259836,2
1525.1219672874856,8.0,1.8165214032093024,9.19653823265774,740.2127850126221,2.742541184294466,12.376937926005331,84.62651146002568,0.6276607865626118,0
1698.5426870147278,7.0,3.0124740215766628,4.749142436376175,774.9274661832314,2.5210065507457955,8.727285719905696,70.9925929988123,0.4372243481207607,4
2654.536044540035,8.0,5.488328811556902,9.87350417495246,913.9633900654449,5.793150029266056,13.52711467322997,77.1028551436415,0.2614293399896005,0
2105.631046419984,15.0,6.07580982176084,7.358558628762743,905.7186765052883,3.5597151512458183,11.268662926532924,70.18843643265903,0.43262404287120493,1
2226.0048862887534,8.0,2.8441893879921576,8.698457429411494,940.7289679135483,3.654136957750651,12.082077875132507,73.03448554579194,0.6993074570988157,2
2957.4679288397674,4.0,3.304355697456638,4.206899220187985,1009.3136694916517,7.976586091159993,7.8760051945873855,82.31088602602833,0.029479992682431608,0
1529.6086007524343,6.0,2.7283646668922565,9.563531641682626,728.9856988593502,2.7874065839266198,13.220000018992009,70.99720055375991,0.658312315658055,1
1508.3860081228208,4.0,7.698220202213344,7.967930833081947,623.6134993269602,2.6340701926483185,11.418821889412555,53.246718707742104,0.6046852667183658,2
2808.3674193145307,11.0,2.33363808891182,9.002008061502735,1049.2165264895991,6.887050890653768,12.868325280780235,94.40017969440673,0.10508088811516286,0
1114.6889675126465,13.0,2.2822642254357337,6.525343779009392,662.8429097854209,3.6121392044570024,10.523493263947366,76.9765628133674,0.7864075520989815,4
2324.5381157571665,13.0,4.115247070820724,5.166561387371315,932.5282543520253,4.0673192711167365,8.869803202617918,80.53500977276731,0.22758978035306482,1
2386.432845545337,11.0,2.325144514403984,7.483431535969136,970.0364332631449,4.439075065248818,10.831093606072107,86.40895180985969,0.1998902864690824,3
744.4699936136077,12.0,2.096959193999257,11.551832970290906,464.37149126564736,5.4734843205858486,15.068111994872616,75.76340648481944,0.9665243083863652,6
1670.57851423396,8.0,1.6711567639075984,5.822352213230443,810.5064910940704,2.574737115341248,9.265056236100772,87.18823360245304,0.43815852358453716,0
1001.4061783038851,11.0,5.481198736757746,9.406712096282014,555.8207863820644,4.077480441101289,13.334131032592236,55.98472116469828,0.9190400058647068,4
963.4381820062142,4.0,5.284575784313272,4.398748352276331,470.4474746056658,4.022035692107342,8.568273864828846,49.37200736019844,0.4746313700475619,0
1659.5702761571904,9.0,5.551140243145764,9.744798282135427,743.6042095100104,2.84790193765766,13.428140552133987,60.225706310076546,0.767297475450437,4
1223.5742687701622,10.0,6.413100056065773,5.9074974944119445,603.4734129304603,3.1777511980582176,10.140840992429624,57.3880536369113,0.5897970151126603,1
2490.151119064677,3.0,3.2845060895480307,7.61213648183466,947.3297646190746,4.79356707812806,11.562961454502403,69.80169074528378,0.16876854585008302,0
2769.012228476206,10.0,7.428966135283451,6.9420248047581925,955.9548967341765,6.603099559129127,10.741806386382653,72.0743149208316,0.11465571984559748,1
2506.801513220914,12.0,6.132432277481292,4.902722746538844,967.2417282598151,4.904717748913569,9.16356787111622,73.05776591461502,0.381983769929373,1
1165.077181554163,7.0,6.632960120068308,6.764655620094206,544.0790425315821,3.0430588691139855,11.239210484343017,53.31196928987698,0.587425572643002,3
1185.335984221521,10.0,6.046735146786978,6.800999666345485,621.8755381379062,3.230655876873884,10.841579774655068,57.443625965806845,0.611331104076875,1
1136.8208752936685,6.0,3.5091895180279327,8.176845112238013,616.5303788336983,3.396698086280796,12.103510609904543,57.76769861166735,0.8753428942722156,2
837.5952401405902,6.0,2.9812274164384442,11.7788122635199,502.1220160023389,4.52148986253599,15.230308020430028,58.655961919383735,1.0,4
2859.495920259278,4.0,3.957619487053099,7.760140180085043,1024.7546998375187,7.21372441220935,11.078176068793962,67.74376153090704,0.11264964120011009,0
1505.1194953926733,7.0,1.6792125237335092,11.31540924506107,749.7880898469472,2.4737395513037432,15.101974740935516,82.42262104678002,0.8678093272172692,1
1061.7236863646845,13.0,4.15896351096163,7.692461268500443,640.17700697575,3.735929542242433,11.729765444802359,60.08647458837521,0.8043370357934968,1
2616.677626270609,15.0,1.3019868816666789,4.860346406999516,1110.2072640234005,5.805461938618333,8.940653568044205,112.5497471783892,0.11838911207406423,1
1497.9882566444762,11.0,1.0276217201903615,5.8412231622075215,754.1715034869037,2.8197551140284305,9.610271302694539,107.22365908588021,0.4886139437492566,2
587.7920277741664,11.0,7.520492576322849,7.260141408460802,269.76697791343844,6.100571369996271,12.504064889446099,43.704102697179614,0.7950642766469256,0
904.853925624078,10.0,5.82535802411525,6.602950183761478,458.4047919169357,4.341752161947883,10.746662215379732,61.10566431964197,0.7314105950467078,5
2098.1258508904248,9.0,4.932928629461783,10.926634300259934,885.1128665701251,3.135538098974862,14.045338422903573,66.45013035060913,0.47553597523009117,0
2457.26318542931,8.0,3.3877142759614047,9.42916481757241,912.808390126214,4.705022875810187,12.752354165060568,79.6248622500525,0.523717616551218,1
1027.3359712217823,11.0,4.993766102795519,8.626467615349387,522.9457953834757,3.862830962456974,13.00007596977241,56.70737064659606,0.9715606471160901,3
2793.488973165355,13.0,7.241030434368322,7.929836409893524,970.9766560330785,6.653953591223196,11.215494831971911,79.31535249958864,0.20491477331897914,1
2627.492800130411,8.0,5.566660937607052,7.178164946312535,908.2878320277478,5.642699033714615,10.675400731628798,66.59828861770926,0.2757658246817608,0
2620.9518851527023,10.0,5.21737398567453,8.89753951865609,978.5116218913842,5.641645301540495,13.286122469835865,73.23765175246278,0.4099224498175018,2
1069.1528669980353,9.0,4.221431520801746,4.996857323555048,551.9896097489525,3.6680387188793455,9.50413423330923,55.62784845029429,0.7715188347239821,3
626.3399716251442,6.0,3.4198792145560057,5.300265505735245,297.76663796075815,6.2311447997334515,9.893656037518546,62.610108556321784,0.9013005996067597,2
2668.5588487064592,6.0,5.889829797451982,6.4249308271736,937.825898139705,5.816299630164652,9.884521935196526,67.12485565234616,0.012484253659189919,0
1264.5005718464186,4.0,7.8668665871106995,5.369476931688595,553.1176642988238,2.866037282083479,9.053893513255119,51.757288193662525,0.5284189637506769,0
2047.2909529338147,8.0,3.973303854644131,9.416789752198532,806.6970137949593,3.0552020353615355,13.000094135394697,69.92542498395589,0.550063414969408,3
2399.917209251825,12.0,3.7454364280994055,4.198146571249962,947.5606397426224,4.350726826730397,8.418874592226187,76.9421201767175,0.07692725176026106,0
820.7331462778004,11.0,3.9967943065552975,5.281419933334001,489.54455143929636,4.927991100967962,10.026003404283683,60.77252204886302,0.8426977371713974,6
2452.09588629762,15.0,3.9788077763480505,11.220864875990426,987.682827075004,4.682031125157031,13.93557162510228,83.67837180119342,0.6377460961731388,1
2846.2786474026643,3.0,7.934373413579466,11.980345185776695,909.638527938315,6.91827934709384,14.824431328468455,66.02943807547669,0.34152845365657913,3
2320.9374143660225,12.0,5.947447802565384,7.9007238226247445,945.3744362339584,3.9774900235661304,11.49789904089796,70.78509968599548,0.3620033914363196,1
1603.0568712013953,13.0,3.5142911444741416,7.962960584174066,843.7706526169669,2.5784297472564424,12.47702801287809,72.66168187665079,0.47870857338798667,2
2691.695346879257,8.0,3.600516616787058,10.187190097899506,985.8396165219709,5.874267927862688,13.839987350873855,82.32634479085029,0.34609409260127033,0
1818.6440751813975,6.0,4.01557847320839,4.2895166209646005,749.3557893503661,2.60499049884477,8.506196723505585,62.87781699615231,0.3153599805367867,0
2361.9273195418855,7.0,1.2569853130631479,7.416171855207825,948.9816480727491,4.393980304725881,10.72858205556305,97.79086709984844,0.46744053882625497,4
2551.26485964651,11.0,4.69471481414875,4.798623054519679,978.672653720893,5.2470868433790265,8.0914820050364,71.003474708813,0.08737296705251814,0
2373.382154247515,14.0,6.679666660659353,7.207411061251888,930.559564384288,4.471380604070876,10.928173755285599,68.64993518313278,0.11283416765666415,0
1219.637190120385,11.0,5.623974552452574,11.870574729030999,642.776637341859,3.2790743940330533,15.27600656275056,56.2211445656968,0.7066270903599069,4
794.6097522645778,9.0,2.3889459273307914,10.02906624642689,541.4191374289671,5.067623322359736,13.684616518340826,64.52105597191267,0.8345521395221944,2
1095.8463234051503,11.0,6.0962396896485895,11.880367005481745,534.107728194852,3.7907068433363538,15.32711279077917,56.72979720917392,0.8681119352193465,0
1757.187342450883,3.0,6.036210244324212,9.968389005364813,700.002933961573,2.4890214256912735,13.31847007506433,56.25413883626862,0.6458286464577988,2
1763.1923057327397,10.0,2.8377745095429794,8.864880574452707,856.7074635784456,2.713435839381006,12.152003713642465,74.48526720442723,0.5143985364070868,2
1956.610873286344,3.0,5.360122597998545,10.033766663417946,758.5273150047508,2.783653319836554,13.974579971046921,56.56904881052178,0.47271584658284,0
1487.7545938697272,15.0,5.276643231853553,9.272733383767878,767.3018293541033,2.9361905405796263,12.60080879786025,69.23011155094571,0.5571844681511853,1
2467.228453625069,14.0,6.878513366993271,7.712528239215267,963.9569020596698,4.741105942291441,11.273387308620007,73.99846706332792,0.2015348213823019,0
2782.8843758680196,9.0,1.9525061828340888,6.34037067204168,1074.6661111056692,6.705597958700516,10.066818802264656,97.30250590825582,0.13650782296373276,0
1116.8126336986782,7.0,2.3638695315806593,8.161424474674838,656.4182822676638,3.6143290348748103,12.166533677045441,71.09052094900618,0.6713607499625431,5
2341.30804425472,12.0,4.401786526374637,6.067947791211444,951.6883976971294,4.079297025446032,9.625909548602166,72.99531429502048,0.3885380468927284,0
2194.929631362612,11.0,1.3090160422461492,7.893410771537162,906.7704303299481,3.739980670284661,11.838616086662656,107.70171591385316,0.27091204553199805,1
1807.7262481982873,12.0,3.909159383211946,5.169083247368688,811.7773905098439,2.791994352586927,8.971020937711176,71.24658909494471,0.40455241074264914,0
971.3255846854006,9.0,6.517533293998063,8.523160791760326,560.6689377388898,3.9906623594516417,12.335709057183719,55.31312856541449,0.8095494543628794,2
2488.080646456774,6.0,2.0410007578879874,5.962269526496838,925.6122070737692,4.944280709803073,10.291118567821671,87.43943899061303,0.40733429817637057,2
2901.565714072082,3.0,4.219641158555674,6.348864831532557,996.2294473979318,7.352409530856761,9.824723963840933,70.86191622972889,0.15182025070814822,0
2304.5908305840335,6.0,7.928384633677112,7.992225134259107,771.8600656468624,3.8428692130997084,11.927502684812744,61.92346530864601,0.5562102731443551,2
2794.649991564335,9.0,4.5414400939740505,5.300210024172646,973.3428102247972,6.735940481223112,9.48252718500714,74.76404429175696,0.0,0
2960.4631623699993,8.0,4.488266768854634,11.699039069087352,1052.7044381086093,8.424227465980596,15.002078202513916,73.41398210466161,0.32829275558421944,1
1380.1266855980955,9.0,4.911555086069177,7.575554523143009,674.2304215406698,2.8394134944188107,11.376008812371536,53.58327273154278,0.5468925868354961,1
2095.5588823158423,6.0,2.3020305923291886,6.8182338370140085,864.058549632184,3.1846447326098484,11.237053255880728,75.93811770925267,0.21464252759790556,0
1684.831844095195,15.0,2.03014717880161,4.233572840740647,829.7738475358591,2.6025817998714125,8.288120997188992,87.0003228995164,0.33196114146834516,0
2966.5718671580753,7.0,5.741482403805759,10.746034904897863,954.9268870107182,8.236161011955861,14.151534900633855,75.37273611250092,0.4832320891786639,1
734.5195600193123,14.0,3.7703676693403914,9.006671322451075,489.43219866674815,5.336819238736083,12.822319727476087,64.64673295789177,0.7929777105889736,1
1530.9372857430615,8.0,3.02934639750833,7.331241238730378,730.4289380120373,2.5795203357896335,11.19106510151623,67.27678618502637,0.5884165899202592,3
2688.8476113180905,8.0,1.219741339439283,5.964262394707806,990.789440921321,6.177217616030077,10.060790021694256,107.03870335009995,0.0035166142593344198,0
1210.1282763162885,10.0,6.922353480249377,9.961099349403082,597.5876048475704,3.2394544819099313,13.551755738550744,55.22923259384143,0.6487339491011074,2
2469.482126597182,6.0,1.226302060913829,11.563796605933337,983.9559287645894,4.878248348756895,14.181380079256376,101.69738824436361,0.4130836342567892,1
1456.9579069506394,5.0,6.249881868583236,7.046477645216162,639.0601822453415,2.6091223937140358,11.121820076041505,47.82395164074248,0.5023758705284067,0
2949.9463497253955,7.0,3.673919912990067,5.07900854703385,1035.7358075365512,8.021438857962721,8.63380623145654,73.19536003262388,0.0,0
2708.8245910592686,13.0,5.190814673532551,4.873557978181899,1014.0573606712786,6.254670455697554,9.003220116695243,80.77134923112959,0.08893014470922639,1
1253.3008941565383,4.0,2.7337460048311364,4.050895778671087,608.357835013273,3.1219397495769368,8.302916545595886,69.05276953281096,0.2950583335924231,0
2425.482783844638,8.0,2.087797663624512,9.951643526173775,964.8853470203413,4.632747647325618,13.653968930662062,88.25506782304983,0.39036520189843604,0
1342.1413595831718,11.0,4.733716005844632,11.851163087213365,698.7287781396037,3.05760906591508,14.954011839658966,61.921987328635645,0.8753924062731919,3
2015.9071005388378,12.0,5.869323864679005,11.942542022028546,875.6499638939683,3.0391316874218974,15.044524994898042,63.20277245808833,0.4859569137471057,2
2146.2019209832297,8.0,2.368453064616026,10.273578034743405,919.5628889116257,3.3388223246017072,13.579198704599436,79.31161406154835,0.46721478027203395,3
2573.988522714262,4.0,4.054512632027949,5.297470226368349,915.0440142015041,5.2530649450112685,8.76017598529013,71.37372904418802,0.2115428236989822,1
561.1271022050372,3.0,4.11258479203977,11.821675647304971,259.94742378761606,6.406137554654684,16.51170684842161,50.690279687677155,0.9864228189749051,5
1050.394727880749,9.0,2.5118540435562395,6.622507544015607,609.247722525383,3.595745767217374,10.129177301354316,70.45711850711415,0.7176188632683884,2
2279.7945264714467,13.0,4.955346123764917,6.668956875940349,912.3040873103406,3.701901018677278,10.76970557289307,76.53478450042527,0.17193937925939157,1
1908.8080924238434,3.0,2.0215498074719047,9.498695623139511,798.682597681112,2.908887852195942,13.176970339011026,82.59713643284354,0.6837460149919365,2
1739.0126955028577,14.0,4.56824421323006,4.392393496595611,835.0616830658021,2.8807218434994484,8.37250047826149,68.30920886369996,0.4354449496004416,1
638.0248917699512,11.0,1.7940205795619963,10.606157839260474,447.98358686088716,5.836454961377905,14.541966755115498,84.24061746347479,0.9963078910370269,1
1370.6897086536405,3.0,4.3987968619859625,11.978378211901951,584.8603810825912,2.7747367709667308,15.55978428954629,49.28717783117784,0.9944269185292334,3
2662.7505797766207,7.0,3.181193384128898,10.20055822471934,1027.3805109988134,5.843742742807311,13.449713709367241,75.15341792813479,0.3143166010583316,1
577.2320925900805,5.0,4.165724044570744,10.253411929658665,305.80535574233215,6.201387811333589,14.6255372459894,50.775580125262984,0.941450119447128,7
1491.0905884120302,15.0,4.03624551610222,7.122509364532408,772.1029224855916,2.8213833990596546,11.14767907352018,71.42328353540327,0.7436996934592549,2
2862.8707191769317,10.0,7.35553185973015,4.527371112125255,979.6177419655783,7.081566837324461,8.199551726241676,71.2409262065487,0.2107833852993436,0
627.2018363625366,7.0,4.42954919969524,10.341339473875387,343.32842302393124,5.78681889127859,14.576129218492545,50.33011699333515,0.9221402085988858,1
2374.264377611592,6.0,6.729492327138121,8.777264695238404,851.3134332407573,4.13055353320205,11.581502893748628,70.26637719489898,0.38699048369992395,1
1144.031540455091,10.0,2.5795667503820066,11.274709512976674,634.6641003772243,3.4743809883148353,14.198613240998673,68.06946754632398,1.0,2
2666.522080384181,3.0,3.4645795624398117,4.92770320133466,913.9820790325431,5.7125628481521735,9.04193621914946,68.92521759499904,0.11610912937994827,0
2365.1699473984127,6.0,1.5256256644323365,6.440984504752866,899.9545815171114,4.375686722759647,10.11600415918113,99.05230350784295,0.3346153949709979,0
2714.2629271459073,5.0,3.9452345637504553,6.8852492297870915,1027.136342419363,6.131033496225122,10.33012508862128,74.89830856232533,0.265561788028192,2
1039.8119760781651,11.0,5.680899209524517,9.466237668357532,563.57276601588,3.7354090695066704,13.213463763934124,60.24397966746035,0.7891218737769193,0
1828.2318870465124,11.0,6.867169238765773,10.301961304825241,787.0931711898282,2.6945571154571293,13.661178725517123,63.607157182418824,0.6377469004087295,1
2448.1748589370018,9.0,4.961404382594086,11.688163268675362,932.2970235653979,4.6093548127992054,14.651812416507438,66.44713857931939,0.4913774357095447,3
1114.2493574874525,4.0,5.480508687151549,6.363257266593235,516.2110002160475,3.5145739599824948,10.010093775885604,51.34424157878846,0.4953629676799177,2
1076.8657631680423,7.0,2.240869543318637,7.949091268513978,588.0349433893556,3.576908340137003,11.243966584795235,65.0029152489043,0.685956623672874,2
567.9553337439626,13.0,1.2604422676340756,4.231687440650387,376.756128636524,6.336126451597407,9.091851152067326,92.00881344390157,0.6075152021955247,1
2896.288234938631,5.0,6.541817016241212,6.023903024871103,959.0909365827503,7.411920948405564,9.711824456060354,70.09485487494047,0.1819739104138101,0
2275.0422001365587,5.0,2.169267452089005,6.992028064957123,888.018414381242,3.8673191234344912,11.034131162332965,83.63578780183808,0.4672042678815975,2
2088.9008850254622,4.0,1.638186748729267,8.750449652203585,877.9127717324409,3.078392442250048,12.201235769126349,86.23770545867679,0.5442830689420597,3
2359.9868067374773,13.0,7.562936246346167,7.766763948793392,912.5612318961033,4.01464153557768,11.53490529081237,71.77756365462965,0.3766258835714329,0
1829.0322967385985,4.0,7.744649548414236,6.915800478215979,722.8590651377262,2.552104449909723,10.739957310283266,52.326070406800625,0.4738063038984939,0
1690.334552726026,10.0,5.313801041217463,8.992623732234733,779.9411615234,2.5048583043452286,12.619554577481843,66.09459227334081,0.6098476618152564,1
1623.830602808802,15.0,3.650460908811054,10.628925416936003,805.4044787081108,2.54337624621276,14.090588785165956,74.69832048658184,0.7149076839274657,2
2101.0980302591033,11.0,6.8326767867483635,5.933449063878314,842.5346641277222,3.3270268367668936,9.68115004489922,63.3915390258364,0.3690947018809595,0
1003.837438480958,8.0,2.433039715347887,6.743007034083298,609.5995412516278,3.907276826696631,10.355988349606763,69.28997222070613,0.5768162306978964,2
2720.146737537174,5.0,4.005746292007773,9.63938919749616,945.445221147111,6.3574899312602735,13.328370897026371,75.44911332224727,0.23174340848405944,0
2529.380928048163,3.0,3.499121093004212,10.223524790068243,876.5481021312361,5.0180374753105195,14.135571829940709,70.67691012776494,0.3115805676520418,2
1373.9090286300848,5.0,7.3888999351917715,10.603174973877177,616.1701113978705,2.7326279837012297,14.68979347699711,49.39184101177182,0.8608672359730133,2
1946.523242031311,15.0,7.438441907535916,5.674649751176229,818.2869681321929,2.8578300790495303,9.430029869360087,68.06470519757916,0.5755862066705898,3
852.5682498750366,4.0,5.556201484265665,8.314135689955325,400.70561896682284,4.209566153670105,12.261009952535016,49.98177919996794,0.6379436579323382,4
2930.865619833995,3.0,1.7751809819088429,11.200088788202276,1047.971804621665,7.705303747049007,14.295484833318016,88.61796850867849,0.47619958806904994,1
2757.231719075709,13.0,4.375349527608117,7.135603640731934,1030.9365371926951,6.571733034133027,10.757288780905405,76.26257551403322,0.22701509228256822,0
2804.743766248001,8.0,2.7172985635683973,7.4390647217724455,996.7908650243513,6.949234669771652,11.080707747028818,84.69305827340554,0.26445548685768083,1
1330.407619258629,7.0,7.194409642291373,11.878583551205487,656.159801221665,2.601252555494084,15.000954256109551,56.11383873037752,0.9228652530106762,3
922.8367684571393,12.0,1.9688195931134134,4.904421168260043,537.3344617198892,4.406555576248481,8.714473607666026,83.15275294278,0.7458922891780659,1
1029.4304086657758,9.0,1.3801719310249516,9.644815915693087,604.2988477644902,3.7912643282074914,13.357241164168848,89.76432864158328,0.8252217091874543,1
725.0034776127246,14.0,5.9310032348505475,10.801473016327135,386.8051186656344,5.398203735336612,13.696315463029373,52.739122041294976,0.8776472781038501,2
800.2765752534608,9.0,4.17300252477707,5.206348133072139,469.0842429468224,4.917977505374268,9.508241570149755,62.500252887617656,0.6511920674388548,2
678.2613354621135,12.0,6.868554213221591,9.7156258880579,358.27014908073454,5.6848468688001015,13.577114952628943,55.68303762485596,0.9998468011905322,1
2974.557673012184,14.0,1.5224074181851823,7.757905776083538,1146.0544289679399,8.50659622231039,11.56518511929297,102.1410269226235,0.13469474608934262,1
685.144208422684,9.0,6.607532928254898,10.823127077397146,358.3742187144506,5.570882235394161,15.171256551053945,46.841117033194934,1.0,2
831.355202378534,6.0,1.2613432699091083,11.259618534687249,531.5020086832991,4.899980707531807,15.207614582946224,85.40721238498327,0.9358380674378052,1
2568.136488976841,15.0,1.1964900833976988,10.979879225236587,1050.8916369357114,5.444582960037515,14.158586397357164,118.34233500711203,0.39790580610135773,1
1950.6005418573577,5.0,4.229210262117208,4.515081100632102,763.009741015112,3.17605197593634,8.247269489959072,56.55468639945029,0.19844189885108676,0
2436.043011423331,3.0,2.5490390277645627,10.054842214519795,924.7111136514753,4.399434108171545,13.237547825417002,75.54137507604214,0.4314769744119207,3
2077.280019431638,10.0,5.156030949045714,11.372220599886635,852.2153255533548,3.1162066661971126,14.790646690548803,69.75280476113852,0.6096244664010027,1
2705.4376758223702,15.0,1.1807189594802932,8.970787525367449,1043.12529615379,6.462377261290264,11.963412473037069,109.36853527323618,0.1605973028863667,2
2096.1688194118515,4.0,1.2477267965408498,8.807008483827921,847.037058877188,3.3499079220162624,12.816606838276074,100.28941349821305,0.42887655830988114,1
1805.3127322578773,14.0,6.090039473203583,4.360043099184888,793.545112353842,2.762976041465477,8.328916900515713,69.50611056888876,0.15592266981830977,1
2281.8742344032494,13.0,2.4711561374461817,10.848264177647508,1006.6377820012934,4.079551708764404,14.310852256661809,82.55891786349339,0.45926098621119515,3
1618.4818794802736,15.0,5.594919865625135,4.371228486633292,796.7491649266676,2.410304399626028,7.901717865650314,63.44897117429671,0.4948169099042303,1
1365.1595572618367,8.0,6.24945513050531,6.508076851077392,632.0094998228305,2.9828612384510538,10.212376437267906,53.665551897656904,0.43761070403248753,3
1669.1311311255313,6.0,1.4153181600747722,11.406904522297724,795.0080434156288,2.6242447407038187,14.197649889942573,82.06831246144598,0.7705372026818472,1
924.2852627464017,9.0,6.388277681249675,11.597961141836098,436.95668414879657,4.378176987009601,15.659944421117231,51.656485819455185,1.0,5
2491.4293245067283,4.0,2.8789485257290024,11.93520432380738,918.9509242399796,4.595218940799491,15.128901426641116,75.41402427433032,0.6348970354006893,2
1151.7594533398615,13.0,3.726821707398238,7.81121828490309,658.654998287303,3.5083632246716157,11.80878615021573,61.95909324357588,0.692359084302704,1
883.8288658426186,11.0,1.6064743460672168,5.419436371048087,561.6852082900392,4.527643757931828,9.608659501643407,85.10330646640425,0.7487485187556622,1
1115.880604458067,9.0,6.870409883553969,7.903555894632671,543.1649020053825,3.510449413504193,11.990167429271914,54.19961099914298,0.6291664406991582,1
2605.1753794305996,9.0,4.925101504280348,4.818503400664394,964.0451981016089,5.544847426673099,8.650338807952854,73.01429707432291,0.0,0
1325.5032389943285,12.0,4.532656944930205,10.980288871759758,694.6311573893285,3.024900100642145,14.397041482184033,62.286311563499986,0.7989151975794225,1
2215.1246737647507,9.0,7.779883676319289,8.484297866132039,841.5209753024211,3.396501357195333,12.083678157576145,66.0925761538494,0.45066162534697446,3
2641.024076639348,13.0,3.3415403195846953,7.236047193334042,1049.2836188702809,5.830729401446617,11.01534444040249,86.23771394470306,0.37742475785144675,0
694.3616673126053,15.0,7.235455005336872,4.636245619846435,411.38030363817614,5.508699097373313,9.274592878557458,54.013559276316,0.6261438115140995,1
2412.561012945107,15.0,6.03781516745223,7.241925414533044,970.4048463134452,4.564100505065702,11.77336303386519,76.34607489382753,0.3776191866011932,1
1269.163665947575,11.0,7.499696950965673,10.929532867120871,658.5518165795236,3.1228409335934146,14.94845357770195,59.00804229832528,0.9037947343668876,4
1041.5559104601066,12.0,7.354614369337218,9.627247459817703,566.2528122574048,3.762072151868213,12.837293335775477,56.827314514046215,0.8222590832701108,5
2222.25363113243,7.0,7.937208635182487,4.659644140087733,868.466619105875,3.361660565039499,8.611329976351245,66.81303149503772,0.1955659022539762,1
2774.4915568330844,3.0,1.921737264260103,5.279257597809407,977.8254190076717,6.64659737566467,9.038634063471505,84.78719632625818,0.0,0
1237.5480217809886,8.0,6.572114744641166,7.138467925660037,555.448968601959,3.3805389349475594,11.528798440536404,53.24031677618669,0.6643686581793855,0
1922.0845134607976,14.0,6.631460484632522,4.811000661487349,828.8107181115871,3.045472768588196,8.717795447910948,64.93774767752198,0.31720184916480004,1
1224.585284623729,4.0,5.510614697249408,11.472329535946168,569.2270640307868,2.7168821877393494,15.167090522304855,54.30899529928035,0.8571106533835332,4
1885.71396431607,10.0,2.952026707667414,9.218336357047008,883.2581782734522,2.846835810728871,12.048252951551534,73.36470021413658,0.625385624098587,1
2054.6550766358514,5.0,7.756037901398205,4.75858401043156,746.1323831192876,3.078159545339629,8.364743260995102,56.195211910406194,0.3531946667298365,1
2025.8384719754495,8.0,2.430954965231467,10.304459699043687,869.6793853914556,3.0772066919887884,14.361641295926372,82.92948598450985,0.6574760444838009,2
2058.8659241068644,4.0,4.497027648509073,6.947247428575543,826.3586403904889,3.004826560593894,10.751647336465608,68.35932280501027,0.3329035734064064,0
837.6994805438103,12.0,4.6504097897343035,5.958965156425767,500.5252417025879,4.719914829006099,9.862691128904245,57.29300487298977,0.6858567259776056,3
2233.851173966799,13.0,2.132805413852272,8.559879535517528,958.2313722266447,3.888101594532299,12.194188560418816,84.36824912825313,0.29857108360589074,0
2186.875890950558,12.0,6.057701756332686,4.1069770649643305,894.3873895302742,3.382806861693676,7.827595169552532,74.36405771613295,0.21404338559065783,1
2206.470305542208,12.0,1.6220701492616785,7.72318128083404,983.216411460885,3.8648899767560363,11.272679124516376,97.46666359284167,0.34422260281847933,1
685.1763818467658,6.0,5.851684451926976,10.750439944761357,384.56152201525083,5.486561072706575,14.27975623338209,49.36738881592723,1.0,2
1617.0971060353816,9.0,6.940308474034459,11.424460767884547,711.3296007472005,2.4180521542655704,14.60772555012751,59.13112296465176,0.8094500933031509,1
1522.5878301143243,4.0,3.445774975576797,6.740437635331518,676.519921719156,2.7434971254124636,10.532754093430636,59.23755374728498,0.6444025695863843,1
716.7787091079979,7.0,5.965945660194402,9.139492705320354,410.8954906500076,5.127492250458002,13.535236776857715,47.98501193342779,1.0,2
1055.919819742027,9.0,2.0974180570349485,5.8145875069506685,579.0010286813007,3.734832280489868,10.063187617870751,75.19895861538821,0.6099687248878961,3
1602.4065794950918,11.0,6.9216430101701505,8.481704567877673,767.5849813113708,2.4959981296218183,12.346206259943136,59.349846798411235,0.5288445826612156,4
2357.265774645206,4.0,7.6642218898725725,6.032221809225512,867.3681724401496,4.288065979042505,9.882432413620526,61.700191697155894,0.42735242838516696,0
1092.6551924616579,13.0,2.0688558544984383,8.570852069019622,689.4033213294531,3.644758182496159,12.54083347576718,77.96818584367718,0.7193022624729739,1
2574.374775312279,8.0,5.843016317806325,5.373776938345848,954.3050102632616,5.020413604753402,8.993496664936536,65.84175571955687,0.0,0
1864.4957143486586,14.0,4.54081767589568,11.529860454085947,796.9789441055192,2.751184572606245,14.65895794244112,75.72182829140814,0.7826310992736505,2
2401.0542129615437,9.0,4.72049532282665,11.095339811258334,901.0339967694345,4.453114960587082,14.55201756629105,72.5031714597761,0.47609333316022784,1
1681.3899583421428,10.0,5.945428030204818,6.695345995590719,758.1751524947351,2.668880359034997,10.469649755007186,62.89763073725354,0.6240442086513832,1
1747.9855635555584,12.0,4.421183495355061,10.21330311139954,789.674177108608,2.9512730044814424,13.694357073199729,69.71594616511936,0.683631892767245,0
2049.2984734491006,13.0,5.202284744124017,4.764033045857556,867.5840532610654,3.317964833070688,8.699439586955544,64.64770367490227,0.282020204560429,1
2819.9265204145604,5.0,2.6163071358796404,9.922887269643391,1024.0566772150607,6.998991299335256,13.697237047602375,79.65281371681253,0.489452081029339,3
1729.5314535322748,9.0,3.649546175420412,6.259673036901633,785.171605550024,2.538784565351475,10.53481438599951,63.15381320383669,0.3816999961793461,1
1821.6438452707275,3.0,7.056682450500514,5.0851341494068985,683.0538060881112,2.7224599690284967,8.97437641019758,55.09307611019731,0.30937371209667297,1
2004.9924088188238,9.0,1.7693175815386992,9.42552974322891,906.8978736905382,3.040955599535462,12.396079960691207,88.93904022207306,0.42910709490051535,2
2343.7878432443144,13.0,5.183026826535479,7.758454542555114,953.0354805673306,4.100823355445694,11.188871569340808,73.4381421480481,0.115869548688123,1
679.6258387155858,14.0,2.2900094356442313,8.24111681384355,453.6691758709406,5.704454101915161,12.029616840807424,75.53279125279651,0.9439266527036829,1
1789.21859630493,6.0,6.925777185463604,8.164238273103367,749.1974223172698,2.393973911951243,12.131243614659606,53.06341697658184,0.47138002804091456,1
1703.9789730151087,8.0,5.053307676974849,4.475583856848156,756.1477641346416,2.521922293239088,8.833171848053201,59.51544801920686,0.5028731174644012,0
2804.212460593926,10.0,3.821341478691898,4.411041992741416,1061.0037430730406,6.870447249450747,8.037617036063759,79.98646102604769,0.12740258603155366,1
1733.7664510908528,8.0,2.7487727155627253,8.809340031584775,799.7988180728686,2.7476694298813125,12.202180371192698,72.9573977810402,0.681743212481238,4
1670.8013367358276,5.0,4.0579128943274405,8.990917138843333,769.1350373563812,2.508076638910046,12.1681868215844,57.54764722539119,0.6202863512402592,2
2905.499971336755,6.0,7.703286281452196,4.377396452120917,909.4355246839652,7.350902872220911,8.41980363322243,71.43347289345745,0.0,0
1626.441159002204,8.0,4.564465028205344,7.027514655102542,752.138433856127,2.392389451288346,10.843105254083746,67.03910144418165,0.5270262266375947,0
952.2110758052258,9.0,4.286426721899021,8.902810236483418,521.5316466204098,4.189665592778284,13.016237431966221,58.796544875160116,0.8884762477763949,5
1042.2903070144707,14.0,6.223916694502163,9.253445246024611,557.3332698016911,3.8137930286166544,13.194943540884857,54.535920732485245,0.7702631691393503,2
737.9688458424353,10.0,3.653329495823347,10.626206074212412,472.83487180587235,5.235645233472454,14.592607652105444,59.282239110155174,0.8996236256520683,2
501.4203231473611,8.0,3.991967649165558,7.365858268775047,188.7995870518249,6.765699072318505,12.285320531720904,54.06541285280072,0.7546426269932244,1
1579.864152501205,11.0,3.3586341210013333,8.386062249175751,719.9617285235347,2.7266003270398578,11.91514330086606,68.84751952100869,0.6267956547409782,2
2423.106453245554,13.0,2.0564382873057396,8.628483004870539,1021.399094449449,4.812791883583293,12.441923589003459,95.4494580667239,0.3054188893571712,4
2333.66610699959,8.0,5.9966644994185545,6.496362266402552,900.6876324808957,3.942160621672085,10.129258336319324,65.99440734787215,0.28746372118839514,0
580.3727195071255,9.0,7.111216397185366,4.430603219532893,249.62646671059127,6.193459909788954,9.101667325530206,54.55472933469556,0.6878729003989233,3
1924.9572589850823,5.0,7.339148544699359,4.033807409640837,729.5050821190852,2.8117427737991445,8.421140490394212,59.77425951036643,0.2559775285810692,1
885.70781353369,14.0,7.165620566264457,10.6890033289482,459.26132713518945,4.371153816327445,14.317887317854039,57.058633780356445,0.9647315806386483,4
2852.690711911743,14.0,4.16248661706595,5.601854580179091,1055.2061810747146,7.311937383000508,9.73953305660489,84.70265002974396,0.19766525467065366,1
918.4124991104482,5.0,2.988463345422374,9.042037313273084,499.928269908196,4.293491495931834,12.93242395030759,63.853988748119605,0.9994373479933683,3
2066.598044243704,7.0,5.4654662472057645,8.616379829151356,847.387847415846,2.939053161875178,12.143614881069537,66.34115690257444,0.5866103470520317,3
1315.5959054101418,6.0,7.6829343833422215,7.197064613924152,594.5460091900839,2.837575339002689,11.559097666855648,51.73797013503358,0.7954074570161587,0
2103.9033149108805,14.0,6.089354537180235,10.66794646960507,856.0396899310434,3.2903950270357996,13.677623190832339,67.91253341690546,0.4468544228473374,1
1530.646491160188,3.0,4.463939931131096,9.587212765547033,681.8790612853572,2.6232767442491944,13.645372130825901,53.38118398137891,0.5171301214470857,3
2399.107630765987,5.0,5.821660021594138,4.1819317075133835,871.7415012005725,4.153642998302747,8.030783358044221,56.97525768174217,0.1818823331950473,0
1076.6978133196446,7.0,6.4077653871807785,10.213552586853478,509.7744646384002,3.5657247558238505,14.025569009282345,52.65331698034281,0.980494837482133,3
2764.4796322856505,10.0,7.434884829296495,8.055990544014097,926.2969259236389,6.66736906525439,11.733764523808858,69.5518518920242,0.2735316153353308,3
1750.5241232833803,6.0,6.342510277805079,6.776154312662775,746.0119382997074,2.7813609894533773,10.506587383214276,56.9628324000791,0.6183417120138748,1
2390.232869282132,9.0,4.032333889451339,9.815077252093424,946.257471726008,4.521068538043158,13.027653650183268,75.86862148887471,0.22756079731667764,1
2624.3254785030676,12.0,2.915245629258389,9.488525037170156,1036.8178401409566,5.5890864922369605,12.81452170753906,83.48849337395704,0.43907224069409173,2
2997.0715273870123,13.0,4.499171653107139,6.4847059029515925,1058.7790348381495,8.520876611921713,9.909660161187933,86.99181436498003,0.09014768016428919,1
1059.8641639848956,4.0,3.2972456122383025,11.864310971983052,553.7243925452289,3.617538018475105,15.988849103045572,56.07634869436424,0.7825357333725318,2
1217.231033908637,4.0,7.599352148814698,9.189667893694025,506.6866631153879,3.0654122363488687,12.915804340657232,46.15486672690949,0.833793868261005,1
1126.0827168297205,4.0,4.555760904149736,8.84623769963115,530.3886255385092,3.3090269909167627,13.063462092062661,49.65805608856273,0.7519402073766656,5
1157.1783303994566,14.0,4.3043943517480585,4.5590429078541765,650.7162036998225,3.252445590114457,9.025997803654175,66.67927974731278,0.6510609314407737,3
1956.1118538484436,11.0,3.4373735270840404,6.2345502427579,870.8608296713061,2.9203910201563974,10.179289780936905,76.47076437389696,0.4748055470274129,1
2983.8063078646073,9.0,5.4758489320412025,7.575792018611532,987.2222184447558,8.350362509710097,11.18268637313431,73.01208351817759,0.19436655744959172,1
2975.6952177318863,13.0,4.640358950346634,9.04500563447741,1044.5704520722543,8.314246195161479,12.58157214943347,77.49503828639861,0.06344942886418678,0
1816.9330784057693,10.0,1.9033424602877957,8.102109045843022,836.5273487245411,2.830426757912374,11.941716343084705,89.28365101934419,0.47891119722727704,1
2097.5680256616843,6.0,7.084454675813462,10.10426346777113,826.148745869646,3.1444432387861556,13.608151970396973,56.09372210833074,0.35026100325043164,1
2649.926359254015,9.0,3.513089825006589,6.100541699743215,974.587454680914,5.877679318810454,9.430892905401809,80.60890672798347,0.287586361493817,0
2832.333646133763,12.0,4.028049009707079,9.617255962259875,1049.3899723204727,7.19602106329506,12.491210806006444,78.50594103318036,0.42363958576023397,2
1009.6515683238597,3.0,2.4396693966450536,10.5327763751293,540.8981244782814,3.8509957112663904,14.671705995975563,63.88129793995799,0.7600890831671376,4
1821.3543223561321,10.0,4.873787453325225,10.120399804663627,795.9587714973595,2.707692615899011,12.820484244832688,68.75506272164692,0.5975104322856886,2
2582.0926366537806,9.0,5.914385437000081,10.166772676704268,952.323878501864,5.546908828447789,13.628826126211019,71.3944514177602,0.28494443257677077,1
1258.0051915864792,3.0,7.168157244381577,11.108056458097323,519.4288146451914,2.9387107815827793,14.696834055060558,48.06463582140974,0.8099564837269809,1
1599.5226062011668,6.0,1.3612536548058385,4.673428339843916,749.0494177376994,2.662423505241407,8.788336010398059,95.26053448996052,0.5084743205312465,1
2964.05275378002,8.0,7.813323367895649,9.577532570992824,1017.1652131750951,8.02349728692423,12.671039075156212,71.18702237430794,0.17717997933644086,0
2962.6167418021773,7.0,5.926724194142497,11.749425608931688,1038.963928165731,8.014529926727743,15.06468522379082,82.79733220358808,0.4336193176832844,0
2765.267026912954,6.0,2.990090790880622,8.589205198996305,1021.9284425010295,6.528280292848715,12.183506447715155,73.60348658980882,0.36953458816449464,1
2496.120862070144,11.0,2.431323285097762,5.738530495875141,1024.2433870186014,5.008047366707955,10.383513147754467,80.47934707426393,0.2926925075679498,1
1172.8262518070144,8.0,3.072615430582186,11.990030446193703,580.1630995020874,3.2957590279339732,15.51948270726507,67.23838220332235,0.8156821764737089,6
1302.1251851679685,9.0,7.130080261665097,5.397418342571831,592.1240626741486,2.890889838354926,9.937681147512059,55.341050891193056,0.6460132480118779,4
1868.2071030121867,13.0,3.039731212371653,6.684461578998874,857.4335978033707,2.7613121862216037,10.032918146667932,78.79848654766556,0.5777643357928255,3
1901.9434364050303,4.0,4.23974794190065,5.376497507337342,843.7604612381355,2.7488905627593403,9.618944548354653,58.876076381202815,0.5223925543147026,2
1763.7570483926675,7.0,5.940166379695628,7.716102950000546,739.9588981024115,2.6383085332990923,11.552945211395684,59.900695910707725,0.48105268447875366,0
2091.675699790765,3.0,7.103929046067199,7.351008076887666,795.1882617783631,3.030700101542793,11.199854408392746,58.734739745178814,0.40453297872453625,0
1520.807556582472,15.0,5.609998136422729,7.929927172084582,761.410753047695,2.469104843276412,11.747345641748248,64.27213375327398,0.5248250943703556,1
2372.9353932888325,5.0,6.2717643757409585,11.423867200443436,874.8202456478515,4.230125519197401,15.250618720709436,63.99152897887528,0.41325546119105655,0
1333.8748161958883,13.0,2.213287574071689,7.826595086673801,730.9964533057915,3.0628158557816074,11.667665195076081,74.3631638155103,0.6347196696187967,0
1326.6924923658814,5.0,7.141854793837972,8.117010609709153,561.4120489993225,2.6760453645595197,11.782562095397855,52.85257242598792,0.7713373157728661,2
818.06490472957,7.0,2.9300342853267747,11.093456847347746,406.5391243024734,4.924662609295372,14.78324489229869,64.99456920218633,1.0,1
971.7805250722981,10.0,1.89864714839561,10.542063952118658,615.5355225651078,3.997170861210094,14.382836448434906,72.606519815194,0.8559239820556025,3
2626.302197303394,13.0,7.833710032384685,5.917776249803554,942.0951047084321,5.73556875033759,9.88482084605978,68.02836808365855,0.16522752011180153,0
1615.7058464511038,5.0,2.411479478179127,4.103407641830802,699.3892766105326,2.5995351059933935,7.805852335519364,74.60781299016523,0.34082182648915565,0
1069.6694663820845,5.0,1.9565637905458353,9.035996737616408,592.2200597375253,3.4217465676359597,12.962214216145458,67.41578879946529,0.7086271294992975,2
2398.3527500559685,14.0,5.382146300712506,10.75879859070016,966.9991622544978,4.462037044702473,13.771866848304906,76.65329941483955,0.5215622386806521,1
1884.9528145421486,7.0,3.232042046472667,8.4228009008832,837.5858523112378,2.735944694630995,12.189561201934804,69.57968853037995,0.6449154481771233,0
552.8900285582337,5.0,1.933444436263453,5.689415360102761,310.79718175882516,6.4018556780915725,10.16582056978565,65.30813385856533,0.7957261529257462,2
1290.9036433417878,12.0,5.207847820511132,9.930840725402454,642.1217880613927,2.9478780927785664,13.476246920590388,65.82968489423098,0.7814294205004978,1
942.5035278033527,4.0,6.312896590555648,9.356314260890159,435.07582924625393,4.057111233526391,13.176620260936371,50.71383207567509,0.9106782149738691,1
2139.6821524571014,14.0,6.552388619450096,8.520260299268422,875.6203897320883,3.3225292530685047,12.580727129117696,70.39293443888756,0.5177727135937762,2
1187.5776015756321,14.0,2.0885882070859068,10.90668939216787,714.2027988917764,3.2088098432113603,14.49663979125977,73.14531585560721,0.8099250853938147,3
662.3669480248591,14.0,4.898069475579596,10.273938823512262,356.3249047954146,5.937047007265817,14.747449828659958,60.01015479101033,1.0,2
637.3374729941731,6.0,6.695748594770224,9.343616731382243,302.7128586422758,5.741357882967323,14.599203065118289,43.12170487178238,0.9644893664943593,1
1954.3182448967873,4.0,2.1276090799692966,9.318069352185747,850.8283541900622,2.8046902270621246,12.870434096935004,76.07970587124848,0.4782465472286388,2
554.308639260224,8.0,2.4537757623947245,9.2976210743862,323.11468661403245,6.35270247082202,14.056406560437027,63.01720069367739,0.9585667276539109,2
2621.9802828402217,7.0,1.0168797820217432,8.201317959332512,1028.6300726864504,5.790167599370201,11.56021618133092,122.91565971300633,0.3284580433516684,2
888.492798143189,15.0,4.672439094767016,7.711373157150776,572.2723983172825,4.384673290000735,12.015667110669003,60.96646068395957,0.8925163391057375,5
2016.4158379885746,11.0,2.3627718780336564,9.676803675989756,825.8201723297555,3.139829132134328,12.951237606438733,77.28974592170428,0.40373763511170313,0
1611.7200700268643,15.0,6.0696980300882935,8.883955851761849,810.4556431734262,2.5775603085965155,12.483585254934772,70.41130233991261,0.7938722590112933,5
1607.1288030797564,12.0,7.735496989323241,7.919844498404345,728.1514806799374,2.4907661375340204,11.838259590356378,63.00493524164646,0.5572061726635628,1
679.4928559001146,12.0,2.461288422993492,5.013290831288333,474.6018544469169,5.587763377189617,9.563042826090346,70.46133219296895,0.6326767134479429,1
2506.880625530539,4.0,5.543679082344728,9.615430309225324,866.8469340138407,4.768833396137802,12.733564266805024,69.35719759198481,0.33980833272475197,0
2732.6312118831315,3.0,2.4828412302095795,9.167988564623723,934.4247983091784,6.322261341093857,12.419153962090466,84.66180125391213,0.22073609541555805,1
527.5416684605711,3.0,1.126048012857928,6.737987407788029,287.2330039717025,6.671176686111431,11.640221318590683,83.88391049436618,0.6391397605141764,0
946.5104392427943,10.0,6.309879359502093,6.850585329720614,483.54304900069224,4.050104720162951,10.882439105328276,49.8010332575315,0.815239640772022,3
2759.760471988697,5.0,4.03803273655625,5.973779073082018,968.3231698763059,6.483965466214267,9.370281843794224,74.98373299940182,0.3061547864074782,1
1873.7340320001454,15.0,7.627508030602572,11.69532205092015,826.9242730708994,2.8629714254385075,14.988217056005064,65.81620344059323,0.5599737618344437,3
875.0989456205253,4.0,4.740001175003838,10.881610902949781,469.83663277668626,4.239793798966945,14.609118114602815,49.89388015735558,0.8275457076669946,5
1006.976131522897,15.0,2.1023800828297876,8.488392235297734,661.7150546614423,4.08431134606411,12.297117304574929,75.24383628806257,0.8907810824347961,4
2149.965610592785,11.0,4.148421092580945,7.213225172468114,903.5141746954562,3.3263432514556435,11.093390850773199,73.71467999315102,0.37010184782716865,1
2312.0420556171825,4.0,2.420242563642115,9.894602109571387,876.5642022075239,3.8636296093353915,13.501164405931785,78.1177176429513,0.5901070046917901,1
1998.5670214498382,3.0,7.1462049088060215,8.221825409007977,772.2766708073187,2.8507319333113097,11.687140031214078,55.91524082614334,0.4911377556409247,3
2882.8709497813143,8.0,5.836322266212673,11.80680827132091,1014.1829324580166,7.343386647980489,14.897285067589726,67.9441294580211,0.3259657260797835,1
1735.1590091544426,7.0,3.388671632582925,4.4409809113772365,733.4009761830013,2.480530057762833,8.820623665457461,70.6850933178092,0.3762312936233211,2
1250.6797803563168,7.0,4.694742259649983,4.274285872427801,655.2196369246786,3.2333329562709934,8.294384138876724,58.054165638662724,0.24091784680664255,1
1693.0822749394913,9.0,5.686361317491199,8.548888143786986,687.2661052402234,2.680759365919762,12.157487901682446,64.8359169957392,0.431458423936784,2
1399.1657341665273,4.0,6.480004016517976,5.626233781511254,641.4099928901805,2.4350602172732554,9.235955760002112,45.94187329309476,0.6079663187021414,3
1061.0397316867156,4.0,1.561030469093792,8.83443330840154,560.0847849167726,3.546235143052237,12.656563423160936,78.21701596561309,0.8789672293348355,2
614.9081233503501,12.0,1.1576318939667276,10.251384228377418,430.2246306454717,6.24501450967874,14.259573806275794,92.82833205818402,1.0,3
1380.5312339128104,15.0,1.8011688801892287,5.104878089478983,780.8647597080717,2.9691430044987945,8.51399491063154,87.22545565137108,0.5522136889862617,3
2278.523369274356,6.0,3.7649741712079408,7.5248657935162235,890.7030947615272,4.021252934503119,10.900387528668235,72.55122969639996,0.126996406393494,0
546.0945071879845,15.0,4.266946270574644,9.509336667594841,330.4802561969455,6.6704954583014056,13.342244429368927,60.63236568477326,0.8924561727349767,0
1597.9462830148368,7.0,1.9552314114969387,10.670908565383769,761.9452172698782,2.6909496067638807,14.365295505160576,78.72073423698538,0.836894661289456,2
2110.0235036246713,7.0,3.878071965297237,7.970752720290858,878.9294583507832,3.143223514460808,11.055071160016873,68.61018195796899,0.5873096870158852,2
2026.010272935768,4.0,4.0913595045328135,5.649228695248173,869.4166677178836,3.0486599713780906,9.520779042793546,59.24585922442673,0.46314532285784754,1
2441.6210897217898,8.0,1.7636297457424068,8.686394044685063,938.1635140342654,4.519324072073077,12.459478194326964,88.7172529524029,0.43429318713692633,2
2526.299289149494,9.0,7.416619721370139,7.636136549799996,832.3068621414865,5.126412173692612,11.409461366138597,70.71679437247883,0.130971600901604,0
2279.2645522984694,11.0,5.194021493113953,10.175403416035888,899.9617506304446,3.9269523915828284,13.470338809225403,68.827777753074,0.5331572877076844,5
756.9942403618736,5.0,3.7197487131939746,8.444608513623585,401.6618400527914,5.016297586983244,12.69995076744959,57.12132138921905,0.8386789410051015,1
1687.5561100109016,5.0,4.548350284305446,6.235382759763446,723.6323893543357,2.6396242593239974,10.475703328881815,62.546270034719555,0.5924674880813822,4
2008.5148937190215,8.0,3.1993824052816473,10.035143357769506,832.9611747807435,3.304306887396667,13.479559997927938,74.47638368588747,0.5645847412615819,2
1113.915097023629,3.0,6.980317221512151,8.141976103695677,528.097678154888,3.3291149056148943,11.413532958076154,48.73349203238208,0.724633355070718,2
606.3795441169412,4.0,5.025105290979526,5.42037241822662,248.74301156359542,6.060556123033771,10.83074039295179,45.69581906391666,0.757458100794571,2
1058.9758021901173,11.0,4.464270700754804,8.504578585135956,598.8733609385799,3.6970430882842447,12.442120965992943,59.576347040732486,0.8111953612169956,4
1637.236004331597,15.0,7.376197821669184,11.586560478766984,773.3314121997684,2.61447767413748,14.935224185644769,66.42778982543392,0.8162910813698929,3
1534.825797636502,10.0,6.865857887638474,9.644130087501889,704.960529865434,2.4056044262152896,12.653013177694286,52.71030897739564,0.5761034993649702,2
941.6674533179041,4.0,6.689613239980946,6.390426891663831,463.1203265650447,4.064800050585127,10.525598043087482,51.11713209675235,0.6334456731535711,1
2561.038856708732,15.0,2.579264429622909,9.686985402342865,1063.2186994060646,5.408825101677078,12.831859800110232,87.37247642598005,0.5019423640043774,1
2814.2166718418116,9.0,2.0718617802784975,6.260850488017431,1049.1747123936507,7.226005348595174,9.651133700882506,90.84277503647117,0.0,0
1003.370797631788,12.0,5.830675637989233,8.341510700330094,544.7241269740528,3.727693198473041,12.20074145825806,57.09112300143101,0.9801540699079814,1
2823.932288918054,5.0,4.280495794389771,8.212766110300421,996.6810799870459,6.922853571761393,11.632031422390455,72.13689300319129,0.014396617079905378,0
544.6523979379521,10.0,5.785988990697905,5.979127031294429,269.49973067298345,6.640733024848609,10.724416226308984,46.87547693707702,0.7317215595467395,2
2812.4061817673637,3.0,6.3243906247778146,6.783049599038544,957.9508901963198,6.750057722275955,10.744190488767426,66.06631694898742,0.31787941654945073,1
2879.8219752022696,11.0,3.0671945514132566,11.537451638288365,1018.2838058149888,7.4923018697087205,14.853195912198034,86.14316373424018,0.36485323859504737,0
530.129657539813,5.0,2.9925530318596607,6.004788291323469,230.3262962347815,6.498382994608419,10.992321677026595,49.21771204067891,0.6585433811959701,3
2407.5482419418704,14.0,4.435820963807286,10.408216349047887,945.9872602767989,4.401426609835751,13.603519023202836,72.69936989125284,0.5173274066725194,1
2925.5039314246087,3.0,2.9148451946854816,9.338964640097121,1021.7907397935351,7.544565085314283,12.660080193018812,80.52691893596007,0.22146357693588412,0
2764.755547044446,11.0,5.671066932113397,8.261033060206117,1018.7117866729602,6.495937937251657,11.753349250375848,76.35696662711159,0.2005285128039587,1
2926.7754029905327,4.0,6.227113121165018,5.100118955721308,959.4546056988372,7.570961374732834,9.182225632964617,68.79926118615678,0.0,0
1875.8087642440983,11.0,4.304272622372711,5.6365660216510225,813.8583428446603,2.813203194997897,9.251627403339828,66.6512808433697,0.39006121189235987,0
695.3903497134706,9.0,6.066598359190502,5.431820988723231,388.53288970764595,5.37457653507798,10.355684527920365,52.99096257671473,0.6433349625413103,1
2624.4729945125905,15.0,4.573062983495433,8.69435407179002,1018.7291009115021,5.668969566799189,12.392996353674876,75.75633699940528,0.5584240355588989,3
2034.5706395225288,11.0,5.990102053769064,11.787065573747824,879.9348674113063,3.0042949369248624,14.241559719012606,65.95022210205045,0.5963871480409513,2
2036.8418604707226,7.0,2.5747777345700773,11.017914102199958,908.3485043294805,3.1008460461278937,14.382087079893045,71.75192210367418,0.5396266681314367,3
1543.1340246467155,4.0,6.171901321531294,4.202015063436618,686.7957941436499,2.4479653669877486,8.676449299017706,53.666811945629846,0.32865175597274143,0
1929.6049413027729,10.0,6.005868164199124,6.189812995698772,817.3105172003006,2.692582178524537,10.1768535417158,61.195106078275714,0.6061883291524836,0
883.9494477152864,8.0,2.8662399493442434,5.258059671496177,560.3490774917097,4.522171810491701,9.32239215619019,65.04027564881363,0.46462466833921945,1
2349.425066415376,3.0,4.8917969372812244,11.805422735183214,871.7300154819532,4.1917694331298065,15.065410593443103,65.05922760619372,0.5468245564402398,0
687.5432683788558,10.0,6.987181675120811,5.88488187678252,350.71601573019063,5.520033966018405,10.490413579106908,48.75085921738748,0.7119642160888744,2
2324.45191760948,5.0,2.746658528807073,5.610505480310351,891.7614728199101,3.975055036881889,9.728881847535495,78.36014174152187,0.09164786979208053,1
2622.4460565621353,6.0,6.151858488102734,8.967002348658074,908.3948095572243,5.516750942100075,12.086110829703994,64.10866472083585,0.21659477141914288,1
1681.1716939112205,3.0,7.6777670200282095,8.449492668598293,668.3014641480149,2.171700415360513,12.021570177168291,52.52063569903728,0.6157978976157675,2
1774.5759151426234,7.0,7.063693438302955,5.806811870249879,745.2434277441571,2.5260221745338387,10.25444149511087,56.39543502995852,0.3307564018996026,1
1280.5356823051957,5.0,3.8106405787619333,9.362918916297938,591.3467043087762,2.9494506809052847,13.11293332622331,60.77785633749417,0.741270597804149,1
2923.646459313969,3.0,5.250454130916969,4.776057690357513,961.1698312580352,7.56643210374534,9.172982107755494,70.59437488968237,0.1688327441432759,0
2332.8111863988634,8.0,7.942390939768927,4.154952528247137,861.7896056303233,3.8834160415956505,9.099285598165174,67.78838171970166,0.16788251403321194,0
1422.4713832508623,5.0,4.979061879630029,4.659318325650775,669.1045805313316,2.6420616720336247,8.643589922953053,56.52412998639873,0.3712480735478663,1
937.0184655825126,4.0,1.8051932170125662,6.918945807806181,521.5637921028733,4.351635735555409,10.63479128783802,62.72883369476242,0.6513987595164157,3
1048.9489805052283,9.0,1.3180152834513263,11.80013062299854,621.0763590067992,3.9825462412243255,15.184501538288558,88.71987699945969,0.9400734891299273,4
1659.805715275125,3.0,6.532201568208198,8.377975990474912,649.0604837621534,2.3379666201333986,12.486151592463408,58.479100895642645,0.5123777943743294,1
2856.4210007858446,15.0,3.965398277812923,10.037808824123736,1052.4980147270307,7.3013139865151855,13.78574492604659,82.72011478297473,0.33021419397654084,1
2335.3658644022953,9.0,2.7276902344043608,6.571966017852475,941.7041642142106,4.097182875974537,11.02112450848768,73.59768264328602,0.30904489170107924,1
1038.1093704478744,15.0,3.433704214626629,9.754712523866633,639.8075363279964,4.017246791535045,13.393387625028792,69.20292983443643,1.0,1
2648.9028335472453,14.0,6.301610065825166,11.729449584978859,998.6711098338054,5.8313944711209285,15.103453844532778,76.5825826362527,0.4365914895343701,2
1445.5013075242027,15.0,4.256731349436804,6.862087122256426,729.4105098117078,2.8422559317516147,10.510735554976053,66.36873836570501,0.4754396992289079,1
2629.305456881297,10.0,7.0794964476811355,11.9924754778802,939.4926655149669,5.670891989388061,14.466894151231914,69.0279863066529,0.5891081719561252,3
1104.2489949528274,8.0,6.144479121443895,9.107279608253329,593.0953516912965,3.4171973277793684,12.859083649545822,51.265465654514045,0.8993531380946995,1
2046.651529840794,12.0,7.818099053117975,9.988731299717792,841.2298037811952,3.2125872129290824,13.119226221335818,66.70872424442105,0.541196879507966,2
2816.676220203205,4.0,7.219526367528903,6.0173379107852,927.0173094772757,6.798831739004148,10.040102684254544,65.64735504807402,0.0713216864414307,0
1144.7350228694854,13.0,2.781830482502064,9.144726153417933,634.676016465725,3.425772222748947,12.296078358127064,67.51855681701983,0.9029547793800934,1
2232.316476464637,7.0,5.613414629617873,8.0880500116991,844.144413179123,3.5941366638947323,11.531297713745053,64.98321458641027,0.3615099075523531,1
2968.2815498928594,3.0,1.1438012416970071,11.65122116381949,1042.2801945322137,8.319689344975377,14.95017677075058,107.94040863879026,0.14957852752973694,0
876.4957181075088,6.0,7.937747071007188,11.237400382316125,426.0954277334159,4.315438928690992,15.164125840697935,51.70695909676314,0.9926324428440764,1
721.005726751686,6.0,2.827042761618176,7.173380791400618,428.32614913959105,5.480832804166957,11.375678741334223,62.114741710472444,0.8875778276822015,1
2185.4879811120404,3.0,5.653565655365088,11.574958012305867,828.8806646847638,3.317943144535902,15.460244276121891,60.10081319786178,0.7084418624442685,1
1349.3398693725758,11.0,6.944075348396957,11.078500422000078,640.1648110292838,2.7540669412112937,15.066328563708302,58.37705039645654,0.764199131449304,1
678.1111934164778,4.0,2.1232526390958,8.723070802953114,368.5985380628651,5.698071237657938,12.73065697360333,67.08097137179018,0.9087524254280941,3
1688.2640447090105,14.0,6.935155399673354,4.656943270316322,820.6290994836864,2.5017538695082884,9.161502767349317,64.0133818165439,0.4066366999544434,0
2384.4266991098893,8.0,1.0857196605357569,5.286321925276302,956.1822316034685,4.512157484572764,9.70468046759348,114.3823288806788,0.23442025394635863,0
1212.8060010379718,12.0,4.0938399665978515,4.614993957390402,623.8714930276136,3.3110234176157785,8.757481530900948,68.21638485628439,0.5117043211136568,1
1337.617193762837,7.0,4.30426335771797,4.863944917192488,612.4172184304573,2.7833064835566863,9.044320862313791,57.843193231014574,0.4829756262955807,0
2614.2485016174305,4.0,3.618634992811151,11.815618995144622,937.5479975206389,5.518148374125016,15.045485453272207,76.66175815397142,0.5450073966750226,1
1800.1797806537202,5.0,5.104693224103499,5.697338393729218,776.9733011509911,2.528178981264789,9.448922942611164,63.821037960911454,0.4727676162590143,2
2606.8299220161803,11.0,7.403896440918424,9.526836658725305,929.7467674211418,5.514435492502302,12.840677363065943,70.91781668974889,0.450848817486547,1
1615.9737303592738,12.0,3.288923800102024,9.092226061462156,825.91548044091,2.9115729938737123,13.063111284852194,70.07105089308314,0.5534831825783268,1
2882.4379039002583,6.0,5.054819210164969,9.04915891882403,991.5796935971262,7.35436106965276,12.678852593904878,72.4025743753534,0.26182207287149933,1
2126.986474294342,7.0,7.14223768020326,5.6536319967682385,843.6519536163547,3.2828375317681133,9.396141102336335,60.937090606574415,0.2376746966058271,1
789.7471632981235,15.0,6.410967765709647,8.634772755076877,452.28775690893065,5.003715661800415,12.377889378845584,54.878117487643735,0.7644730990213222,2
2712.7324705670017,14.0,1.2851328536384719,9.004306796679613,1061.8820157457317,6.388413911550246,12.25313268052681,114.41193033721432,0.13360627850603207,0
1723.1629770769944,8.0,7.599535348893636,8.563242533160889,722.8105577983703,2.4893183529326683,12.211157060997882,55.056276415226634,0.5826398719629411,0
854.0974199322625,6.0,1.326528329810289,5.489299738205429,519.8805178047521,4.574388990810645,9.98372828923889,83.75615748453471,0.7186612971096663,1
881.7253346035518,6.0,5.121309320620307,9.784484776597672,459.3866935878194,4.465364591063364,13.418738082722985,50.5568022337048,0.8783954420405281,6
2218.8348377746797,9.0,5.027475342206154,4.585945295332088,891.1585010137185,3.584960562275157,8.84671547136474,64.02698955521257,0.21031974173962603,1
618.4312668237244,10.0,6.504731614916213,8.729600094556975,334.0282095354159,5.851511005557965,13.113230759233549,52.38378340302339,0.9455388466431559,2
1216.4844122845332,5.0,2.0391013629428434,7.4900746592105065,596.710913815838,3.3369221979168278,11.454261126841658,70.90455654550841,0.8122522715337003,6
849.4689761746703,3.0,2.2555927444389265,6.002292745064589,459.13628068650564,4.639933116732972,10.581003343598285,66.99176633234319,0.7188151855294027,4
1602.6935740432107,9.0,6.264748529168523,10.45911191220911,703.7846530082765,2.526846942641532,14.234564009217262,58.87037632265643,0.6116701449136386,2
1535.8844299859034,13.0,2.046533266881376,5.407140533377471,781.8818007038242,2.9360823583859696,8.956657389938275,81.45693059631897,0.4410165636986148,2
1804.6910867221397,4.0,4.286115889459477,11.463854079183609,769.0493460166405,2.3876606024483413,14.51238724854745,58.33167094003512,0.9119798571884633,0
1199.0908227563255,8.0,6.121536631476523,11.076520226569496,576.4830771137964,3.3397134730954106,14.593875773228312,54.90945642851918,0.7079151456005361,0
580.108973445443,5.0,5.558693501478768,6.884700377296664,208.59916605095285,6.065550428905575,12.220575394250423,46.72902770781059,0.8887805782826329,3
2035.9652663379645,6.0,2.474229302791666,6.441223446868746,851.4186638122719,3.1178584234679874,10.676277923324879,77.83492837955613,0.45885070893775853,3
1434.2950072058784,10.0,3.127721810802599,5.099893467351217,697.6663360110917,2.7344923557136354,9.182764353880874,68.72729879003278,0.2302406333342535,2
2128.3374968501157,6.0,7.782824322687286,11.330622527471647,811.0138877939889,3.077936780322161,15.201878967552613,66.27441166639801,0.6418688148291258,2
771.6674270106712,6.0,4.140694341084187,9.020254870586175,443.7140724197367,5.192143500960662,12.807708167213534,54.57564943762778,0.9063243018809956,6
534.4433882351258,15.0,1.3112023350546638,4.254268657147225,292.60052493736174,6.990702891003237,9.034619741230586,88.1434509556817,0.7203306073716521,2
1120.735619713232,5.0,2.5370942962643284,8.087995316492883,572.0499792987911,3.468726602603018,11.886730635749478,61.642028460349536,0.694148478676776,1
1641.3683074851306,5.0,3.3970456276328638,4.686391582635095,746.9932123047354,2.613584015004477,8.508064266649201,65.68048175345531,0.35054554009192085,0
1485.1799354211682,15.0,7.996425830062101,8.590005479622734,670.8081045390286,2.678876267098502,12.67512199374351,59.3001672925306,0.6191271761629908,3
2525.756388183666,10.0,3.1188408323384302,8.071693746566499,1003.9351729573037,5.318333200134588,10.832007199178783,81.2800136927872,0.24452590836676852,0
1444.59411048206,3.0,1.1847709414778147,4.662768364021776,726.6778455654214,2.4908918722969413,8.595871095781227,95.77555878173487,0.3832402272720223,1
1826.1029490076974,8.0,4.590451042887352,10.526884744934183,787.5753798735964,2.7267804773432704,14.32654634716679,67.09086704123749,0.6201809447107718,2
1983.7889811054806,10.0,1.5852376948178395,6.098537417330221,871.2333130722815,2.9717159799619846,9.854107398180338,90.0795415859839,0.4935727940094443,0
554.578479114529,6.0,2.9184731908700527,8.331874913333593,220.4377595982815,6.159564708638279,13.635124517913136,59.8688932485642,0.7797440855456871,3
1787.8334421154725,10.0,7.946682232657574,9.112311013044275,768.1055329600171,2.529129706178042,13.381146929286245,61.396422917048504,0.40149176901375494,1
1362.0781484970946,11.0,5.932469632511081,11.698436268601332,718.577392384194,3.0740685421670895,15.109363455629085,57.911000099148325,0.9393870319711479,4
1553.2003192081365,6.0,1.3546664049800925,7.9504935430387675,797.7261464188072,2.60061867524705,12.007549678818389,90.34514689320447,0.604338909702823,2
750.7184962381257,13.0,4.140807030142572,11.338526178303388,463.0272278285821,5.353530763509774,15.79429490056355,61.41095327244759,1.0,1
2457.051414121613,8.0,2.201462588401945,6.838858730781591,940.9554945915287,4.882059138109772,10.700699877773683,82.80656890517734,0.27841674047483245,1
2856.0106270213064,15.0,1.8606125948148489,10.85949761319996,1127.7289863531241,7.421935229803851,14.113824043913167,101.71312838187127,0.4003835159961778,2
555.672051574,4.0,5.109457893441614,5.886609815611334,227.49108340885564,6.3533426452661335,11.326999102409046,50.63645511256955,0.7703084501308285,2
2003.4319070283698,7.0,4.53959122748151,9.659838099483341,838.793474483851,2.762581675688894,13.525994746946703,68.14353652884841,0.5882754423653747,2
2409.6101682208955,12.0,6.200066090208558,4.708895950039972,938.151359729961,4.354482698239673,8.652732198309527,71.01937646019637,0.057669171959090285,0
1212.0189716247237,14.0,7.246143597623018,11.888402853469273,626.9392378313378,3.315304226884236,15.192429833394463,60.10288403047934,0.9063635422971748,5
2468.888962158042,5.0,2.7267730020216336,11.631491198898944,964.5102069480106,4.74633152508548,15.398278939912387,75.0787326633488,0.25755754757735533,0
2080.887626915753,15.0,7.460943906587779,7.537709108139022,891.414339931741,3.239377926268694,11.151478972542158,67.32106495877845,0.538168966860701,1
2822.906580677675,5.0,4.625942407878668,8.19148174392203,966.0814128102443,6.954472147715989,12.144495980728644,66.5878070086418,0.1827411957504842,0
2952.512028384432,8.0,2.8118444272958203,8.782198898544177,1031.1557048166133,8.327605409572305,12.370753448537725,84.61675657726494,0.2507599481505264,0
605.865284996762,7.0,6.920500866718266,6.20030047751736,215.91813400830625,5.934417964095476,11.980913963958098,48.776040852748004,0.8791571730760513,1
1612.3444025675155,8.0,1.2487094262031575,9.395771481641301,777.9482209477076,2.879725343229854,12.715653594460246,96.96052282194668,0.6824642357143412,1
1867.4694689455455,14.0,4.916565642310724,9.588495572836127,817.5459909520943,2.8298609211505505,12.863621005704527,67.24636268675037,0.5507521232970022,1
866.8580830191312,12.0,6.051350745209766,8.200611938602204,501.473376387221,4.764359393417307,12.434546189342953,55.78210793774515,0.8633871541499536,0
1340.7145760684043,13.0,2.9598438100930027,5.181925539881742,714.117082119656,2.865311230047182,8.884763432758177,75.70377938934833,0.4184980208112654,4
2969.1186193911544,6.0,7.044443422942525,11.353487551132801,972.0717111679664,8.069061544705587,14.664619609877862,71.9024825494341,0.229074363448574,1
540.5761408561787,15.0,2.681991943505894,4.920360658764922,355.72820066250404,6.635925985184229,10.017301367983302,67.68877017185702,0.7251670327635718,3
1631.2698288109602,8.0,6.879119979122174,9.033377349684091,717.1629553191583,2.531485702729206,12.152343266109684,64.17703536289272,0.5556018904899251,5
2606.6365542954904,11.0,1.5498147468272006,4.824708772878041,1029.001517637521,5.793681899561035,8.851606025192549,108.87682099503618,0.23227786955439925,0
1309.753156798221,12.0,2.119493143079019,5.168805673063381,759.5791610773206,3.132329684138666,9.54205611319505,76.96575864780144,0.5853856786233544,2
1699.4962568878834,11.0,3.6668920873133573,4.164306512230632,815.8577422859082,2.809278774410748,8.230385113369994,68.61993868035067,0.35342584253601667,2
2945.11436446995,10.0,6.978388589587254,6.9069126708540765,995.9934081070317,7.827649705699997,10.339702638357815,75.1291110186404,0.1143405544478232,0
1687.1920911892598,9.0,2.012097555887477,9.116660515376303,793.7389766528245,2.5803233436910267,12.630156067898332,77.9526195041963,0.6264502767881804,4
827.3032803662477,11.0,7.128067678559691,8.172353757862975,467.43592892056085,4.718946234407319,11.959294697875809,55.237864000189454,0.8438746364765192,3
629.3037291659776,14.0,2.6081206862895563,9.396313209987886,423.6305678702684,6.0609449253467185,13.421648282930176,68.60251077212565,0.981733162060619,1
2863.5414310998713,8.0,4.167558790161701,9.400150886967623,989.5504339966083,7.285255088023201,12.78134809516763,77.14724726065762,0.27156660287558365,1
1164.5235331876643,9.0,3.469140829822364,5.121389951953909,647.3410799320706,3.2700896474763317,9.07318507594359,61.21427040033106,0.42196561770584834,2
1760.1597664113772,5.0,1.8268835863016648,4.4586992273737245,824.0046746798419,2.802864240427766,8.638107662385556,78.08130278406868,0.11143563662168812,0
726.7544152249216,7.0,7.610168176633981,9.00286512347736,383.432804165022,5.160778202006327,13.619520857617513,41.19533619914467,0.8375743024282235,3
1559.1378013765127,13.0,4.067248035265495,9.225794439801941,808.3591575007473,2.8705309388513784,12.896390811770521,72.79771012688691,0.6845118814897332,2
2825.26379812531,11.0,5.832318829493362,8.453629881133637,1061.2229761536664,7.011543623528262,12.388290178688939,77.36448074669208,0.20576486757663937,0
1756.032484077346,5.0,5.026873736648218,5.966099730592566,786.7757443815319,2.6379825001729995,10.35154130878844,61.5162496932794,0.6149422387412548,1
2927.8378795058197,10.0,4.512011417965452,10.486121735858031,1048.752081197133,7.9067476827764525,13.642923150927995,78.62119593691145,0.31496072409333464,1
1147.0890930934993,13.0,5.316043364897943,4.605488123970057,617.9316793686522,3.34594774712462,8.874717615784212,53.84479735462112,0.6803636885061441,1
1761.363099259843,4.0,7.288396143417002,9.058494314570876,657.2161473186704,2.525098033889413,12.633788362683262,52.59259130437601,0.6923449373080651,1
2648.826979523313,3.0,5.895186629858767,4.963292287034977,911.2418481270918,5.892041426516017,8.461275308840179,63.89782176377326,0.2365723167138711,1
1620.6308863843594,8.0,4.727360556186548,9.235581731465837,749.6328503765317,2.6111327971570653,12.952346364316805,58.65434169017019,0.5082237547524675,1
1198.718433925474,11.0,5.516301724661834,7.341806302587972,623.1433852388782,3.3593603230190716,10.933887624851561,53.78347093734983,0.7005321995900654,2
2638.688408544704,7.0,5.244759963563151,9.744824443501372,903.5502762216267,5.758865083854278,13.358331092303155,66.89478524477073,0.4453633740831643,3
1474.7236721815225,13.0,4.0318484524041915,4.417537619815477,739.3269075529724,2.80920023693097,8.050053088288784,67.77617728817373,0.48109230291531524,0
1826.8082276505852,14.0,5.373348070913153,8.440663907842943,844.1899002692699,2.7712126819673872,12.121722454956295,68.58250169691635,0.5981744304125807,6
2941.317666037864,9.0,4.104988601149145,5.159023191040637,1015.1517515645878,8.013532415848807,8.565930729637532,80.75210730828977,0.0,0
966.2082368896597,7.0,6.303300645103386,9.459053052883789,495.24617585507366,4.103722647176125,13.522986306597435,57.3704439708022,1.0,2
1253.5015918004642,3.0,7.7823873846559986,4.959645050493459,553.154566481712,2.752343852269442,9.068791711583943,50.302016923190315,0.4197569384254937,0
577.6740001745999,13.0,7.719057502480605,4.588666583615407,315.8024663345863,6.272730381302098,9.249476546839691,51.023060639896244,0.5361963966977217,1
1479.594274775132,14.0,6.7451505049748635,9.7049823854689,758.0103517477921,2.6784780949671987,13.600132881201036,68.09220193051317,0.6370261988065582,2
1000.4585764621488,8.0,5.2123122794163965,4.508255476546259,520.0464313579265,3.866740405232353,8.730120968350052,49.76998240702137,0.3928916323869658,2
2200.0873385197283,9.0,6.245323916495184,5.796246543452129,866.0921525958881,3.671463463987671,9.711722288458056,59.371531931361886,0.16844449707686124,0
953.3036469146309,12.0,2.2463380668028807,10.597881577005378,591.9183757599238,4.177866895116102,14.154277407077066,70.58300434565658,1.0,4
2187.031881014674,12.0,4.353129201197458,10.477506462465811,927.2603192539751,3.404924208650585,14.013351863399949,75.09006957459773,0.518297811018267,2
1158.6885704732942,4.0,2.8011333549395503,10.83300606224621,606.3867952745295,3.4438900929055563,14.722233903727332,62.51246776403249,0.7626524147216328,4
1388.0445853029996,11.0,1.0244648677654298,6.60879911670971,785.6595508122788,2.783404836905618,10.70773621826543,105.06263685967824,0.6010767335594814,5
1372.1516301159936,15.0,7.767163022704532,8.224384230001675,617.7899781563818,2.607671033234875,11.909414463773334,59.26506090118281,0.5765289139129595,3
2291.8793754090234,12.0,7.046939932962889,10.186778820849216,903.6971597230503,3.996013149051439,13.9734411853501,64.70867721470253,0.5498938573995403,2
1666.2731578458577,9.0,4.595890329289488,5.095884120088644,770.9602706716753,2.6170173703208977,8.830223778917597,59.993348160489724,0.3199055022410409,1
1403.2472471317078,9.0,2.7790660168330477,9.795127033725745,706.4065759376039,2.903192522133119,13.15911590073485,74.27563309222913,0.7289464980510508,0
2631.5567975986246,6.0,5.850826471394657,4.779890795157237,875.6755067594287,5.544435887003221,8.720351706468676,67.14022453429875,0.0,0
1929.8765641030068,11.0,4.043607591849493,11.306004869014942,847.4677395850862,2.728221888080567,14.961438885603982,75.44574698125453,0.8902924930688753,1
1034.5770531949945,6.0,6.623446733958896,9.098481460093007,488.06088334453295,3.560987423400414,12.657157769079674,47.73445503631543,0.826818213381153,2
2750.2281953592064,7.0,7.996626771266646,7.946442501518047,972.8577478520078,6.30604519089305,11.83040329765527,68.47882072921449,0.2207110624356949,1
1356.6257400841014,6.0,3.4435782524290905,7.877834037337314,673.5556596767897,2.7094233698968067,11.667489824771511,62.67124185639417,0.6250750128860861,0
597.448443843301,7.0,2.710821304346334,5.450896382759283,314.13932080236026,6.205689000492331,10.049007069518032,62.7470426810991,0.6681993648688336,2
1736.5005599361323,7.0,2.871677421563308,6.76733897963723,735.5590918797335,2.5872982347706173,10.963751023661553,71.02236276451404,0.3726336354227208,1
809.8451361021945,4.0,1.6534237197647037,9.816989322537193,479.80761877482075,4.891354239150543,13.428156604110036,76.34204026658263,0.8155222392994113,5
1096.1661092893564,12.0,3.758323375501088,8.327548966835108,637.5261140257566,3.667410405321144,12.80792219533556,65.58881951067995,0.9354430039594017,2
2367.7771817185276,8.0,1.1219753690183651,8.234449632802104,960.696128459417,4.381409749766926,11.7743768794701,106.88106594575504,0.28832319938089757,0
826.8795334407964,15.0,1.8007689018089292,5.561967156364635,574.516935420707,4.999002204120063,9.746960043262838,83.78604011844611,0.4826367930780087,0
2517.3605608850894,5.0,2.9018702309086923,9.522898495629473,937.2358517641366,4.9540817184317,13.460267068235497,75.54062938063838,0.33839777516448816,4
2842.2682203273844,11.0,2.119039431366365,7.136271208490802,1095.040532168417,7.272316358503479,10.840706273660086,90.40723961117249,0.2603524166202048,1
2016.3302510198616,5.0,6.1251136965050765,5.462026707508273,814.8619526606859,2.9490006935145483,9.763365393256384,62.04097237238132,0.3351943724866478,0
2275.8979800570733,10.0,1.7392335360753022,11.550278012770633,912.4836451312731,3.6599506574330154,14.247666692497834,95.02161029334175,0.5428549567258125,5
2283.9665247685434,9.0,7.061958735171673,8.054389974924842,832.4573248487034,3.8868477019347223,11.596676977246952,63.88519612056549,0.4716248359008489,0
2982.0198931761124,8.0,2.54780152597667,8.224293180098924,1114.322760821589,8.339245404381217,11.879846420205505,85.31821925012378,0.06811155752681602,0
1353.845655504057,11.0,1.760134318800974,11.850975281718448,751.8743688447385,3.0605455007094284,15.522307314440582,79.46540320756486,0.9675457204947061,2
907.1413781067563,13.0,1.0707465110188097,6.931249097363947,560.5786804389501,4.374340956003377,11.182581518534109,97.69290412989875,0.6567858040615204,2
1797.9180872858037,7.0,6.006435030255025,11.544165476499597,716.1233181144778,2.5569294018209923,15.15112157667939,59.24154242165713,0.8158788754802071,3
1833.1245245792707,14.0,2.796317221569794,9.55940288908384,873.4651441386005,2.7024376413726654,13.379726102976305,81.16420176892258,0.5496762322029413,1
944.7812207403613,5.0,4.566490235964423,9.064765061958399,463.5618259796741,4.2188247432520685,13.16367827349449,50.867208881230326,0.8249343065554943,4
2032.7735474853487,6.0,1.7813123267050903,5.875346415539845,859.0743653576978,2.9367965288450875,9.110473998071262,89.29414840900712,0.4088937358635633,0
535.31183369206,7.0,7.897071462653745,4.414045379102321,184.32471808717108,6.332744348231974,10.575385157645142,44.33564956446343,0.8136366637822126,2
2819.171006135554,15.0,1.877693173489687,7.50227070628111,1097.4135390743968,7.207061593269622,10.865237543172144,99.542784517156,0.1602674294729749,1
1161.435694553154,4.0,3.8834814864931477,4.081367695965801,605.8422933673681,3.2317948693135645,8.427556256770913,55.197136155284035,0.4340687859667652,0
598.9005209754795,8.0,6.9615465163412615,4.5680200861630675,325.4534421331364,5.935139093073054,9.394573951836282,50.55255748923755,0.8650535506639259,5
770.6236036871426,8.0,2.7142086393628477,8.762614045554983,448.4254699538786,5.221949180818937,12.792560919018916,59.93539520326776,0.9409338235449458,2
1100.6223706991043,13.0,2.868802497423214,9.795774664584219,614.838251471934,3.7884718305123988,13.134962602518844,69.53399315177519,0.766329725774729,0
1184.765421515113,9.0,6.65949661123513,5.3435866553942155,593.8531165690747,3.314481926425499,8.901187242802013,53.21522835329629,0.5217111282960639,1
582.0249987443217,15.0,2.9133776003440888,9.86000330139019,421.1081152943942,6.489269763445123,13.523164130633234,64.73019861942689,1.0,1
1198.3870304843228,12.0,1.020099177663691,11.597806612758014,687.3043723245488,3.3742611887487794,15.267881267579144,107.90714371767348,0.9130185357927996,1
982.3543412337053,12.0,3.9953960434296487,9.945408645809573,593.6542343723331,4.061989283883052,13.190674108688698,61.50085827166813,0.822926604820921,6
1446.5523185862965,12.0,1.087746467749325,10.277721756600263,753.545040395367,2.8020489215758455,13.516689565272632,109.78044959723594,0.7659638651986098,3
1462.9193433899231,5.0,7.368545986805568,9.605700642146974,629.5605451747655,2.5860684711702544,13.405908405344261,52.739589913487045,0.7115934117199965,1
1347.5193515071978,8.0,5.4926925692545465,5.7978995236380095,617.5803955432317,2.784653960323665,9.557571122165722,59.06381501941706,0.5349924712506245,0
1319.80970882676,10.0,5.081099863548696,6.887119537246688,660.4360510623562,2.894481070214523,10.64115358283204,60.524829515668,0.7225039032417734,1
724.3281943531281,5.0,2.4111265760365415,11.594135702158539,411.51834217152697,5.416632788459381,15.431278723393962,66.33919196024512,1.0,5
563.0123678154055,4.0,5.899623298000454,9.289684631760949,242.5933169028284,6.40609077059298,14.094359029173988,43.893109638403445,1.0,4
1005.2857503911664,4.0,5.74078250574842,10.312197871472577,535.9539189526472,3.865668439015739,13.713143120390516,48.60568018946737,1.0,3
2391.6235685415386,13.0,1.4232450174775546,11.74955695075742,996.7993219780855,4.727638209036897,15.018168512758363,106.30853398807965,0.5286226942784091,1
2977.0244138778053,11.0,7.165925715674008,5.851495364101326,967.3727343689343,8.100540503974592,9.79949333696495,73.19519430418492,0.1379603559944147,1
2821.3154376433226,6.0,5.055893540508638,6.573493338612428,975.349567092955,6.708101771356649,9.944293221140008,72.5756679177721,0.22537016357648643,2
1760.5483888444217,12.0,6.547268167270271,9.158413222675996,785.3495614769585,2.7084443298161505,12.816352129255923,70.78335456510574,0.7167317750319053,0
1829.5596394448355,12.0,2.8403985049019096,4.194859790272059,855.7778128115389,2.705341343711525,8.02780988524842,73.48253490759767,0.4639351184349553,0
1286.4539225896065,13.0,1.854334598274179,8.569752618669646,718.0375553591697,3.1294572943202796,12.30702583703723,87.8161706524509,0.7548317699712452,0
2434.848596594141,14.0,5.917147012307492,10.46950703611599,993.2001189748167,4.3912694310587765,14.04221860779664,72.01188793194619,0.6880617470906903,2
2411.8917198316212,14.0,6.557178803786135,8.883546990593,945.1009942627676,4.362912182998471,12.3655497765378,76.28222981637873,0.3046677310932018,0
2610.6808939561115,5.0,3.7022347353350398,6.363146271168887,949.8052228450102,5.336970563989844,10.421995245952889,74.37137432229311,0.195423401478593,1
2738.761442992211,13.0,1.1658459272141788,9.792832666688494,1059.7495904834025,6.501192965761878,13.428241252353395,118.65337384138216,0.30699077620538606,1
1585.8731205632394,8.0,6.727778172577052,5.168252997439565,653.5621618892329,2.483979696888884,9.535807261890346,57.324090621485716,0.46969692018925663,0
2417.188920267994,8.0,2.442657344313085,11.158187754228134,964.7338251405647,4.540967815078698,14.577924097536862,80.9837919174247,0.3071868640358544,0
2515.9968219896964,11.0,3.3732235932824173,4.807320248323643,992.7344521211326,5.212411634152161,9.059745779585871,76.78108538934913,0.30911784220561594,2
1271.1490562443755,10.0,5.397617054439912,10.907929070099478,613.4047532099308,3.1285899604250282,14.584762733348814,58.84633514287014,0.7755500423083278,2
2823.105610015375,8.0,1.699683034479119,7.98247542188986,1045.9703515655235,6.878114823818914,11.066469787154317,95.98002123465346,0.23813932813427302,2
735.8537565991387,15.0,1.503970362969242,7.429176027902415,511.2797156525681,5.526965475220966,11.230987843127647,87.82599548467172,0.7369551494038937,0
2985.672947908207,5.0,1.1799264010269197,8.00529408460345,1045.1060161131788,8.361883887738326,11.52412384686721,106.47539345760015,0.204518018164637,0
2425.2267953971736,4.0,7.416479021676188,5.60165042474337,831.7133626627924,4.34889152727105,9.496253388013061,61.4102956368592,0.14168271229231555,1
733.1772633108181,3.0,3.1796792098805895,7.661484636470509,402.2944253133453,5.236690257743886,11.996954452081866,57.9895596573225,0.7487561263039114,6
2140.5741202625013,13.0,5.624611705819923,10.797758527189268,884.0575550410986,3.4209294361039997,13.928356341210188,72.90528984498924,0.5525666217380217,1
585.4485273206503,8.0,7.924646743124195,10.407641937750391,237.74452977790384,6.025697664332717,15.65196860362489,46.49480601179273,0.9009397338888134,3
2425.467373610457,8.0,5.686155554933604,5.304388275930634,888.0085269782759,4.451852102558795,9.193658080556776,75.49387292370014,0.11744768849186195,0
2498.057304147638,11.0,4.67566357099326,9.387367825032495,960.2088367065845,5.068246599315333,12.862900749160463,72.08091629024102,0.38900810563754407,2
2006.0256327286193,8.0,4.6464395346206695,10.854698119723402,856.9513256371688,2.90175172354172,14.034774543848167,65.71335346608349,0.6896608640326551,0
2642.1509797914264,10.0,3.638420039188862,10.558140708950475,1004.6904859583015,5.667224255126802,13.599446174796732,73.56063915294224,0.3015119380248838,2
744.7082005371492,3.0,5.198457591685597,7.405059546377451,362.67181929821356,5.104211765463567,11.729588147089025,45.77806112813534,0.6940944235494212,5
1189.809605102033,5.0,7.711539726819931,4.384742722768927,545.7952456384911,2.9856664719649504,8.687409234541454,55.042085790946004,0.4922027663364616,3
1535.4438039816762,15.0,6.516308235888171,11.449355383789992,776.5746292432293,2.464770768896638,14.793431114573098,63.46566206013324,0.8704076122744437,1
606.1448820702457,8.0,3.9695863192326626,7.167080926784496,343.1645050976271,6.0464035723040945,12.112541335050748,49.59288036814238,0.9926719203420433,1
1620.5402189279155,5.0,3.327113803227733,6.88781309805075,740.138798232776,2.7517984238934474,10.70157815580242,66.85504708461599,0.4403268853755351,2
1163.033640281415,7.0,7.1847207073618495,10.076119555830504,568.6823399943768,3.2436618408661424,13.74610919720479,53.149022437480625,0.7790684576843536,2
1481.8375302543825,7.0,1.9505007793861566,6.11177772393618,727.8093075804243,2.7584057998912277,10.294783105397578,80.07164445424422,0.6414030621276674,3
1562.7565799807662,6.0,6.947096798750112,10.677983385338337,676.1942993601377,2.2503258189366497,14.150411249309458,54.373113871845774,0.9444032541110952,2
2698.529333719213,6.0,2.785537329396327,4.608412486554525,978.9856516600712,6.177132982953925,8.717959130666738,76.50375155173411,0.0,0
1175.8524263190975,12.0,6.009404650431424,9.925689605729687,576.0440112246805,3.33033271305219,13.243798610779828,58.19200446678485,0.8007212879795773,0
2734.35782179068,4.0,6.643544065423811,11.726315923532253,932.7596326630666,6.143565932844174,14.60117599942891,67.03943733313383,0.43309257099386367,1
1564.9274120321231,7.0,4.338975620844308,11.966150374993388,727.9804283146065,2.619596292658323,15.355618228207655,61.26044197918526,0.7570656646924496,2
1319.519301734965,9.0,2.3459878329959203,11.39043488051333,685.9078142741301,3.0345309332314616,14.765074862904385,73.93463874955283,0.7627867400398338,2
1756.280123337865,10.0,6.913374204236628,10.966099243250476,781.187672200891,2.451605709243427,14.138822734861964,59.63117645013663,0.709501746076714,3
1544.358215907099,14.0,3.5725584153732033,6.231041795661842,763.0691098968994,2.778358291700653,10.168692051987271,72.51355864078273,0.7242128215076449,2
1143.4307826378651,15.0,3.244761823377635,11.733186901038113,624.6308364245299,3.6924729863343644,15.262976486104053,69.91660783232456,0.7636703581529307,1
1756.6983119901672,6.0,4.570113276474077,11.423172750514823,741.1193414591212,2.561974119949919,14.607610553382711,59.578138793298066,0.8648134454957987,4
879.5043326970781,10.0,4.045603687727423,8.274980056201493,472.4481390939455,4.424244019739964,12.138497077295696,59.04580770059411,0.7334801982537843,2
1379.8248575574153,3.0,5.78136551927107,7.216621235149437,620.6435780701321,2.683832170346048,11.204436365010464,51.01634314249675,0.6470972985211852,0
1914.4755484352265,11.0,1.9603846586086577,4.874138028465506,857.7635366032196,3.032573453953836,8.546729675929335,87.6024871772549,0.4888095187163777,0
1533.5206109746464,4.0,4.049827578335111,8.725072622600997,715.5412928456859,2.4347627457509766,12.230372853822827,61.77012239993439,0.642904723298164,2
2559.780902626991,3.0,7.241912678576428,9.604367588177581,897.3928447925814,5.145813741208114,13.249847040494624,63.38752644222392,0.43699543324881207,0
1141.8044038379157,11.0,1.2524389660780781,7.231972665452232,643.0985223379731,3.472505940662516,11.123613268324872,90.41960789012224,0.7349755014259401,1
2924.428947077525,5.0,4.201368332073285,7.248236485044255,984.0696325031254,7.775347771480583,10.786727284275157,70.63103882028655,0.10725308631723066,0
2461.8050521283785,9.0,5.6237237646964715,8.586491125714431,939.2659685074949,4.607456350569349,11.882785683330816,67.3774072581256,0.4387540277162098,0
2918.9825649936806,4.0,7.213977609293897,4.222272767257294,974.583089149444,7.5285522379368075,7.906513996299573,64.11807040739188,0.0,0
2595.3413870757604,12.0,5.15650358853223,11.662927171093992,933.2851145753805,5.667821364270871,14.88570138052523,72.96066432453492,0.5534671243185262,0
855.2598146291066,12.0,6.7713898986753,6.319245656773675,481.74099259566873,4.4289261913544795,11.125386548208986,57.18915366772267,0.5804882092459763,3
1816.1502265875345,10.0,2.5588371327150052,5.127126894151041,780.6958045938552,2.8198177002683003,9.296513652784025,78.70561678771516,0.27466250186282226,0
924.9463029894644,13.0,3.4696660535950166,4.043907169076723,550.2981698252692,4.58091811105837,7.966535846055065,63.270639543619566,0.4101010916232305,1
2545.568381568143,8.0,7.594925917496298,10.855132331085706,932.5208145803363,5.140951577058517,14.410728797197338,68.13107602048991,0.4164739655039008,1
1960.4053729582397,5.0,7.201825791648804,10.905659006397354,836.0913759742748,2.6075383697621346,14.065843731302621,58.921800571263596,0.49610796916192285,0
1158.6232858922644,4.0,4.905670878820931,4.762452836141681,555.3901653082172,3.131683653100932,9.004964749136333,52.7183994745399,0.45401845146888914,2
2823.9974300179283,5.0,4.328418364563916,5.217930423110408,952.6372448884216,6.865416294069356,8.939366204866094,75.54652472087824,0.0,0
787.9651332856517,5.0,4.15747174018121,7.583217850062144,411.2522575821957,4.947157953756866,12.404361546455943,50.32761035800849,0.9571180211557272,4
1909.656008678285,7.0,1.4115276309691123,5.485633384530525,853.2957754462516,2.9055152714583734,9.065608304634639,93.76197683996806,0.27556938563615707,0
2302.6013866668136,5.0,7.246639727695968,9.886569094694055,819.7713349863686,3.6678406452673915,13.479936807215134,58.153133152106925,0.3082563356554708,1
647.1213433310795,10.0,6.7270465589073485,4.464317965645779,315.30216695339357,5.661907628225731,9.080913356858174,47.381643848633004,0.6899489370570301,4
1994.640083015509,4.0,4.19375801309507,8.397674659086928,795.312735155495,2.8168950789965437,12.282502423094842,59.17108288975953,0.6681832019667496,0
2539.7530386577355,11.0,2.956079809036314,7.062332520911233,1007.4934876122649,5.187941492117281,10.841160313677761,78.73711052448662,0.2503221659669496,2
668.8182860451334,7.0,3.4004442449857137,7.719571869538012,375.63227704533085,5.921846306083468,12.38885169342518,56.58223789885835,0.9182199919370208,2
1780.6074277665678,11.0,1.8621241011102263,7.398056941564814,823.1684309769352,2.6517403896928373,11.359613869878993,85.11988989506827,0.6324396971739501,3
1146.3929453718501,9.0,6.052528189140058,5.225273460277229,563.097176554917,3.247773423857473,9.205042916211983,54.56752839622128,0.6422731776512681,3
2157.311128842302,14.0,4.896688995884004,5.762251882468498,901.9847552259887,3.3506891553374207,10.504353942588324,71.92879955048471,0.3209363299488281,0
796.6934176971123,8.0,2.6387239597742647,4.518461591283413,450.47971485130364,5.047126424640432,9.121185585328872,69.02342528644672,0.6317024624192392,1
2842.628576676267,6.0,5.361039004543828,4.92228460239257,962.118541790114,7.075769188396621,8.680606742896988,67.20660569466554,0.11472442431298721,0
2736.8214542868295,10.0,7.854611499784823,11.823158579351318,970.5825703888517,6.186593264420105,15.11462845677922,66.27475924121698,0.2672079304504708,0
964.936049689273,11.0,1.8567659483332544,6.238294493418016,583.5132509560557,4.167561922745684,10.489217988031218,75.42734323300786,0.6045170895605336,1
1308.1647109127616,8.0,4.209395074377294,6.456204314716514,609.7301823648672,2.872661279222896,10.644450108715018,60.11979217923802,0.7194875805466906,3
1969.0874366326077,10.0,4.459111746454887,5.016850643456968,869.653216962735,2.977547336442722,9.123927461333558,69.6907829183513,0.48024178194967304,2
2295.155841585626,9.0,2.167580496766617,10.041313635974012,953.5513182436935,4.324021169695147,13.746611420694705,86.48795415188596,0.49741134507802487,0
1606.6400379006454,6.0,4.721061476981204,11.393142481498256,682.3973471126053,2.6204881605760564,15.10044828628738,62.60932161675367,0.5651024297271535,1
890.7283049024377,7.0,5.2418408098366305,10.318004296533207,465.04118810384915,4.381365376216259,13.892072882624282,52.028927028541894,0.8098750820761468,3
760.3787345071789,14.0,2.101411771729467,8.900926635473375,492.12894776318666,5.199723775604117,13.456045308594106,73.96705768232921,0.810048634810756,1
2999.41334228586,11.0,2.083067293062135,10.50586332488461,1114.5710287467755,8.368232350067057,14.404825804263417,99.69819371812957,0.2589557433542021,2
1638.3803036087181,4.0,6.994441009436292,7.233841863462867,666.1101329231279,2.5386415929867976,11.351248444542318,45.60941881385678,0.45700795027845237,0
2681.3293728712456,15.0,3.179712056690314,10.8759788406455,1052.1696572520736,6.214780020813638,14.180156798786072,85.87120393586214,0.34051549045155166,1
1705.940011572786,12.0,5.412333709550417,10.388150797105457,776.1647797855748,2.5717115807738335,13.881455966742534,66.4352118889158,0.8571837776707949,1
2805.8940963650084,3.0,5.387411529726499,4.013797154050552,911.5405339194635,6.904469450498054,7.954105687957021,72.81706680836197,0.0881136105762103,0
719.3984569288765,12.0,6.874196129078445,7.902353079340136,435.63985371971347,5.3475684910861965,11.971992142869661,47.94057935134874,0.8826997544033,2
785.0479783363774,10.0,6.179262418620664,6.116932608633809,448.76986628664287,5.051647814984758,9.740529466584029,51.29996360578266,0.6411031355649381,1
2824.0804693105606,14.0,6.884035034067945,4.689863330941564,998.8118043755757,7.0501104241547425,9.080431877366388,71.88379260363185,0.0,0
2868.7326126119624,9.0,5.37650352755466,10.769568341982199,1013.2022848641195,7.305437967928779,14.440635497986106,68.45216607084873,0.19246446293657274,2
1286.7936186634083,9.0,4.146200123597958,4.0635974744089784,680.0570963824598,2.918168244354752,7.742417596168506,60.725440631933594,0.3192424361917771,0
1387.9122174846796,7.0,3.7549656491915226,9.841308016442882,678.4304471578603,2.7946946578208873,13.713769769200518,64.35724469565083,0.7919761742942639,5
1631.125587086895,7.0,3.653208366630051,11.90553696797749,786.5005192297824,2.6975898083494863,15.221250879824805,68.35308410020635,0.8798088684054235,2
1540.4042001682271,11.0,3.9287516853641047,7.856158133649886,823.6103461230523,2.6245972019015973,11.496495034141063,65.08045011681592,0.4610650768921326,1
975.1130398989917,13.0,1.905164765076392,6.969924239531477,605.6170669043612,4.2481257330461055,11.081267636036468,81.24404822692395,0.8223250751165625,1
2745.938459848436,14.0,3.967708597022169,8.846663635797707,1031.9651245701398,6.404499981126334,11.826771113542094,80.9883067843962,0.39837964594918607,1
1133.2690017641094,13.0,3.726114350418348,10.437582621181377,617.3401124790392,3.631258528344245,14.038390653294408,67.1049767508515,1.0,5
2263.181023694129,10.0,1.2420016432276202,5.922015950202231,902.85509447743,3.953464008101424,9.796697688060824,109.40435080852461,0.3809915208931833,3
667.8891943374322,9.0,2.92591528728438,6.00561143322829,433.5446098467725,5.5895024810384575,10.351812065197043,60.602604300358315,0.7385581755271502,1
596.8783288210736,7.0,6.263348823181518,8.857424112694774,271.38064341684657,6.039226606263384,13.035379356964443,50.77924634198621,0.9706772136827999,4
2134.3261814423013,12.0,5.0456189998673775,11.519038566834443,910.8820138541439,3.491034259219722,14.940344309369005,66.59568424430287,0.7284105642598442,1
1347.539643933151,7.0,6.643172477292211,6.387519806070108,648.2893315958898,2.647364175177519,10.683720781007862,56.476757316527056,0.3981772837652221,0
2138.6484818000035,6.0,4.798816310665354,7.014037305832105,818.6375197436981,3.181608966094482,10.923449759191431,67.99058792101846,0.5280816144188256,1
735.0530054220759,14.0,6.978586358326872,11.946666411682315,401.01674213585625,5.271112383914777,15.680707986468168,57.738887489156156,0.9610758531595693,4
2874.628449789658,10.0,6.572469697212017,5.409777321652126,1043.1729986819964,7.607913084845011,10.058957277968247,69.32020901794883,0.009876352187250408,0
2371.2861672327385,7.0,1.6879919909957297,4.6157453470024326,948.5790665414964,4.23846282231753,8.298481728185797,90.64062102092916,0.11597764853298814,0
2690.668082564498,14.0,7.839044576111947,8.71804191104485,961.3894624783052,6.099829728486002,12.494337583025642,74.46720019701405,0.2926768089194556,1
841.1763851112773,15.0,1.1032321283093016,4.194135907373064,550.7994763198043,4.916545333068197,8.573921531291154,104.12657443637639,0.5102321519777866,3
1300.4024222321734,7.0,5.17786626550733,5.4434658501985815,625.0405278327235,2.8700207164225358,10.142771652270952,56.939436868903826,0.4965941668785285,2
1420.8604105158602,9.0,6.547580565217336,8.977673445523745,698.7059264063137,2.7259244299583374,12.768417960315606,61.6598531729184,0.7115077944401612,3
1842.9316208170465,9.0,3.323258978956324,9.276099205530663,839.9156309063554,2.700674424175412,13.005074167755298,66.59694460626221,0.5888291798664842,1
1242.1712137685358,12.0,5.189988546080105,8.083401997180957,654.0649812878275,3.1136015892165094,12.038336922576825,60.26167879094802,0.7414923290992206,2
651.5768554735128,15.0,3.534857715932138,7.069984369835066,469.29995270070174,5.709517721872968,10.897822522403848,58.42626133597719,0.7592059302070688,1
1422.1959518436768,10.0,1.4243048250525132,8.609580675374787,781.1480358603033,2.8704014970049734,12.000025303766249,93.2115198511307,0.7430296268128305,0
1136.3732865682055,13.0,1.0592306336253163,9.14708602426591,691.5405198645968,3.7153139841883367,12.728095804404344,107.67247863411932,0.8871129420155606,3
1464.8032286580371,10.0,1.6640342107783184,10.427856370333206,824.545551140046,2.8167231678197724,14.15740128797528,95.7507933835143,0.8362074077443764,3
992.3988565500656,14.0,1.6888671588403277,10.34200662567878,620.9025317499038,4.2740005609067975,14.021958481234995,87.52984043450695,0.9253974204204273,6
1154.7409364118387,8.0,5.27622844175625,9.318406124119583,613.8895948391814,3.4162533684726264,12.976128006810768,56.91326411572997,0.8490763077484547,5
2067.380851080672,8.0,4.681056616737592,11.153860665827725,837.5821343218637,3.1298850242544893,14.927699644670833,67.25611268852921,0.6880698313953586,6
1470.3845864451628,8.0,4.188243101211994,10.704202028763351,725.4655024041306,2.6222390703195426,13.590423016104475,61.079829125115126,1.0,2
1363.4584829237301,15.0,5.843450329216923,5.0659680657435215,696.0625188603407,2.8540841755069084,8.7452862443273,64.29395413427495,0.6209288237872798,3
1834.7640818059322,10.0,1.1177829590871387,11.653435530587867,873.3870819120446,2.649246105316817,14.197099119749108,107.85407129268587,0.6508839797877211,1
2429.651352109814,4.0,2.8968843699101163,11.133938418543362,980.0004787795804,4.486183940800214,14.791200794059861,68.11414262476357,0.3877040228052137,2
1447.1698908698932,3.0,6.441749119013395,6.567417436063678,646.140314347838,2.600915547600436,10.500718432549728,52.37668009714407,0.5005798755898218,2
1968.7987313896015,9.0,7.36983974561983,4.161475348856316,804.2218127792923,3.044979759001295,8.532590566260602,62.13230566316213,0.25463939321734885,4
2915.5065634204407,13.0,4.068356173663071,8.8318075740663,1049.267545929398,7.861169712176257,12.297067626180937,87.16507674290962,0.29213897502059827,1
1804.9502852951266,9.0,1.5703878609692645,7.507340614931104,844.383621090297,2.6609365774760967,11.537279985343517,89.86160919696695,0.40769124003469537,0
2774.493941293861,10.0,6.591101174599416,9.996533300689055,955.3832069458253,6.425899968520885,13.377534442105292,69.55148632658417,0.49391453488665116,0
2484.1815606410673,13.0,7.196193032909135,8.19679811606898,961.0262660310545,4.78107636211159,11.91631344635932,71.98515372889155,0.24718313966914043,1
646.7967041253743,9.0,3.895621894856036,4.611923482007574,394.2000540616226,5.936077005905527,9.244498385370232,56.09291668289058,0.5209023645274244,2
1572.7471786731421,14.0,2.703486777441939,5.957499362038207,797.5075613971605,2.721519031162886,9.964624255416023,76.5292313953178,0.4911139110955653,1
2245.7960196714703,11.0,1.307801677560617,11.060190049012236,1003.0603053910361,3.9267173212542272,14.858371822775084,100.4995096199669,0.4297847118423236,0
2966.7797811204996,12.0,5.137579753263991,4.301517565720401,1092.0090684570516,8.15264632778862,7.750335779579498,77.87839013511332,0.0,0
1645.9407279037814,13.0,7.369086433937494,9.893357355186296,747.536301943602,2.6600201877555905,13.418597683346169,60.863953557348,0.5922864257922003,0
731.9636353168486,11.0,5.74521617864228,6.3355480636114585,431.10587920504594,5.097903005934152,10.689235733267306,53.11366310874898,0.6588157626481014,3
1905.0229367821696,3.0,3.2207401852631405,7.6211184243399765,776.6829073296791,2.948997083371646,11.388503376095679,67.87594708016938,0.5008433519012838,1
816.4094803099008,8.0,5.500218270029769,8.24804345529287,435.87446027690913,4.645089532567334,12.22156897302438,50.04920977934233,0.7598403534992015,1
2378.7989006984835,4.0,6.8244788521361786,6.000650858457608,823.8946749207091,4.2501865945133055,9.725669837792982,60.91617168539242,0.15748528934461248,0
1769.1924936544447,9.0,4.330810415446205,9.215683543981303,777.3425225514712,2.617875529915747,13.267693263054948,67.1697597741283,0.5915089014825531,1
2308.5784209432163,4.0,6.73823942998487,9.54753774478301,834.8096055169574,3.8318751859590185,13.05071881468492,60.1819804468397,0.6328753322637244,0
2673.4045671963095,9.0,3.743367736664479,4.680475837366201,954.496474048341,5.945308845290098,9.362881336499127,84.58995142646714,0.23921675770606707,0
2072.370042906943,7.0,3.4395397501703946,6.991416606811365,873.5834397167959,3.203355007765749,10.908641579738418,70.91449431770793,0.418261569744366,3
2031.098323132954,3.0,5.080920381149879,9.955018409650332,818.6659280879313,3.0122303158224093,13.361219688288196,56.39417625372557,0.5406679981896423,0
2386.425738599078,4.0,4.252804923861369,9.773100478729056,890.8040344901952,4.394852412810759,13.410626624960754,64.4546849667009,0.3884574103788357,1
2606.1375036316686,9.0,7.839783443227582,8.356826751241913,854.0403243333066,5.594196925338055,12.022185896987006,64.89484329402633,0.335094491995679,2
2672.6344656925066,4.0,4.614725964697223,10.221398238944113,936.4617805897747,5.907876808023323,14.028997890836006,66.25312126210306,0.3968143985945948,3
591.0754892072083,14.0,3.696204202412151,4.861159144318746,334.5025439176029,6.492982365212644,9.220532088536695,62.754558621437475,0.9368889331826404,2
1890.4757419944733,12.0,3.7645348018997535,4.9456901427562405,836.4950036434461,2.863272125042641,8.388951094587817,68.52345333567949,0.14392880269032707,0
1040.6732744938786,12.0,4.835579654291816,9.259914402370757,619.3075909539908,3.9523184407728356,13.088099870049978,58.821141873915614,0.7761633345206771,4
2650.8647269544585,5.0,3.4843842660573676,9.54667094316103,902.6658992889039,5.82745147808421,13.285844457313637,77.15657314343072,0.3464783775692546,0
2120.9942130084028,13.0,6.060346213754552,10.516214842568562,858.3940470699911,3.257158813616015,14.016351449376907,67.55105014445857,0.5851702294230211,1
1550.5561975810954,11.0,3.6646404939114863,5.448295022186056,778.190756962133,2.7084539071947327,9.61922086091037,69.89270545128126,0.401406447405809,0
970.2605703033782,8.0,3.6890107056767016,8.134173275448841,522.455545340147,4.148256519440517,12.244002385038161,53.918218085347306,0.6243297886875723,1
1347.5590647995664,3.0,5.318812745637633,9.286650377084658,589.7886727023031,2.7742775035742793,12.592074304642184,51.64445846977802,0.8053931209675717,2
2259.4442363505614,9.0,1.4259281088720699,5.7895965906321205,997.444366385027,3.9303162260004854,9.696033715355835,96.01446386222679,0.1694707965011112,2
1010.8988630290969,13.0,5.587484426806023,8.135422924751925,577.5027141114119,4.03825986480305,12.409552268759116,59.74658646282306,0.6337210534543157,2
733.9573633459319,3.0,4.53480552011081,9.107560195124769,395.6574448579295,5.191380216295208,13.259309804658278,45.46623664016922,1.0,3
2720.0718955688776,3.0,4.171182800006491,5.715596091821443,962.9165011578528,5.830770353154294,9.166453682312747,75.79409873801634,0.15122422848533323,0
2410.525873950292,7.0,6.0347709349556595,7.004507282001131,897.2929998855561,4.576228025963672,10.649684685895009,61.129486402277834,0.26685723467304684,1
999.4873266453314,9.0,6.307790474034027,5.730710481085664,552.2696016224716,3.8641888763766605,10.048950386449242,56.914263784464644,0.5357583108942269,4
1230.778858574979,9.0,6.923826043887216,11.223543235428789,643.3688660310645,2.9908799615201396,15.261605315405813,57.60834882241923,0.8247066794121756,2
2930.1754428272143,8.0,3.623621845722131,5.894391055439934,995.900323110476,7.720715435287132,9.11969474691415,79.78935707164351,0.2217346636132418,3
2270.4612168977937,6.0,3.2892638457736676,4.966677007886376,896.161389366838,3.782859365704484,9.024727117103788,72.1090755494811,0.038973086025966566,0
2026.305010534562,3.0,6.000394710461636,4.2812424922171495,777.1372782073905,2.850595893979047,8.088165553344748,63.827268309819864,0.10463451017222952,0
1269.0712135603258,3.0,5.072634013983121,4.359627779290801,577.3569570714155,2.868721412997233,8.768795427925713,59.931778246267655,0.4330279062126928,1
1247.8128604163057,4.0,5.4226108244627165,5.532689879734535,608.4183629323597,2.9330809076736144,9.81321262223332,51.92110931419313,0.5505060418632735,2
598.8090467255762,11.0,4.888660349740848,8.865668090455618,341.017218391775,6.217917073182128,13.082118416986605,54.734699596967396,0.9202949713049206,3
2321.2046672548286,13.0,6.4088511624269815,4.141198996088981,965.1643969355785,4.28802833515049,8.330996025871594,68.91689835587053,0.21056186431333646,0
607.9380626422113,8.0,2.330286219445072,6.293951398057177,384.5602071402124,6.223417865306015,11.046674194497092,61.319428495939846,0.9063620331072711,1
512.1433444431976,4.0,4.889984929189778,4.465335130586395,196.49293028766706,6.79110909379857,10.005126756230027,47.78074817317391,0.7959877474147429,4
2323.7377196524476,8.0,2.1067125226054086,7.229270162393341,912.1145680087319,4.064061468172166,10.543736466426669,85.46663712930462,0.4550525959032839,1
2872.1843928728135,15.0,3.850763575036943,4.388613902638861,1059.7777597523857,7.501987945197,8.754861983067258,79.47250539137606,0.043090732298272864,0
2391.2576193182763,6.0,5.647956763912524,8.860334212966624,868.9830151016898,4.330020331821935,12.68321744073763,66.90389293317001,0.38621123000336977,1
1679.1004765609466,9.0,4.451501258199193,9.507394124152121,797.3900363378837,2.5250178957723293,13.227418207743336,65.1190232332887,0.5519414477212093,1
1715.1131239021827,9.0,3.6571407567052687,9.850700397150108,761.415991367835,2.5877652693267112,13.183677372343077,65.75365659914189,0.5680100311208894,2
1590.3410566227633,7.0,7.194790009909243,5.794747189170041,659.995421306566,2.603091941182335,10.116968043124556,54.24321036463314,0.3701070698972372,0
1311.609167775834,8.0,6.409780001482349,10.948001295693945,593.6170065411633,3.0249684676343063,15.139764001285808,56.74812666472762,0.8017405787100372,3
1804.2855354646006,9.0,4.684035495002625,9.522305338647412,861.6332317816491,2.6787410521432675,12.99791635363695,69.67896772580724,0.5896736516764461,0
1577.8773928527876,9.0,7.650372089728415,4.453201754398563,685.6473972109906,2.378715321092176,8.619619629458402,58.81671660718405,0.28287488618605233,2
1995.4197001019368,12.0,3.9705570260449567,7.526133669611417,886.7606680653125,3.0072195127317705,10.905043104115792,74.40687964177553,0.4147692513057332,1
2745.3002012527363,10.0,6.516510493116742,10.14205194697985,947.6596876385078,6.220529047831504,13.334076602532495,69.16379461413953,0.2565890014691402,1
2987.523543309526,3.0,2.1755536786099254,6.487151413761838,1054.0995836855977,8.31345921132513,9.895536244801239,84.21160446874352,0.014843616257662937,0
696.8582247072928,3.0,3.0005473397741786,7.052470191258118,328.201237524995,5.492765533345372,11.605234378842077,56.78898429951696,0.720681127893344,3
1461.7086816533533,8.0,3.366599069337684,9.036830618372342,688.2316536988785,2.699968363202435,12.612113526168272,61.364192181119606,0.5847061753597417,2
951.7654894170237,14.0,1.7407452689316631,4.443847040927182,591.1904358081057,4.34688357027899,8.787903346074726,83.60725543382692,0.6423396289807066,1
1380.3011848138342,3.0,4.512633705532475,11.735480324063339,636.8399425754516,2.792408980445116,14.922463346992808,56.57928587860737,0.7846640366931286,4
1218.6825463710575,3.0,2.3458209388854696,5.395848084877823,592.5342214975961,3.200760003558147,9.481062806335519,65.64862295824783,0.6441141340101455,0
936.3428290669708,11.0,5.43930122614761,4.213375997170083,561.509206231176,4.087418312537173,8.218343410252148,57.35237307450222,0.5519584095327534,3
2410.190133553226,8.0,2.330646517011128,4.042583856323362,969.3238779461076,4.4689338107134935,8.107255714820658,83.01929054048894,0.1223495521642335,0
1740.7218570730897,5.0,1.8645438013749274,7.196434999995166,769.8216317745864,2.694582300473233,10.506695093501975,77.72018696485651,0.662083047513933,1
2798.1139555430645,5.0,7.783607093192472,11.074026923803022,952.0819814264528,6.849067295481721,14.43222961131218,62.15532757187814,0.17823689901186357,0
581.4811081175362,11.0,5.607682140677744,10.558096633743432,297.5330494411101,6.2176828371421555,14.763056352993827,52.24347890954909,1.0,1
667.4450328299748,9.0,7.55515640295942,11.29636638599756,317.83273458118913,5.663771775198557,15.479542582497338,52.52956435580423,1.0,4
1508.1839573258603,11.0,4.429214543952623,8.27025855463119,756.4916008393831,2.801859520983491,11.47630939396852,67.70140165710629,0.6875262807546072,4
700.6933010100928,6.0,1.2338172414436197,7.589969871001315,364.17140056298854,5.51317642694275,12.125771477243035,85.60050457555992,0.8233366998415065,3
1156.823991037084,9.0,5.020598193020107,7.086887808854356,617.3758510076168,3.5005032265209666,10.936479701197776,56.42069375274706,0.7968516140355872,4
2965.074357691559,14.0,4.908302207849959,4.371344606330447,1055.2393702818654,8.341157605561378,8.378404874127964,79.55579258525053,0.0,0
1022.3990187115352,7.0,1.1048292415561578,11.276170050441229,573.9712776469764,4.097926864326238,14.284429750660404,95.21227331687048,0.8546139372010213,4
995.2943535302268,8.0,7.0286943108128215,7.96940873827782,549.1167811834312,3.9357973782159705,11.528090379982363,52.35262792585216,0.7243961097695206,3
1934.1016719892727,5.0,5.339794764314973,7.640539448412081,769.2743870719364,3.056306659116176,11.279409771248558,63.74984781752097,0.39663237173511384,2
1744.9957269828917,11.0,6.212838185633022,8.12133989611294,794.826238636626,2.533658282963314,12.225110597380464,69.89580694633626,0.4680539892049744,1
1951.0957430071119,3.0,4.457447743102602,10.353236144913604,790.797913291961,3.05627354671081,13.981912163953503,58.4820325712878,0.7190421660034273,2
1441.8381955213667,6.0,5.328817065357841,5.7957686878605115,671.0514038586521,2.7609917045784393,9.851233853417835,58.631457572598634,0.4497102117503064,2
2566.9058997373677,12.0,2.802289252599669,9.679205431959385,1007.0403670474402,5.54707037509943,12.831195980255735,85.70712815696717,0.3442298315760953,0
846.451378606157,3.0,7.816304374380531,9.686157926832262,375.2252263013196,4.438315576444205,13.451689056776424,43.15153649571112,0.758767548119101,1
1570.9816146036642,15.0,3.8050400528336557,10.796422258065462,831.1895069706151,2.8321662595087025,14.281014618476345,68.4003477745717,0.7145754874625513,2
2224.4046211102177,8.0,2.1362863493634037,4.06946878771096,943.6843276806383,3.882958449167694,8.29659925369408,84.15628795328205,0.04561574360004038,0
2670.591100707249,8.0,1.3914079286223913,5.3631643458810565,1010.249709755267,5.880914548391533,9.285481854101276,109.18734000663191,0.0,0
1423.9290158918943,9.0,5.453203531597598,7.768374816358044,652.1866557822767,2.7153506277721653,12.117725846878127,60.049138349696804,0.6446755583980668,0
1919.3639977343819,11.0,7.88365895823519,10.804323099691828,774.2733280812739,2.503722191146635,14.035765703039047,60.442624450702226,0.7603978234928839,1
672.8498625181537,8.0,7.270561477923971,11.720934893023873,357.1292404947339,5.535914850218914,15.722695089390623,47.50915725456409,1.0,1
925.7977202795723,14.0,5.914731972404895,8.75894891743521,565.1739138770748,4.21293767185989,12.082848357166919,54.98161723734122,0.8675611118979344,1
672.8454061652862,15.0,7.934185502950026,5.697071803384161,392.50803778267726,5.616301833162801,10.209765690193333,54.34619782419747,0.7443497287908822,6
2319.7022299963046,5.0,6.059797834294745,5.476677566597165,817.5271823840804,4.279246713842191,9.859102141152764,65.1485667967298,0.20739875596896049,0
1220.1499218053518,12.0,3.374757863809772,9.115551631890138,688.264074880849,3.4761611720179952,12.472716081533896,64.90275228348273,0.8626846540173657,2
2309.3632254795943,6.0,5.208526931421212,5.680553176475237,909.1205385638104,3.7522420496208215,9.805122981218828,55.846373958930826,0.21804191155374014,3
665.9956976081864,15.0,1.5583664973989308,8.424699391367088,473.8741878692445,5.94338389607188,12.858647280702131,85.99245460419193,0.9305321385973392,1
2656.3695010208135,6.0,2.551777431557786,10.678495433151216,1036.0794789283584,5.950213039771995,13.789802825252576,79.57205976536969,0.5219990424884302,4
2588.8254952777293,6.0,3.9227816514994456,7.11855718769672,919.8000774566526,5.352227493917582,10.981660487735226,69.93151429854345,0.157410915158196,0
722.3218576257066,12.0,2.4127294549413167,7.027777517935434,486.31755046041326,5.4828925834156506,11.621397133731382,66.81341486101186,0.6976949086147091,2
559.3912661429663,13.0,7.674507103797194,4.28912269512859,243.09517200840452,6.404050364944659,9.574799063151456,52.6127601007604,0.6266878855089292,3
640.7220324549779,4.0,7.9691826872125455,6.032676627396439,293.4531792211958,5.518985605109995,11.028502920270487,41.71250554245022,0.5926307258981274,2
2634.075432866835,10.0,3.596551440851658,9.585531676954195,1013.9022271765206,5.617238198514667,12.489309059303636,80.81473875280385,0.30651850748821863,2
1086.7587226297394,7.0,5.96460290254039,6.883129961057572,588.5807072486721,3.561907876044492,11.053558859734935,55.78428749844312,0.8075764768637049,0
1870.6832946454717,10.0,3.854395114642684,5.266391338319376,842.0861123114139,2.802140022832388,9.369934329163348,68.461581817838,0.25763154236427444,0
1565.610507950142,10.0,1.9765644307034447,4.846141870082617,768.8378061576394,2.6284646176078104,8.483929842097188,79.44920872836234,0.6101053908236083,0
2488.813815571505,15.0,3.35848793391476,4.760427025205671,1001.0760647967373,4.8804678002197015,8.394655763243662,83.13644621248734,0.08017575716094483,0
1722.2457536766765,15.0,2.6336018910096426,9.27306746494316,844.5329073000727,2.751920669866961,13.000595852316486,79.56876467046787,0.7854118794963084,1
1751.6521016531742,11.0,3.296547542851938,8.90097183034839,803.6002064474113,2.805507767338058,12.417821027783948,66.4598398481358,0.5144698612741097,2
2972.729848749756,11.0,2.5051518187840154,8.148168044816678,1120.1783603550243,8.279432761798223,12.024018748111388,95.4202539921035,0.1892271167826468,0
875.3238918731428,14.0,1.786415833407725,8.002611585273115,606.8137194263842,4.8715290566822835,11.95474938331418,83.48305102349372,0.7377298234247993,2
2576.7598468648284,5.0,2.52199900553689,5.225094821502973,926.0424801441242,5.264269768149331,9.151467636623671,78.16779507242515,0.11537998257260511,2
629.3743640097119,12.0,7.340299222808899,8.004833798080698,332.59164899221344,5.9163296037801665,12.355891726215496,45.71864770157632,1.0,3
1694.1219239324269,13.0,1.596551730435701,4.479502212803039,844.6232589639499,2.710817577943245,8.592940558321311,91.98091702539381,0.45979016587368005,3
2715.8370598325587,4.0,3.2732965062866413,11.406867668821503,951.6763831060517,6.267584060341017,14.927371558780903,72.72458526401698,0.5300112223123241,2
2163.0349140103035,14.0,4.699149261518448,4.464220432020855,927.5148624028951,3.4174904098668137,8.609213532510593,73.21689813884005,0.1368482892089935,0
2213.0365484153326,12.0,3.481588593248498,7.388241559151348,966.2966646550018,3.9212725682064393,10.936466352946724,69.87226637575156,0.4737835811092804,0
1158.2932056412137,7.0,4.62324966513221,4.004568451225378,611.7765334595705,3.1371108508564136,8.629776234794907,55.144076594250784,0.4048459396814764,2
1546.4369784036357,9.0,1.3039404216404777,10.289203510265956,809.3938101966945,2.936060374327356,13.951788439951516,94.24477636261462,0.6416324280691031,2
1416.4526587476262,9.0,5.539987433550644,5.32936150828504,656.8519362920983,2.7541409472259097,9.52096076947232,58.418050236095446,0.5086893648469993,4
1803.6080253949856,14.0,4.944351610892422,11.399328142573424,829.6466432880867,2.803465762973246,14.769037451324007,68.46251651108344,0.7045098762467873,1
1655.5698253591704,15.0,5.766763860982841,4.351821982884516,767.2434697503655,2.812239345996051,8.588001548032977,67.11689966782305,0.4138584812293192,1
1317.2458796924734,13.0,4.970804710790659,10.566298676515416,690.99890885887,3.1031162127574436,13.539037242186833,67.80647116461718,0.901378445879957,1
1263.7015309279252,11.0,4.065325076979642,9.253102502524705,673.6891015901053,3.0329618442192157,12.993930723890292,61.850940078282925,0.8413829677804922,3
1127.1322291378053,4.0,3.4509907960585773,5.997885751087124,595.9980371163659,3.503331281330236,10.561295204807802,54.924159644470045,0.7630914976471775,1
1412.618117211896,14.0,2.5850463306984333,5.619356873844759,790.8338606787349,3.136865993278482,9.62921242948474,71.15460533164068,0.4146039744257185,2
874.8536948351516,4.0,4.500474087646288,6.861423467016179,471.2178158131335,4.341236514025605,11.049188655467297,49.547132254020546,0.8825147470361013,4
2680.2607550089347,5.0,1.1823671666425488,10.62722306540284,982.2389694095328,6.290339520941058,13.792968342781105,103.3445128890939,0.5801348312582976,2
2005.2984795835682,3.0,3.2976857966952804,10.895652386683643,780.0975675192287,2.9963121551174345,14.466661705968358,69.12785124072728,0.6053269291560267,1
834.4660639846386,15.0,5.745106054951705,5.402283036194606,517.0153507965836,4.728965408257682,9.577203829188841,58.500014583439054,0.5631531111746171,1
2234.6483355225037,9.0,1.7610192778045148,6.827584317474646,973.7817124456557,3.6687784594464232,10.948385497968285,93.236055585943,0.1859791545298028,0
2619.166169994933,6.0,1.4402386962367002,5.899931071218031,995.3958591179862,5.625704198384378,9.452702231510306,103.24851396083132,0.10403831320617492,1
1093.8391801306473,4.0,5.565250237039557,4.981142781103183,489.97509054879083,3.248216637345156,9.163705053895697,48.12440456916654,0.7576578774232653,3
876.5014858431598,8.0,3.7844230479964516,9.171595100231425,549.6181847923664,4.47119781676214,12.801950130758419,56.57739984877749,0.8685931229941781,2
521.5431428343801,12.0,6.612775255845667,6.7669681858842825,233.5897492154755,6.624993084211104,12.353049004369492,55.28383814802321,0.848255869890872,1
618.1258471412127,15.0,7.561179127799267,5.803072358210673,347.4951385561086,5.876480643754259,10.316930664150272,54.684181487614914,0.6877470722360742,3
2405.628370758779,10.0,7.699283176128039,10.927982188015811,862.074537187875,4.435880479130496,14.134757731476185,68.41374678619171,0.3431325247342771,1
2967.9658301042346,10.0,3.9791499772592545,9.98654344722853,1055.933414648089,8.162882119978997,12.739522503371791,82.85718828946705,0.37698185924061794,1
612.2008061906915,13.0,2.8502905699252263,10.19008918957074,410.082533041056,6.079682870896513,13.873082080234262,67.86203741308645,0.9807801250634274,3
2370.1773976997315,14.0,5.260296171197346,4.313567129466241,965.0909344260517,4.272848591960038,8.455044615107589,75.33905450218153,0.36224661881782544,2
679.6554146024001,6.0,5.3973504814976545,11.321043593848529,332.30664049713585,5.58371194846638,15.549809470584483,53.102204073020786,1.0,2
1980.332062259167,15.0,5.356414552531277,8.597907023793882,871.7786554280744,3.022275777020562,12.001587415883515,70.80008054603357,0.5678017738218504,1
2390.188206070595,9.0,3.252450296032168,8.030422437476151,931.3863836911221,4.306520937847743,11.478150728712428,77.90775536167884,0.3971391945875948,2
1398.0109931693441,15.0,1.4462621549211212,4.084682768222249,820.3130751555814,2.9998856228404205,8.721794517548496,94.93608903426288,0.4054926155394951,2
527.3368027766594,4.0,2.4700338717791928,11.181297683472838,252.4336365457865,6.61301036301782,16.456656726516538,61.62618789937245,0.9455591216476187,2
1987.9733803135648,4.0,2.0809359961556364,8.351123763888005,823.0142323573735,2.8263594318993213,12.346961491161105,75.61061885828232,0.4489645159313731,2
2978.1115703500695,14.0,1.8673024204831714,10.601227698724283,1091.8301430636307,8.363777462717362,14.375246246997607,95.86446026782133,0.38855485959099634,2
1144.0435570962395,11.0,7.483983247501012,9.24408768590635,580.4898670486243,3.42917524579612,13.540179678585634,57.42233103247633,0.7492829100961502,4
973.7281929680396,5.0,1.0969335218177756,10.373548908087043,544.0009247506661,4.174247967889123,14.73585834996562,91.37480272168042,0.979599948066462,1
809.8147318837873,14.0,5.213004174654252,9.543453988462419,481.1752574465448,4.884930266102404,13.329828170882381,55.25009743891452,0.8910517898786833,5
1888.1390497501402,4.0,7.632316570180958,11.367711218686614,700.7741842517613,2.6937159007197677,14.538256990471607,59.537489439299996,0.6307928680985238,1
1991.1127484006834,11.0,3.520371892458895,5.803873490716398,845.9779270676216,2.914139486376776,10.24635865181903,75.85361999941466,0.24172017037217053,0
2480.6770929260056,5.0,4.689686624207237,5.6168008378632575,915.8078281385525,4.6285090453689826,9.202605403992068,66.57330057891419,0.24973433491157118,0
2382.683184051274,3.0,5.870485644326117,9.700332495560975,851.2889047812901,4.156573709287818,12.891596152936497,52.91106195000507,0.4144378391146414,2
2731.353736987718,13.0,3.220187862607672,8.011158404667752,1109.3797699647491,6.619945194843595,11.268913988901378,85.54571109776634,0.35642697269442664,3
2514.4317458557534,14.0,4.343563913950744,8.79328936267896,1010.5864613305971,5.090458456144385,12.27035130020289,79.94537348801158,0.25152256795147654,0
1118.1677076986111,4.0,6.719719952329264,9.668339753529816,490.9454370058235,3.330470383100789,12.920947508481916,50.661054612802914,0.8354592852182248,3
1889.6935121894028,4.0,6.2174896569618445,8.37942557600002,712.3614269642771,2.8426214057501547,11.673062907853758,58.959692588933194,0.6974646097750627,3
1243.5298977339498,10.0,6.659145880449884,10.301547581329569,621.8865000236644,3.0444904322778332,13.727895370994977,55.90129598908075,0.7978250361290867,7
1324.463448878756,3.0,7.911381145393592,6.55093884748682,553.250093484477,3.0149435016834376,10.260067698298151,47.5972378512177,0.6452352410925932,0
2829.8609230749908,12.0,3.592292324553253,10.871923548797536,1085.2378812632376,7.065507008386896,14.472037522513771,78.6825505346377,0.38779685562082883,0
2204.739762667684,14.0,6.229638840550412,4.861410823404806,909.7949109944466,3.486459240984046,8.816923728261512,68.58658455993776,0.4162615097101597,0
2936.476033127765,12.0,5.21949196971388,9.072031815689495,997.6367256388834,7.8995176721252385,12.738882759464232,78.82458595802785,0.2502502621180795,1
1542.2813417968612,5.0,5.666233370548374,11.121060060214381,651.6397737449413,2.5122534774233776,14.76304918140129,57.02563924572732,0.8410714550997407,3
1843.5939333849415,5.0,6.179117333830542,6.021553023213637,731.2223937601206,2.51263163816222,9.904394992484445,60.51553770580224,0.42902424398005157,1
1717.7885497910543,11.0,6.248119218624203,6.6146773993913035,774.4720250801438,2.904498232765164,10.766130005995612,58.56148148159142,0.37334076445545183,1
768.2176438093172,3.0,7.200216045063737,6.443534227941911,325.4702764871838,4.955357102590132,11.163816046051402,39.03758279268209,0.6796724297820328,0
1091.7549863165084,9.0,3.445251726652388,8.51410969420027,603.0099267481039,3.68459238200896,12.230517639859965,61.193707707802155,0.8708924248496899,0
1819.0909015112054,8.0,5.574369492783374,7.302974524521188,741.7279507639854,2.5888369486764593,10.606785395487837,58.89461522593546,0.4421321751570354,3
668.4357628325156,12.0,2.962033021177991,4.863674279959219,426.3331878363175,5.704917408591039,9.47173768440662,64.4986775640316,0.8010028935918717,0
2828.654823272223,5.0,5.161980935818826,11.13029777405168,981.431413717147,7.088734590364761,14.04644494408586,65.98036308979951,0.3858795861663364,1
809.609204858427,12.0,6.258225981203495,5.637413033269393,496.3872476769965,4.6511736112409166,9.993579141649672,58.22416997715185,0.7919217680264958,3
994.9518660422677,12.0,6.5370076031314825,8.272640087908236,545.539518228345,3.819827820136034,12.20226175667306,53.66184916756828,0.7237536160628844,2
2413.303059846591,6.0,3.940871520923859,8.758439167498093,896.8123108915307,4.406517829447118,11.920508702766902,75.13611196267605,0.28650976322173227,0
742.3363544732842,7.0,4.561041562409518,4.326014749180334,446.1183166779899,5.366624968718544,8.86755551332215,54.151159087734115,0.6635933191165531,0
2750.6952490385233,3.0,3.33694895819121,4.765698621234698,964.3131870087798,6.376845594517054,8.761327587171847,70.3217531210176,0.03829350082898082,0
2314.252426806339,8.0,2.1832544257774136,11.773517683436413,958.2831115434201,4.116380670957535,15.072063344541196,89.90866856463981,0.4379503198497934,4
671.5521427721472,6.0,2.8236218363477255,9.31609872119506,367.0835255841547,5.672171456240225,13.518258182178164,59.76118280307971,1.0,1
2229.617653214132,4.0,7.384959034298771,4.268521416371415,813.091170118657,3.669063435059319,8.137902571520554,59.91915666409835,0.13235044902311294,0
2079.0713554282947,10.0,3.1627867968652117,10.35359376522399,868.8020543877285,3.05407676366553,13.956121196785674,74.56568902974949,0.46836851376928756,1
2393.373581849796,10.0,7.823315334819271,8.068342474219884,894.9391995736366,4.371949827417181,11.502169226189013,68.0027785756374,0.336165055738526,1
2570.4946312233396,4.0,2.690346596507672,4.601596576627805,971.7888905957271,5.2668149020908315,8.230671676831355,78.58316733580772,0.23426707484754372,1
2295.8764079328876,5.0,6.061497612367313,9.44601678438233,840.5076300736298,3.9390414447370365,13.17970809508529,60.2623860881379,0.25174289574998376,1
1965.44073817743,4.0,5.01732305500285,7.994814446947748,773.0243144240258,2.7295756053840265,11.99371033070432,59.972321243201556,0.6009683873875202,1
1306.158296454444,11.0,5.87809034667359,5.639358408887386,660.8217839878317,2.9699112326940846,9.862588919897895,59.61608253661558,0.42822075139780136,2
2243.184154574823,7.0,5.507705626264268,11.021618176710557,845.2852408372593,3.653443837866222,14.330510942394564,67.0738913451139,0.537846913506072,1
2892.4289615769485,3.0,5.947240085183124,6.331038866402033,918.2671267112084,7.285905659494616,9.551698360938099,68.81207072246599,0.09537410830418418,0
1968.8044513221857,5.0,7.338829339048213,6.276453083626462,769.5971947551964,2.626421648460006,10.61306724081364,58.35736076250827,0.5619014276539659,1
2160.862171085635,15.0,4.94428647243737,6.18218865433823,917.7094555372618,3.4421585475115535,9.413308355115884,72.09287201757004,0.3357344749973483,1
1592.8201054995018,6.0,1.4749414803279666,10.13964621671241,758.6953278882041,2.671806020141843,13.828720868786855,85.803005361287,0.6023964737611336,1
2390.3020243576857,11.0,2.8957780411282967,9.648949363044256,981.1869565263397,4.341047871107492,13.724794986185154,77.04837511324321,0.45334188266802056,2
2994.16848084659,9.0,5.957532862861347,11.22516548376286,1039.1054795861853,8.298389682235394,14.53243535293048,75.79077139498867,0.3583383923146325,0
900.9733101693403,5.0,4.458522395829713,5.834713756674238,470.5348402354252,4.1102797882388415,10.188708750155424,50.61917506393159,0.684507399802229,2
1006.0131987594058,6.0,4.839863878337808,10.290916764342466,493.2405751173459,3.827426893742514,14.186584663687055,52.88191136814976,0.9166747119216888,2
1848.5943966609736,3.0,5.176063187662041,8.584364612224768,732.4122218939128,2.7387556519975758,12.331518884206082,58.79099708242381,0.5199601213057229,1
1703.4384931541456,12.0,3.67840491089199,6.469436877221343,820.8790230135667,2.7634076439515245,11.014959755961465,70.35760541588637,0.35702152932362696,1
1928.924461266797,7.0,6.417268675614986,4.283633059262005,784.5711459801546,2.7510076435858064,8.112152964764105,60.62218282146797,0.24604055525460153,0
622.6851193106826,9.0,6.064744187275839,10.55158039880888,307.6588198948095,5.959498766457685,14.50594586628884,47.40521041751951,1.0,3
1510.6911408261224,4.0,6.000095885351797,5.928570972106851,635.633540988392,2.442708142349994,9.866756967178329,54.91333927705669,0.43094803479329397,0
1957.445655163902,13.0,6.007171218244613,9.053944289719356,857.5151205432236,3.1121905642609446,13.137263416434116,66.62403281699748,0.566222043953133,1
1962.9783782624067,5.0,7.232506011579735,8.3909434884785,755.4513060527078,3.019613809265528,11.90827097852013,57.66646216768631,0.487603374488461,1
2143.334904420934,10.0,5.1677494561029205,4.035596309174271,891.9868899161701,3.3935602013456685,8.209563237928348,71.51772451206665,0.18563129352912747,2
2300.5400725066593,14.0,7.769505396478708,11.954749039518099,922.2306957574262,4.242044773431321,15.514307652505869,71.2438546087126,0.6559583277787386,1
2103.8680083521413,12.0,1.8343487907344653,10.51463484640103,922.5335509060836,3.302535392511451,14.13045501436255,89.03541885584818,0.3760082229203483,1
2475.6078884735875,10.0,5.42371283615705,7.891770165093456,963.4460896995928,4.618369939738424,11.823191618935759,70.37186969634604,0.21826734056428065,3
2061.901586711479,14.0,6.018485821550569,9.442730961939064,877.5591679022341,3.087211909695578,13.379663498108089,74.38661151028931,0.6724872998284942,1
1843.7691563430112,5.0,4.340542876680517,7.812753892726181,782.4200394366138,2.638593636930209,11.635182365992602,61.338699905960084,0.7145562548522415,0
2015.4910722195273,15.0,3.017458705198555,9.956690170229846,861.7469478026122,3.4393921413793738,13.288079871292355,80.15883651219903,0.7561936422763312,1
752.9834168833308,10.0,4.850262168977693,5.074628366551153,410.27117867953814,5.145597040878128,9.586296100247012,56.892736204238886,0.660735304190753,1
1182.8913518138,8.0,3.553233762034919,7.570807961872243,599.1635536520694,3.2084538550755557,11.379608476286872,62.360514632016745,0.7661150298742185,3
1818.499451645328,6.0,7.363868497474715,6.68429741658288,724.1762641569907,2.45212349058175,11.32468498240824,56.214431451696456,0.5813760737274265,1
2682.468038504268,12.0,3.497546887732784,7.677241947952279,1028.2996356515857,6.2230450485183315,11.138712434533652,78.74929951214465,0.38344630743056035,0
2197.628890719983,15.0,2.2299489489149034,7.603781222882914,973.0732852803619,3.837449427573474,11.39941413237309,88.85243764399212,0.4148071659308433,3
726.020196179744,11.0,5.034723981158169,5.1447515982335545,431.2342393620486,5.287664667379522,9.107586889908657,57.15149721078066,0.870782949256893,4
1980.687376111011,3.0,3.7719481396625856,11.811908565672233,783.9317780972526,2.656680712182257,15.180811709340333,67.67647388717958,0.6694127280275504,2
1054.3449690927473,9.0,1.671287013605887,4.123937142305024,629.0163380073047,3.6848058949310936,8.261325801556586,76.0478638361743,0.5734721959942191,1
2335.0413994718074,12.0,4.953896456985358,4.080583558539191,978.9966618441287,4.3396338675593205,8.283812395465148,77.75044523309778,0.07082060631043922,0
2568.602131271868,8.0,4.76492487815991,6.9875305482692625,943.3669876969515,5.359964801648238,10.92331654550851,70.41280799195499,0.19342605677157013,1
1983.6406814749334,13.0,2.212379606432366,8.96301079477454,888.5476198714094,3.0926955107462115,12.941982090780854,87.73100663329201,0.4373669263111409,4
1978.4065243792743,12.0,5.1834671827189,5.437225814519426,834.21563864815,3.1938786701121598,9.774266362954952,66.14672320471678,0.21542043500207197,0
1346.478608027035,3.0,4.971512817002424,8.265552031233288,616.2615010161096,3.0256545214599693,12.068180456940265,48.70102880642983,0.5078524150868962,0
1615.6250529032736,10.0,6.415288361291137,9.782175743707832,712.8441258101981,2.5570098352871993,13.081774817571473,56.57007032826848,0.6157606556256606,1
2660.2708845383636,5.0,3.5309895088984407,4.752484872321209,921.3938047410016,5.833032935936215,8.463229387426331,72.60224252406094,0.04782107759897352,0
2308.300827417891,9.0,2.741316665645475,11.875379264127467,900.8956228642239,3.9696668321902426,15.222665331764151,80.542580342749,0.603706707751269,4
1799.3841492396077,7.0,7.658539208795428,6.6936051819143545,756.4721510858591,2.512501426178854,10.600350789448834,57.92181108411655,0.5158622852690168,0
1420.5809656209274,13.0,4.928522659479517,9.139323310297993,749.2564007003815,2.6372112217929633,12.836631596349358,63.629139271940986,0.7283743036358284,2
625.9493457213858,14.0,1.1899797121892621,4.885758865492606,477.1564250429827,5.9512294195833,9.074949402686494,99.0345910869822,0.6589778621159214,3
857.5185033159628,8.0,6.744981788782202,9.67589110977061,449.8297587735734,4.320617634344855,14.02869852330896,50.47664464577632,0.8347802741052028,2
982.5629738484266,9.0,2.377306426432585,10.723650776499888,547.9794545620579,4.219312236447136,13.939434926665433,69.90363171366596,1.0,2
1433.458858146687,11.0,6.502254223520905,4.842281138644979,670.461843945633,2.5326123181133027,8.777517145217686,68.89523962340122,0.5280061386793701,2
2860.3591176906866,11.0,5.936136990091754,5.00690523496053,977.1767443367931,7.508812786228314,8.59242510807292,74.6870591072483,0.0814464956991314,0
1762.8834871468716,11.0,7.781696069842101,6.2483793150978215,713.6945554198909,2.4846803523062095,10.121313279130531,59.25170089800808,0.4127393088463472,2
1087.1004081480778,13.0,7.7590551111616834,4.095486523002634,571.1385299169756,3.7846493771016476,8.76026327480604,58.046783735743965,0.4719829008420131,1
764.3753436537852,15.0,2.9208743725903195,11.88841035469784,523.3353891122276,5.203426549849157,15.377571356009792,70.38781440203917,0.9389405154979096,3
1345.76381150741,13.0,6.365147068563929,8.787072599621197,721.9584694152626,2.712294082275821,12.492857030637477,61.78692213997916,0.6148570733534847,3
2539.3265888776423,4.0,3.2179856004594676,8.860715599708364,935.5131442829469,5.24839960114525,12.601489723882391,73.50920790031415,0.30804758029029555,0
1458.3569835262697,9.0,5.40438557180716,11.671697357213088,655.2204904718966,2.858618854603854,15.014414232619592,64.13235734672132,0.8391038692978037,1
2431.264515056034,8.0,5.184222594682152,10.656234034555418,915.2194365240944,4.408944778081861,14.142452585531332,72.95796390607548,0.4969402278453068,4
2506.762440317197,9.0,1.3818046093481526,10.513943447746795,991.5556891963067,5.002681602970353,13.941182318301657,102.13780007209688,0.5743363733784301,1
777.0519242467603,9.0,1.036272248847503,6.716018959213005,484.7829070498962,5.033739017623366,10.53028586891914,97.73987806124548,0.9481884334823849,2
2021.6493815669594,12.0,1.4043481021636666,6.6789071477171635,926.6783589473525,3.1654007946212945,10.303371044474996,101.22855215036567,0.5531064475293554,4
2897.740158427777,8.0,1.8955943327221876,6.333903678501175,1027.60532200247,7.658009277162033,10.196143498648203,91.68204345093972,0.20273041243106016,0
1505.3451872588848,6.0,2.8035674394344157,6.773566094210559,720.9437425734179,2.630687057240451,11.035695404848754,70.11024121368975,0.6486008018313864,0
627.3602225075557,8.0,7.348686562697937,6.9560700908788045,314.19595875748143,5.627807202103507,11.917932018828244,48.71049538756595,0.7969015739409484,3
2808.2567256446964,14.0,4.630428727426804,5.120029511844747,1083.8347810964199,6.894369276370149,9.605732610453327,88.05042379550542,0.14909549392364949,0
2709.165703931207,7.0,6.57824217188552,6.847582901616748,952.1174935926051,6.181937349299006,10.728577975716515,72.63252540241712,0.10260489796471148,1
1805.3536180225044,3.0,6.868182264750457,7.573976281957821,738.3894777143165,2.4911177761705594,11.234303816240319,51.55325058421167,0.3359059303661431,3
1880.6328008600242,15.0,6.144601690133788,6.474778709973268,826.5571882642922,2.771581838252708,10.292050196392553,67.01463069670889,0.6094533504119592,1
1029.3527569403122,5.0,3.7396958709440034,5.322775745260382,531.4353174042224,3.68376553948428,9.509047342755643,50.595761986660435,0.49473841253633927,2
2548.626888861593,10.0,7.047015756886879,6.987283185427981,963.7026138239336,5.0494802762218916,10.581256606682269,62.58727081890027,0.32770039463610773,1
1746.500095980316,13.0,6.194348273246444,7.847262185731487,753.299713724835,2.8080425838699146,11.708419718758378,65.49273059930019,0.4364655963752714,3
584.6944878563913,6.0,6.202060103835367,9.765827093337027,251.5438856482232,5.998767595520066,14.508270710044,42.94399861992492,1.0,2
2207.5373911224942,7.0,7.311020290158985,9.689902091797363,859.3483235480755,3.566881578896425,12.834253627933425,67.20571998355051,0.6346207880425152,2
2876.240674506765,6.0,5.190644307203786,5.621560248666594,983.3031265743765,7.351659111099689,9.792647395290937,74.79541174348714,0.145906588476012,0
2572.8762258643756,4.0,4.700021009735236,4.293243161345897,914.8789426644112,5.273818339732667,7.750094078707743,66.68017933918364,0.23897469847183522,0
1192.9953505263495,4.0,7.231137903179527,6.430396174456554,531.7461158845605,3.0235135080325692,10.472850658076707,48.24246546585191,0.6223084506436102,2
633.3127123333516,5.0,4.181232097149378,5.257090438871606,329.04033672187325,5.815039484049262,10.291832403663676,55.13908322012122,1.0,3
2850.8785313454514,8.0,6.6809948722019,7.166307833725552,1004.6826365200064,7.133633322761813,11.0300301537392,75.63330559652749,0.25623115659166945,1
2842.6568121992536,9.0,1.376924523113654,11.834768953220834,1086.6699221938384,7.182989097946402,14.91229696683879,103.20414762504815,0.30364912738433597,3
1831.0382992821735,3.0,1.009029611194255,5.448570967241768,806.8521433840162,2.7593805347309,9.990114704573053,102.58990515749835,0.4321612717923099,3
2105.793529178838,14.0,4.698047427230498,6.5509915473837514,931.1413689567861,3.3887440310900145,10.1934506541763,71.92592500394217,0.31147644474484043,0
1656.5001517770206,11.0,1.5152832567146617,9.800914530556579,826.9479540328566,2.980401503446948,12.703944165222083,93.45513373575245,0.6433946739504719,4
1549.4134177468966,3.0,7.835801094171445,8.073462262895372,652.0447069873412,2.4756852843922945,12.015392811638243,49.610281415479236,0.40552759277837597,2
798.621089821751,13.0,1.0385082182785914,4.351425148587079,514.7649572645015,4.853882990617551,8.159782238591621,105.11803412009114,0.706438768470454,2
741.88224590274,3.0,6.027047455490525,5.293520145290573,398.0042578834936,5.242720003017212,9.51974794601271,51.22484158338386,0.5542530381099688,2
1081.8303666904685,10.0,2.703692870503545,11.481996438185568,620.1308158873268,3.677438279976831,15.165647068171051,63.792079815714764,0.6708931868134876,1
2591.601866016361,9.0,7.7728640369043935,4.825319941912228,850.9119177837983,5.580410159518867,8.67461455633273,66.29815344390731,0.09601026018790146,0
864.5807518392,9.0,3.670791554395273,9.080742297677645,543.1182663514194,4.775414052889503,13.083338762353717,54.830080231510394,0.7628481264144931,1
1066.7466297867768,15.0,1.190983983847056,10.338605190727293,671.7775502751109,3.8172287748074663,13.552750072067345,98.53622308789312,0.8232642534768871,2
1871.5351483055188,15.0,1.1885503578614791,6.123512501799391,899.9007680777381,3.033020853519891,10.213198712164518,108.31298616429275,0.1692948635735566,0
1037.828045195686,6.0,4.873613602072821,9.80062402510952,518.1938786955146,3.671731381404661,13.085189533783373,51.50784043728887,0.7705917753904425,2
908.0167117944677,10.0,7.906983853218968,5.359161432241442,476.97241283386523,4.274838823497334,10.057457696415243,53.22832828865475,0.6330191878922274,2
1908.2906042449056,15.0,7.858414745320036,6.278002198670323,796.4036233275311,2.8838506513347086,10.009852993388753,67.17090257908526,0.328774148902303,0
1420.2331774915388,12.0,3.3609108060248607,6.49457624707366,718.1998926392309,2.9816696372668665,10.861414187611597,69.95169259250879,0.6208326941469897,2
2065.398214601173,14.0,4.3789255443222785,11.971479924513789,885.6662091354733,3.338235098556976,14.973815663481012,72.43588017296288,0.8514247811722799,5
2780.5133510216906,8.0,1.7031906405847126,5.716578361743658,1031.7309372542431,6.7676964344945345,10.110048089816367,95.38930961521862,0.1326784977515082,0
877.4828285876691,6.0,4.655237991942122,5.03365971706868,456.01173580446,4.75805862465759,9.120165818389676,51.611463966709614,0.7404347155155265,2
2783.58414953266,9.0,5.197911193337912,11.405531499851282,1016.5151956895379,6.647301892446,14.120294995719322,72.63296663251687,0.5673150590491266,1
2756.2249185572964,13.0,2.757431659279247,5.295445550562822,1065.4103304441921,6.4353603998164175,9.15427417987722,88.57865592304934,0.02787711425389945,0
2572.718958339757,15.0,5.284801051406216,11.034239357035244,1011.0421225553049,5.2212049364874344,14.696643522768642,71.31003043601953,0.4771964726005019,1
2078.2147932652133,11.0,7.297849261873777,9.203653021173519,849.8788453405685,3.30972275910621,12.991179592944766,65.86757225598873,0.5641746994147813,1
2050.3666436638687,12.0,1.0066873339643636,8.61489198456415,928.3168517669365,3.2535400675472004,12.533181529548463,114.49890010973657,0.4474437013374062,2
2098.031649841254,9.0,2.6025364201556114,10.010709692372615,868.0112053905467,3.3183543567921463,13.713618326615276,77.01817599079004,0.4347807304173287,2
2226.2388780445326,7.0,2.469436943267567,9.8079916571844,952.9523154168122,3.6283780087351225,13.000860304755134,73.87482676917905,0.5479455372258871,2
541.2055014903925,8.0,1.8672034212367892,4.88420951534651,315.72503575257605,6.543820367607543,9.892638819459654,69.46965711524346,0.5600221549338028,1
2895.2314479016245,9.0,2.162708489159713,11.995728883253513,1101.8198808714035,7.537591590309456,15.187041924446811,91.52895658407112,0.2826638488324089,2
1964.0094036639496,13.0,5.381387817557713,11.535117811589828,878.8654080848919,3.0056225609589253,14.623818895031729,70.16088734403114,0.5550649324154918,0
2453.664598506054,10.0,1.7188607310544985,11.17273570289533,979.3128126673557,4.753554306017983,14.517718033779047,90.88449345627541,0.5273646942794816,0
1443.2045976534077,13.0,6.1697212631450515,8.978313071539255,646.5641840692531,2.7989548904234614,12.68223876779876,63.38347442217985,0.714473634902846,3
530.9930347894899,3.0,7.209158133908684,8.182330650658514,126.34371635298513,6.4764229444276715,14.954862050257711,45.05200578138417,0.9854494442734842,0
1774.3366496911099,12.0,7.486114069248583,8.290228671053345,783.1826792242573,2.553781857747106,11.817479111087556,61.27713551174488,0.46147919632814444,1
1767.9752982898224,9.0,5.621230700237906,4.1194955538258595,767.0933755759542,2.4358535511775603,8.060509614875466,62.35631149678806,0.21981779905195725,0
1592.4732207786294,15.0,2.381774874435312,7.995756015563543,809.7236183674987,2.5786406592952873,11.480584539600212,74.91039024440943,0.6233360796116657,2
1349.292635405192,9.0,1.5970760287793553,8.990156541279358,651.222285465455,3.3396456513290027,13.27442502203619,82.37048023029821,0.6514893003343626,3
1124.5652195243051,9.0,2.6241746766489973,9.269649670199588,623.1526500425307,3.717117040338661,12.791776070182827,68.92154445322979,0.7247006697512259,6
1818.862186242957,4.0,7.733700300495298,6.657115720410504,683.640591820098,2.6800571004288902,10.96555838231281,57.813276615058165,0.2599105089357476,0
1438.1953492337352,13.0,7.736416412254985,7.770258802348396,662.1837336358403,2.6255105630698248,11.287878625994006,58.3396488820027,0.6489469453656367,3
2924.8297076245217,12.0,3.6734321874283946,9.090484853300595,1089.5171981983688,7.871548709443197,12.700558609569178,90.58995403019875,0.3765760561097456,2
932.3182694173286,14.0,3.2805407876828543,7.426444082201454,552.3241030939874,4.261954853802377,11.486764958243448,67.55451904561008,0.6361820407887913,2
1299.1639190677174,4.0,4.570074075813458,11.697081591868201,589.957429813358,2.7593229844942435,15.575398992575012,51.30045859991157,0.9849822585521183,3
1234.9011773114275,5.0,3.041816640271805,9.643536878816002,627.9753529324829,3.0644751826585663,13.64266451249191,65.93561473284623,0.7993169129624355,3
1858.2729405898924,14.0,7.8576371615889435,4.010189970007124,820.3300786344345,2.872221457666156,8.121346584689933,61.459783264642375,0.1942963094711609,1
1748.2006424353697,3.0,2.548549730172042,4.186235851858024,752.642003118389,2.7002917238848174,8.137950658415745,70.01008883954634,0.25101068495486883,2
2109.351163560683,9.0,3.58399877527938,9.522401627746994,918.0213500361723,3.1862854492335466,13.493369670611747,69.04686559683645,0.41600441917880326,2
2875.0044264355197,8.0,4.005596129901248,7.301160780364022,990.1616370926419,7.364088893401238,10.783934914043591,72.65678474751309,0.10134391566975129,1
1213.0527137346685,15.0,1.875448161568135,10.71576759369813,677.1717317582577,3.4695847149041854,13.554565813247276,87.00933690961516,0.8523921086527831,1
2231.9289231374914,14.0,3.679773787390909,5.384123275890096,908.4173459428301,3.714742288024466,8.728467557634557,76.84530847032883,0.42265909556548864,5
562.600507512959,14.0,6.997115040713814,4.110615312418335,249.15554878202465,6.393437398193951,8.820458181414528,58.377983869963415,0.561464866476829,2
1155.9711818340613,6.0,1.9825270101973091,7.104658800909698,628.6906375168749,3.459752197512847,11.20914455688403,69.77031587269138,0.6023300395042461,0
1659.299319991482,10.0,5.0881536557833105,9.888512834459592,733.1056893227791,2.644543784075169,14.109625751530729,58.70616780807093,0.5606850840267189,0
577.4869712028361,12.0,3.8464599664201176,11.773821867020548,302.496322855381,6.3760130825371615,15.306781602426279,56.93463173430563,1.0,1
2044.1736513840972,15.0,2.193757082822183,11.069231034808443,944.9161111780783,3.1779368024869425,14.15085946812264,96.46360195915358,0.576223359836834,4
2195.7765210042708,3.0,1.0863531511444409,7.872596895497111,910.5399635071591,3.4994828897778896,11.55134471817886,107.69017062303743,0.3938296656432361,1
2366.829287095117,15.0,2.9134031244293013,10.502538265570934,1021.2931715114221,4.245861449963984,14.307596838563192,85.9244442311103,0.33321222193731964,0
1791.4362621075306,7.0,1.4328027248860136,4.562643662940912,844.2481300755151,2.5386690189977874,8.343792397975076,93.55114751338175,0.410795258861132,4
2009.8616624465667,4.0,3.6373792990771463,8.578178780679067,794.9116152075796,2.9515101035410396,12.400801447193219,64.13947901676535,0.3580071098316321,1
1490.1631281962182,11.0,6.67146898989542,11.39438730411576,702.2336763424028,2.74456012593526,14.749532761279582,68.08320363345481,0.8519451105854775,1
603.1325812664063,13.0,6.037796826143287,7.1710811799259195,349.65241998706364,5.955212663616227,12.380114778037541,55.34298172334549,0.9495066515076273,5
749.8796394362826,4.0,7.631685981912368,11.680805037304925,331.18909987737567,5.056499533041881,15.763855837354068,45.4537039449662,1.0,4
2137.48981050366,3.0,3.989107921359484,5.765480773832842,837.6685500713689,3.3799507170688847,9.773155166806717,67.3704437747082,0.298270995597653,0
2988.8882489644407,14.0,5.954609790142969,4.845070476267148,1030.3880547813249,8.14734323232536,8.774043774545616,75.14537982845992,0.028508020347521257,0
539.5080979082404,15.0,5.657392054714141,8.198098688653609,273.58895622224287,6.569023753098627,12.71593016865291,53.3626336504747,0.9893501986157287,3
1893.9587420659568,5.0,2.519324122107817,11.257974975849795,824.5484447116005,2.987416277449063,14.902252607960097,72.01895711842617,0.6867536243728263,4
2377.5218822063944,14.0,3.1250775366286097,6.490233749957953,1023.7592539566982,4.476202481117258,9.884218967907593,84.94872710413779,0.2959319374933232,0
2566.9370700346967,14.0,4.708806733784322,10.401282555191619,1029.4983221241353,5.134756429391202,13.14910433809197,73.51729333847682,0.3757157996219707,1
1863.0122530566002,15.0,6.576601233041453,5.353578127042248,843.4143683782393,2.8519002023453464,9.247424655951473,67.55131274039137,0.362978455436119,3
2049.789950460263,5.0,4.232689141240528,9.964563168007516,828.1148535121343,2.969753324820247,13.695800753524912,64.04673637764822,0.3899476987328953,2
2241.8123631863837,10.0,2.594190753228691,8.45621553109945,931.4368369691131,3.8759051033190777,11.865804951283888,75.82356611064199,0.31123992348069884,4
2647.4156242335766,15.0,7.954259831962588,5.400135803154978,939.6199927040576,5.687043760937846,9.341773397445161,72.49048931805454,0.17271695125002715,2
805.7238430070466,14.0,1.8090516444756792,9.744697995500868,519.7058506358625,5.030331690990022,13.173685447239354,81.85054377904346,1.0,2
2815.4554906871585,10.0,7.691222352439294,9.71004890765142,951.7055346231708,6.801274999672373,13.478141080594005,66.50584665972464,0.2942939591509036,0
565.043508878925,5.0,6.663324019013421,8.123481833147522,240.58832345794414,6.242297086560635,13.1692976173973,48.88895370797494,1.0,6
2590.4993773944384,4.0,6.872254635154963,5.803741101141397,916.5354994600976,5.216283792489873,9.665711571988691,65.03988907485652,0.2159424643602792,0
691.8510663992431,6.0,6.564423081640496,5.058351137959972,358.26655157561856,5.404000731237105,9.719622107436011,48.09670931363001,0.7404442891031227,3
986.5705290123058,3.0,2.457196589132354,11.658040387678314,554.7588996225696,3.8386552228487867,14.79519771867365,62.30834020882078,0.8567341726593729,4
509.73536595283156,5.0,5.428076641766693,9.24650030607324,157.5480754949395,6.731687846304591,14.456089838728706,42.87402680249881,1.0,2
1613.1417638401017,3.0,6.2972486871565225,10.473931868587073,646.5160410875886,2.481464059055596,14.008642067227568,51.71029763135813,0.7833768471941817,4
1335.8980667934807,12.0,6.21980054471156,9.575764232401934,662.8689021632132,2.715134200987188,13.37574582305833,61.09115639340254,0.8843547815055985,4
914.9822787175683,10.0,2.9009575938085432,10.635789321538311,526.0447577909473,4.510924633327474,14.501915562060416,62.87768277865784,1.0,3
1627.7254020097657,9.0,2.26783571434577,5.2999265579913875,799.8981777291416,2.647398078101092,9.161117686978196,77.30044413987328,0.35152240722146866,1
1505.9272079304596,13.0,3.296860887401844,7.975601796376355,757.4643011019064,2.781927963053336,11.92973281576043,68.56175815744007,0.48396975366755884,2
2419.1525817468537,8.0,4.358911362641742,9.336998164018347,925.6994464423483,4.574086280589372,13.261641497960508,72.31072037061105,0.10829830951057279,0
2732.825765175081,8.0,5.0164652294457355,4.827119199161744,997.6437215695082,6.360932352926224,8.71875179168294,73.86711259776656,0.1403285160228686,0
2131.4181294177047,5.0,6.858652536234123,5.1996555946272665,786.6275677334409,3.350707731990818,9.28108905689596,55.17918933708307,0.3398891113036163,0
811.0259718163097,8.0,6.383239593932313,9.071860754007572,450.79753259304107,4.745715093411037,12.98963474245782,50.711801168035564,0.8869503913703775,1
1238.4769867746265,5.0,5.733053679665613,10.94964643403056,550.463081072495,3.169063725282367,14.54345080173573,48.28539284295456,0.6821997632919774,2
2783.2957420806997,10.0,2.844425050599324,9.283329431532781,1046.1065894345234,6.7893677674772785,12.788235998818779,78.3437283109411,0.2736148073953055,1
721.8362325197229,15.0,4.352163492544603,4.289638507648605,461.5400919096165,5.512112639806646,9.23831754880266,59.22293236856612,0.7206119544961754,3
1517.139598477066,9.0,3.3480511188957274,11.763463336722584,757.530047623143,2.739480003305949,15.389731776154902,75.48302200008548,0.889919839706874,3
2856.261548083703,6.0,2.644497256853739,5.1160552072499605,988.7172859742637,7.415766872964465,9.256569603188431,84.57740185388795,0.09828957516556167,0
2876.6621036737142,11.0,1.0717175226843563,5.860497868419918,1052.1728472678224,7.634457692232096,9.518490896038983,124.92783472060671,0.18776278229306897,1
1528.007942622231,13.0,3.3762337939948344,11.799738255237795,790.2337357522604,2.6881821271454083,14.856491236707475,72.87661019735776,0.7913489839650317,3
2168.4922202469934,9.0,2.7928138740023503,10.168263973226999,896.5840017714889,3.434532922361249,13.714435992503203,77.78496115478174,0.6633809658357273,1
1641.8639958849974,6.0,5.003316288767716,11.492613443028052,719.9268098603253,2.5341418362270582,15.27208772808776,62.09686099144168,0.8342861189559078,2
2383.6513485908545,12.0,1.4361123919859855,10.452957542464237,980.1835281239786,4.368086219436285,14.332769949193551,100.69725921525226,0.3175614421991315,0
578.9533267324963,5.0,2.8936371769714078,9.213875800025601,320.3559339946514,6.132778944747334,12.805308240855164,57.93622680300699,1.0,1
860.3928723033962,15.0,1.3133864299189075,6.276423990904048,590.4919009905758,4.525366242336366,11.06009941114081,97.81865441847835,0.803785719006893,1
2035.497008858998,7.0,5.489925331594052,6.615051533596203,826.0052519750224,2.8299361293982837,10.562900886849947,65.38234564792559,0.45124978902505264,0
1081.380656107659,7.0,4.977326909980373,11.578168584354959,527.1126404160017,3.828578422429352,15.4518819218819,58.5968097493872,1.0,3
2165.1307481728713,12.0,3.3623601615213126,10.885004929245156,933.6104817034274,3.4495001658808424,13.702965407845284,77.04371624697174,0.7543091771517278,1
1378.0573186532458,3.0,2.0313422030488066,6.875923587538612,643.1011194399075,3.0491240000888724,10.739245644329547,76.3939359235187,0.4097686674202349,1
2716.6138953195536,5.0,7.705438829381146,6.9861393409656305,896.4113176553795,6.132744032661241,10.980603509954323,64.32815140931292,0.32623974697799407,1
2548.148463899966,4.0,5.090747131720294,6.381555122207078,877.1216383737036,5.082652745710837,9.8470123728953,72.62065117045431,0.14325926594141802,0
1732.0945001719556,8.0,5.753793566004475,6.609041141000032,746.6012259845782,2.388880001268464,9.617404857759457,62.46967006237414,0.5799627292104519,2
2432.2377177371445,10.0,4.719441272886163,10.885339730310285,968.0502804333831,4.567043739844514,14.310659040698091,70.88390775399304,0.4565123679576987,1
1177.8447155877261,5.0,6.6457327335234355,4.084054852718775,555.6195040818209,3.4160680303454773,8.380631700746699,47.26940643425146,0.36705288434876443,1
1735.6494420296565,7.0,7.27466034683685,7.488420968876198,709.5670742381024,2.6971512450208763,11.735704013349789,55.18032907283635,0.4461305095218619,0
993.7051296581953,13.0,3.6789738051834084,11.542717428223263,592.4946253327424,4.095852886046499,15.015581751918695,61.36786197830456,1.0,2
2652.2154213024846,15.0,5.830177185614274,8.34109084146247,1011.1932564380304,5.726448882751823,11.87653837766485,76.5472790180326,0.331972076836185,0
2557.669041421037,3.0,2.6092123918247787,7.603566321151228,944.0211977006687,5.088225670828748,11.476232239588525,72.7502603880899,0.18760539950100732,2
2755.374171022503,11.0,5.5629853301342695,6.498958437596705,1004.8226181540077,6.4057260043726725,10.557198935662951,78.21759286485415,0.08334806480330363,0
2693.6924530606484,3.0,3.7940894098358684,4.591301038895231,925.1524718529145,6.170296506030861,8.351907569631802,71.08316433634218,0.13180252755369534,0
2898.990655148737,9.0,1.0474711958091347,5.795891824220103,1081.5822504759865,7.891310817735166,9.869480823924901,120.48116697462284,0.2982614534468411,1
1070.840579079815,14.0,7.688695078958345,4.72366727949497,523.8492296032423,3.6762083193172934,8.858358886349832,54.01591021443044,0.3300078797320676,0
2829.5607269882885,13.0,7.079090818771032,5.013595437723426,1021.9836450098812,6.998620850864136,8.90858807103064,72.46415883640314,0.32304109897335853,2
1928.0329783799941,6.0,3.035855852422199,5.3081323530101585,796.1012572717513,3.0321370626405733,9.480998688064865,63.3830119717602,0.36784806607010173,2
1556.2377097953804,6.0,7.984301199630024,6.416235456674228,683.6720243083429,2.361174513713434,10.613228677709701,58.930539082652146,0.5822667520937884,5
1900.9347399196824,13.0,3.2198937218957386,4.088133439964284,809.2938174590346,2.9061203674905594,8.269072637543003,71.39035287248583,0.25375154929303734,1
1356.5058916256944,13.0,4.211909305213523,11.601151084745982,750.4721783571886,2.9998427740705016,14.649867151477439,61.78466866909756,0.8471678910597655,3
1221.3825174023802,6.0,6.9588131832209195,4.990552741415796,527.0914565195094,2.9655809600848317,8.68930263957292,56.075505253119914,0.6175474734370164,1
1103.2858449438218,3.0,3.132174459296286,7.0651909788766964,530.1328192044616,3.431193435138286,11.056812979248631,59.351573515948836,0.5618567832037624,1
706.0699736428171,8.0,4.153781990712501,11.036220477718246,408.562171714108,5.3609504936838634,15.203027048412482,54.86757766541514,0.9393826790078058,1
1741.4122428679686,11.0,5.659110169862789,4.852543761526098,793.7874713926693,2.7919737516903744,9.006111836904491,65.03730140812681,0.4883532979968261,2
2719.4041892847185,8.0,1.9132728834069974,7.8688340140329665,1017.2062222813181,6.551926910935701,11.547794444442449,94.41561881516492,0.1423875293792065,1
2075.3799231859616,15.0,3.956452580842024,10.758268780331166,938.4073698661318,3.2991153791621497,14.106588047212599,76.21852542631756,0.5921293865265094,4
1802.4390818894337,13.0,3.165869561531385,8.45570099227312,827.2058761753934,2.742198238508263,12.186417005254048,70.34592559125926,0.5133872094550966,3
1571.4822956272913,13.0,5.737420141053726,5.68274876338208,738.1494743790912,2.5706245624490647,9.358142198567451,66.37205447106574,0.3531937010685771,4
1661.0040657929799,3.0,1.9517857304226025,9.884076251300652,741.4944407464253,2.5870434719860853,13.669180283107652,76.61815163113816,0.8576462859897606,3
1023.1933689298774,14.0,2.6291203537065617,9.450728502940063,611.8248686407202,3.9223367480275146,13.413329449168844,75.56791490678677,0.7254122028434129,2
2557.339692982743,12.0,5.979633426267379,6.897487252375394,915.3933534129758,5.223416387207812,10.538129493340623,68.86016024287792,0.1387136596574794,2
995.9574082038201,8.0,2.0935705880688036,4.370361292651001,573.8415864175656,4.075650299145493,8.76148393901898,69.43072059103937,0.5862120741203584,1
2291.5568918182826,10.0,3.954134835679228,4.062917519168751,920.6949633623846,3.899843187201293,7.5761153519546625,74.26582495139353,0.14478602307895605,0
2399.9625287403815,13.0,5.990165054648331,10.603143065017374,966.6961662253364,4.392364623293794,14.010623609505553,69.18250907585296,0.5196076645317538,1
1937.1726050693355,14.0,6.358278691010037,6.572458892472548,807.858278764601,2.86089503738841,10.370411775605303,60.74971476213387,0.4479610945153068,0
2657.3159373870712,10.0,1.664168250701679,5.102159188847237,1016.0967678598681,5.9089606129965935,9.363376435375619,98.21919791376335,0.2527697441013891,1
1227.625881126625,3.0,6.963969265936347,8.148409809303857,576.1694859769915,2.9539868449209563,11.968216167931631,51.57705781593905,0.7022198273958263,2
2704.043053107158,11.0,6.067806107909765,11.366666365800722,990.3653942212841,6.229651034086193,14.894490417013328,72.54188774688573,0.32312663060101676,0
2323.5261489982604,11.0,3.375062120853196,4.067846916179182,960.7583325231087,3.9028997277273976,7.960048260283537,78.65711743459141,0.1972766808930088,1
2496.874569404402,3.0,6.34661996631168,4.449148325411316,885.4917862927132,4.9385439002632525,7.7701296594669005,63.63269931339492,0.0900687761535768,0
2161.4492738182853,13.0,6.098092057384613,7.336359460680579,898.6712360711081,3.465377924868426,10.980164212750903,69.48512184708528,0.39050878755981655,1
2615.8575424749233,5.0,5.206238585558699,9.407727254040507,976.4047984942086,5.577233487089856,12.935647860659351,68.09110000596095,0.49724492510047524,3
2982.7471567940897,14.0,4.90936821384091,7.808803670136402,1078.5371050061553,8.433616236179374,11.444047283728702,85.09641775620395,0.11407722015468097,0
1550.4071363115966,10.0,6.1429244222970985,11.180387507723237,686.9522841357857,2.5124851313199206,14.69441598144755,57.3786545179875,0.8638888884153613,3
2534.7892092739257,7.0,7.994819311938182,4.352676444299825,905.0031288946343,4.860558617412598,8.207459961334678,67.1718865719656,0.23413770367122339,0
2361.4493987950837,3.0,5.049865745211197,6.721126957149949,851.689538736611,3.9893445040320406,10.421550694807,59.95336470185942,0.5093253828605825,3
1632.175414280045,3.0,6.661025102335736,6.810783115109766,667.9968583570031,2.4165377740899787,10.390606861650078,50.945036067127894,0.5575849643609048,5
2817.37249933128,12.0,6.2099160212090805,6.721017807890734,1019.6095006920156,7.03843444937372,9.842241381991382,78.42344334655124,0.12968179132091284,1
1486.064823931487,7.0,6.99065881423678,7.901487296987125,636.8363041833505,2.511227966794764,11.707505761319558,51.81403609579236,0.5799775628549937,1
1913.664790690594,13.0,7.681674029688969,10.324616361556885,793.7947310131129,2.859962765850455,13.572502411243676,64.22267162372033,0.5721923439534914,3
764.8558924774038,5.0,2.3515824522257063,6.543060931222539,450.5615652960762,4.827438271632199,11.10048651845829,70.24733392343957,0.5298708501100983,0
1064.4379851656656,14.0,2.158217454765814,9.955865653057622,634.5528793418172,3.7962106064139007,12.936049098802114,80.52175222223656,0.9376916300799019,3
2601.7404263344015,15.0,5.104462798904306,5.171723770232571,1033.973058162643,5.7105140853276595,9.128714308238667,75.56030845040705,0.14968872693015284,1
1491.3818070721184,4.0,4.145065440205531,8.485798845071603,652.921969043904,2.595642621718543,12.886295774259588,56.69138520368474,0.7487860454390407,4
1485.2102235381453,11.0,4.995058850434185,7.000704205324361,694.3210628801072,2.602549143511348,10.821882211126894,62.3536243405618,0.5231471880190595,2
1114.9525454765505,15.0,6.58629914139856,8.313686418364565,656.2251708659379,3.464672330596004,12.091040220974534,64.19517820188968,0.781288489504205,3
1729.025835743636,7.0,7.522001360344725,4.8619980029779954,676.9486843235726,2.135961516309409,9.094588971858736,54.261917453462345,0.22254971590619568,1
2514.5424033765557,3.0,3.921910776389907,11.627702774087268,913.4091985297833,4.797713855414429,15.054208162810491,65.25758243053207,0.3605606968763939,1
2737.910294434349,14.0,6.0255285188053715,11.249712934414223,1060.4221866524836,6.543459297093291,14.379397692561742,78.47679484591035,0.15022765787722936,1
675.2860801104597,9.0,2.3775943148898655,10.611170434325032,414.9334682098903,5.633974960530342,14.211574497297235,60.94504186895507,0.9653704322406504,3
1937.0518281002887,3.0,4.741863645481665,11.142262587104415,809.8937080279266,2.7106747736457,14.71774453895743,57.29053973916243,0.5406907900511523,0
1668.1834197308362,13.0,1.1526334444636395,5.173502961451889,859.2389399352273,2.481661571831667,8.549262499035166,106.48127752339107,0.29716382001911035,1
2035.7046261789458,11.0,4.526253969931679,8.029774184157327,866.31135646064,2.909569633427231,11.938193019354426,69.51158062714833,0.5568029093563288,0
1618.1892172706728,3.0,4.817355213878499,6.543273270052187,691.3815950241647,2.646523407888744,10.349958089948778,52.54299943714712,0.46305081034855333,3
1496.6120521335379,6.0,6.148117350448318,11.09908753043327,612.0402382793686,2.6549209293281284,14.643656124596564,56.786426749153144,0.6120793649565596,1
1679.7017810737234,3.0,5.546393531448942,5.515501459995732,692.0684725400528,2.3257385368404444,9.384246444547998,57.27615329114431,0.7005792797864414,4
1954.9978218910353,15.0,3.508777140140611,5.759562841135779,900.7736120486647,2.941743747153477,10.056934085981467,74.66248484835968,0.3368068473605028,1
1752.458027579442,3.0,1.0401163049918494,9.493715650840088,792.2113356032055,2.6438883014198935,13.123963072377713,108.1927087934709,0.49802899302861336,3
1680.3611275516155,13.0,1.8084011153606425,4.711197272701345,897.935365769192,2.6001623924922277,8.58902251066762,89.00090934896754,0.3480303325375307,1
2544.5882748952017,9.0,7.811424574622166,9.858937415333118,916.7608094739992,4.821082177795617,13.204391630984562,64.1123631611492,0.36277116355586936,0
2364.1199780946445,10.0,7.456332108207141,6.145018306512979,902.0668546621132,4.139100288225519,9.929495449537784,71.55039329405072,0.2215704160123539,2
1353.446235452982,13.0,3.2756521415680173,9.28748292213718,750.8377355749229,3.046864696068175,13.610554957810225,68.28145248020795,0.8608953186505892,2
2501.442793788301,14.0,2.811970579467214,10.984302290885283,1029.6077502983285,5.116519220484466,13.879243018794506,85.88839817302743,0.4311662816542589,2
2634.1266725112505,4.0,4.054914055830261,8.876890985879925,941.5640224314519,5.74259804874396,12.73889160973481,68.67778414156619,0.484727525707199,3
883.7305134354763,3.0,5.8295802072845095,5.701469866288872,428.1293447574692,4.162626285695434,10.236051553566824,49.002100736193626,0.6327677045927813,3
1956.706154326897,4.0,3.4977937086058155,4.393324204313733,798.7694935917815,2.8630341462474402,8.916705560859999,64.27614696417906,0.355812803324672,0
1213.2799839980344,11.0,1.4710569341180888,4.356911773560527,698.7708590237567,3.2989721198745854,8.682374351529734,87.65723145929518,0.6615451686242326,1
2347.9308048168064,10.0,3.8195656471107746,4.710495056112063,933.2246798698861,4.183690254926165,8.669075776887626,73.70796754947204,0.31649760053924525,1
1096.9633233967081,4.0,2.8241229613700236,8.638543299757728,586.052557497574,3.5285811252617276,12.763229899651963,59.70931632872801,0.8599108378041556,2
2178.5088104325796,6.0,3.2745100784784826,6.78574283232521,852.1081168215461,3.406339916628297,10.64552319565715,74.32388362673991,0.33180269093478776,2
1137.8116401440848,9.0,2.140700720511131,5.944855819167185,639.1494944065124,3.14812225498885,10.20268872352916,69.6329422092469,0.6193775914072068,1
1777.859408574858,12.0,5.611880486119532,5.75445246237753,835.0723458008761,2.8033767586404545,10.086473470053658,65.35875437031937,0.13592172283086637,1
2871.6161697904804,7.0,4.686416532716574,11.588652255224792,997.6745202828799,7.379513736014918,14.85847538192034,73.78751617759836,0.3263782624506033,3
1453.2688461410862,15.0,2.89604182106748,4.950532607136595,819.3853523134701,2.683854040939305,8.816334648330674,74.87671847264986,0.5673655723100249,0
2689.346214908019,15.0,4.8770373691436895,6.438515286181238,1034.164326358813,6.192234451504425,9.988305924506923,82.10090882186614,0.2821836453546434,2
2967.3614530097366,12.0,4.448954930170666,7.771818096153545,1062.9587316408217,8.14626660845766,11.506106526990864,75.64808383727932,0.14654451120796583,0
2687.1271220129083,8.0,6.571823995962196,4.003596208594043,951.1392593839302,5.914593137238297,7.7603343665257265,70.70490835808192,0.2812503245224433,0
914.6650743083571,14.0,7.6918898853814115,11.367625499805797,496.37595122288513,4.217329400674062,14.931762273365553,52.212217678293065,0.9139733271191701,6
2549.1455488379074,12.0,1.9146935628505917,4.792788726080831,973.5804944877609,5.374071547416824,8.434093799663096,92.3017330841227,0.10641828960763934,0
580.3734877514031,9.0,7.18739435235588,9.45976480548938,288.5657277395986,6.084522143103693,14.052456058532787,44.10861323179803,0.9184709904106925,2
1483.2547092482696,8.0,5.9335785679943145,9.030923817299907,735.2382161504212,2.4993452549905113,12.446226065704051,56.94821517365527,0.5393298144823547,1
2676.8334332946597,13.0,5.847874817085334,10.472510840837899,1009.1104661679167,6.129411211901594,13.435628597071325,73.29383805526716,0.4306169475687875,4
2221.8805318997993,10.0,3.620106279997306,9.21110184449722,927.1512999241344,3.666482539279266,12.388188078283173,78.70771974589502,0.5214985836282101,1
1831.8510683446952,5.0,3.407357368254447,10.155099337727837,782.2264482628215,2.6609043075392442,13.479623769358685,66.65156413847411,0.6599946744783786,1
1469.6600627065513,15.0,1.0394763937576188,7.36998887030822,834.8611544844978,2.980983380166087,10.968021323097618,113.73732721527239,0.5416435935809576,1
2530.7423661757152,3.0,7.875434122461154,7.909635956412986,857.0343578972715,4.810889342070377,11.66083390039429,57.603540588997525,0.25875290739283313,1
2273.896009870552,12.0,5.245540826611341,9.613296817315355,923.1149978172781,3.8120433341077002,13.036795609071108,73.3974781617626,0.2099658932971418,0
1671.0132990391833,11.0,3.816300367467478,8.547413768440409,748.5863712673826,2.6886098092995483,12.338106108462007,73.34684384891779,0.6540205454453148,2
2731.2108430241497,10.0,4.80638175324525,8.09230840213376,985.9132294936445,6.1616972737405655,11.8239765364379,77.40523885321534,0.3242302808755102,4
1074.870044546581,3.0,1.2836892386738372,5.644467248436395,586.5045488129148,3.6914994985634957,9.984177022680926,81.55294704497516,0.4962829160516697,0
925.9787728965622,9.0,2.215556687041682,6.064866086451003,573.9535007648731,4.255309483635362,9.58295267318443,68.94859207137758,0.681669898820916,2
2107.0094108339536,14.0,5.363519474743818,6.867977928475148,917.496095351663,3.4200954519428555,10.278982282049608,71.58224890926382,0.32646698859889517,0
2929.9858567544256,6.0,4.599832107785341,4.0742750833880255,967.830956463342,7.860368775160783,8.246608906916665,71.61232338322745,0.14270481176634492,1
1118.1414332669258,11.0,6.5095237604934315,7.338907596641896,541.9367540130081,3.5246554020457523,11.406534047781472,63.99765104380825,0.5627491394909109,4
1124.1759473345662,14.0,5.61119883311736,4.0221478061113025,633.138688220504,3.3335999871367354,8.544786024538409,59.487832319169854,0.5386511235649233,1
848.7471199054748,15.0,5.21004973185571,8.520123487370693,500.3249454563187,4.710710829774739,12.00438627501511,59.87362199866891,0.8665542311751413,1
2651.4088881840803,9.0,6.706859930137194,9.632230151778792,969.6609997843275,5.6015454511152125,12.938976066533803,67.65946919156518,0.33214196295661297,0
1065.9938510283353,7.0,1.4778417388633045,8.497189052921012,562.3094236599993,3.7476432619943436,12.269908285602197,83.95473617552258,0.792479822090393,2
1757.9463168122195,12.0,5.836207575018997,9.548159785639008,785.4123382831438,2.3643679149252983,13.152599569747986,69.00716194719354,0.5659656523995037,0
2977.1811950055117,9.0,6.009134993023109,4.00010534844966,1017.8902541933488,8.006337836008303,8.003827698631056,74.10117646480371,0.0,0
530.3522523051089,11.0,2.926144847760077,4.4755357862744765,296.28668550381644,6.831455140166398,9.518749332845859,61.15127767544547,0.762133494108057,1
1891.2152262769853,12.0,2.369547455411761,9.587699527004443,847.0597461056649,2.939391270699578,13.066755093852802,78.01171164685238,0.49966345844705184,3
1780.7226067623644,12.0,2.496967328191994,10.423201183654164,794.5457176733729,2.7173159581966733,14.296014274133723,82.4628841818339,0.7025735524066471,1
2518.618441025387,6.0,2.3869860440239594,9.741612567115155,966.1997094576657,4.923734807442929,13.688807180465222,80.89140372781648,0.36177392066585806,2
1388.2038488819426,12.0,4.666475336325162,9.304097940428413,716.6131090480785,2.7292143889685256,12.596500369005419,63.17961964817059,0.6714532970341485,2
1525.8533972476039,10.0,1.9493841795607993,9.65906131049248,793.466643693199,2.7648567779436752,13.210805512251726,74.02067335723612,0.6879805084570466,3
919.8449514971592,15.0,5.615001029935453,9.916719406369326,536.6333241752856,4.321318555484249,13.909833673337815,59.50246115393886,0.9139744335502072,2
2352.038079089467,11.0,1.7355478126413868,9.795019986940554,996.9944398675789,4.475675113992043,13.392322231061842,92.8882828330417,0.5405815074585596,2
2461.772272970371,14.0,1.1882274821717935,9.904067821506718,1044.5751051876025,4.860899043256748,13.174238770541736,108.63509098086988,0.4536376153772843,1
841.6583019470756,15.0,3.235031697121098,4.592157659321447,578.2466738580213,4.825927670751184,8.90114766392905,69.93237623276175,0.6852783390794374,1
1483.6426849708043,15.0,2.3430180661312874,4.506172411956998,789.0054418036684,2.6766482618933303,8.087485028954893,78.83869675914681,0.40466571086250547,1
2732.2624884067072,12.0,7.920634387870576,6.888959545835512,925.3858546267838,6.247231761541915,10.62657315044025,77.58448232732432,0.08806223408846556,0
506.7681841894679,10.0,3.1209741043205215,8.220773716390365,219.32221791191813,6.859942496459172,12.784405867044889,63.5357734710242,0.7707588873378225,2
1246.8976765565808,4.0,2.554448602178596,10.100952431373821,628.8242574276055,3.058605002718605,13.879358653625635,62.797700951669604,0.593956239671956,1
1887.6057126313692,8.0,2.377388764494502,6.6776625503281,852.8044651470253,2.7710636319964514,10.144149607001038,81.22177193655752,0.573733032303274,0
1335.2346491498834,9.0,3.6169703336244323,6.200936613069079,640.6360619863289,2.982767168571656,10.254132366628355,68.77244200491978,0.32369701662419303,2
1180.1129729441736,13.0,5.240942267321045,10.251586464948236,628.0063080070516,3.5260907439928486,13.959122772970758,59.57234608183379,0.9543460386843023,3
1650.0937122580315,10.0,6.473616925323977,5.99469481163196,756.0329041974284,2.5731878447795795,9.947061998690755,57.67134580953835,0.38627767213711783,1
953.8077702742344,8.0,3.552033734201479,10.566731014515707,532.5671165277234,4.301728928328439,14.071551096781066,52.963745132697426,1.0,6
1824.0631023987096,4.0,5.381796860299525,5.417068397760309,739.6078896048245,2.6700918630665917,9.35307819634039,59.530648638446856,0.22390192069619413,1
2266.7398032830647,12.0,4.374419287955712,6.875788182979814,975.6287435378824,3.9960673781730973,10.952522885828248,70.46352672578173,0.3429351088469194,1
1938.2373815712554,8.0,6.925467423773789,7.2086048754111225,757.0016888995848,2.7049281085173607,10.88876227423224,62.27752774517983,0.5995043183404558,2
732.7733271463272,3.0,4.983292440109047,6.396083578461143,395.7038755404041,5.162845189460099,10.773761170523256,45.664412898878936,0.8747829541580041,2
2611.021535413933,6.0,3.029241703153701,4.026855311096101,996.117996827797,5.530189573307561,7.858691991389005,74.57795772221736,0.11576870744678278,0
937.4445937187204,14.0,5.925110800247791,5.884074062569983,534.9673472992346,4.3225526068464175,10.34950397257501,56.81636513432849,0.48444441992397647,3
2412.0300015278217,4.0,6.740451416160971,6.70122847103099,858.1527399037599,4.411083110511769,10.52057234512357,58.12233022536526,0.1860975652005488,0
1401.412776939626,8.0,4.2580845973477555,6.508999156213302,680.640929600063,2.805010148913372,10.216588416889493,59.41911056614163,0.7120614476763558,2
2456.903370140256,9.0,7.910380672176233,10.284443971817657,895.1571936994284,4.686391125099665,13.70498604400504,63.94416568368733,0.4463104587680941,2
1015.6822585133644,4.0,7.153678154339194,4.378942100291784,459.5867851595784,3.6653386690591194,8.73908536998113,47.50164940980867,0.5409597311632361,3
966.6552592385744,5.0,2.3786826876584404,7.111589597241926,523.4557433480379,4.204156936842302,11.582357742286176,65.20337220650939,0.7346682670894431,3
1742.5646155437057,15.0,6.507291105093661,4.30012364463553,789.0105602897384,2.779096665671907,8.36366909198772,63.43254749232045,0.22291457198726355,1
582.3400367459012,10.0,5.206658710448362,11.445180529032076,298.1522166711416,6.322772751031889,15.227434409049584,55.64952112849131,1.0,3
1063.2433469558334,5.0,4.7436790846548424,10.321675496248771,529.2653792946027,3.650496785131196,14.194862446372472,52.80213799588139,0.8218718285395613,1
2310.0306304608707,5.0,4.5975701060569785,11.857292793904108,821.816014286069,4.016721082775925,15.694116691974521,70.65799631530282,0.6404611969009893,1
2593.458695763564,8.0,6.973877999477003,11.281284253568149,926.4109936683172,5.251868918145102,14.944008900366656,68.26136836528401,0.42525188035114614,1
701.963409844526,12.0,5.276109522324139,6.526502176928675,400.4765586066691,5.521594990129079,10.541781882820132,55.59896185382737,0.5838819820978219,0
2705.1942735952607,12.0,4.763941895376136,9.532667298644643,964.141524132953,6.236134856448066,12.913658977052462,75.17362048416283,0.40275676043154707,2
2493.7930101329475,5.0,1.3420193473063435,6.452432699827267,955.8528030264866,4.753554800640138,10.216458951714838,101.49119269350761,0.3311011260859643,0
2674.2107392674134,12.0,4.138120088309901,11.105689503436992,1004.7160509445497,6.06963095068169,14.387678329842675,78.34214520030572,0.44445306405161206,0
2246.0713864471,14.0,7.356290934318554,7.286022959738731,926.6850917177002,3.5764165376597234,11.10335531469408,72.19239525733687,0.3684305386689598,1
2185.3826682349118,5.0,5.982157105412333,7.007100335233857,816.748317340297,3.3614158157167653,10.692906952677479,66.69764073224884,0.48605503805363537,2
1812.7330833621595,3.0,1.356677846393074,11.312549953866668,813.5144412172119,2.6938135602671416,14.398301600754012,88.17245200967078,0.6986995642840959,2
2131.9680612282873,15.0,7.187945975057296,10.693922300958835,914.9083505643641,3.2650115331336376,14.347272433389985,71.50737949460387,0.5724166024272047,1
2797.774161416513,9.0,6.786670549639378,11.731308426914413,958.3300896322883,6.756940050114471,14.638500476652059,72.5739495252166,0.39312161774590565,1
751.305003541771,13.0,4.826789480986696,4.531904684595575,456.7575711299837,5.242671783731725,8.7138173373993,59.31800869006248,0.7462199765094691,3
1289.411194615228,7.0,1.1568382562759703,5.946711024310879,728.6010421976462,2.9879507726088748,9.562102909370267,95.46001909149085,0.5953337067715749,4
681.1374339896796,6.0,4.937007326236604,6.406861982936365,362.92644787884154,5.6138696650833495,11.051991211132565,48.72558654993018,0.6920995084774124,4
2862.012929860096,5.0,1.3821233494849827,7.394816487638097,1044.4216975804798,7.242558613992475,11.070263296144685,100.27994821324475,0.00012129091748997768,0
1613.16366499847,5.0,3.242652717462363,7.785040367588288,722.7327949861872,2.856619473288596,11.825042307365603,62.82385453783893,0.6808015798958891,2
2188.361176690471,9.0,5.402367332319172,6.331779424533904,888.7548637024787,3.4872563422469076,9.913111317686193,64.46948056051319,0.2546140012228814,2
2602.8001612608036,4.0,7.390391587175221,10.323603385160228,886.56644349465,5.202783026341502,13.366517929472373,62.83315939553207,0.38503087543453707,0
2977.5006201912215,13.0,3.504569460816351,5.785953155880452,1042.5698430425693,8.210967173375707,9.45785489514346,82.62205643195341,0.2713117288484483,2
904.4561444806643,9.0,7.020166480184173,9.572138506392903,460.8164005134843,4.440778710966707,13.428200131074911,52.89829838477593,0.9548644366564224,3
2498.7815142955715,14.0,7.428527072803615,10.81414652473678,916.7318431742192,4.843422178681304,14.231793376991423,72.23564871570262,0.6565881322913841,1
2718.557245341841,9.0,1.1473071632012002,8.829585913276691,1046.4245522445146,6.190735805196506,11.824163859873295,113.98931026515847,0.2118782011333239,0
622.1884421271891,6.0,2.6759948642677207,6.833271407142567,324.9090854094044,6.092634798917492,11.524677144461574,58.82298474480088,0.9367421836288041,4
2385.2264004639337,9.0,5.969036094592491,5.503129937573211,916.9631607422521,4.235845202434144,9.120767863348254,68.11083309926084,0.2298994750106792,2
1386.8133029913756,5.0,6.297901301556839,5.074769555229568,623.6799590086274,2.786128462231007,9.014422487614546,52.653148811953216,0.502020957798656,1
2121.49197867608,13.0,3.7469179515193787,9.953397913192493,882.4155701440015,3.506235379591987,13.76347213946101,77.56670991624911,0.7087278889937094,2
1785.1204900971618,12.0,5.597282289409985,7.753055980668128,786.0017030797001,2.703441305875837,10.831696078704097,64.24352500346374,0.5084860595988643,1
1149.3556302165923,4.0,5.285110321534246,4.370556409338941,567.9216441778997,3.591018889822854,8.734573890233975,52.97277825300885,0.5412673893517216,0
838.0534050099651,10.0,6.17842473120742,11.870716055540962,487.9755711362578,4.467301432882707,15.598976204296504,49.17263445042658,0.9854197343494899,8
792.3680827230207,9.0,6.030608994215853,9.370425463911921,407.75827178948845,4.809631738843907,13.168720779695207,54.00914926466889,1.0,2
758.3071442712293,5.0,1.6010955859325295,10.753460411415817,418.8424116277312,5.140624808534286,14.499026198017829,73.37962854803105,0.896828627760235,0
2094.4751003364445,4.0,2.1077512665804266,7.505509370536092,908.9141771001977,3.500294252856657,11.56135802904369,75.67429379965137,0.5134694647752598,0
1378.5271284988453,12.0,1.9290900308152121,11.6435089664642,741.3387004190525,3.173719659363273,15.607599572008285,78.47161981526662,0.7631062885789444,2
1041.583595514681,6.0,7.527360488899733,5.596200167393018,497.2713923476123,3.8033677574101765,10.16038763865334,45.732993173914814,0.7091803608061198,2
2229.7127317647573,9.0,7.3947985384709245,5.481088983510529,832.2099198799847,3.493275095340867,9.979389545148665,62.96652462902492,0.17987666619129217,1
2217.1239144161673,6.0,6.58188588717879,11.122677878162872,841.5397077626767,3.440456164380877,14.278329735925642,66.78305055477205,0.6504418573097854,1
1847.9207308924942,11.0,1.8170299247317152,11.133736512045825,905.4746624960906,2.7364142683356554,13.988094894383385,85.5701588582687,0.6752574927879331,1
2837.394542164627,3.0,5.019900289437102,7.9921558839923375,966.2995782786066,6.912090320791498,11.591104142721813,61.69886051655136,0.15716926534748904,0
1463.5355786035532,7.0,2.31061438262896,5.006290842831829,747.7005162824734,2.926066858823726,9.282092900005642,73.69887423565821,0.4657225167588005,3
2589.6574281732323,10.0,3.5786875629116173,6.441731665626175,990.8741601181802,5.438846781732777,9.644817422365929,74.31972762027958,0.15170621706057846,1
687.8485198304908,8.0,2.8696389364618904,10.033218704275741,383.01445132355866,5.582884558684478,13.796306796813514,63.231461703778564,1.0,2
2349.577735096261,10.0,6.802516870412261,10.767935264010427,876.0022420664732,4.204959732134171,13.903143045582206,66.05281185926596,0.3603305412062803,1
2971.118534579825,5.0,2.0111597966349124,6.781237981958537,1017.6737830299311,8.000175232929976,10.603136514408241,88.72269321842204,0.06502004521041431,0
2616.495540719542,8.0,5.523254180270531,4.489869454534943,955.6927998289835,5.549783489882613,8.52771291476826,73.62004907663206,0.12104503337198758,2
1949.1617982751484,12.0,7.887262646433168,9.325813452582246,834.5097207325,2.6981504141173605,12.640007231325294,65.95200849242883,0.7138989129979738,2
2066.915160817902,7.0,5.809382082775434,9.915976331506348,826.4015681473119,3.0516071512731533,13.462348244709947,59.25814127019754,0.5428851438895869,1
1383.223873592367,5.0,1.554634423048718,7.3921174069095406,684.929425899062,2.7857328892208293,10.8934658850964,79.12874540149299,0.5867198672917449,1
2198.7130456452596,14.0,7.354946513737675,8.664780892942954,864.8128488606817,3.476269135740269,12.132903177908027,63.79431579934057,0.4366946513985788,1
2425.9884579533177,13.0,5.501557743827173,11.898971980192666,961.312310685672,4.583928962495604,14.74573587128866,80.9755495112131,0.3148380943376218,1
2995.5712027946347,11.0,4.194176857236425,5.959988794877275,1034.3365089551733,8.459518260298648,9.70563990632207,77.67313856563447,0.0,0
1731.1572925010826,13.0,5.61784734978783,8.583821550394006,763.9610820028909,2.621162928401827,12.008879498525559,69.50125935908655,0.5200738571367745,1
653.2601644336057,13.0,7.153310313308459,8.88768330850114,383.0413478022988,5.804051771135437,13.250301169254111,51.3235029827057,0.8351630776126814,2
1989.6448768274631,12.0,4.339890595406745,8.392857568195705,859.6847863102199,2.914717192771828,12.01100250966488,67.48211543162446,0.3720857742447843,1
797.5603749554215,9.0,4.7192503796856045,10.953036463550365,445.2737807584088,5.000503398801817,14.688033713570961,54.75416967639021,1.0,3
1111.9126088902751,3.0,4.167131794525675,8.840060255376931,543.5299859198084,3.421763893013382,13.222421499071713,52.53752622051599,0.7682036109609701,2
1321.949778264343,10.0,1.5081399842656564,8.063120179130319,732.5786742321206,2.991090406554087,11.917811054699433,90.40922716994592,0.6509737442489445,1
2327.574682871026,6.0,6.509490888491509,4.984120213289385,864.997768308915,3.868488058717766,8.837690905597503,65.93620926968185,0.16083864688491534,1
959.5203096962514,13.0,1.8848822054928727,9.625673594347404,584.0053779016123,4.235124887289485,13.172910830341062,77.65700797734833,0.8699218682682832,5
914.3823671058813,9.0,3.761990072018172,5.056858891957603,505.3077544130047,4.578243574500155,8.988418018195016,54.772965825123144,0.7311458732750181,1
612.4106062470687,14.0,3.707759919254104,4.212559146913789,383.34879367128616,6.136263150101508,8.814974244300913,57.71489143446993,0.6692071590963814,2
2683.099840884702,10.0,2.9602855446071654,7.908249304507698,1025.1769819692618,5.939207909279762,11.599884969246917,75.2519395500171,0.3230200806200919,2
2233.763560890152,10.0,3.8175498812609288,8.57956217718186,912.3417608160245,3.836227455650458,11.585725355853262,72.23114365777764,0.32636039496548125,2
599.8661640440662,14.0,5.326063772677,11.992432490991039,349.87629606604355,6.1224861094671565,15.527255400684318,56.228615754214545,1.0,5
570.7307640952864,9.0,3.179711185453982,9.698614355642292,317.8442721616141,6.40109041238378,13.832400007973684,55.14846219599035,1.0,1
1896.6857411876401,7.0,2.207583563887935,10.788722561820618,835.6812980349283,2.7608255627291176,13.859047463039024,74.35494318919022,0.7590671418626144,2
1206.3360032167775,7.0,7.085572573550866,6.771104312246043,549.5925253265343,3.276006395263977,10.834783063067517,52.48301968815449,0.7513255843313617,2
1991.815876079822,14.0,7.795828548999948,8.07131746063974,858.9714271311798,2.879115870781178,11.784504558670356,64.71871856580253,0.5141109960179557,1
1586.5104392024134,12.0,4.210086767134245,11.794151925294845,755.1115524937371,2.8343393122721423,15.107767579434462,66.47780527887069,0.8009859251157296,1
2808.2814057756364,5.0,3.2891379864121006,7.33910841714221,999.6958349662885,6.743585198154053,11.17037157487453,75.22300113166567,0.1413644483980917,0
1219.5225374034198,9.0,1.3323745444476054,10.458323398419072,624.3365114401993,3.2528747039522026,13.877697509610153,91.97379850699826,0.6243384877799015,0
2197.863421097234,7.0,1.257960784270372,8.207912941955968,914.4437201669463,3.7957545209450716,11.810774594403481,99.97903757491494,0.24186723877246652,1
635.135779046498,11.0,3.7501739695178142,5.791694812240513,354.5039096323367,5.968513726197214,10.03986860003929,56.88438294605826,0.7576502843258529,5
2889.6513354723133,3.0,7.51169412810676,8.643349097687063,907.7621263009001,7.609778476496001,12.305044172391861,59.238662685577864,0.1942969349923183,1
2951.8936697708805,12.0,6.114959803810951,5.744496226962572,1097.129050564791,7.988021159623479,9.55740697226393,76.17994136122994,0.2310907226973956,1
2347.6865725410307,12.0,3.444885932095425,4.024215919005929,965.2899062762973,4.265151535605381,7.676617113147521,78.16006361195244,0.3115374989832046,1
1663.0311789089328,5.0,7.776324976274426,5.887168123786746,708.8640526965645,2.670871560553647,9.816216591603819,53.81294036574375,0.42942404050076416,0
1049.9835983181533,4.0,4.001305322790115,5.545150658840723,556.4941337477752,3.510353037626364,9.698074685204652,60.230444741098886,0.6896236790341965,1
2531.290850619912,11.0,2.93754920782252,6.96736941759547,1020.7750284158748,4.965698922619917,10.746795162537532,82.22643437357641,0.19872829486362453,0
2340.8852428675555,6.0,3.9844727130705007,11.108775230474304,896.5558126294491,4.002436577541672,14.539485070992487,68.99787535980963,0.5991645448462574,1
1054.8850989023726,15.0,2.4808025888868293,7.102824588789407,687.9559972906595,3.981498230697198,10.757618883993166,76.23200718950247,0.8050849196284339,4
1628.0382353931643,13.0,7.19947139140557,10.761501019927929,762.7281599417638,2.3873771373928676,14.438877555108458,68.95291816069245,0.8545934316878465,3
1656.9973445419625,15.0,3.528213172923832,8.444904161052651,821.3741222502842,2.790956172657772,12.244319250856698,74.33391775558727,0.5082839026494065,2
2566.026374931773,9.0,5.60578275146025,4.0609176337805355,953.6596304757618,5.3151651434209235,7.8568888523808385,63.6930468868074,0.1626152573211491,0
2209.6117108351914,15.0,3.723330391790145,5.509893703225721,945.9858531564171,3.957155770322978,9.038934523671035,79.50689815419702,0.0888685819813474,0
2107.918858850138,3.0,7.312119925747737,11.45022436166429,778.4037248259119,3.2221015734190126,14.624628587505272,54.647037006122716,0.7140562132864317,2
2124.568556408196,6.0,5.496665262009411,8.833387569581749,830.9668684605172,3.2894750777797994,11.989921393952462,57.39396928491949,0.4617944060289746,1
1176.1751984561974,3.0,4.417763231969096,11.436374868578191,576.332533991967,3.393994871444959,15.049183097247582,58.4359693774511,0.8706064213612994,1
1429.278149573835,11.0,1.9250007842693695,6.480960162427623,792.337482796474,2.927816482223464,10.692767510407778,85.90593946698345,0.3215880491719374,1
614.1557135917653,9.0,7.31341663996543,9.732499026261943,265.48701644968014,5.893903928436445,14.692377957439357,45.63012437410928,0.9629647626220973,5
2467.352839530309,6.0,4.8277180779023965,10.176201279178079,943.5304224727621,4.545625890139494,13.255718421459429,65.40586697589185,0.6319748155599985,3
1582.4955379245346,6.0,2.9953708107299226,11.805596821890044,727.0869747162436,2.5463969309152463,15.411218929073906,67.33636597125468,0.7437746088787767,1
1595.5958927189338,11.0,7.145488242716929,4.145411865351686,749.3554192369144,2.5552978698177973,8.290013038334632,57.697329367706175,0.4619542560050174,1
1113.3906623340667,5.0,1.3810829917608545,11.617897720985969,597.7486692706859,3.576008378953996,14.406503411756146,84.17285259468345,0.9820764042717413,2
1023.5682036485723,9.0,3.198538421307002,7.132721740833321,587.2097957262207,3.638554121126624,11.000917968600648,60.85470381954678,0.8794244361612472,1
1969.5548239225732,10.0,4.757798808415033,10.703939245958935,835.687826349066,2.907687709131667,13.97908803539441,66.10521502569692,0.61380454272754,3
1081.3825380091894,6.0,3.378700352303051,8.357703345768671,529.0684498403168,3.626711419635629,12.641224218893582,55.35906735130712,0.7422419025549979,1
660.522128913661,5.0,4.337139787652005,8.517196344266925,387.4725152725482,5.743602963338592,12.436521643195643,52.919918156987,0.905226972993521,2
2418.768539952246,7.0,2.8502137663168874,6.875023105491601,919.1454584865529,4.705925910576242,10.791626930854292,80.85010514780012,0.4355079738061813,1
1441.1735860159147,10.0,1.9105816365302801,10.62778072302558,746.6522927204256,2.8545080829253724,14.068600749079492,80.51517324221976,0.9028934551407386,4
1450.588959748261,6.0,1.257978970317962,6.112108566702667,698.788979809189,2.670360327258433,9.639573881635622,93.09271297796681,0.5181918665613049,1
1578.2957037894782,7.0,2.1035259543849936,7.937931089428852,723.0955064823056,2.4401775148404217,11.531659660373073,78.19396490822453,0.7755470189919871,0
2537.6120585202343,10.0,7.670625598173682,8.481395990139802,913.3356164157449,5.123459079605963,12.530700938754642,68.20387180866153,0.4252758314942268,4
1302.0922398495427,5.0,5.027821933357169,9.940168747419907,600.5270838321658,2.8072022494953015,13.560222240056907,60.14321079772605,0.8244959657812011,2
2395.0905281445903,10.0,4.422720876945661,7.773082696332296,909.0262864037452,4.497850475369502,11.707565824148238,68.56812615606945,0.3840540694276184,1
2848.8621019488583,4.0,3.69026687513996,9.44226319071595,989.1312728594437,7.316247498370859,13.15774841971888,76.33043358705767,0.3368332456473096,1
2152.170489811999,4.0,5.958941021883697,7.882352770783803,778.2124188532161,3.102903440107661,11.47363681781609,60.248000948466505,0.4850715632111266,4
1579.2027029425617,6.0,1.9888163313426532,9.274565095668757,753.6265729908805,2.7128418403768415,12.492848690304594,73.59708791155107,0.4144046777141661,2
2369.4743078666615,6.0,2.932909073568644,9.393147809665185,920.0967158728618,4.41358591201034,12.543024436547467,81.89351361274565,0.44132961227333606,3
1644.7434243784637,3.0,5.591314837646269,9.675532484233951,628.1331555784121,2.599633694983494,13.780287000651779,62.33396390715824,0.6752423653674748,2
1536.0681777703521,15.0,4.353450552096596,10.586398350882607,762.004727270541,2.4843684233808654,14.098210866021448,68.51924297712586,0.648081860988281,4
1813.207908931708,7.0,6.390647772713621,8.325780487679339,765.1383248230342,2.4960801503645014,11.495837388990946,60.85497473338553,0.5333795207744072,2
1294.3058370232345,13.0,7.279768907696573,5.546225310959146,616.5165945340233,2.827843952321426,9.890597480545754,57.771519454601226,0.4043609557436725,1
760.6255407000031,14.0,6.763608139594592,9.437126732952443,454.93090143718723,5.201066658766326,12.8366130864217,54.54637563914124,0.7249127094454123,3
1537.130013815413,13.0,2.289453999825124,4.616944667937295,801.1562243450342,2.8166824029236945,8.406691330764396,76.18092445352734,0.5341436755218784,1
809.6422028232548,13.0,1.6402916486888497,5.751640179689472,511.69234667528934,4.681888152468864,9.982584197461478,78.83449632289096,0.8241043083956083,3
1526.1036838886166,4.0,2.1860842038153394,10.337260229318392,716.4930368915282,2.6074386301933083,14.617934720766074,77.23982203089079,0.45805940471313605,0
1892.3343030336257,7.0,6.4847148412016145,7.480561154640528,792.005983803248,2.794467860570623,11.482352051950189,60.05956650905385,0.3957180534884184,1
2826.777953014117,12.0,7.396817626448974,7.9843533412097365,972.3975421620497,7.00723291239373,11.45255547897283,73.53113081489263,0.29352055379085135,0
590.555827613259,10.0,7.478142073927002,11.89917534786824,274.9720913384858,6.134958022215698,16.17244518747333,46.497386887179076,1.0,1
2053.64601625486,3.0,3.0875105255931192,5.881379886791343,856.9370193093774,3.0299517824289017,10.035933423943215,68.53950290046353,0.49001615093187156,2
1644.3379666251933,10.0,6.882389646094908,4.156421996287476,705.2285196937635,2.4165579852783914,8.73453082000736,55.6498993743957,0.49419189192725893,2
550.652820510348,13.0,4.753648745154677,4.890980876142753,313.281656842576,6.517749346144432,9.604397261426628,53.80719587856283,0.594904663966698,1
1123.8704398468008,13.0,6.759542938437451,5.956014877286637,566.22025266428,3.484264331009488,10.00126718747225,54.51572006040658,0.7401620766992238,4
796.2131308870039,7.0,4.838553896660008,9.807360195171754,430.1928253520358,4.966320382723426,13.507425223930404,56.241182892049885,0.8446657129354049,2
1041.985364328612,6.0,2.0212525384538274,10.206576255878096,588.899804011726,3.8959241657717953,14.064698927837066,66.14872238493099,0.7474526853603778,4
1186.4256086522955,7.0,1.5545368575116818,8.52391163211291,585.1638337702731,3.356351156777102,12.662881311641929,78.92331427257346,0.6060458057224066,1
1503.2658384554907,6.0,7.700534044465377,6.040371189585291,630.2726074131641,2.659271907741563,9.489374612616402,47.68155796012803,0.44806470768124523,1
1822.5984837222256,7.0,3.9806178950210525,8.17393515621459,802.6398779630478,2.6359192600393526,11.735855339295933,62.6289846366085,0.4422251662343367,1
502.47498481596523,6.0,3.453644514281225,4.119660447471474,171.15918705174778,6.626911429699978,9.680666321039464,52.01913879780309,0.768719064510121,2
904.6734015718521,8.0,3.494121593378173,9.45440754193437,501.6256401230238,4.450060355167156,13.351646279874627,62.151772924588535,1.0,5
733.9159640220017,3.0,3.652540880328304,8.914380443273343,357.8949435160646,5.236061195232825,12.769204945024988,51.100086987541616,0.9150217854892781,1
1874.1834981568593,6.0,7.614977795260367,4.174372315052349,757.7466147808876,2.682008818730482,7.88877371459398,56.38928304768987,0.4367693436786703,0
1322.6871760031745,7.0,1.438932111822231,10.536093069062364,683.6412796858393,2.852925666060268,14.404641721860946,87.82418527158109,0.7416060718482614,2
1870.9943400867953,4.0,1.833429011676094,10.107412281296973,825.6171780697198,2.9761758550043167,13.531478856002414,79.10679887160322,0.6547127326459315,3
1054.5582554366947,14.0,6.527560608372944,6.465789964546505,588.4752601747897,3.8339962591279453,10.480961831817135,65.96710130142098,0.6400997426654172,0
560.5733852189621,11.0,4.845866439380972,9.083013205058448,285.21857606100644,6.382985496677145,13.706650621509747,52.21441027364166,0.9371791852510458,5
2853.417253175617,14.0,1.899757305726664,8.811943707719784,1124.5342608064818,7.275034776082835,12.577697838647877,100.35828946302615,0.42970379853754714,1
770.7703029724851,10.0,1.2412209574483546,5.145442233814962,483.71653825659445,5.3157653329607255,9.33225074575456,93.52656999905803,0.49013800976998373,3
817.1468699042921,4.0,2.569640437954592,5.546074408914927,484.77186417390624,4.670360289206398,9.697702982396276,58.66189696617401,0.47870628967107454,2
866.3670662753512,14.0,2.8256751639718978,9.465649089825035,588.1801007385378,4.9616513634731705,13.081528032223716,69.39365090335168,0.8789942429847969,1
2953.191309983182,8.0,1.0994912070224938,11.46841317016007,1106.29512199628,8.048014960331583,15.00759169495623,115.60007236882772,0.3157215388047445,0
2044.1506004249902,11.0,2.5126337683603537,8.610274565590025,894.1187352764584,3.3932166393110794,12.176174446719454,81.1428940805322,0.3706971385898724,0
2025.7248792596265,7.0,6.168232558666798,8.54250516447636,871.2430015150077,2.9495575606941853,12.060039315837948,62.287281067683985,0.38978341469151184,2
2966.745503796324,9.0,6.988035827459026,9.173453557630708,1005.9697257408525,8.263268439891739,12.771003411588188,71.83270972769431,0.10811963741417369,1
721.0969231866369,9.0,7.287650808388025,7.524626401425031,377.35955869663474,5.189341218491843,12.381537020845792,45.977384343396636,0.9669968222097467,1
2936.252231355723,6.0,3.7293982285048037,4.43337634801075,1020.9587988436356,7.8746017871067036,8.404112238410503,82.04199317498511,0.12755349306883074,2
1010.0328663851022,10.0,3.2358960813249036,7.1720307737975775,550.727727237551,4.06007841992398,11.100305243890817,65.40153097063754,0.9164831751701096,1
2057.6787589050887,12.0,7.999025937455213,11.202017680943118,859.8053479059208,3.151324783759501,15.129937045401947,60.311788826263395,0.41064642196231255,0
1550.2089132569793,3.0,6.385383156451121,10.439574403132388,638.2338517101279,2.6173963605241424,14.421286982498161,51.637440767502305,0.5509920022969013,0
1459.8795336929456,4.0,4.761464566352881,11.419388548616524,682.2429156116051,2.5743259427014236,15.219198630056903,51.491772114721776,0.6853313440261709,3
2828.1083211986565,13.0,2.7834000288257763,5.222652681059285,1100.7463741928564,7.163080496605256,8.913571182355895,90.12369699418434,0.18521099276405992,2
873.0693211006411,10.0,3.249138170195733,8.047662056310635,535.0160067397616,4.733920579421957,11.81058869807223,62.13178046492939,0.9149006389376562,4
2992.672527690609,15.0,4.60755044180571,8.67782523850355,1073.267598587527,8.37100527970784,11.63249001117843,82.96106237701636,0.18473970182396288,0
1447.8126527288714,10.0,4.794580438535254,5.6794040799437955,694.712526980101,2.805682629047066,9.976716465733164,59.46515424346809,0.5358832606839296,2
2121.937259721386,11.0,1.0957505099157447,5.6077619141517605,870.5559175594987,3.418547542691857,9.52956138386711,111.02967089947504,0.3809135820144033,3
2919.7668287084,14.0,7.715800596900321,10.256263461142417,1019.7915587748521,7.762615832605104,13.082607769923209,78.33547131578895,0.19289958065439405,0
644.002625947437,11.0,5.029243731460944,9.374815336417653,389.6310681721846,5.862767007147993,13.824500262650156,57.537745866594925,0.9840994233980284,2
2807.1609073129766,7.0,5.1241077108639335,9.17750029452128,978.7932243462628,6.7415511599027385,12.567211477554606,74.32022816582472,0.23496363177293986,0
1919.5284633858582,9.0,2.4802979362767346,6.1358996638641194,839.2228672872312,2.8617737750974586,9.934717000838713,72.72942627019826,0.2599433019849849,1
2260.9921974436306,6.0,6.354910251608735,8.054155393977656,841.5878690222106,3.7113412517793316,11.270141087529193,62.49309196892627,0.47852931166529755,1
872.9604597158709,7.0,6.160851640642899,4.184559627914623,482.59069078013465,4.439977001863163,8.74262294873,51.22845827185235,0.5904635968856154,2
1833.4685770775807,11.0,1.6661058138333484,5.039568420803423,859.949672953378,3.011459439639899,9.151286085640514,88.14247750193847,0.4881803775252631,1
2183.7842868131092,4.0,5.1649606058194415,8.14600690208633,880.5844273618743,3.5380079761588354,11.771253727216893,57.47753482233414,0.4074773705403901,2
1640.6182684692046,11.0,5.6073562173091585,6.477378205055302,738.5360491454271,2.6318586273367957,10.245781022460813,59.24652082887486,0.5493226430651647,1
887.4629452651418,10.0,6.848977222017141,11.725358055172133,478.0095487818111,4.313633972913024,16.17756590845966,57.134385872201925,1.0,6
1110.2976877139415,7.0,2.4426382524239747,7.771877786136085,594.2010473188961,3.4649295562376645,11.306852515701856,64.09219724576604,0.7771391434614733,2
2635.9819774837465,3.0,7.143443577644841,4.668513250854805,941.6108376713581,5.778467488657133,8.410034774705931,62.901812279335935,0.1361123160390034,0
586.177482081907,12.0,4.23036750195317,4.142738778042499,345.1344098620291,6.153401441427435,9.0999106843985,56.57593476703683,0.6919330970992421,3
2272.155196102031,13.0,1.6756653351395134,9.802062990781371,1030.8124503030024,3.9970398758414984,12.9055681417692,96.06687950245737,0.5108541222529185,1
2998.475091286317,12.0,1.7393485505761315,5.372053904402511,1100.1320574313283,8.589965619027408,8.871979152523874,100.52084018294971,0.14749475606123885,1
518.7074902669166,8.0,2.3846311757121867,5.502498952040472,285.2738931442251,6.70653500280081,10.693865905660616,65.71560964680869,0.6849876532434728,2
902.6142070498497,11.0,2.9792549418971594,7.390457781125368,548.4357375216044,4.3428315752057225,11.562316593695707,65.27224422409029,0.8076866024219733,4
2185.360752232836,8.0,4.474840631218598,6.112484713227717,897.7503986913465,3.40872281648285,10.092035777455756,66.38494228307074,0.12596414190572808,0
649.9770864633706,7.0,6.241258384211919,8.932616637969517,293.3255880546205,5.652328296511684,13.457574799415369,48.26724826545178,0.9332264155543175,5
1974.4749596396473,7.0,2.307081314136026,7.88554005779011,862.284197396358,2.8875572144702684,11.353224215604461,73.91900278878002,0.4023542473108209,1
2210.0002589026403,5.0,7.948562561496756,4.891604811817841,779.3822395889661,3.599390498244087,8.839869988366562,61.07637104171445,0.3949403684198719,0
1970.3658702851756,15.0,2.1306535223921883,10.277926783275587,925.683908041406,3.088415005810968,13.658524605754966,85.82113212603826,0.5883799012980699,0
1412.9617575526681,11.0,5.195645774055032,7.406870835313985,656.980188651982,2.7260733054646993,11.528895023128342,59.8076354966923,0.6429023824799929,1
2243.2057399665973,5.0,7.502583051099379,8.886674556714404,817.6400561865131,3.5888152335049015,12.614977133615113,61.96844570500459,0.2758651762353581,1
1985.7360700345512,14.0,6.827551960137789,4.031538660261454,871.7914684001871,3.0460280177424406,7.808857075189955,66.42333582409272,0.2368647509910058,0
1019.0929302347994,4.0,5.535224411642119,9.011200267492296,513.765478814238,3.7263288410989044,13.125508259399819,48.97754975503067,0.7149901217606521,2
1907.8388589627743,10.0,6.00845097753629,6.262798856247476,775.4057025982157,2.890723033106943,9.648826142311592,67.56721414372502,0.6180672429538095,2
2704.7680428473186,5.0,1.9394393869375501,7.954965945679948,949.6379863539985,6.024393202947369,11.484555938437214,85.06489225878353,0.24429985719289993,0
2167.083214226125,7.0,1.0676413763217376,6.381764830570318,928.3477405723382,3.6691273559544646,9.831846860215125,111.36463336951704,0.32080375770985203,2
1679.4787684846178,11.0,4.039041490522609,11.970085957137943,826.1280750610799,2.645535267444038,15.000132753983573,70.49836933796274,0.7672295595103217,1
1303.960257173628,15.0,1.6266324843681215,5.846738517692988,722.8773346993584,3.1536187548278423,10.393384776356259,93.42631518236992,0.40401949607712995,1
714.7155235939322,15.0,3.5042679333897704,11.302876811914054,524.6282243629166,5.435932808842276,14.493831569382154,70.79869373147218,0.9616267420080101,1
1111.5678318975718,14.0,2.566199554988163,11.343733054639335,659.4828300303399,3.513381436560687,14.570137414413432,71.57013610278824,0.9190435050424114,1
527.9668827171922,6.0,7.414427056665199,7.368005223474942,124.00695913769121,6.2962331680961965,14.009950655333736,41.76819260810519,0.9017822090992185,2
2966.564793812411,4.0,7.160391993056403,6.43202492418685,920.5335159433793,7.900352180114548,10.082352224433489,69.49672380657144,0.0,0
1056.2056303218499,14.0,6.732599939717058,7.048284375190329,595.771948808107,3.8068363993574796,11.061521097636277,61.294641412522985,0.6070291440507515,2
2537.1898567134317,15.0,5.997610088897913,11.914712699134384,986.7093630784356,5.048456980593142,15.557494181924719,73.00367939624078,0.6374883486742566,1
921.6122045124465,6.0,2.078503503728189,8.95036981870085,564.4755287534991,4.1395872105699345,12.960343587173647,70.53745823141816,0.8675831722621326,3
1209.0028740139348,3.0,1.338571983394061,8.358241902565108,594.256242908377,3.1180860916071462,12.054923310756358,93.08653682648954,0.8338642130076557,3
1545.6932980709169,11.0,5.577215004982848,4.287343050715418,730.3734092929411,2.586319193565429,8.366157965899879,62.52898375100398,0.3528745314652908,1
1311.0141603540128,3.0,5.4958069602256945,10.782744243176206,595.3415084196605,2.806382122811331,14.535534892728691,54.79805204578472,0.9165317347499273,4
2495.877031899653,3.0,3.585969993281367,4.670443646457592,911.7893995387363,4.811579201117601,8.832594007666739,74.42085700693163,0.16946440463440865,1
2894.233520038558,15.0,4.30880666504918,4.375778936275051,1067.5590195935256,7.7736231292148785,8.319113409010804,90.37854282608993,0.19514421590048206,0
2688.236209127121,9.0,4.424045717665925,6.198864688943936,979.5863972723076,6.201579324057498,10.095496520799701,75.18170781285497,0.17614042021780624,0
883.9446673693914,4.0,2.679496929225545,7.8063088404601455,489.87480058052455,4.698161065255688,11.95068785123894,63.9908103310587,0.5588461370453647,4
2441.7216908732257,11.0,3.199166283353101,11.162311680035204,981.746513865983,4.479870488052891,14.42584969416781,76.80662089149493,0.5653143940382619,4
869.8672832617785,7.0,3.928726882644511,10.320630392662709,490.5582290214791,4.43197470140145,13.922393666168533,56.045438618910744,0.8406521959310377,4
2783.4527664052534,9.0,5.222253209381129,5.581057156046744,1024.954655314155,6.773239178315247,9.635991286941271,71.98446376733024,0.08664660805463625,1
1794.696439171446,14.0,7.690734442121747,6.976636227418212,755.281048364718,2.5917928113018114,10.896115422768194,59.09253799229143,0.3353883314551216,0
1340.9527201417668,6.0,4.76939226663328,10.241922116951063,594.1523543722002,2.9558453161837837,13.266663988453804,52.180645048348616,0.9273892859835126,1
892.5637433354821,11.0,6.118147366802411,8.21673957975278,519.2899015528135,4.442180175921571,11.917597613009184,56.022625441142516,0.7860256924385263,5
529.5227204475116,13.0,6.649007716768873,5.395935536192634,219.4794239613638,6.8025361424800534,10.53463480342604,53.668196879795964,0.9472780747226525,1
1119.867479152212,8.0,1.7945568491598751,7.168441621426667,616.7432352771029,3.6906187951105034,11.039826171244219,74.50822721254646,0.6583313993327257,6
2785.05015820328,15.0,5.5718726728775865,9.007486436077656,1022.5589875360955,6.907850172240079,12.859096745672375,83.29103008513215,0.14975430989878105,1
2493.155480680569,8.0,4.374775041780971,11.785805398470679,927.1464247743154,4.814247882428708,15.999353943412666,68.31660094116847,0.6184269002599809,1
2924.4842693767987,8.0,5.007016595735245,9.294496438851272,979.7410911381536,7.75588668985627,12.035671629183039,74.99983334106807,0.21280109319453527,0
751.9038028034327,14.0,1.268918550383312,4.1295612978511755,505.4146297559763,5.316347722721011,8.599356481537475,92.55767843684794,0.6263518642636247,4
1980.4468587641736,11.0,7.343510155831696,9.640066213060226,827.6589836641595,2.713412042781811,13.180226261251073,64.29579227110473,0.4549912401357612,1
1142.8761850769415,14.0,7.669489047028151,6.006918459657844,594.2494351251677,3.579486242967392,10.025197691776718,60.94756859856618,0.5376660588338659,1
1857.3542644310185,13.0,1.0243734657922823,10.897271313710519,905.4082796112476,2.9913018042161488,14.412215688264778,117.41795660021916,0.666334708949384,2
1301.137213908638,12.0,2.489541144290576,7.071119265809108,696.733446097757,3.053367290043738,10.983051609370298,76.23572575850994,0.46950971004864506,0
1208.663875608394,6.0,2.2613592159626497,5.596920302034402,656.8241077182282,3.401998563433928,9.537789124534383,71.35982081974691,0.5397265917500712,4
1934.6132550614936,8.0,6.46913162095896,7.743577492081876,777.0271776298514,2.709496989623009,11.492775050952446,57.8027143807329,0.39517793923692635,1
958.2954046738507,14.0,5.1865604137827415,6.041583794520044,507.82869350264514,3.964883842396883,10.392062604463149,63.55490332062622,0.6993504898845888,4
1672.8335924302921,11.0,2.241335643077122,5.8865719079828045,819.7354063480724,2.820312694473392,9.924318427923371,76.31722274910972,0.6390690315079142,3
2127.030662610087,6.0,6.697796687232023,8.586094406187943,833.7740955713006,3.063825281233819,12.263820913015357,60.91037414904267,0.4435909566140448,0
820.4551829570102,7.0,3.474324102640239,10.138770166807035,453.1268800369647,4.779339952191154,13.832613819898247,56.4201170916251,0.892681949081429,5
2826.48567719226,13.0,4.225998134051716,10.679634993279006,1079.796012465456,7.1221341765157975,14.827854697077216,81.51305591917443,0.5887798387108155,3
1764.311748635312,5.0,3.711146237244518,7.181358963763128,744.0944124690328,2.6517364170547166,11.108643253012806,62.35648339035412,0.4669152670319716,1
2548.8199297108554,4.0,4.649661445088606,4.534430108775514,934.7733067774891,5.207525534737163,8.737637300940275,66.91683278523269,0.0859895331227839,0
2134.7635765526584,12.0,4.360997281801078,7.871799987724427,942.9842128869238,3.470858573184869,11.356464509361542,76.96256076966657,0.3763910933053108,3
2275.002353056364,6.0,2.9220880186370985,7.470251816227087,904.4409365769819,3.918333874871504,11.222360900417526,70.39752579644312,0.3563474258288085,1
2290.327352482095,12.0,3.971892262456882,5.575831586024315,933.3802202259128,3.8780141969570483,9.501280750419413,75.0020241540566,0.25306823407168305,0
2687.7497426536816,9.0,7.358360048980101,11.169159209152962,941.9037755338865,5.995716916211619,13.90333018167086,65.68910671437223,0.5790183007105163,5
2034.0135876173103,15.0,4.5202589553547154,11.79318602416551,938.900239618209,2.9806188284524424,14.824899546095157,75.6367606215241,0.651978399712721,0
1195.542879303474,9.0,7.414704872956629,4.413977504264651,586.565636096938,3.3609154561913264,8.433972366731876,51.86727043063033,0.7029565398009961,1
748.7741071636428,14.0,4.8508893347257525,10.36597103885946,517.7480683692603,5.0952314928398454,13.921813423344789,58.97221635898508,1.0,3
2015.6265486253537,14.0,6.3817210528491115,9.16573246353231,865.0143445218738,3.004760461554768,12.390627553862068,64.58412317895564,0.5771949425460438,0
665.8820094264527,5.0,3.05513916761799,6.091490065327264,350.6593378169986,5.5242432182739005,10.636206120861498,60.172479483625835,0.7744732720478931,3
1103.2336292238256,15.0,6.532894430310855,9.081248946262503,590.5135786111662,3.498044298264393,13.269708100104468,60.43499650415464,0.9345946815567363,3
651.7679615047794,12.0,2.850251290894899,5.029145533467796,417.53586442102164,5.884798919695635,9.523379127357464,64.98175164307995,0.5885915281173665,5
1872.2189725164178,4.0,1.136849801500811,4.555252066379978,771.6967211642113,2.720463603721063,8.263684066368528,102.98679507135965,0.6338746597109508,2
900.8453123571701,3.0,2.1251026022438513,11.947912600418084,481.628904853098,4.514501260165282,15.274365107306389,61.48815843199898,0.9246702982453389,3
2026.0182985836832,6.0,1.1515701252242578,9.090958867669281,863.5636175306397,3.1351282529420654,12.531944547032765,101.5178918139748,0.49589516117600757,2
2477.162827158169,3.0,7.62943849324,6.025780996265868,856.9285509154826,4.550002374118713,9.46530431595181,61.14606544090802,0.08620836978327713,0
2554.701801929656,7.0,7.999839142923859,7.6002716472301275,941.4666044086894,5.0681281154426525,11.356450634516806,59.761203796213074,0.16394846337883895,0
1273.8587703440685,15.0,6.335611845336644,11.600705458382723,668.0659436462638,3.2340388183572566,15.44530786192416,57.244984783632034,0.9238241491630217,3
1872.38633173624,9.0,1.7568971462611134,7.5098005470944775,805.4032591976602,2.9496157693442258,11.082694847305971,84.41119334160426,0.7621287233451136,3
1907.5269002158975,3.0,7.292618222328547,11.203556256018754,708.0694219346317,2.501793279919683,14.67095716179157,51.8797738209442,0.6694001597210308,1
1682.2179553854164,9.0,6.206433282862731,10.950473583827694,745.3618344371182,2.470450385094859,14.263390127581703,59.45797773197074,0.7095724477125362,2
2137.784728561912,5.0,3.325711607814615,6.753250528726746,861.8911507744214,3.3935920425459836,10.35313284722329,70.98639535084094,0.38668241515733043,2
1025.2178095588338,14.0,4.515945382662524,9.56807203261682,638.3895648885153,3.966054542419247,13.294714307622355,64.78807365165879,0.9189381414246771,2
2948.108098966986,4.0,5.632315388833782,9.28398803026074,1003.1276799310155,7.757255590498917,12.555350406881193,74.56212547437157,0.5037927367675956,2
745.1995677273311,13.0,1.1683533297128985,10.169694964958735,532.5868779353503,5.4695688219959955,13.661256506846666,96.73845024785804,1.0,1
