draw,input__formation_water_cut,input__thickness_m,input__diesel_bulk_discount_frac,input__oil_price_inr_per_bbl,input__mu_ref_cP,input__opex_inr_per_day,input__srp_geometry_scale,input__s_cold,input__k_visc,input__pressure_boost_kPa_per_t,input__mu_anchor_cP,input__fixed_cost_inr_per_cycle,input__P_current_kPa,input__emulsion_inversion_wc,input__condensate_recovery_frac,input__emulsion_phi_star,input__emulsion_mu_r_max,input__fi_alarm_days,input__emulsion_inversion_band_wc,input__flowback_mobility_ratio,input__cold_counterfactual,reference__SOR_t_per_m3,reference__SOR_incremental,reference__oil_bbl,reference__oil_incremental_bbl,reference__margin_inr_per_cycle_day,reference__margin_incremental_inr_per_cycle_day,reference__co2_t,reference__max_floating_index,reference__water_cut_start,reference__water_cut_end,reference__failures_expected,reference__ended_by_float_onset,reference__produce_days,reference__produce_end_days_after_peak,reference__margin_with_opex_inr_per_cycle_day,reference__injection_ok,reference__cold_shut_in,reference__alarm_days_exceed_rule,baseline_b__SOR_t_per_m3,baseline_b__SOR_incremental,baseline_b__oil_bbl,baseline_b__oil_incremental_bbl,baseline_b__margin_inr_per_cycle_day,baseline_b__margin_incremental_inr_per_cycle_day,baseline_b__co2_t,baseline_b__max_floating_index,baseline_b__water_cut_start,baseline_b__water_cut_end,baseline_b__failures_expected,baseline_b__ended_by_float_onset,baseline_b__produce_days,baseline_b__produce_end_days_after_peak,baseline_b__margin_with_opex_inr_per_cycle_day,baseline_b__injection_ok,baseline_b__cold_shut_in,baseline_b__alarm_days_exceed_rule,recommended__SOR_t_per_m3,recommended__SOR_incremental,recommended__oil_bbl,recommended__oil_incremental_bbl,recommended__margin_inr_per_cycle_day,recommended__margin_incremental_inr_per_cycle_day,recommended__co2_t,recommended__max_floating_index,recommended__water_cut_start,recommended__water_cut_end,recommended__failures_expected,recommended__ended_by_float_onset,recommended__produce_days,recommended__produce_end_days_after_peak,recommended__margin_with_opex_inr_per_cycle_day,recommended__injection_ok,recommended__cold_shut_in,recommended__alarm_days_exceed_rule,conservative__SOR_t_per_m3,conservative__SOR_incremental,conservative__oil_bbl,conservative__oil_incremental_bbl,conservative__margin_inr_per_cycle_day,conservative__margin_incremental_inr_per_cycle_day,conservative__co2_t,conservative__max_floating_index,conservative__water_cut_start,conservative__water_cut_end,conservative__failures_expected,conservative__ended_by_float_onset,conservative__produce_days,conservative__produce_end_days_after_peak,conservative__margin_with_opex_inr_per_cycle_day,conservative__injection_ok,conservative__cold_shut_in,conservative__alarm_days_exceed_rule
0,0.532187,16.0623,0.248766,5127.09,11188.3,5007.7,1.07473,2.92743,10.1807,1.74379,47.3777,2.01216e+06,7673.44,0.737466,0.64467,0.836735,16.5932,13.806,0.0764097,0.411417,0.694251,5.5432,5.5432,1702.03,1702.03,-12963.8,-18866.9,335.673,1,0.88061,0.690046,14,1,183,182,-18866.9,1,1,0,5.79717,5.79717,1410.47,1410.47,-16251.9,-21848,290.917,0.6,0.879886,0.698797,0,0,155,154,-21848,1,1,0,4.0126,4.0126,1567.52,1567.52,-1200.22,-7040.3,223.684,0.709815,0.878359,0.631511,14,1,192,191,-7040.3,1,1,0,4.25942,4.25942,1476.68,1476.68,-3606.64,-9283.03,223.684,0.594095,0.878359,0.6427,0,1,178,177,-9283.03,1,1,0
1,0.431664,19.527,0.178229,5911.15,8832.01,6161.98,0.949211,0.417892,8.53634,0.9611,35.1404,1.00815e+06,8998.31,0.610915,0.793117,0.721533,13.0785,11.9755,0.0681054,2.27172,0.842033,5.68439,5.68439,1659.76,1659.76,-6205.07,-13639.1,335.673,0.725642,0.984282,0.431678,12,1,217,155,-13639.1,1,1,0,6.16748,6.16748,1325.78,1325.78,-10409.8,-17579,290.917,0.501481,0.984178,0.431708,0,0,176,123,-17579,1,1,0,3.92394,3.92394,1602.93,1602.93,5831.75,-1278.22,223.684,0.707689,0.983949,0.431664,12,1,251,186,-1278.22,1,1,0,4.08161,4.08161,1541.01,1541.01,4699.7,-2306.84,223.684,0.595912,0.983949,0.431664,0,1,239,174,-2306.84,1,1,0
2,0.557579,12.4509,0.0734564,6204.25,11984.2,3441.13,0.997793,1.36831,5.75056,1.34972,45.1034,946318,9376.37,0.687364,0.810894,0.680741,7.81426,6.29901,0.0699469,2.18956,1.9694,8.17695,14.8962,1153.82,633.365,-28017.6,-45359.8,335.673,0.616771,0.988645,0.557603,2,0,167,112,-32558,1,0,0,9.89818,19.4669,826.086,420.034,-39171.8,-56059.7,290.917,0.317408,0.988531,0.557843,0,0,124,76,-43257.9,1,0,0,5.16611,10.4836,1217.51,599.965,-4969.9,-22157.1,223.684,0.658266,0.988299,0.557579,6,1,207,149,-9355.29,1,0,0,5.38537,10.8974,1167.94,577.185,-6597.36,-23778,223.684,0.549261,0.988299,0.557579,0,1,197,139,-10873.2,1,0,0
3,0.50921,13.101,0.223703,5920.81,9095,4718.95,0.905943,4.93243,14.9097,0.848223,70.3353,1.84381e+06,8120.78,0.747229,0.816021,0.906559,7.62258,12.3865,0.0646517,2.24417,0.168388,7.27888,7.27888,1296.18,1296.18,-20885.2,-26848.9,335.673,0.736156,0.987391,0.509231,12,1,161,80,-26848.9,1,1,0,5.19333,5.19333,1574.47,1574.47,-4516.36,-10635.6,290.917,0.6,0.98727,0.50921,0,0,187,116,-10635.6,1,1,0,4.37535,4.37535,1437.55,1437.55,763.447,-4908.54,223.684,0.716909,0.987023,0.50921,12,1,208,124,-4908.54,1,1,0,4.62675,4.62675,1359.44,1359.44,-1311.08,-6867.59,223.684,0.598582,0.987023,0.50921,0,1,196,112,-6867.59,1,1,0
4,0.328253,17.7455,0.0253443,5328.05,8426.71,5162.65,0.901776,6.2008,6.74774,0.691191,54.674,1.41881e+06,9130.7,0.739638,0.796043,0.784445,9.51848,6.63876,0.0581486,0.191273,0.223302,2.58172,2.58172,3654.42,3654.42,23259.5,16599.2,335.673,0.637884,0.852802,0.470081,7,1,224,185,16599.2,1,1,0,2.2721,2.2721,3598.76,3598.76,26842.7,20033.8,290.917,0.6,0.851947,0.435573,0,0,240,209,20033.8,1,1,0,1.86794,1.86794,3367.25,3367.25,25561.1,19266.7,223.684,0.633752,0.850111,0.391893,7,1,305,239,19266.7,1,1,0,1.91258,1.91258,3288.65,3288.65,25777.9,19590.6,223.684,0.532024,0.850111,0.396789,0,1,286,220,19590.6,1,1,0
5,0.592687,14.0691,0.232325,5807.7,11490.7,6177.83,1.04109,6.04839,7.55308,1.49543,38.5786,1.94089e+06,8925.09,0.678786,0.592649,0.9145,9.54519,2.48158,0.0517329,1.67828,0.870741,4.39219,4.39219,2148.06,2148.06,4566.58,-2946.76,335.673,0.62385,0.955643,0.593965,2,1,171,141,-2946.76,1,1,0,3.63522,3.63522,2249.31,2249.31,12747.1,5011.75,290.917,0.6,0.95528,0.592948,0,0,191,166,5011.75,1,1,0,3.15088,3.15088,1996.21,1996.21,14795,7532.13,223.684,0.622459,0.954527,0.592757,2,1,196,160,7532.13,1,1,0,3.25749,3.25749,1930.87,1930.87,13684.8,6525.61,223.684,0.51059,0.954527,0.592787,0,1,186,150,6525.61,1,1,0
6,0.528342,16.8389,0.176996,5833.19,12587.6,7322.27,0.923659,4.66945,7.35916,0.701161,45.6316,1.17385e+06,9223.17,0.702074,0.615635,0.820918,7.05012,8.12571,0.0632204,0.722549,0.338487,3.87987,3.87987,2431.71,2431.71,10850,2461.09,335.673,0.680018,0.874953,0.61825,8,1,221,220,2461.09,1,1,0,3.66577,3.66577,2230.57,2230.57,12202.2,3759.6,290.917,0.6,0.874236,0.608977,0,0,210,209,3759.6,1,1,0,2.88383,2.88383,2181.06,2181.06,17775.9,9529.07,223.684,0.67735,0.872713,0.573286,8,1,240,216,9529.07,1,1,0,2.97213,2.97213,2116.26,2116.26,17118.6,8968.28,223.684,0.563339,0.872713,0.577394,0,1,228,204,8968.28,1,1,0
7,0.535819,13.5165,0.0332251,5430.64,13979,6741.38,1.00956,0.678065,14.0794,1.67297,77.6791,1.06979e+06,8248.74,0.690639,0.876816,0.933426,17.5199,12.9047,0.0748306,1.48742,1.36966,65.6846,243.344,143.637,38.7711,-242282,-248856,335.673,2.61221e-05,0.964759,0.947589,0,0,25,1,-244909,1,0,0,71.8696,445.813,113.772,18.3412,-235495,-241691,290.917,2.55258e-05,0.964449,0.949245,0,0,20,1,-237744,1,0,0,7.69699,13.8229,817.177,455.028,-26274,-37335.3,223.684,0.854288,0.963808,0.632875,13,1,157,121,-33387.7,1,0,0,7.69699,7.69699,817.177,817.177,-26274,-33379.1,223.684,0.854288,0.963808,0.632875,13,1,157,121,-33379.1,1,1,0
8,0.338434,10.5859,0.0238517,6452.74,13479.8,5607.59,1.0392,0.138309,12.6369,0.907632,51.5979,1.5732e+06,7602.6,0.630488,0.721544,0.908863,9.2394,11.199,0.083338,2.96823,0.721355,76.7667,76.7667,122.901,122.901,-231559,-233739,335.673,2.6467e-05,0.981447,0.955595,0,0,30,1,-233739,1,1,0,76.4383,76.4383,106.972,106.972,-218754,-220848,290.917,2.64128e-05,0.981234,0.955521,0,0,26,1,-220848,1,1,0,6.86688,6.86688,915.964,915.964,-17192.9,-23668.9,223.684,0.6,0.980806,0.339076,0,0,200,166,-23668.9,1,1,0,6.86688,6.86688,915.964,915.964,-17192.9,-23600.7,223.684,0.5,0.980806,0.339076,0,0,200,166,-23600.7,1,1,0
9,0.435116,16.9424,0.225251,5670.95,14000.7,5418.2,0.906447,6.25713,9.5733,1.72777,52.08,922966,7636.71,0.69795,0.80178,0.917446,17.0337,6.22505,0.0866673,0.271419,1.69241,4.80081,6.15458,1965.23,1532.96,2140.98,-8445.93,335.673,0.345775,0.877399,0.665009,0,0,207,204,-3805.54,1,0,0,5.36516,6.95242,1524.05,1176.1,-3765.11,-14249.3,290.917,0.0174798,0.876654,0.689858,0,0,161,160,-9608.92,1,0,0,3.61634,4.86908,1739.27,1291.79,10192.5,-556.682,223.684,0.644324,0.875067,0.598874,6,1,219,197,4083.71,1,0,0,3.78745,5.06879,1660.7,1240.89,8900.29,-1850.56,223.684,0.534354,0.875067,0.610518,0,1,204,182,2906.09,1,0,0
10,0.411239,9.57386,0.0878808,6151.96,13320.5,5515.93,0.989748,4.39501,14.5542,1.05276,37.6535,1.16812e+06,8926.4,0.649971,0.739678,0.800266,19.6018,12.1133,0.0797802,1.78216,1.49722,7.47154,10.2173,1262.75,923.403,-32905,-47449.9,335.673,0.737944,0.950319,0.572971,12,1,121,88,-39139.8,1,0,0,5.20107,7.12625,1572.13,1147.41,-7674.72,-22813,290.917,0.6,0.949731,0.459913,0,0,158,130,-14502.9,1,0,0,3.90561,5.65313,1610.46,1112.63,5135.28,-9770.35,223.684,0.740556,0.948568,0.423158,12,1,194,152,-1460.28,1,0,0,4.04866,5.8314,1553.55,1078.61,3688.89,-11157.7,223.684,0.618245,0.948568,0.426038,2,1,184,142,-2778.1,1,0,0
11,0.578029,10.383,0.266791,6020.28,12922.7,5225.89,1.03683,6.2617,5.52783,1.05326,45.2277,999356,9126.66,0.650696,0.869801,0.986413,9.97942,7.03437,0.0558031,0.494999,0.941614,4.46002,4.46002,2115.4,2115.4,12594.3,6686.41,335.673,6.84923e-05,0.918726,0.680437,0,0,175,157,6686.41,1,1,0,4.42454,4.42454,1848.05,1848.05,11985.1,6088.12,290.917,6.59203e-05,0.917937,0.680277,0,0,153,140,6088.12,1,1,0,3.37605,3.37605,1863.07,1863.07,18360.4,12593.4,223.684,0.30335,0.916368,0.633404,0,0,200,164,12593.4,1,1,0,3.37605,3.37605,1863.07,1863.07,18360.4,12593.4,223.684,0.30335,0.916368,0.633404,0,0,200,164,12593.4,1,1,0
12,0.49316,15.5219,0.228622,6670.46,8070.96,2796.81,1.07795,1.30231,13.9367,1.62586,70.7343,1.23007e+06,8314.03,0.662998,0.847513,0.791839,19.5535,9.89947,0.0715774,1.53015,1.68996,7.36051,12.3206,1281.8,765.77,-16133.9,-40100.5,335.673,1,0.959637,0.60723,10,1,120,91,-19822.2,1,0,0,5.36313,9.0608,1524.62,902.432,3117.8,-21043.7,290.917,0.668044,0.959324,0.528419,10,1,150,126,-765.47,1,0,0,4.47558,8.21298,1405.36,765.837,9331.45,-14758.1,223.684,0.693817,0.958666,0.507717,10,1,159,122,5520.1,1,0,0,4.77907,8.75238,1316.12,718.64,6480.16,-17492.9,223.684,0.577173,0.958666,0.514171,0,1,147,110,2862.65,1,0,0
13,0.546828,16.9672,0.209457,5312.53,12382.7,5991.48,0.959846,3.25939,5.60427,1.2654,69.3099,1.89825e+06,7519.14,0.727827,0.60455,0.9276,7.86801,5.33076,0.0833703,1.5627,0.201638,8.21655,8.21655,1148.26,1148.26,-33784.1,-40255.8,335.673,0.233548,0.950521,0.626281,0,0,143,118,-40255.8,1,1,0,18.4083,18.4083,444.188,444.188,-98541.1,-103880,290.917,1.85162e-05,0.950179,0.828089,0,0,56,36,-103880,1,1,0,4.15667,4.15667,1513.18,1513.18,-1757.75,-8696.7,223.684,0.6,0.949449,0.549838,0,0,245,210,-8696.7,1,1,0,4.15667,4.15667,1513.18,1513.18,-1757.75,-8598.91,223.684,0.5,0.949449,0.549838,0,0,245,210,-8598.91,1,1,0
14,0.433024,18.7363,0.0835818,5298.6,8843.37,6081.68,1.09484,7.35335,8.91131,0.801466,51.7749,931114,7533.41,0.635752,0.853884,0.821356,14.7118,3.53128,0.0871588,1.36868,1.1622,4.31328,5.75439,2187.36,1639.57,-4445.02,-20682.4,335.673,0.637136,0.954285,0.45753,4,1,163,131,-12082.4,1,0,0,3.75274,5.10589,2178.88,1601.44,3242.37,-13188.3,290.917,0.6,0.953988,0.44426,0,0,173,146,-4588.28,1,0,0,3.10182,4.55323,2027.78,1381.4,9618.4,-6282.82,223.684,0.63537,0.95334,0.436289,4,1,201,162,2317.22,1,0,0,3.19084,4.6368,1971.21,1356.5,8705.84,-7236.91,223.684,0.530665,0.95334,0.437052,0,1,190,151,1526.63,1,0,0
15,0.368172,11.271,0.212683,5633.05,8410.67,5062.4,1.06891,1.37278,5.54005,1.77561,74.6826,1.6678e+06,8597.2,0.637619,0.620016,0.73228,19.8677,5.07512,0.0662253,1.91885,1.21027,3.85325,6.01074,2448.51,1569.64,8933.49,-11270,335.673,0.612168,0.935806,0.382837,2,0,225,212,2248.27,1,0,0,3.92021,6.1742,2085.79,1324.34,6981.12,-12997.1,290.917,0.475922,0.93516,0.385125,0,0,191,181,521.179,1,0,0,2.61709,4.78453,2403.36,1314.61,16970.7,-2806.4,223.684,0.6,0.93386,0.36931,0,0,289,268,10711.9,1,0,0,2.66902,4.80263,2356.6,1309.66,16771.2,-3185.56,223.684,0.521398,0.93386,0.369513,0,1,277,256,10637.3,1,0,0
16,0.466375,9.32869,0.284444,5868.35,9094.89,6851.94,1.03013,0.492215,14.9897,1.01023,49.0129,1.62715e+06,9237.25,0.601101,0.676392,0.87012,17.1256,12.3771,0.0964221,2.92258,0.492042,6.86961,6.86961,1373.4,1373.4,-14287.9,-22568.3,335.673,0.749781,0.984413,0.46639,12,1,152,111,-22568.3,1,1,0,5.52277,5.52277,1480.55,1480.55,-3744.14,-12128.9,290.917,0.6,0.984213,0.466376,0,0,166,131,-12128.9,1,1,0,4.12673,4.12673,1524.16,1524.16,6074.48,-1858.44,223.684,0.730058,0.983817,0.466375,12,1,197,154,-1858.44,1,1,0,4.32653,4.32653,1453.78,1453.78,4413.99,-3395.41,223.684,0.607428,0.983817,0.466375,1,1,186,143,-3395.41,1,1,0
17,0.319145,19.4726,0.027468,5629.86,13763,5862.18,0.978385,5.22774,14.1439,0.654165,73.2165,1.5572e+06,8199.17,0.623251,0.840493,0.814188,8.44551,13.867,0.0897691,2.41566,0.0992427,8.22871,8.22871,1146.56,1146.56,-39225.6,-46094.6,335.673,0.477687,0.982208,0.32685,0,0,160,105,-46094.6,1,1,0,10.1693,10.1693,804.061,804.061,-53360.9,-59808.5,290.917,0.387753,0.98209,0.354998,0,0,116,68,-59808.5,1,1,0,4.92245,4.92245,1277.78,1277.78,-10084.9,-16929.5,223.684,0.707224,0.98183,0.319184,12,0,225,165,-16929.5,1,1,0,5.07773,5.07773,1238.71,1238.71,-11435.7,-18164.3,223.684,0.613169,0.98183,0.319204,2,1,215,155,-18164.3,1,1,0
18,0.548289,9.85308,0.0978488,6465.11,13206.9,4313.32,1.04222,4.75629,10.848,1.124,31.5783,1.47637e+06,8701.24,0.746802,0.629608,0.742424,8.85999,4.43092,0.0925865,2.87557,1.0704,7.39842,7.39842,1275.23,1275.23,-27886.2,-33376.4,335.673,0.644772,0.985717,0.548292,4,1,137,99,-33376.4,1,1,0,5.46845,5.46845,1495.26,1495.26,-8551.09,-14335.1,290.917,0.6,0.985542,0.548289,0,0,163,130,-14335.1,1,1,0,4.62983,4.62983,1358.54,1358.54,-1246.09,-6564.99,223.684,0.648683,0.985196,0.548289,4,1,168,128,-6564.99,1,1,0,4.83459,4.83459,1301,1301,-3338.87,-8543.31,223.684,0.539724,0.985196,0.548289,0,1,160,120,-8543.31,1,1,0
19,0.489499,10.372,0.0704017,5534.09,14641.4,2598.47,1.06324,7.61624,7.17845,1.36094,47.3615,1.74579e+06,8484.02,0.66508,0.616309,0.783886,8.93646,3.14972,0.0833272,0.568359,1.02735,4.4281,5.46137,2130.64,1727.54,-7970.54,-19286.5,335.673,0.743954,0.871436,0.62212,3,1,177,176,-11259.8,1,0,0,3.85688,4.81945,2120.04,1696.62,-577.946,-12161.7,290.917,0.6,0.870279,0.59469,0,0,187,186,-4134.97,1,0,0,3.21997,4.11085,1953.37,1530.05,6045.05,-5477.04,223.684,0.630675,0.867985,0.562563,3,1,191,190,2549.65,1,0,0,3.32934,4.2338,1889.21,1485.62,4597.25,-6884.9,223.684,0.520384,0.867985,0.568663,0,1,181,180,1223.92,1,0,0
20,0.527426,11.496,0.117975,5245.59,14852.8,2795.81,0.96066,7.25175,7.76778,1.41483,72.7534,2.02772e+06,9179.52,0.629275,0.767463,0.705978,19.1449,1.92408,0.070688,2.97969,1.30722,10.7109,10.7109,880.849,880.849,-59158.8,-62741.7,335.673,0.617532,0.987354,0.528388,2,1,117,55,-62741.7,1,1,0,6.70641,6.70641,1219.24,1219.24,-29759.6,-33823.5,290.917,0.612555,0.987218,0.527429,2,1,149,95,-33823.5,1,1,0,5.89926,5.89926,1066.2,1066.2,-21467,-25108.7,223.684,0.616983,0.986944,0.527427,2,1,155,91,-25108.7,1,1,0,6.3049,6.3049,997.607,997.607,-24748.8,-28256,223.684,0.511583,0.986944,0.527428,0,1,146,82,-28256,1,1,0
21,0.406358,14.3527,0.2227,5837.05,14253,4258.99,1.09857,5.99544,9.49543,1.75341,75.0655,993055,9064.78,0.744852,0.899871,0.995466,8.68117,10.7997,0.0967084,0.915491,0.425857,5.0618,5.0618,1863.9,1863.9,680.887,-4573.18,335.673,0.972219,0.884296,0.687069,11,1,168,167,-4573.18,1,1,0,4.45932,4.45932,1833.63,1833.63,6263,961.018,290.917,0.6,0.883455,0.657538,0,0,174,173,961.018,1,1,0,3.50415,3.50415,1794.96,1794.96,13782.6,8457.2,223.684,0.691244,0.881712,0.595323,11,1,194,193,8457.2,1,1,0,3.65978,3.65978,1718.63,1718.63,12473.8,7319.39,223.684,0.580331,0.881712,0.607416,0,1,181,180,7319.39,1,1,0
22,0.591209,18.5939,0.142273,6483.43,8930.48,4810.53,1.08172,0.153258,8.2278,1.31211,67.8212,1.9712e+06,7798.7,0.604068,0.552423,0.875114,12.6442,7.864,0.0950723,0.102497,0.359287,6.50346,11.0693,1450.72,852.329,-16540.9,-35863.1,335.673,6.57839e-05,0.881883,0.72019,0,0,175,174,-21761.2,1,0,0,19.4452,42.1514,420.502,193.985,-113453,-131310,290.917,2.59412e-05,0.881284,0.830483,0,0,49,48,-117208,1,0,0,3.17359,6.30102,1981.92,998.22,11178.5,-8065.66,223.684,0.00269242,0.87999,0.622441,0,0,309,308,6036.26,1,0,0,3.17359,6.30102,1981.92,998.22,11178.5,-8065.66,223.684,0.00269242,0.87999,0.622441,0,0,309,308,6036.26,1,0,0
23,0.567936,17.1266,0.171219,6622.17,14148.7,3334.36,0.9971,3.8431,5.21314,0.835566,63.4933,842213,8755.09,0.672625,0.780424,0.710741,10.2483,8.2293,0.0914238,1.30871,1.95583,7.56893,10.8955,1246.51,865.926,-16667.8,-30936.6,335.673,0.45313,0.962499,0.629146,0,0,153,118,-20563.2,1,0,0,9.73432,14.5434,839.993,562.232,-32882,-46921,290.917,0.00031157,0.962236,0.696899,0,0,104,74,-36547.5,1,0,0,4.94902,7.72871,1270.92,813.825,2985.7,-11588.3,223.684,0.686515,0.961672,0.576436,8,1,193,148,-1214.87,1,0,0,5.14598,7.99934,1222.28,786.291,1563.52,-12962.6,223.684,0.574194,0.961672,0.578688,0,1,183,138,-2515.93,1,0,0
24,0.533515,16.4979,0.0942465,6411.46,13870.5,3446.64,1.04457,7.16882,11.5626,0.892499,70.7752,1.47319e+06,9095.01,0.72069,0.710782,0.917606,10.419,1.58768,0.0945564,0.738591,0.227377,4.91104,4.91104,1921.12,1921.12,-2849.95,-7042.52,335.673,0.745284,0.889135,0.67751,2,1,157,156,-7042.52,1,1,0,4.35632,4.35632,1876.99,1876.99,3786.4,-535.94,290.917,0.608489,0.888463,0.654438,2,1,161,160,-535.94,1,1,0,3.75838,3.75838,1673.54,1673.54,9424.55,5154.23,223.684,0.618668,0.88704,0.627318,2,1,156,148,5154.23,1,1,0,3.98931,3.98931,1576.66,1576.66,6373.56,2241.18,223.684,0.510759,0.88704,0.638844,0,1,144,136,2241.18,1,1,0
25,0.358392,10.1022,0.0423868,6096.06,14097.6,3651.06,1.0048,3.46921,11.1343,0.651261,65.3779,1.5172e+06,9260.5,0.715924,0.664247,0.860657,11.1233,2.05374,0.0958305,2.28636,1.99882,6.63236,9.70299,1422.53,972.351,-24401.6,-38831.8,335.673,0.558204,0.980655,0.358556,0,0,173,133,-29201,1,0,0,7.17903,10.6947,1138.98,764.56,-30131.3,-44256.1,290.917,0.362143,0.980423,0.358829,0,0,139,104,-34625.4,1,0,0,4.14355,6.60269,1517.98,952.613,-1083.58,-15357.8,223.684,0.614361,0.979962,0.358392,2,1,228,184,-5727.1,1,0,0,4.29225,6.78514,1465.39,926.998,-2482.19,-16762.6,223.684,0.51508,0.979962,0.358392,0,1,216,172,-7011.31,1,0,0
26,0.440016,12.2922,0.0800801,6395.01,9061.8,6402.57,1.05219,7.69717,14.0431,1.60389,42.711,1.04638e+06,8579.85,0.628383,0.799943,0.902893,10.1757,12.8901,0.0873179,0.260824,1.43995,3.34642,4.21629,2819.34,2237.68,30341,8851.4,335.673,0.966649,0.882161,0.57069,13,1,153,138,22660.3,1,0,0,2.71539,3.50656,3011.26,2331.84,39155.8,17589.4,290.917,0.730774,0.881197,0.522322,13,1,183,172,31398.3,1,0,0,2.38384,3.19973,2638.52,1965.73,39198.8,17776.8,223.684,0.748241,0.879242,0.498994,13,1,185,153,31585.7,1,0,0,2.46075,3.27807,2556.05,1918.75,38709.1,17305.1,223.684,0.619691,0.879242,0.504956,2,1,174,142,31230.9,1,0,0
27,0.313141,13.7409,0.257904,6318.07,8817.54,6356.44,1.0654,5.2199,9.76854,0.658912,53.3118,884510,7751.82,0.706168,0.721935,0.85457,13.9989,8.4975,0.0600168,1.64401,1.25864,3.39142,4.63197,2781.94,2036.87,29603.9,9954.95,335.673,0.659593,0.937554,0.329549,8,1,223,202,21523.8,1,0,0,3.33236,4.58797,2453.75,1782.22,29156.1,9626.65,290.917,0.577469,0.937021,0.328514,0,0,198,181,21195.5,1,0,0,2.53221,3.84249,2483.92,1636.91,30345.6,11205.8,223.684,0.6,0.935919,0.315709,0,0,261,231,22774.6,1,0,0,2.54382,3.84814,2472.59,1634.51,30414.9,11127.7,223.684,0.55259,0.935919,0.315803,0,1,258,228,22955.1,1,0,0
28,0.346287,9.76911,0.180725,5514.5,14466.7,4414.69,0.904645,0.875657,8.44709,1.40872,63.0352,862366,8516.46,0.693343,0.819124,0.671164,11.3821,3.84969,0.0769274,0.86819,0.679567,81.3328,81.3328,116.001,116.001,-254512,-253109,335.673,1.49599e-05,0.86901,0.859776,0,0,15,14,-253109,1,1,0,536.458,536.458,15.2421,15.2421,-339147,-332130,290.917,1.30615e-05,0.867683,0.866953,0,0,2,1,-332130,1,1,0,4.86015,4.86015,1294.16,1294.16,-2438.82,-7215.26,223.684,0.660105,0.865062,0.651877,4,1,214,213,-7215.26,1,1,0,4.89637,4.89637,1284.59,1284.59,-2684.73,-7441.85,223.684,0.640369,0.865062,0.653668,2,1,212,211,-7441.85,1,1,0
29,0.504915,11.2812,0.113397,6083.24,9216.79,3361.82,0.915826,4.07418,10.1152,1.39542,59.3901,805851,8731.64,0.701291,0.797542,0.721134,11.6152,3.697,0.0807997,0.620199,1.73561,4.54296,6.31421,2076.78,1494.2,3914.11,-16261.3,335.673,1,0.896661,0.660126,4,1,153,110,-217.581,1,0,0,3.88089,5.47194,2106.93,1494.31,12560.8,-7748.65,290.917,0.639557,0.895747,0.625588,4,1,162,126,8295.1,1,0,0,3.46508,5.22953,1815.2,1202.75,14971.5,-5212.96,223.684,0.637017,0.893914,0.603615,4,1,166,100,10830.8,1,0,0,3.62662,5.15139,1734.34,1220.99,12982.2,-4801.8,223.684,0.534153,0.893914,0.613531,0,1,157,91,8951.87,1,0,0
30,0.523429,11.7,0.236972,6478.45,10580.4,3054.54,0.967293,5.56494,6.94695,1.67826,74.2549,1.61039e+06,7944.98,0.639916,0.894048,0.919061,12.5899,4.13174,0.0886687,2.62692,1.82012,7.60691,12.4854,1240.28,755.66,-16645.8,-33817.7,335.673,0.633111,0.988981,0.523452,4,1,163,92,-20896.7,1,0,0,7.0243,11.5287,1164.07,709.251,-13333.6,-30515.6,290.917,0.6,0.988865,0.523436,0,0,151,89,-17594.6,1,0,0,4.81108,8.9223,1307.36,704.954,2031.87,-14937.9,223.684,0.627764,0.988628,0.523429,4,1,213,140,-2016.86,1,0,0,4.99524,9.18524,1259.16,684.774,740.664,-16265.1,223.684,0.531877,0.988628,0.523429,0,1,202,129,-3195.56,1,0,0
31,0.590253,9.52731,0.0193372,5663.26,11191.9,2935.65,1.08352,0.522952,11.2554,0.611945,53.6922,983212,9346,0.72161,0.824346,0.914023,10.3427,1.82885,0.0747574,1.54652,1.44377,9.73913,16.6186,968.743,567.722,-56030.2,-72403,335.673,1,0.96873,0.683913,2,1,113,86,-59396.4,1,0,0,9.48978,16.646,861.638,491.215,-52649.8,-68972.2,290.917,0.6,0.968356,0.679254,0,0,102,79,-55965.6,1,0,0,6.25621,11.5703,1005.37,543.617,-21744,-38476,223.684,0.615738,0.967614,0.60725,2,1,138,103,-25469.5,1,0,0,6.64889,6.64889,945.995,945.995,-25255,-28788.4,223.684,0.515182,0.967614,0.613599,0,1,129,94,-28788.4,1,1,0
32,0.397748,14.6029,0.0761673,6268.78,8871.1,4456.4,0.979655,2.7572,12.7003,0.804367,38.8994,1.96306e+06,7858.65,0.683886,0.52672,0.913856,16.3184,1.64692,0.0756436,0.976334,1.41978,3.31417,4.67702,2846.78,2017.25,15583.2,-3993.8,335.673,0.606368,0.823512,0.515248,2,1,249,248,9817.48,1,0,0,2.90852,4.19782,2811.31,1947.86,19587,-178.929,290.917,0.6,0.822404,0.488789,0,0,260,259,13632.4,1,0,0,2.25686,3.46435,2786.97,1815.58,24130.5,4773.56,223.684,0.611584,0.820108,0.446081,2,1,300,299,18584.8,1,0,0,2.33759,3.54678,2690.72,1773.38,23575.5,4173.95,223.684,0.507207,0.820108,0.451412,0,1,282,281,18143.5,1,0,0
33,0.411138,16.4603,0.0690309,5958.71,8144.44,2727.71,1.0775,5.73665,6.53462,1.86434,40.7291,2.09843e+06,9222.71,0.708762,0.811832,0.655325,12.5522,10.3598,0.0997783,2.23835,0.986309,3.68018,3.68018,2563.66,2563.66,7143.36,2824.08,335.673,0.715455,0.984358,0.411138,10,1,183,137,2824.08,1,1,0,3.01566,3.01566,2711.43,2711.43,16839.3,12399.4,290.917,0.6,0.984237,0.411138,0,0,207,167,12399.4,1,1,0,2.645,2.645,2378,2378,17970.8,14067.8,223.684,0.702226,0.983978,0.411138,10,1,216,168,14067.8,1,1,0,2.72417,2.72417,2308.89,2308.89,17029.5,13239.1,223.684,0.584683,0.983978,0.411138,0,1,205,157,13239.1,1,1,0
34,0.440867,8.83918,0.295609,5997.68,14958.6,4168.18,0.992487,1.25657,8.18383,1.35836,72.3028,1.18861e+06,8250.36,0.740936,0.759881,0.931803,12.6382,4.42884,0.0726103,2.55957,0.15567,57.1856,57.1856,164.984,164.984,-123359,-126525,335.673,2.11319e-05,0.985563,0.939785,0,0,47,1,-126525,1,1,0,56.0832,56.0832,145.797,145.797,-118030,-121098,290.917,2.09534e-05,0.985368,0.938705,0,0,41,1,-121098,1,1,0,7.27751,7.27751,864.281,864.281,-9003.28,-14116.1,223.684,0.6,0.984985,0.44098,0,0,188,138,-14116.1,1,1,0,7.27751,7.27751,864.281,864.281,-9003.28,-14030.9,223.684,0.5,0.984985,0.44098,0,0,188,138,-14030.9,1,1,0
35,0.356841,13.7735,0.21183,5255.08,14136.6,7307.67,0.957771,2.78672,13.678,1.18654,30.436,996700,7401.11,0.728325,0.535916,0.803695,8.14768,5.99804,0.0565005,1.32626,1.99806,36.0099,60.6747,262.003,155.497,-160462,-167181,335.673,2.94732e-05,0.923619,0.874623,0,0,33,32,-165515,1,0,0,512.253,inf,15.9623,-36.2879,-332014,-329818,290.917,1.90223e-05,0.922988,0.921547,0,0,2,1,-328151,1,0,0,3.73719,5.52784,1683.03,1137.84,4086.94,-5849.86,223.684,0.6,0.921686,0.372854,0,0,285,275,-4183.76,1,0,0,3.8068,5.60987,1652.26,1121.2,3656.13,-6268.5,223.684,0.535755,0.921686,0.374554,0,1,277,267,-4513.13,1,0,0
36,0.338976,17.3865,0.185336,6290.79,14386.4,5037.52,1.08013,5.51928,10.0553,1.62151,73.4565,1.36442e+06,8486.58,0.717351,0.742196,0.892782,5.46255,7.98572,0.0854842,0.546372,0.0311108,4.58637,4.58637,2057.12,2057.12,5632.19,-547.818,335.673,0.669425,0.847334,0.624105,8,1,214,213,-547.818,1,1,0,4.81806,4.81806,1697.11,1697.11,2196.72,-3762.84,290.917,0.522411,0.846444,0.636304,0,0,179,178,-3762.84,1,1,0,3.26935,3.26935,1923.87,1923.87,15127.2,9042.71,223.684,0.664462,0.844541,0.536659,8,1,237,236,9042.71,1,1,0,3.39089,3.39089,1854.91,1854.91,14165.2,8207.98,223.684,0.556238,0.844541,0.546965,0,1,224,223,8207.98,1,1,0
37,0.442711,16.9759,0.00149549,6649.36,9991.94,6613.22,1.01213,6.20433,10.3184,1.8538,32.7794,2.07236e+06,8656.57,0.643447,0.800321,0.745228,17.1391,5.16083,0.0681271,2.98301,0.990795,4.78148,4.78148,1973.18,1973.18,-7292,-15211.1,335.673,0.649384,0.984939,0.442712,5,1,177,122,-15211.1,1,1,0,3.79726,3.79726,2153.33,2153.33,6118.96,-2012.34,290.917,0.6,0.984825,0.442711,0,0,200,153,-2012.34,1,1,0,3.36564,3.36564,1868.83,1868.83,8809.56,1162.34,223.684,0.64797,0.984582,0.442711,5,1,205,148,1162.34,1,1,0,3.47735,3.47735,1808.79,1808.79,7345.48,-197.864,223.684,0.547364,0.984582,0.442711,0,1,196,139,-197.864,1,1,0
38,0.368073,17.7809,0.055293,5347.44,9540.71,3146.33,0.972097,4.14809,12.2241,0.894514,49.5829,1.34973e+06,9138.73,0.608112,0.578878,0.919335,17.8322,7.22422,0.0624269,1.07693,0.734269,3.08689,3.08689,3056.38,3056.38,11614,7132.5,335.673,0.655269,0.927965,0.372684,7,1,244,217,7132.5,1,1,0,2.85697,2.85697,2862.04,2862.04,13910.8,9347.89,290.917,0.6,0.927491,0.37081,0,0,238,216,9347.89,1,1,0,2.27707,2.27707,2762.24,2762.24,18012.9,13837.8,223.684,0.644799,0.92647,0.368527,7,1,284,248,13837.8,1,1,0,2.33942,2.33942,2688.62,2688.62,17589.3,13519.6,223.684,0.541503,0.92647,0.368655,0,1,269,233,13519.6,1,1,0
39,0.500944,13.3789,0.190662,5751.31,10981.1,3840.39,0.908881,7.65486,10.7789,1.85221,70.0088,912504,8481.13,0.686197,0.673965,0.993799,8.6187,12.2451,0.0814231,0.616513,1.55226,3.84686,4.8924,2452.57,1928.44,15315.5,-523.899,335.673,0.70626,0.878958,0.60941,12,1,172,137,10338.5,1,0,0,3.16159,4.10279,2586.27,1992.97,22976.4,6918.07,290.917,0.6,0.878077,0.572182,0,0,198,169,17780.5,1,0,0,2.64333,3.6612,2379.51,1717.96,23969.9,8234.03,223.684,0.701496,0.876272,0.545499,12,1,228,170,19096.4,1,0,0,2.73109,3.74768,2303.04,1678.32,23529.4,7788.8,223.684,0.583835,0.876272,0.550218,0,1,214,156,18769.6,1,0,0
40,0.431146,17.8467,0.113916,5180.68,11173.2,7232.73,0.922187,7.40265,5.6958,0.663042,50.3808,2.227e+06,7588.26,0.605177,0.716995,0.738739,10.4005,4.17329,0.0977184,0.309927,1.47156,3.33003,4.26859,2833.23,2210.27,4926.72,-7030.52,335.673,0.617536,0.864808,0.56265,1,0,244,239,-2928.12,1,0,0,3.40177,4.38972,2403.67,1862.7,2510.02,-9347.78,290.917,0.278371,0.864045,0.56879,0,0,208,207,-5245.37,1,0,0,2.7632,3.73303,2276.28,1684.91,8404.62,-3576.33,223.684,0.620239,0.862406,0.522799,4,1,234,205,526.07,1,0,0,2.87301,3.8478,2189.28,1634.65,7089.72,-4953.92,223.684,0.519663,0.862406,0.531373,0,1,218,189,-689.462,1,0,0
41,0.549803,10.889,0.277284,5146.47,8039.2,4417.76,0.927862,3.7875,13.0396,1.96652,71.1174,1.49951e+06,9253.63,0.707128,0.665261,0.924469,10.3703,11.2864,0.0656404,0.371562,1.2561,4.63455,6.62476,2035.73,1424.16,-596.802,-21443.2,335.673,0.78895,0.892309,0.659004,11,1,128,83,-5953.86,1,0,0,3.22425,4.69364,2536.02,1742.09,18407.2,-2788.49,290.917,0.692137,0.891364,0.597667,11,1,174,137,12700.8,1,0,0,2.80723,4.43166,2240.58,1419.29,19217.6,-1744.65,223.684,0.696686,0.88948,0.582186,11,1,185,120,13744.7,1,0,0,2.94354,4.5547,2136.82,1380.95,17666,-2770.34,223.684,0.586405,0.88948,0.587749,0,1,173,108,12338.5,1,0,0
42,0.51008,12.3297,0.229417,6872.21,13454.8,5742.03,0.972967,1.2822,14.2284,0.747278,35.0149,1.26356e+06,8530.71,0.710523,0.850402,0.861733,15.2632,4.43133,0.0686136,2.82913,0.149477,48.9914,48.9914,192.579,192.579,-110120,-115297,335.673,3.95996e-05,0.988013,0.928679,0,0,61,1,-115297,1,1,0,50.76,50.76,161.087,161.087,-108661,-113684,290.917,3.82183e-05,0.987892,0.933655,0,0,52,1,-113684,1,1,0,7.01285,7.01285,896.898,896.898,-7475.49,-14137.8,223.684,0.651335,0.987644,0.5101,4,1,184,121,-14137.8,1,1,0,7.38741,7.38741,851.423,851.423,-9398.34,-15953.2,223.684,0.539049,0.987644,0.51012,0,1,175,112,-15953.2,1,1,0
43,0.39371,10.1163,0.134215,5980.26,14976.7,7380.63,1.02147,6.18345,5.53277,0.899355,55.5771,2.09043e+06,7943.06,0.684437,0.567561,0.745584,7.80854,3.43032,0.0732745,2.83998,0.473699,6.08814,6.08814,1549.69,1549.69,-18052.8,-26281,335.673,0.348199,0.97871,0.393731,0,0,178,146,-26281,1,1,0,6.49174,6.49174,1259.56,1259.56,-23163.1,-31195.6,290.917,0.23039,0.978457,0.393763,0,0,145,117,-31195.6,1,1,0,3.84427,3.84427,1636.15,1636.15,1743.42,-6572.57,223.684,0.6,0.977952,0.39371,0,0,238,203,-6572.57,1,1,0,3.84427,3.84427,1636.15,1636.15,1743.42,-6485.5,223.684,0.5,0.977952,0.39371,0,0,238,203,-6485.5,1,1,0
44,0.549678,13.6098,0.224854,5732.28,11700.8,5253.94,0.961518,1.94512,6.2125,0.644891,59.1237,2.14111e+06,9197.72,0.625223,0.808622,0.753025,19.6807,1.94456,0.0843997,1.5238,0.188317,6.50013,6.50013,1451.47,1451.47,-17717.2,-23577.6,335.673,0.72357,0.963132,0.5884,2,1,174,126,-23577.6,1,1,0,7.1913,7.1913,1137.03,1137.03,-24782.8,-30435.1,290.917,0.0505662,0.962811,0.609655,0,0,137,96,-30435.1,1,1,0,5.01024,5.01024,1255.39,1255.39,-7045.98,-12900.4,223.684,0.613592,0.962149,0.560931,2,1,180,122,-12900.4,1,1,0,5.29794,5.29794,1187.22,1187.22,-9491.23,-15240.3,223.684,0.515034,0.962149,0.5652,0,1,169,111,-15240.3,1,1,0
45,0.541429,12.7047,0.292621,5587.32,10717.8,4026.73,0.913106,6.74257,12.0198,1.70551,74.5434,1.49521e+06,7641.83,0.731358,0.811236,0.906073,5.92792,9.89462,0.0697974,2.07641,1.95795,8.28148,13.4396,1139.26,702.01,-22226.3,-36584.1,335.673,0.712911,0.988201,0.541472,10,1,154,75,-27415,1,0,0,6.37652,10.0277,1282.32,815.414,-10509.5,-25027.7,290.917,0.6,0.988086,0.54143,0,0,166,98,-15858.6,1,0,0,5.00719,8.74281,1256.16,719.427,-1769.79,-15890.9,223.684,0.696532,0.987848,0.541429,10,1,199,118,-6721.79,1,0,0,5.27756,9.2279,1191.8,681.608,-3570.26,-17651.9,223.684,0.584581,0.987848,0.541429,0,1,188,107,-8407.57,1,0,0
46,0.416244,10.8911,0.138294,6854.87,10749.3,5159.74,0.952962,4.69715,11.0447,1.97635,34.6811,1.21007e+06,7594.97,0.689388,0.679212,0.749521,19.6065,6.35124,0.0712545,2.49792,0.255566,5.4907,5.4907,1718.31,1718.31,-1127.04,-7533.63,335.673,0.663576,0.982559,0.416247,6,1,191,137,-7533.63,1,1,0,5.05669,5.05669,1617.02,1617.02,2421.35,-4004.68,290.917,0.6,0.982364,0.416244,0,0,181,134,-4004.68,1,1,0,3.69499,3.69499,1702.25,1702.25,12830.6,6706.36,223.684,0.655291,0.981971,0.416244,6,1,231,174,6706.36,1,1,0,3.82023,3.82023,1646.45,1646.45,11835.2,5808.37,223.684,0.547336,0.981971,0.416244,0,1,220,163,5808.37,1,1,0
47,0.386498,17.0214,0.192758,5546.65,8672.54,2773.19,0.981736,3.15274,8.82517,0.945465,46.93,1.47395e+06,8470.02,0.677234,0.715791,0.666728,6.03173,11.0155,0.0850453,1.67236,1.93439,3.96391,5.84437,2380.15,1614.32,6969.1,-12359,335.673,0.714498,0.942431,0.407572,11,1,203,168,2828.22,1,0,0,3.4827,5.24916,2347.82,1557.73,11705.6,-7729.71,290.917,0.6,0.942027,0.396687,0,0,210,181,7457.55,1,0,0,2.78044,4.60516,2262.16,1365.82,16099.7,-2924.86,223.684,0.688792,0.941165,0.388777,11,1,246,201,12262.4,1,0,0,2.87059,4.70085,2191.12,1338.02,15376.8,-3671.52,223.684,0.578097,0.941165,0.389412,0,1,233,188,11652.5,1,0,0
48,0.504749,11.7662,0.275599,6397.73,9863.13,3061.85,1.09845,4.45107,10.3925,0.988418,62.9674,1.07892e+06,8649.77,0.685139,0.561425,0.955886,9.76271,2.72472,0.0992568,2.00094,0.225424,4.6395,4.6395,2033.56,2033.56,14473.7,9871.86,335.673,0.625453,0.981997,0.504749,3,1,170,141,9871.86,1,1,0,3.78765,3.78765,2158.8,2158.8,22310.4,17482.2,290.917,0.6,0.98181,0.504749,0,0,191,166,17482.2,1,1,0,3.08023,3.08023,2042,2042,25384,21096.2,223.684,0.623458,0.98143,0.504749,3,1,211,181,21096.2,1,1,0,3.19474,3.19474,1968.8,1968.8,24645.2,20476.1,223.684,0.517509,0.98143,0.504749,0,1,199,169,20476.1,1,1,0
49,0.341926,11.2737,0.0746024,5603.28,11514.9,2535.86,0.978597,4.26247,12.0334,0.91847,78.9965,1.46736e+06,8421.92,0.612433,0.578063,0.856132,8.7604,8.84356,0.0658252,2.90092,1.72446,4.75486,6.78275,1984.22,1390.99,-8269.18,-23035.3,335.673,0.679319,0.976893,0.341928,9,1,211,172,-12122.2,1,0,0,4.84914,6.97722,1686.23,1171.92,-10134.9,-24686.9,290.917,0.525356,0.976643,0.34193,0,0,179,145,-13773.7,1,0,0,3.18257,5.02973,1976.33,1250.53,6430.18,-8026.77,223.684,0.66129,0.976139,0.341926,9,1,268,226,2886.4,1,0,0,3.29423,5.14136,1909.34,1223.37,5437.61,-9046.72,223.684,0.550719,0.976139,0.341926,0,1,252,210,2010.85,1,0,0
50,0.359972,9.57068,0.265967,5219.91,11022.9,6921.05,0.917839,7.39786,10.0448,0.732242,72.4137,1.09415e+06,9257.98,0.711066,0.712666,0.915466,8.89451,1.16883,0.0792664,0.517609,1.14926,3.83365,4.83448,2461.03,1951.55,14414.2,-1275.31,335.673,0.600858,0.857297,0.565657,1,1,150,123,6166.3,1,0,0,2.8746,3.72314,2844.48,2196.2,25696.5,9668.24,290.917,0.6,0.855867,0.486665,0,0,198,177,17109.8,1,0,0,2.36665,3.26538,2657.69,1926.21,26193.9,10661.4,223.684,0.60277,0.853052,0.442175,1,1,231,181,18103,1,0,0,2.44712,3.33712,2570.3,1884.8,26037.7,10433.5,223.684,0.500131,0.853052,0.449881,0,1,215,165,18059.7,1,0,0
51,0.302209,13.2659,0.0292634,6321.46,11815.2,5856.4,1.01622,1.7149,6.40188,1.68117,72.3248,1.6833e+06,7925.64,0.609116,0.589872,0.861128,19.92,4.03979,0.0897202,0.416351,1.66345,5.96408,8.69255,1581.92,1085.38,-17789.2,-31445.2,335.673,0.000494115,0.813252,0.632631,0,0,191,190,-23966.3,1,0,0,18.1315,30.2887,450.969,269.961,-119516,-131687,290.917,2.28882e-05,0.811928,0.758965,0,0,52,51,-124208,1,0,0,2.85432,4.59168,2203.61,1369.83,11296.6,-3023.05,223.684,0.6,0.809221,0.452997,0,0,343,342,4455.85,1,0,0,2.85432,4.59168,2203.61,1369.83,11296.6,-3185.39,223.684,0.5,0.809221,0.452997,0,0,343,342,4602.64,1,0,0
52,0.536077,11.6356,0.194534,5096.13,13943.5,3991.65,1.08393,7.42527,5.89436,0.59108,55.8591,1.88983e+06,9380.47,0.686758,0.822586,0.83076,11.8753,8.92541,0.0606064,2.2591,1.26807,6.5943,9.12544,1430.74,1033.89,-27479.5,-40285.7,335.673,0.717285,0.988375,0.536079,9,1,145,100,-32885.2,1,0,0,5.57525,7.74856,1466.62,1055.26,-17885.4,-30806.1,290.917,0.6,0.988252,0.536077,0,0,151,112,-23405.5,1,0,0,4.3596,6.45819,1442.75,973.927,-6286.03,-18754.2,223.684,0.714732,0.988001,0.536077,9,1,180,133,-11353.6,1,0,0,4.51108,6.64734,1394.3,946.215,-7854.16,-20296.4,223.684,0.596009,0.988001,0.536077,0,1,171,124,-12800.2,1,0,0
53,0.499455,12.4313,0.234851,6307.93,9576.7,3605.81,1.05734,0.250728,9.38859,1.95166,58.215,2.20414e+06,7438.7,0.625389,0.746487,0.919494,6.79266,1.7285,0.090916,2.10999,1.53767,14.6382,30.3634,644.529,310.727,-61300.1,-77652,335.673,0.17328,0.986079,0.523229,0,0,100,62,-65191.9,1,0,0,54.2796,inf,150.641,-13.4595,-155529,-169794,290.917,2.40358e-05,0.98594,0.933887,0,0,35,2,-157334,1,0,0,5.20887,10.8571,1207.52,579.329,-4132.49,-21231.6,223.684,0.616645,0.985655,0.499455,2,1,216,175,-8771.51,1,0,0,5.44252,11.2526,1155.68,558.963,-5795.04,-22904.2,223.684,0.512874,0.985655,0.499456,0,1,204,163,-10309.5,1,0,0
54,0.51155,10.832,0.184382,5543.28,8193.65,5915.38,1.06724,6.15363,14.2288,1.89097,72.929,2.01386e+06,7637.07,0.631155,0.522631,0.661255,19.7342,5.90397,0.0677465,0.557857,1.46162,4.026,4.026,2343.45,2343.45,4625.31,-2191.79,335.673,1,0.860473,0.598859,6,1,134,132,-2191.79,1,1,0,3.85808,3.85808,2119.38,2119.38,5700.08,-1059.14,290.917,0.784468,0.859319,0.592602,6,1,125,124,-1059.14,1,1,0,3.45901,3.45901,1818.38,1818.38,8991.45,2360.32,223.684,0.688127,0.857022,0.576877,6,1,116,104,2360.32,1,1,0,3.66532,3.66532,1716.03,1716.03,5195.51,-1336.33,223.684,0.57065,0.857022,0.586247,0,1,108,96,-1336.33,1,1,0
55,0.534219,17.1579,0.14866,6434.4,8267.58,7097.66,1.08565,7.35735,10.5778,0.677659,73.4813,879202,7771.35,0.634988,0.643151,0.75916,8.63998,8.30162,0.0555511,0.907244,0.520374,3.47319,3.47319,2716.44,2716.44,30929.9,22736.3,335.673,1,0.880253,0.604479,8,1,165,163,22736.3,1,1,0,3.05898,3.05898,2673.04,2673.04,35031.2,26801.7,290.917,0.683219,0.87957,0.585331,8,1,175,174,26801.7,1,1,0,2.75142,2.75142,2286.02,2286.02,35788.1,27651.4,223.684,0.691122,0.878115,0.572577,8,1,165,149,27651.4,1,1,0,2.8595,2.8595,2199.62,2199.62,34672.2,26662,223.684,0.576934,0.878115,0.577464,0,1,155,139,26662,1,1,0
56,0.437675,19.16,0.185204,6476.9,8939.18,3995.7,1.02731,3.15242,8.5822,1.29429,70.1137,1.06728e+06,7559.15,0.602146,0.84337,0.869614,6.08821,10.4586,0.0512451,2.05577,1.8701,6.19812,10.3067,1522.19,915.395,-6783.29,-26009,335.673,0.618975,0.985377,0.437714,3,0,185,134,-12130,1,0,0,6.69574,11.4129,1221.19,716.451,-11501.9,-30463.6,290.917,0.446517,0.985278,0.437782,0,0,149,105,-16584.6,1,0,0,4.1246,8.09097,1524.95,777.387,7661.92,-11308.2,223.684,0.6813,0.985062,0.437675,10,1,238,184,2570.84,1,0,0,4.28301,8.26511,1468.55,761.007,6615.21,-12416.3,223.684,0.569176,0.985062,0.437675,0,1,224,170,1646.37,1,0,0
57,0.470622,13.9752,0.0454991,6394.86,11993.4,4107.8,1.09898,0.584537,14.0871,1.98928,70.9286,1.54754e+06,8276.44,0.733776,0.610978,0.980391,5.36271,10.1735,0.0516543,1.4831,1.28729,28.9254,56.8479,326.174,165.964,-170057,-182794,335.673,3.84334e-05,0.943941,0.88136,0,0,41,40,-172221,1,0,0,332.295,inf,24.6069,-47.1259,-398111,-399883,290.917,2.17909e-05,0.943477,0.94076,0,0,3,2,-389310,1,0,0,4.56403,7.88902,1378.13,797.286,-2906.6,-18725.2,223.684,0.681952,0.942518,0.485997,10,1,224,218,-8152.49,1,0,0,4.78498,8.20585,1314.49,766.503,-4831.83,-20581.2,223.684,0.566775,0.942518,0.4904,0,1,210,204,-9918.17,1,0,0
58,0.341939,15.716,0.0646712,5137.21,13657.3,6771.2,0.906656,6.43734,8.88632,1.77893,73.9815,1.13639e+06,9130.74,0.720635,0.787887,0.787778,11.9485,2.92635,0.0898821,2.68043,0.404168,5.50759,5.50759,1713.04,1713.04,-17096.6,-24985.6,335.673,0.593696,0.982098,0.341996,0,0,212,139,-24985.6,1,1,0,5.68402,5.68402,1438.55,1438.55,-19156.1,-26875.6,290.917,0.462913,0.981953,0.342029,0,0,178,115,-26875.6,1,1,0,3.84403,3.84403,1636.25,1636.25,-1947.64,-9624.87,223.684,0.6,0.981647,0.341939,0,0,261,185,-9624.87,1,1,0,3.94801,3.94801,1593.16,1593.16,-2838.64,-10414.6,223.684,0.515323,0.981647,0.34194,0,1,250,174,-10414.6,1,1,0
59,0.334359,18.4061,0.0809698,6358.24,14207.6,6966.88,1.06697,6.74292,10.0915,1.5727,35.6891,771548,9041.52,0.604693,0.53752,0.991352,18.775,1.97721,0.0837469,2.51146,0.612084,3.65424,3.65424,2581.85,2581.85,14722.4,6605.34,335.673,0.528399,0.973342,0.334359,0,0,253,228,6605.34,1,1,0,3.75469,3.75469,2177.74,2177.74,12802.4,4836.69,290.917,0.397554,0.973158,0.334359,0,0,214,193,4836.69,1,1,0,2.73854,2.73854,2296.78,2296.78,20053.4,12080.3,223.684,0.6,0.972758,0.334359,0,0,284,256,12080.3,1,1,0,2.77108,2.77108,2269.8,2269.8,19949.5,12077.8,223.684,0.513282,0.972758,0.334359,0,1,277,249,12077.8,1,1,0
60,0.500521,19.986,0.179334,6873.09,12445.8,7070.18,1.0714,2.69006,6.16499,0.533691,44.632,1.88219e+06,8889.51,0.608548,0.872213,0.914349,5.25441,5.89266,0.0896745,1.46136,1.0661,6.88533,10.3278,1370.26,913.528,-14832.3,-31576.6,335.673,0.0185009,0.960274,0.596533,0,0,160,139,-22428.9,1,0,0,8.53409,13.2367,958.129,617.735,-30471.1,-47088.1,290.917,6.04524e-05,0.96003,0.669916,0,0,112,95,-37940.4,1,0,0,4.37323,7.32244,1438.25,858.977,4821.42,-12301.6,223.684,0.657945,0.959492,0.513913,6,1,214,182,-3153.93,1,0,0,4.51297,7.47655,1393.72,841.272,3699.32,-13454.3,223.684,0.550107,0.959492,0.516585,0,1,203,171,-4151.23,1,0,0
61,0.441329,15.3622,0.13257,5529.34,10822,3965.77,1.08334,4.14875,12.374,0.602566,78.8057,1.28666e+06,7414.82,0.717432,0.679738,0.819714,15.8776,4.13048,0.0876474,2.00059,1.76365,6.90575,10.037,1366.21,939.998,-25196.7,-39112.8,335.673,0.632786,0.982507,0.441414,4,1,157,125,-30619.2,1,0,0,6.85401,10.1232,1192.99,807.721,-24909.7,-38716.4,290.917,0.579503,0.982362,0.44141,0,0,139,111,-30222.8,1,0,0,4.43135,6.93451,1419.39,907.031,-3138.81,-16741.5,223.684,0.636507,0.982059,0.441329,4,1,198,163,-8247.94,1,0,0,4.63901,7.2193,1355.85,871.249,-5004.32,-18564.6,223.684,0.528756,0.982059,0.441329,0,1,186,151,-9979.12,1,0,0
62,0.469571,18.6774,0.0733428,5586.17,9081.6,3101.56,0.995634,6.47575,12.003,1.69103,57.2388,849150,9131.41,0.60102,0.696626,0.800205,8.90633,4.97399,0.0690488,1.93038,1.59351,4.00834,5.51774,2353.77,1709.89,3600.99,-16660.1,335.673,0.649673,0.94853,0.477811,5,1,160,116,-902.887,1,0,0,3.04665,4.28486,2683.85,1908.29,18102,-2394.27,290.917,0.64958,0.9482,0.470711,5,1,198,161,13362.9,1,0,0,2.77535,4.16111,2266.31,1511.57,18588.4,-1410.4,223.684,0.650379,0.947482,0.470125,5,1,196,145,14346.8,1,0,0,2.8856,4.29985,2179.72,1462.8,17242.6,-2734.8,223.684,0.543052,0.947482,0.470356,0,1,185,134,13115.5,1,0,0
63,0.5295,18.9033,0.264843,6555.6,10809.9,4699.99,1.05755,1.53634,12.9424,1.06467,38.8232,1.51325e+06,8193,0.67035,0.727932,0.695305,8.28591,5.4523,0.0966509,0.276236,0.604096,5.50385,5.50385,1714.2,1714.2,2185.39,-3023.31,335.673,0.000539348,0.888962,0.702468,0,0,202,201,-3023.31,1,1,0,8.95653,8.95653,912.938,912.938,-26382.5,-31377.7,290.917,6.82993e-05,0.888366,0.779318,0,0,107,106,-31377.7,1,1,0,3.67894,3.67894,1709.68,1709.68,13720.9,8455.01,223.684,0.859448,0.887073,0.62508,5,1,236,235,8455.01,1,1,0,3.71169,3.71169,1694.59,1694.59,13495,8263.2,223.684,0.691129,0.887073,0.626796,2,1,233,232,8263.2,1,1,0
64,0.490415,17.4974,0.112177,5381.53,10326.9,3978.82,0.939016,5.03181,8.25191,1.50265,55.1528,2.21581e+06,8863.28,0.616095,0.645373,0.865318,15.5568,6.16331,0.0938973,1.27678,1.37697,3.96525,5.57314,2379.35,1692.89,-2368.99,-18883.4,335.673,0.651898,0.947359,0.495575,6,1,207,161,-7557.55,1,0,0,3.5689,5.0984,2291.11,1603.79,1961.19,-14674.4,290.917,0.6,0.947003,0.49295,0,0,207,168,-3348.53,1,0,0,2.87156,4.49062,2190.38,1400.66,7997.65,-8276.63,223.684,0.643864,0.946238,0.490878,6,1,246,191,3049.22,1,0,0,2.96326,4.58788,2122.6,1370.96,6976.89,-9321.47,223.684,0.539396,0.946238,0.491029,0,1,233,178,2133.82,1,0,0
65,0.466074,13.5312,0.13381,6280.67,14090.2,6919.33,1.02063,3.44505,9.36053,1.60877,62.2892,1.76781e+06,8853.84,0.688745,0.790114,0.668324,16.2181,7.74181,0.0674176,1.31964,0.00331366,8.28615,8.28615,1138.61,1138.61,-35108.5,-42687.3,335.673,1,0.955382,0.636412,8,1,130,105,-42687.3,1,1,0,8.39555,8.39555,973.939,973.939,-36336.3,-43691.5,290.917,0.6,0.954992,0.643431,0,0,113,92,-43691.5,1,1,0,5.92356,5.92356,1061.83,1061.83,-14237.3,-21860,223.684,0.700018,0.954189,0.53332,8,1,142,107,-21860,1,1,0,6.24635,6.24635,1006.96,1006.96,-17166.9,-24637.3,223.684,0.591091,0.954189,0.547659,0,1,134,99,-24637.3,1,1,0
66,0.467762,8.97385,0.12291,6450.44,11407,2683.17,0.971729,1.39533,6.68342,1.13328,71.4111,988149,7755.04,0.749751,0.505833,0.800176,13.3852,1.12095,0.0886471,2.6921,0.665282,9.38821,9.38821,1004.95,1004.95,-33762.4,-37072.2,335.673,0.245753,0.979561,0.468241,0,0,137,103,-37072.2,1,1,0,17.838,17.838,458.389,458.389,-80053,-82511.3,290.917,0.116893,0.979293,0.527358,0,0,68,39,-82511.3,1,1,0,4.20716,4.20716,1495.02,1495.02,4776.83,1101.14,223.684,0.600228,0.978764,0.467762,1,1,254,217,1101.14,1,1,0,4.3811,4.3811,1435.67,1435.67,3586.76,28.9131,223.684,0.502964,0.978764,0.467762,0,1,239,202,28.9131,1,1,0
67,0.391185,8.18967,0.0545829,5160,9583.37,5669.4,1.01923,6.65152,14.645,0.715073,70.6088,1.52144e+06,8430.79,0.625803,0.564882,0.733198,8.03383,4.87403,0.0909829,2.65584,1.67919,5.29745,7.25194,1780.99,1300.99,-26342.7,-42764,335.673,0.649542,0.979354,0.391186,5,1,133,95,-33305.5,1,0,0,3.70533,5.11981,2206.75,1597.08,-2057.55,-18803.3,290.917,0.643292,0.97906,0.391185,5,1,176,143,-9344.83,1,0,0,3.13482,4.54155,2006.44,1384.95,4483.16,-11756.4,223.684,0.641306,0.978484,0.391185,5,1,184,144,-2297.96,1,0,0,3.26949,4.71061,1923.79,1335.24,2554.15,-13645,223.684,0.539769,0.978484,0.391185,0,1,173,133,-4097.24,1,0,0
68,0.309245,13.7264,0.219488,6088.64,10021.6,7030.91,1.03511,2.59745,5.86077,1.08004,32.4621,2.10258e+06,9252.36,0.743503,0.575528,0.9847,5.09462,4.43677,0.0744232,0.172906,0.302402,2.53882,3.64627,3716.18,2587.5,30115.4,11140.2,335.673,0.471605,0.811141,0.419504,0,0,330,329,21924.2,1,0,0,2.57757,3.73174,3172.27,2191.13,28179.7,9330.57,290.917,0.371907,0.809853,0.424655,0,0,283,282,20114.5,1,0,0,1.9274,3.07499,3263.37,2045.47,29231.7,10400.3,223.684,0.6,0.807206,0.364868,0,0,362,361,21184.2,1,0,0,1.9274,1.9274,3263.37,3263.37,29231.7,21267.1,223.684,0.5,0.807206,0.364868,0,0,362,361,21267.1,1,1,0
69,0.431015,13.9318,0.134537,6128.4,8955.29,7383.35,0.969414,7.47541,11.4901,1.80657,52.6762,831366,7926.1,0.729822,0.754136,0.777142,16.0592,4.0709,0.0560209,2.53551,0.706791,4.67752,4.67752,2017.03,2017.03,3340.95,-5409.89,335.673,0.633514,0.984086,0.431015,4,1,174,113,-5409.89,1,1,0,3.61889,3.61889,2259.46,2259.46,15762.9,6798.34,290.917,0.6,0.983942,0.431015,0,0,202,150,6798.34,1,1,0,3.1416,3.1416,2002.1,2002.1,17613.3,9152.82,223.684,0.634635,0.983644,0.431015,4,1,216,153,9152.82,1,1,0,3.26607,3.26607,1925.8,1925.8,16482,8126.55,223.684,0.526278,0.983644,0.431015,0,1,204,141,8126.55,1,1,0
70,0.364375,12.8883,0.00487713,5638.67,14430.1,5750.65,0.943248,4.55147,12.0526,0.996629,31.0285,1.70684e+06,8830.06,0.747878,0.85624,0.821239,13.9942,11.252,0.0667028,1.83505,0.00208663,7.50558,7.50558,1257.03,1257.03,-43000.5,-49566.4,335.673,0.633034,0.950976,0.6107,11,1,139,95,-49566.4,1,1,0,5.9184,5.9184,1381.58,1381.58,-25959.4,-32985.8,290.917,0.6,0.950525,0.508265,0,0,156,119,-32985.8,1,1,0,3.8888,3.8888,1617.42,1617.42,-3597.27,-10398.2,223.684,0.716518,0.949603,0.392008,11,1,230,174,-10398.2,1,1,0,4.00812,4.00812,1569.27,1569.27,-4885.28,-11572.9,223.684,0.597742,0.949603,0.39675,0,1,219,163,-11572.9,1,1,0
71,0.422559,14.818,0.289204,6668.52,8352.42,7249.61,0.964338,4.11608,6.57736,0.593974,74.4078,1.83191e+06,9316.1,0.714928,0.525456,0.781423,11.3382,4.26687,0.0994406,0.0486779,0.0462655,2.72458,2.72458,3462.81,3462.81,49504.9,40598.3,335.673,0.620705,0.830273,0.489041,4,1,223,222,40598.3,1,1,0,2.26933,2.26933,3603.16,3603.16,50832.6,41748,290.917,0.6,0.829223,0.462215,0,0,258,257,41748,1,1,0,1.87965,1.87965,3346.26,3346.26,46972.9,38466.9,223.684,0.620444,0.827041,0.443552,4,1,287,270,38466.9,1,1,0,1.93814,1.93814,3245.27,3245.27,47726.9,39328.4,223.684,0.51708,0.827041,0.446233,0,1,268,251,39328.4,1,1,0
72,0.556021,14.626,0.244729,5385.76,8089.92,2878.3,1.03279,3.38645,8.65323,1.9387,38.6953,1.80602e+06,8121.26,0.728549,0.840983,0.698023,8.20373,2.96254,0.0857968,1.14496,0.292038,5.43036,5.43036,1737.4,1737.4,-11055.9,-15203.6,335.673,0.633098,0.964632,0.57132,3,1,148,102,-15203.6,1,1,0,4.12589,4.12589,1981.82,1981.82,3193.87,-1230.08,290.917,0.623868,0.964343,0.558627,3,1,178,138,-1230.08,1,1,0,3.6915,3.6915,1703.86,1703.86,5234.03,1286.33,223.684,0.625944,0.96374,0.557217,3,1,179,126,1286.33,1,1,0,3.83941,3.83941,1638.22,1638.22,3642.35,-192.249,223.684,0.522567,0.96374,0.557671,0,1,170,117,-192.249,1,1,0
73,0.370182,18.0394,0.217068,5747.88,9280.92,4296.39,1.03537,3.20537,5.43127,1.52102,61.2437,975256,8175.27,0.68919,0.827805,0.773404,16.429,12.0737,0.0887355,2.66427,0.203726,5.20848,5.20848,1811.41,1811.41,-1702.04,-7130.62,335.673,0.431198,0.983423,0.370199,0,0,202,154,-7130.62,1,1,0,5.42138,5.42138,1508.24,1508.24,-4220.18,-9500.43,290.917,0.328853,0.983304,0.370213,0,0,168,126,-9500.43,1,1,0,3.61059,3.61059,1742.05,1742.05,9106.06,3759.59,223.684,0.6,0.983048,0.370182,0,0,251,200,3759.59,1,1,0,3.61059,3.61059,1742.05,1742.05,9106.06,3856.96,223.684,0.5,0.983048,0.370182,0,0,251,200,3856.96,1,1,0
74,0.317491,9.30389,0.260728,6618.77,13676.1,2543.57,1.04826,6.54373,10.5661,1.31129,58.5309,2.11092e+06,8305.13,0.730093,0.53065,0.92265,6.06343,5.97824,0.0955962,1.0747,0.979459,4.11818,4.11818,2290.99,2290.99,16254.6,12235.2,335.673,0.589617,0.922672,0.343165,0,0,206,197,12235.2,1,1,0,4.12025,4.12025,1984.53,1984.53,14516,10683.9,290.917,0.464998,0.921765,0.344536,0,0,179,173,10683.9,1,1,0,2.86951,2.86951,2191.95,2191.95,22476.3,18806.4,223.684,0.6,0.919977,0.320787,0,0,254,238,18806.4,1,1,0,2.87445,2.87445,2188.18,2188.18,22467.4,18908.5,223.684,0.539562,0.919977,0.320829,0,1,253,237,18908.5,1,1,0
75,0.384415,10.7021,0.272042,5435.9,11664.3,7405.92,0.925307,5.42001,14.9494,1.74366,61.2765,1.23341e+06,9018.08,0.616727,0.557291,0.867418,14.6405,3.39244,0.0601381,2.02934,1.80001,4.62833,6.46586,2038.47,1459.16,3263.59,-11953.9,335.673,0.625226,0.977793,0.384416,3,1,192,143,-5353.53,1,0,0,3.83465,5.40575,2132.33,1512.6,10449.2,-4951.03,290.917,0.6,0.977542,0.384415,0,0,207,164,1649.38,1,0,0,3.03224,4.57286,2074.31,1375.47,15008.3,26.1349,223.684,0.616397,0.977038,0.384415,3,1,241,189,6626.55,1,0,0,3.14588,4.71189,1999.38,1334.88,14161.2,-817.567,223.684,0.516667,0.977038,0.384415,0,1,228,176,5882.16,1,0,0
76,0.388078,17.5161,0.101247,6569.7,12380.9,7013.63,1.0637,6.18952,9.29885,1.11674,58.1708,827613,8278.57,0.711248,0.640018,0.803095,15.326,10.7657,0.0984202,1.69699,0.169283,4.17809,4.17809,2258.14,2258.14,11649.8,2901.01,335.673,0.688199,0.936307,0.413044,11,1,208,195,2901.01,1,1,0,4.16211,4.16211,1964.57,1964.57,10943.4,2305.77,290.917,0.6,0.935877,0.413203,0,0,184,174,2305.77,1,1,0,3.01669,3.01669,2085,2085,19941.4,11712.4,223.684,0.689835,0.934953,0.39184,11,1,246,225,11712.4,1,1,0,3.09954,3.09954,2029.27,2029.27,19523,11409,223.684,0.578254,0.934953,0.392636,0,1,233,212,11409,1,1,0
77,0.498575,18.174,0.183288,5235.33,10504.1,2640.26,1.03763,3.36867,14.9001,1.97767,65.7794,874831,8372.49,0.694309,0.545868,0.9372,8.34886,9.54327,0.0759071,1.76958,1.73967,5.00626,7.12001,1884.58,1325.1,-6125.37,-21521.9,335.673,0.684045,0.939677,0.514726,10,1,179,165,-10261.8,1,0,0,4.42804,6.4109,1846.59,1275.44,-428.288,-15940.8,290.917,0.6,0.939291,0.506899,0,0,183,172,-4680.68,1,0,0,3.37695,5.17411,1862.57,1215.63,8617.23,-6427.1,223.684,0.691404,0.938455,0.499961,10,1,215,192,4833.01,1,0,0,3.51175,5.34539,1791.07,1176.68,7415.88,-7583.69,223.684,0.580836,0.938455,0.500448,0,1,203,180,3756.97,1,0,0
78,0.46711,19.9379,0.182642,5972.64,8480.75,2590.66,0.906101,2.0915,6.26225,1.78636,61.3055,1.43637e+06,7844.63,0.608977,0.803314,0.651452,12.2499,13.2889,0.0872339,1.4424,1.33632,5.90798,9.89531,1596.94,953.453,-10551.9,-29674.8,335.673,0.738649,0.954303,0.537729,13,1,178,118,-13922.6,1,0,0,5.41022,9.19901,1511.35,888.873,-6575.22,-25784.1,290.917,0.6,0.954023,0.517801,0,0,171,120,-10031.9,1,0,0,3.9279,7.62033,1601.32,825.399,5243.77,-13911.2,223.684,0.693762,0.953408,0.477322,13,1,224,153,1841.03,1,0,0,4.16471,8.01755,1510.26,784.505,3248.59,-15880.7,223.684,0.577527,0.953408,0.481614,0,1,208,137,-24.5309,1,0,0
79,0.535169,18.4749,0.0801899,5228.61,13993.1,4334.85,0.96712,0.694922,8.92454,0.920817,34.515,809973,9376.69,0.643739,0.701628,0.93931,12.803,12.4113,0.0659105,1.44703,0.33779,76.2647,76.2647,123.71,123.71,-252989,-252383,335.673,1.4794e-05,0.955231,0.938458,0,0,20,1,-252383,1,1,0,83.3928,83.3928,98.0511,98.0511,-241992,-241129,290.917,1.46482e-05,0.954941,0.940044,0,0,16,1,-241129,1,1,0,4.67684,4.67684,1344.88,1344.88,-5578.05,-10722.9,223.684,0.716615,0.954311,0.54478,12,1,241,208,-10722.9,1,1,0,4.84032,4.84032,1299.46,1299.46,-6761.56,-11789.4,223.684,0.604313,0.954311,0.546926,1,1,230,197,-11789.4,1,1,0
80,0.499294,18.6788,0.0665857,6311.8,9343.26,3792.69,0.993342,6.21325,14.0196,1.05657,48.3384,1.91933e+06,9184.71,0.632416,0.664306,0.670837,13.8692,10.0261,0.0664703,2.70794,0.579473,5.84036,5.84036,1615.43,1615.43,-21712.8,-26874.2,335.673,0.733679,0.983626,0.499295,10,1,132,82,-26874.2,1,1,0,4.04116,4.04116,2023.37,2023.37,3712.77,-1675.99,290.917,0.726203,0.983513,0.499294,10,1,162,119,-1675.99,1,1,0,3.66637,3.66637,1715.54,1715.54,6044.9,1158.75,223.684,0.731361,0.983268,0.499294,10,1,160,108,1158.75,1,1,0,3.88974,3.88974,1617.03,1617.03,2774.78,-1980.06,223.684,0.608294,0.983268,0.499294,1,1,151,99,-1980.06,1,1,0
81,0.421916,11.7722,0.0341722,6514.39,8231.41,6734.66,0.972123,3.32221,13.767,0.913614,57.3297,2.04874e+06,8600.51,0.660776,0.789979,0.954595,18.5178,3.09288,0.06798,1.24145,0.388367,4.59806,4.59806,2051.89,2051.89,-4129.03,-12221.5,335.673,0.618221,0.952575,0.449951,3,1,168,117,-12221.5,1,1,0,3.68492,3.68492,2218.97,2218.97,8703.68,363.997,290.917,0.6,0.952105,0.429881,0,0,192,149,363.997,1,1,0,3.00456,3.00456,2093.42,2093.42,14363.2,6527.67,223.684,0.617911,0.951155,0.423939,3,1,222,163,6527.67,1,1,0,3.10912,3.10912,2023.02,2023.02,13132.1,5407.03,223.684,0.519604,0.951155,0.424566,0,1,210,151,5407.03,1,1,0
82,0.544206,12.8199,0.197794,6620.91,12008.9,3302.42,0.923483,4.07379,8.23592,1.48901,46.2599,770060,9321.12,0.629753,0.617158,0.98165,13.1962,7.28136,0.0674029,0.574237,1.5786,3.58949,4.89792,2628.42,1926.27,24938.6,7160.57,335.673,0.20552,0.882437,0.608752,0,0,237,229,21025.9,1,0,0,3.64622,5.01665,2242.53,1629.92,23317.2,5566.63,290.917,0.104074,0.881566,0.612281,0,0,203,199,19431.9,1,0,0,2.86123,4.17617,2198.29,1506.12,27267.5,9403.06,223.684,0.659732,0.879794,0.580057,7,1,237,205,23268.4,1,0,0,2.94622,4.26548,2134.88,1474.59,26893.1,8986.68,223.684,0.554596,0.879794,0.583551,0,1,225,193,22969,1,0,0
83,0.350092,11.217,0.234276,6857.12,8583.02,6453.25,0.941469,3.75475,11.7861,1.459,68.0165,1.96502e+06,8774,0.641224,0.848613,0.936709,6.00978,2.54425,0.0531252,1.25919,1.4502,4.46547,6.80541,2112.82,1386.35,14057.6,-10544,335.673,0.617097,0.950434,0.400614,3,1,181,120,6175.65,1,0,0,3.83384,5.93646,2132.78,1377.38,20095,-4660.89,290.917,0.6,0.949919,0.374314,0,0,189,137,12058.8,1,0,0,2.91784,5.24977,2155.64,1198.11,23447.3,-838.292,223.684,0.615612,0.948882,0.354773,3,1,251,181,15881.4,1,0,0,3.01465,5.32489,2086.41,1181.21,22971.7,-1422.87,223.684,0.513377,0.948882,0.356017,0,1,236,166,15511.7,1,0,0
84,0.306814,15.2756,0.228286,6301.22,8670.33,5272.3,0.904912,3.4491,13.8616,1.28376,45.8949,2.22181e+06,9318.21,0.644405,0.761587,0.656858,10.1746,8.14218,0.0654787,2.19874,0.608819,4.18589,4.18589,2253.93,2253.93,9478.86,2925.97,335.673,0.668019,0.980575,0.306816,8,1,216,143,2925.97,1,1,0,3.40934,3.40934,2398.34,2398.34,17194.8,10498,290.917,0.6,0.980414,0.306814,0,0,235,172,10498,1,1,0,2.85265,2.85265,2204.9,2204.9,18341.4,12095.8,223.684,0.657489,0.980074,0.306814,8,1,262,186,12095.8,1,1,0,2.95761,2.95761,2126.65,2126.65,17403.7,11255.7,223.684,0.555401,0.980074,0.306814,0,1,249,173,11255.7,1,1,0
85,0.327014,19.2657,0.0948826,6475.67,13602.6,4386.96,0.918615,5.4712,12.6688,1.94876,71.4342,795552,7723.07,0.689972,0.638602,0.834173,14.4249,12.9182,0.082369,1.42573,0.108669,5.65107,5.65107,1669.55,1669.55,-6236.28,-11913.7,335.673,0.579886,0.929188,0.462498,0,0,189,165,-11913.7,1,1,0,6.90478,6.90478,1184.22,1184.22,-18618.2,-23816.3,290.917,0.457907,0.928751,0.546816,0,0,133,113,-23816.3,1,1,0,3.54447,3.54447,1774.54,1774.54,10951.7,5461.81,223.684,0.6,0.927794,0.348912,0,0,263,226,5461.81,1,1,0,3.56737,3.56737,1763.15,1763.15,10806.9,5436.62,223.684,0.570421,0.927794,0.349677,0,1,260,223,5436.62,1,1,0
86,0.516708,12.1357,0.061578,6002.35,11441.3,3228.6,0.95326,4.86987,11.2848,1.20841,37.3367,1.83745e+06,7850.91,0.620231,0.715949,0.940079,9.99711,1.0497,0.0950986,2.19629,0.337482,6.27349,6.27349,1503.9,1503.9,-22236.8,-26511.1,335.673,0.603134,0.986051,0.516709,1,1,180,122,-26511.1,1,1,0,5.68043,5.68043,1439.46,1439.46,-17054,-21410.2,290.917,0.6,0.985908,0.516708,0,0,173,122,-21410.2,1,1,0,4.19416,4.19416,1499.66,1499.66,-2865.3,-6984.97,223.684,0.604144,0.985619,0.516708,1,1,216,155,-6984.97,1,1,0,4.34854,4.34854,1446.42,1446.42,-4389.16,-8408.01,223.684,0.506044,0.985619,0.516708,0,1,206,145,-8408.01,1,1,0
87,0.438563,14.684,0.136084,6733.94,9690.56,7488.46,1.06399,7.77643,6.52576,1.67558,68.4696,2.24864e+06,9170.36,0.636165,0.603779,0.840756,16.5191,12.3882,0.0520833,0.719352,1.25975,2.71634,3.45846,3473.32,2728.01,44921.4,22093.8,335.673,0.695098,0.850817,0.505608,12,1,203,202,35674.2,1,0,0,2.35356,3.07775,3474.21,2656.73,46709.7,23765.7,290.917,0.6,0.849849,0.483346,0,0,225,224,37346.1,1,0,0,1.98548,2.75161,3167.9,2285.87,43678.9,21285.8,223.684,0.692612,0.84784,0.464242,12,1,249,237,34866.3,1,0,0,2.03262,2.78193,3094.43,2260.95,44304.4,21818.6,223.684,0.576503,0.84784,0.466644,0,1,234,222,35607.5,1,0,0
88,0.348382,11.5556,0.164044,6250.42,10440.4,5589.93,1.00533,1.11123,5.73003,1.48714,39.1733,1.94568e+06,8239.75,0.647572,0.893992,0.775978,7.84858,8.01113,0.0508314,1.74828,0.180746,6.61868,6.61868,1425.47,1425.47,-18436.4,-24785.9,335.673,0.504444,0.952435,0.554862,0,0,165,137,-24785.9,1,1,0,7.80594,7.80594,1047.5,1047.5,-30427.1,-36378,290.917,0.0308817,0.951951,0.634917,0,0,121,98,-36378,1,1,0,3.99346,3.99346,1575.03,1575.03,3527.34,-3101,223.684,0.6,0.950974,0.384853,0,0,235,195,-3101,1,1,0,3.99346,3.99346,1575.03,1575.03,3527.34,-3001.12,223.684,0.5,0.950974,0.384853,0,0,235,195,-3001.12,1,1,0
89,0.450313,10.0376,0.275726,6681.47,13104.7,4696.91,0.9849,4.58815,11.1462,1.27728,56.4008,1.50804e+06,8142.32,0.66736,0.674242,0.814743,7.14508,2.96624,0.07962,2.59298,1.07293,7.4073,10.6637,1273.71,884.755,-11386.2,-26443.4,335.673,0.634383,0.983683,0.45039,3,1,157,110,-17324.8,1,0,0,7.13696,10.3796,1145.69,787.774,-10264.2,-25244.5,290.917,0.58214,0.983486,0.450365,0,0,142,102,-16125.9,1,0,0,4.65005,7.14063,1352.63,880.848,6619.33,-8204.86,223.684,0.624768,0.983095,0.450314,3,1,200,150,913.746,1,0,0,4.85563,7.42775,1295.36,846.799,5154.55,-9638.29,223.684,0.518077,0.983095,0.450314,0,1,189,139,-440.025,1,0,0
90,0.345694,10.3422,0.262447,5516.45,8464.48,4355.64,1.03243,0.505921,10.0028,0.563143,46.0262,2.07723e+06,8908.67,0.605713,0.85871,0.678243,8.46549,12.1263,0.0849837,1.5879,1.22586,6.29353,10.5497,1499.11,894.312,-18311.9,-38426,335.673,0.764383,0.951258,0.51963,12,1,141,112,-23526.3,1,0,0,4.87554,8.33197,1677.1,981.371,-4399.1,-24837.9,290.917,0.6,0.950713,0.422738,0,0,166,142,-9938.16,1,0,0,3.49907,6.71483,1797.57,936.704,7007,-13385.2,223.684,0.70923,0.949625,0.361654,12,1,216,177,1514.52,1,0,0,3.64081,6.88581,1727.58,913.445,5699.01,-14667.6,223.684,0.59069,0.949625,0.365881,0,1,203,164,394.594,1,0,0
91,0.508896,8.69534,0.274817,5986.14,8815.36,7028.64,1.0083,6.46335,7.38037,1.48624,61.8667,1.8119e+06,8660.65,0.749882,0.891208,0.82371,18.1413,7.97965,0.0804119,1.91046,1.37551,9.02567,14.3858,1045.32,655.834,-40381.7,-60632.8,335.673,0.700216,0.965701,0.660362,8,1,89,29,-48104.5,1,0,0,4.44263,6.63535,1840.52,1232.3,7303.38,-14065.7,290.917,0.6,0.965254,0.515339,0,0,154,102,-1537.34,1,0,0,3.70272,6.1444,1698.7,1023.67,11433.2,-9356.74,223.684,0.686729,0.964376,0.510841,8,1,178,112,3171.6,1,0,0,3.85552,6.33293,1631.38,993.191,9970.33,-10833.6,223.684,0.568694,0.964376,0.511573,0,1,167,101,1831.68,1,0,0
92,0.433847,19.3915,0.255079,6405.12,12313.8,6605.96,0.926303,4.93049,7.9277,1.46389,40.637,1.18868e+06,8088.14,0.645059,0.714317,0.659746,15.214,6.82615,0.0986522,2.03642,0.250711,6.05048,6.05048,1559.33,1559.33,-2426.28,-10248.3,335.673,0.673207,0.982679,0.433875,7,1,200,139,-10248.3,1,1,0,6.28337,6.28337,1301.33,1301.33,-4883.86,-12545.9,290.917,0.540125,0.982564,0.433894,0,0,169,117,-12545.9,1,1,0,4.25573,4.25573,1477.96,1477.96,8112.57,573.034,223.684,0.662601,0.982311,0.433847,7,1,230,166,573.034,1,1,0,4.42437,4.42437,1421.63,1421.63,6988.07,-452.208,223.684,0.557377,0.982311,0.433847,0,1,219,155,-452.208,1,1,0
93,0.414306,12.8346,0.289374,5457.61,12248.8,6555.93,0.944525,3.42703,8.92087,0.687311,69.7705,1.08648e+06,8195.72,0.643102,0.791998,0.87544,12.8007,7.49634,0.0614434,2.21904,0.919412,8.04281,8.04281,1173.06,1173.06,-18446.4,-25923.9,335.673,0.412864,0.984552,0.415123,0,0,169,107,-25923.9,1,1,0,9.38192,9.38192,871.544,871.544,-26088.8,-33302.3,290.917,0.252308,0.984402,0.417999,0,0,129,75,-33302.3,1,1,0,4.66554,4.66554,1348.14,1348.14,1251.92,-6247.45,223.684,0.6,0.984094,0.414307,0,0,240,174,-6247.45,1,1,0,4.73263,4.73263,1329.03,1329.03,871.168,-6526.32,223.684,0.547068,0.984094,0.414307,0,1,235,169,-6526.32,1,1,0
94,0.390454,18.0095,0.13965,5473.1,14807.2,5580.99,0.944504,6.41789,9.95521,1.69387,58.6792,1.51882e+06,8216.77,0.683231,0.728899,0.786658,9.50506,2.91583,0.0740622,1.05087,0.926793,6.61938,6.61938,1425.32,1425.32,-25042.8,-31481.9,335.673,0.605519,0.943422,0.547275,3,1,154,121,-31481.9,1,1,0,6.14609,6.14609,1330.4,1330.4,-20709.1,-27270.5,290.917,0.6,0.943045,0.520723,0,0,147,119,-27270.5,1,1,0,3.85014,3.85014,1633.66,1633.66,902.054,-5719.54,223.684,0.619457,0.942231,0.410426,3,1,230,185,-5719.54,1,1,0,3.99058,3.99058,1576.16,1576.16,-362.739,-6858.03,223.684,0.519516,0.942231,0.414663,0,1,217,172,-6858.03,1,1,0
95,0.489085,16.176,0.014242,6851.33,10621.8,6939.78,1.01999,3.64002,8.90259,1.20049,77.8637,1.30949e+06,7652.66,0.728105,0.536627,0.71697,18.7789,2.4656,0.0957951,1.88054,1.67057,6.61095,9.25519,1427.13,1019.4,-23468,-41228,335.673,0.605739,0.938309,0.546598,2,1,140,126,-31726.9,1,0,0,5.17336,7.34274,1580.55,1113.58,-6305.17,-24477,290.917,0.6,0.937869,0.509682,0,0,164,153,-14975.9,1,0,0,3.7731,5.61721,1667.01,1119.74,8359.66,-9314.27,223.684,0.616746,0.936939,0.492494,2,1,201,179,186.774,1,0,0,3.96184,5.86729,1587.6,1072.01,6291.25,-11315.6,223.684,0.511997,0.936939,0.49383,0,1,188,166,-1744.88,1,0,0
96,0.408544,10.3031,0.0250686,5874.46,8455.54,3996.39,0.992325,1.82229,8.87292,0.986219,65.5885,1.2442e+06,7859.11,0.668521,0.880967,0.656084,18.3316,9.60023,0.0808749,1.24851,0.937434,7.47029,7.47029,1262.96,1262.96,-39793.9,-44458.9,335.673,1,0.956998,0.598274,10,1,126,82,-44458.9,1,1,0,6.33353,6.33353,1291.03,1291.03,-27057,-31749.9,290.917,0.709969,0.956515,0.533598,10,1,131,93,-31749.9,1,1,0,4.30822,4.30822,1459.95,1459.95,-4011.99,-8849,223.684,0.670274,0.955551,0.435565,10,1,182,129,-8849,1,1,0,4.67305,4.67305,1345.97,1345.97,-7989.11,-12633,223.684,0.546826,0.955551,0.449331,0,1,164,111,-12633,1,1,0
97,0.326295,10.1055,0.117083,5420.03,11762.8,6018.53,0.977517,3.78001,6.15733,1.73594,60.3698,1.01689e+06,8475.06,0.637326,0.682655,0.972742,10.991,12.4454,0.0788561,1.17288,0.813592,4.77447,4.77447,1976.08,1976.08,-6264.93,-13192.4,335.673,0.333259,0.938287,0.390028,0,0,195,169,-13192.4,1,1,0,4.90028,4.90028,1668.63,1668.63,-8266.43,-15058.8,290.917,0.252327,0.937596,0.399631,0,0,164,142,-15058.8,1,1,0,3.21391,3.21391,1957.06,1957.06,8040.19,1131.65,223.684,0.6,0.936222,0.335396,0,0,252,216,1131.65,1,1,0,3.21391,3.21391,1957.06,1957.06,8040.19,1175.64,223.684,0.5,0.936222,0.335396,0,0,252,216,1175.64,1,1,0
98,0.335402,17.7439,0.0773061,5689.04,12468.4,4522.24,1.01133,0.566654,13.6559,1.01506,71.4579,2.01793e+06,8963.65,0.684881,0.857625,0.844712,16.2909,10.028,0.0966421,1.4256,0.246921,42.5309,42.5309,221.832,221.832,-223173,-224238,335.673,2.77661e-05,0.946908,0.919451,0,0,29,21,-224238,1,1,0,181.722,181.722,44.996,44.996,-362232,-356158,290.917,2.03194e-05,0.946544,0.94182,0,0,6,1,-356158,1,1,0,5.43,5.43,1158.34,1158.34,-14934.8,-20053.2,223.684,0.644212,0.94576,0.485067,10,1,188,165,-20053.2,1,1,0,6.73991,6.73991,933.219,933.219,-26257.4,-31114.8,223.684,0.510613,0.94576,0.583159,0,1,146,123,-31114.8,1,1,0
99,0.588569,11.1765,0.0509822,5807.52,8977.22,5499.99,1.09402,7.18289,11.0915,1.43278,40.9841,1.80752e+06,8238.1,0.672441,0.762242,0.876434,18.7035,11.9302,0.0669451,1.22344,1.38893,5.17011,6.9415,1824.86,1359.17,-21035.1,-40360.5,335.673,0.784727,0.965384,0.59318,12,1,122,83,-28019.7,1,0,0,3.86783,5.25174,2114.04,1556.96,836.186,-18678.9,290.917,0.781044,0.965026,0.589052,12,1,151,118,-6338.13,1,0,0,3.41608,4.88552,1841.23,1287.44,5378.89,-13651.8,223.684,0.780281,0.964307,0.588739,12,1,154,110,-1310.96,1,0,0,3.52721,5.02674,1783.23,1251.27,3613.66,-15360.6,223.684,0.664286,0.964307,0.588803,5,1,147,103,-2950.09,1,0,0
100,0.572574,18.9594,0.285961,6213.26,11870,7490.77,0.962839,5.84767,6.46102,1.42687,61.6371,1.24698e+06,8166.71,0.663461,0.542076,0.922775,9.7003,11.982,0.0578588,0.0776058,1.23958,3.83633,5.05279,2459.31,1867.23,20108.7,5126.36,335.673,0.930122,0.874656,0.631167,12,1,226,225,11746.8,1,0,0,3.92002,5.215,2085.89,1567.93,17896.8,3080.76,290.917,0.6,0.874036,0.634769,0,0,194,193,9701.21,1,0,0,2.95981,4.16162,2125.07,1511.39,22888.2,7896.86,223.684,0.690147,0.87269,0.602156,12,1,239,224,14517.3,1,0,0,3.0496,4.25215,2062.5,1479.21,22521.2,7540.84,223.684,0.584599,0.87269,0.605104,0,1,226,211,14276,1,0,0
101,0.509912,9.68066,0.0586259,6752.41,9384.37,7422.62,1.00404,6.08253,9.23874,0.579209,49.5202,1.1065e+06,8701.03,0.747582,0.666821,0.869307,9.93078,1.41653,0.0564615,2.22599,1.4339,5.02866,7.22338,1876.19,1306.14,-1400.28,-23650.4,335.673,0.609473,0.985388,0.509912,1,1,153,104,-10148.5,1,0,0,3.75532,5.4438,2177.38,1502.03,15796.5,-6739.49,290.917,0.6,0.985206,0.509912,0,0,186,144,6762.41,1,0,0,3.21096,4.97334,1958.86,1264.71,19442.2,-2599.4,223.684,0.608546,0.984846,0.509912,1,1,196,145,10902.5,1,0,0,3.33779,5.1343,1884.42,1225.06,18050.7,-4000.06,223.684,0.503187,0.984846,0.509912,0,1,185,134,9619.12,1,0,0
102,0.379761,16.1325,0.287814,6866.69,13913.1,5063.1,0.996074,6.99595,9.16716,1.13425,67.1895,942207,7714.51,0.749393,0.578339,0.794586,13.1871,11.0224,0.0910936,1.75302,1.31257,4.61227,5.88904,2045.57,1602.08,17710.8,3685.54,335.673,0.57848,0.929919,0.418018,0,0,209,195,11093,1,0,0,4.9713,6.39957,1644.79,1277.7,13396.2,-395.399,290.917,0.424146,0.929414,0.433737,0,0,168,158,7012.05,1,0,0,3.20021,4.38269,1965.44,1435.15,23438.6,9808.45,223.684,0.607693,0.928345,0.385274,2,0,259,236,17215.9,1,0,0,3.23167,4.41267,1946.3,1425.4,23387.2,9744.96,223.684,0.571586,0.928345,0.385646,0,1,254,231,17273,1,0,0
103,0.590753,17.7737,0.228252,6264.69,13846.1,5369.32,1.04333,6.33258,11.0062,0.834168,31.2235,918769,8161.5,0.684292,0.567944,0.869656,11.1255,11.0372,0.0928474,0.412739,1.75057,4.00592,4.00592,2355.2,2355.2,15827.6,9676.31,335.673,0.658479,0.884459,0.648581,2,0,236,235,9676.31,1,1,0,4.23286,4.23286,1931.73,1931.73,12590,6607.6,290.917,0.201922,0.883844,0.656942,0,0,195,194,6607.6,1,1,0,3.52908,3.52908,1782.28,1782.28,17279.2,11235.1,223.684,0.826577,0.882523,0.634177,11,1,197,196,11235.1,1,1,0,3.56757,3.56757,1763.05,1763.05,16962.3,10957.5,223.684,0.784395,0.882523,0.635478,8,1,194,193,10957.5,1,1,0
104,0.533625,10.8231,0.192284,6351.38,11007.4,6986.61,1.04606,3.45482,11.0887,0.799356,51.3856,1.68822e+06,7816.27,0.610201,0.786035,0.738381,16.4222,5.5497,0.0616939,0.783924,1.75469,4.93615,4.93615,1911.35,1911.35,1465.27,-6072.66,335.673,0.000125612,0.902056,0.682498,0,0,189,188,-6072.66,1,1,0,5.14822,5.14822,1588.27,1588.27,-2086.59,-9595.42,290.917,0.000113039,0.901159,0.692611,0,0,158,157,-9595.42,1,1,0,3.43688,3.43688,1830.09,1830.09,12697.8,5311.15,223.684,0.0277142,0.899368,0.61145,0,0,228,222,5311.15,1,1,0,3.43688,3.43688,1830.09,1830.09,12697.8,5311.15,223.684,0.0277142,0.899368,0.61145,0,0,228,222,5311.15,1,1,0
105,0.515067,11.3145,0.202806,5671.72,14767.2,7428.18,1.04581,0.949091,11.4522,1.48244,62.5851,913226,8703.29,0.685038,0.512008,0.846473,13.054,6.32804,0.0728536,1.8331,0.615367,176.842,176.842,53.3512,53.3512,-319043,-317373,335.673,1.77635e-05,0.941558,0.933715,0,0,7,6,-317373,1,1,0,553.008,553.008,14.786,14.786,-332528,-328780,290.917,1.66941e-05,0.940984,0.939586,0,0,2,1,-328780,1,1,0,5.12091,5.12091,1228.26,1228.26,-2660.67,-11122.8,223.684,0.648656,0.939829,0.527319,6,1,208,202,-11122.8,1,1,0,5.36934,5.36934,1171.43,1171.43,-4281.8,-12590.4,223.684,0.544615,0.939829,0.53085,0,1,196,190,-12590.4,1,1,0
106,0.434808,19.5742,0.0994423,6634.03,14858.4,6393.04,0.940304,2.98692,11.979,0.517115,53.032,2.19032e+06,7624.73,0.742871,0.886456,0.721956,8.17783,10.6914,0.0792426,1.55405,0.364824,54.4106,54.4106,173.399,173.399,-219319,-222355,335.673,2.15809e-05,0.955795,0.935465,0,0,30,1,-222355,1,1,0,56.8587,56.8587,143.808,143.808,-213906,-216659,290.917,2.14337e-05,0.955518,0.936394,0,0,25,1,-216659,1,1,0,6.52026,6.52026,964.657,964.657,-16321.1,-23337.2,223.684,0.734869,0.95491,0.575448,11,1,181,135,-23337.2,1,1,0,6.80912,6.80912,923.733,923.733,-18472,-25361.6,223.684,0.619437,0.95491,0.592094,2,1,172,126,-25361.6,1,1,0
107,0.381672,11.1752,0.193928,5484.71,8904.76,2825.92,0.989819,7.47268,6.03354,1.95362,41.8986,1.1687e+06,8295.65,0.738854,0.679969,0.971098,10.3458,13.8252,0.0569517,2.17026,1.85296,3.16019,4.38553,2985.49,2151.33,19409,2161.5,335.673,0.520603,0.98147,0.381672,0,0,236,185,15408.7,1,0,0,3.04537,4.2317,2684.98,1932.26,20251.9,3079.14,290.917,0.452357,0.981267,0.381672,0,0,210,166,16326.4,1,0,0,2.41512,3.72831,2604.34,1687.04,22095,5053.38,223.684,0.6,0.980858,0.381672,0,0,266,213,18300.6,1,0,0,2.41512,3.72831,2604.34,1687.04,22095,4739.93,223.684,0.5,0.980858,0.381672,0,0,266,213,18371.1,1,0,0
108,0.328917,13.1595,0.0560076,5284.43,10574,4113.2,1.06223,7.59272,8.04922,1.09309,53.2175,788707,8592.36,0.632325,0.695903,0.828349,15.0686,13.8417,0.0924405,1.4677,1.42608,3.1039,4.03501,3039.63,2338.22,13587.8,-1839.09,335.673,0.725486,0.93726,0.336242,13,0,226,201,7868.76,1,0,0,3.0517,3.98488,2679.41,2051.94,13759.6,-1517.91,290.917,0.6,0.936704,0.335755,0,0,199,178,8189.94,1,0,0,2.40549,3.40175,2614.78,1848.99,18637.5,3692.74,223.684,0.6,0.935564,0.330162,0,0,253,221,13400.6,1,0,0,2.40549,3.40175,2614.78,1848.99,18637.5,3561.38,223.684,0.570714,0.935564,0.330162,0,0,253,221,13507,1,0,0
109,0.570781,13.1902,0.281312,6842.72,12202.3,6982.81,0.976306,6.14297,5.17348,0.948205,72.4872,2.03299e+06,9067.35,0.628518,0.619772,0.731844,5.80151,7.15996,0.0709439,2.53391,1.94195,4.78767,6.77126,1970.63,1393.35,10750.9,-7434.39,335.673,0.663464,0.985585,0.570781,7,1,200,151,2424.28,1,0,0,4.59287,6.55188,1780.31,1248,11185.2,-6966.14,290.917,0.6,0.985449,0.570781,0,0,182,140,2892.52,1,0,0,3.35882,5.27171,1872.62,1193.13,17901.2,16.5249,223.684,0.657857,0.985169,0.570781,7,1,244,193,9875.19,1,0,0,3.46055,5.37088,1817.57,1171.1,17333.3,-597.864,223.684,0.550574,0.985169,0.570781,0,1,231,180,9412.55,1,0,0
110,0.436733,11.0364,0.090538,6646.58,8593.86,6341.76,1.09685,1.63544,9.54642,1.87996,40.342,1.30138e+06,8849.1,0.622838,0.534246,0.873871,10.1325,11.2642,0.0931737,0.232365,0.993911,3.46624,3.46624,2721.89,2721.89,21922.7,14344.7,335.673,0.675136,0.841264,0.538449,11,1,219,218,14344.7,1,1,0,2.84819,2.84819,2870.86,2870.86,28627.6,20756.3,290.917,0.6,0.839966,0.502408,0,0,249,248,20756.3,1,1,0,2.28603,2.28603,2751.41,2751.41,31744.2,24224.1,223.684,0.67429,0.837375,0.472295,11,1,273,272,24224.1,1,1,0,2.36,2.36,2665.17,2665.17,31398.2,24009.2,223.684,0.567335,0.837375,0.476267,0,1,258,257,24009.2,1,1,0
111,0.360709,17.3095,0.076556,5639.03,10678.6,6211.17,0.972957,1.5556,9.2943,1.23001,48.3586,1.26445e+06,9285.73,0.722968,0.735297,0.681612,5.24144,7.0588,0.0880038,1.83956,1.92449,4.88012,7.63267,1933.29,1236.1,-8363.13,-25871.3,335.673,0.663132,0.941358,0.433513,7,1,207,183,-15755.4,1,0,0,5.08433,8.10902,1608.23,1008.35,-11162.5,-28473.8,290.917,0.514362,0.940952,0.447198,0,0,174,154,-18357.8,1,0,0,3.35052,5.86625,1877.26,1072.2,5934.07,-11371.9,223.684,0.649392,0.940082,0.372967,7,1,247,210,-1255.96,1,0,0,3.48243,6.0319,1806.15,1042.76,4689.87,-12627.1,223.684,0.543273,0.940082,0.376151,0,1,233,196,-2382.42,1,0,0
112,0.391787,17.2622,0.213349,6306.89,9828.2,5839.62,0.999533,7.03817,12.3433,1.42149,79.5168,927931,8759.76,0.673508,0.637902,0.801907,17.313,12.2575,0.0647477,1.11465,0.245438,3.57138,3.57138,2641.76,2641.76,27484.5,19838.2,335.673,0.7072,0.936596,0.401389,12,1,187,154,19838.2,1,1,0,2.98993,2.98993,2734.77,2734.77,32821.3,25107.3,290.917,0.6,0.936162,0.394739,0,0,210,182,25107.3,1,1,0,2.52906,2.52906,2487.01,2487.01,32136.2,25041.5,223.684,0.6947,0.935233,0.392628,12,1,232,191,25041.5,1,1,0,2.60779,2.60779,2411.93,2411.93,31905.3,24921.1,223.684,0.587655,0.935233,0.392881,0,1,219,178,24921.1,1,1,0
113,0.473766,12.5398,0.196935,5932.71,14664.4,4576.32,0.994905,1.13533,6.67117,1.54378,75.6409,1.74063e+06,8098.38,0.650707,0.749629,0.953088,6.75785,9.44646,0.0858287,0.920528,1.18073,309.814,inf,30.4528,-28.1931,-384458,-382864,335.673,1.06807e-05,0.883209,0.881229,0,0,4,3,-376824,1,0,0,559.733,inf,14.6083,-40.8443,-363628,-361990,290.917,1.07618e-05,0.882284,0.881559,0,0,2,1,-355949,1,0,0,4.59904,7.42447,1367.64,847.172,-1238.19,-12124,223.684,0.00610017,0.880404,0.653996,0,0,254,253,-6083.39,1,0,0,4.59904,7.42447,1367.64,847.172,-1238.19,-12271.1,223.684,0.00610017,0.880404,0.653996,0,0,254,253,-6083.39,1,0,0
114,0.353032,18.0215,0.13539,5674.06,10881.1,4516.21,0.986733,4.6731,11.3149,1.80712,31.6984,1.28819e+06,7863.45,0.648721,0.722308,0.91875,6.15807,13.1763,0.0870353,2.83093,0.993471,4.63845,4.63845,2034.02,2034.02,-2357.42,-7927.84,335.673,0.521783,0.980561,0.353036,0,0,227,179,-7927.84,1,1,0,4.83751,4.83751,1690.28,1690.28,-5106.48,-10507.9,290.917,0.377555,0.980422,0.35304,0,0,189,147,-10507.9,1,1,0,3.35087,3.35087,1877.07,1877.07,7390.32,1948.57,223.684,0.6,0.980123,0.353032,0,0,266,214,1948.57,1,1,0,3.35087,3.35087,1877.07,1877.07,7390.32,2038.36,223.684,0.588622,0.980123,0.353032,0,0,266,214,2038.36,1,1,0
115,0.556984,10.5569,0.189734,5608.71,13338.7,6544.66,1.06913,3.02601,8.06694,0.694613,56.5166,1.98449e+06,7513.16,0.641312,0.586764,0.896204,16.7989,13.9641,0.0655632,2.59142,0.00528984,11.1649,11.1649,845.035,845.035,-51382.7,-58466.3,335.673,0.265091,0.984827,0.557508,0,0,118,89,-58466.3,1,1,0,46.299,46.299,176.607,176.607,-164624,-169093,290.917,2.35243e-05,0.984653,0.882915,0,0,33,8,-169093,1,1,0,5.04347,5.04347,1247.12,1247.12,-7560.66,-15124.6,223.684,0.748585,0.984305,0.556984,14,1,211,179,-15124.6,1,1,0,5.21662,5.21662,1205.72,1205.72,-8937.65,-16376.7,223.684,0.635138,0.984305,0.556984,4,1,201,169,-16376.7,1,1,0
116,0.527556,8.05167,0.0478479,5337.72,10706.9,3968.9,0.931055,2.41609,8.81916,0.62248,33.2707,1.69593e+06,7955.18,0.732393,0.684662,0.814711,6.3426,5.29244,0.0626868,0.551148,0.385797,5.21167,5.21167,1810.31,1810.31,-19587.8,-24351.7,335.673,0.654853,0.894199,0.672443,5,1,177,171,-24351.7,1,1,0,5.08032,5.08032,1609.5,1609.5,-18448.4,-23166.6,290.917,0.587913,0.892974,0.668748,0,0,161,160,-23166.6,1,1,0,3.56715,3.56715,1763.26,1763.26,-1055.12,-5869.13,223.684,0.650346,0.890598,0.601222,5,1,211,184,-5869.13,1,1,0,3.68539,3.68539,1706.69,1706.69,-2464.34,-7173.69,223.684,0.537999,0.890598,0.607222,0,1,200,173,-7173.69,1,1,0
117,0.515839,14.854,0.201998,6080.65,8922.68,5924.16,1.01353,5.41906,12.1929,1.99057,76.1952,2.06987e+06,7673.7,0.661452,0.623225,0.806408,15.2639,13.7312,0.0911714,0.172311,0.306944,3.88549,3.88549,2428.19,2428.19,13386.8,6448.31,335.673,1,0.874187,0.612418,14,1,174,169,6448.31,1,1,0,3.67711,3.67711,2223.69,2223.69,14473.7,7639.24,290.917,0.698219,0.873373,0.603049,14,1,165,163,7639.24,1,1,0,3.10509,3.10509,2025.65,2025.65,18662.9,11911,223.684,0.715855,0.871679,0.575893,14,1,169,150,11911,1,1,0,3.2982,3.2982,1907.05,1907.05,16072.2,9434.92,223.684,0.59507,0.871679,0.585757,0,1,155,136,9434.92,1,1,0
118,0.429628,19.9289,0.0811832,5896,14042.1,6131.04,1.02372,7.67655,5.71548,0.513326,52.0772,1.68384e+06,8138.45,0.636603,0.59589,0.653958,10.698,10.0027,0.0838967,2.60176,0.121619,4.87655,4.87655,1934.71,1934.71,-7713.5,-15174.1,335.673,0.697656,0.979155,0.429629,10,1,208,173,-15174.1,1,1,0,5.03493,5.03493,1624.01,1624.01,-10374.8,-17645.4,290.917,0.557683,0.979021,0.42963,0,0,176,146,-17645.4,1,1,0,3.55999,3.55999,1766.8,1766.8,4045.04,-3095.22,223.684,0.691269,0.978724,0.429628,10,1,237,199,-3095.22,1,1,0,3.67275,3.67275,1712.56,1712.56,2949.11,-4077.06,223.684,0.579584,0.978724,0.429628,0,1,225,187,-4077.06,1,1,0
119,0.488193,8.46373,0.0818508,6013.91,8002.92,6722.78,1.07024,6.22107,8.42783,1.56229,50.9219,1.91892e+06,8805.16,0.706561,0.807882,0.860013,17.3255,4.09512,0.0869787,0.507891,1.8963,4.63988,6.06538,2033.4,1555.5,-9599.67,-32517.9,335.673,0.724358,0.898582,0.656183,4,1,100,75,-17244.6,1,0,0,3.17707,4.26276,2573.67,1918.18,20587.3,-3000.38,290.917,0.634367,0.897418,0.568958,4,1,147,127,12273,1,0,0,2.68685,3.80767,2340.96,1651.88,24554.3,1218.11,223.684,0.638141,0.895149,0.540747,4,1,160,122,16491.4,1,0,0,2.79062,3.91612,2253.91,1606.13,23076.8,-271.424,223.684,0.529858,0.895149,0.547326,0,1,149,111,15165.1,1,0,0
120,0.475229,10.496,0.048654,5480.33,8391.59,4099.43,1.02184,3.8893,8.91323,1.4166,43.6473,1.79481e+06,8784.07,0.695318,0.504763,0.851953,7.74277,1.04046,0.0656528,2.78475,1.93073,3.59623,5.15683,2623.5,1829.56,2912.1,-17406.1,335.673,0.604541,0.979243,0.475229,1,1,195,161,-2478.63,1,0,0,2.91017,4.27851,2809.72,1911.12,12997.2,-7576.13,290.917,0.6,0.979005,0.475229,0,0,224,195,7351.37,1,0,0,2.44027,3.8357,2577.5,1639.81,16730.4,-3366.08,223.684,0.607616,0.978529,0.475229,1,1,239,203,11561.4,1,0,0,2.51961,3.91867,2496.35,1605.09,15815.9,-4324.39,223.684,0.504024,0.978529,0.475229,0,1,226,190,10756.1,1,0,0
121,0.494954,14.227,0.0997131,6780.45,10550.7,6209.45,1.092,3.52569,12.1575,1.32883,58.4409,1.44389e+06,8036.33,0.707305,0.607553,0.651848,6.26626,9.8899,0.0861097,0.83196,1.7835,4.54837,6.23757,2074.3,1512.56,6117.77,-12271.8,335.673,0.703419,0.866815,0.633217,10,1,190,189,-1210.26,1,0,0,3.95988,5.5378,2064.9,1476.53,12206.8,-6380.26,290.917,0.6,0.865923,0.606244,0,0,200,199,4681.33,1,0,0,3.17669,4.60484,1979.99,1365.91,18826.8,481.834,223.684,0.691183,0.864081,0.56677,10,1,214,213,11543.4,1,0,0,3.29245,4.74798,1910.37,1324.73,17652,-633.997,223.684,0.582275,0.864081,0.573089,0,1,203,202,10496.5,1,0,0
122,0.325333,17.7193,0.0993753,6241.13,12808.3,3032.45,1.07443,7.26131,6.99224,1.67874,37.2499,1.78301e+06,8417.1,0.723293,0.712434,0.697965,8.42611,3.89094,0.0857153,1.23496,1.97776,3.70175,4.75447,2548.72,1984.39,11230.5,-3654.15,335.673,0.634901,0.936168,0.352526,4,1,225,211,6659.31,1,0,0,3.73883,4.83449,2186.98,1691.34,9390.35,-5331.2,290.917,0.517638,0.935737,0.354727,0,0,194,183,4982.27,1,0,0,2.83622,3.91142,2217.68,1608.06,16671.1,2197.96,223.684,0.6,0.934809,0.331322,0,0,249,225,12511.4,1,0,0,2.86625,3.93544,2194.44,1598.25,16501.7,1952.92,223.684,0.526033,0.934809,0.331772,0,1,243,219,12445.9,1,0,0
123,0.424742,9.0685,0.136254,6710.32,10391.9,3190.31,0.969748,4.62486,14.4741,1.98871,69.9478,1.74543e+06,7833.54,0.615185,0.690458,0.654353,18.982,4.00792,0.0666637,0.134952,1.66133,4.07319,5.38797,2316.3,1751.07,13431.2,-4230.41,335.673,1,0.869588,0.592673,4,1,194,190,9523.74,1,0,0,3.97492,5.31084,2057.08,1539.63,13218,-4413.63,290.917,0.715632,0.868226,0.588308,2,0,175,174,9340.52,1,0,0,3.80868,5.18397,1651.44,1213.32,12393.8,-5095.29,223.684,1,0.86556,0.581126,4,1,148,129,8658.86,1,0,0,3.82795,3.82795,1643.13,1643.13,12137.8,8422.5,223.684,1,0.86556,0.582387,3,1,147,128,8422.5,1,1,0
124,0.312484,12.7428,0.0571259,5289.63,8464.19,4586.68,1.07198,3.97311,14.9776,0.570329,54.5605,760055,8405.95,0.600298,0.876066,0.738613,17.4368,8.17818,0.063523,1.61259,1.86436,6.32954,9.13047,1490.58,1033.32,-35060.5,-53173.5,335.673,0.848298,0.948161,0.535985,8,1,108,77,-40394.2,1,0,0,3.66903,5.3669,2228.58,1523.55,3727.86,-15368.3,290.917,0.6,0.947679,0.34314,0,0,181,155,-2589.06,1,0,0,3.023,4.77103,2080.65,1318.33,10516.7,-8160.74,223.684,0.672853,0.946694,0.323095,8,1,202,163,4618.52,1,0,0,3.13191,4.88892,2008.3,1286.54,9309.57,-9375.72,223.684,0.559095,0.946694,0.325808,0,1,190,151,3549.82,1,0,0
125,0.448197,16.9649,0.0579023,6212.84,10224.9,2776.13,1.0917,5.46269,13.1891,1.4218,58.3231,1.79796e+06,8420.16,0.607585,0.837463,0.651349,9.28681,1.40204,0.0715697,0.566208,0.395262,3.3983,3.3983,2776.31,2776.31,14326,10845.8,335.673,0.384742,0.884257,0.588155,0,0,227,226,10845.8,1,1,0,3.43899,3.43899,2377.66,2377.66,12312.2,8889.1,290.917,0.188609,0.883548,0.592271,0,0,195,194,8889.1,1,1,0,3.1774,3.1774,1979.55,1979.55,13413.3,10037.4,223.684,0.668811,0.882037,0.574763,1,1,173,167,10037.4,1,1,0,3.20136,3.20136,1964.73,1964.73,13076.3,9725.42,223.684,0.504523,0.882037,0.576624,0,1,171,165,9725.42,1,1,0
126,0.398958,12.4585,0.162522,6620.19,9714.87,7238.49,0.951439,1.89723,7.99713,1.57517,72.0402,1.14324e+06,8002.59,0.706019,0.800641,0.796079,8.09171,6.4128,0.0869546,1.29323,0.513768,6.49971,6.49971,1451.56,1451.56,-11028.1,-19317.1,335.673,0.662552,0.95091,0.538473,6,1,159,118,-19317.1,1,1,0,6.26013,6.26013,1306.16,1306.16,-9351.74,-17632.8,290.917,0.6,0.950448,0.526647,0,0,145,110,-17632.8,1,1,0,3.64547,3.64547,1725.38,1725.38,11889.8,3537.88,223.684,0.640444,0.949505,0.410933,6,1,253,201,3537.88,1,1,0,3.78682,3.78682,1660.97,1660.97,10979.8,2753.24,223.684,0.532462,0.949505,0.414032,0,1,237,185,2753.24,1,1,0
127,0.343357,10.266,0.0386632,5688.06,8037.94,7009.48,1.02204,0.509884,11.6387,0.958909,39.2574,1.56273e+06,7918.94,0.740174,0.705631,0.816738,7.35263,11.3919,0.0596794,2.75822,1.72413,5.30227,9.34082,1779.37,1010.05,-15289.4,-34852.6,335.673,0.628265,0.981278,0.34337,3,0,203,162,-23554.3,1,0,0,5.4882,9.85368,1489.88,829.817,-18027.1,-37336.1,290.917,0.443506,0.981057,0.343381,0,0,170,135,-26037.7,1,0,0,3.40764,7.05206,1845.79,891.911,3153.46,-16160.8,223.684,0.686981,0.980615,0.343357,11,1,262,218,-4862.48,1,0,0,3.51344,7.14944,1790.21,879.763,2140.07,-17261.6,223.684,0.578269,0.980615,0.343357,0,1,249,205,-5762.83,1,0,0
128,0.331021,10.3459,0.206669,5443.99,11743.6,2744.67,0.956361,6.84089,5.83148,1.83929,38.7592,916999,9359.15,0.649666,0.671563,0.802979,8.31805,1.35438,0.0937131,0.757718,0.958927,2.88763,2.88763,3267.29,3267.29,27739.1,23670.6,335.673,0.602678,0.842167,0.471131,1,1,223,222,23670.6,1,1,0,2.61164,2.61164,3130.89,3130.89,29575.6,25386.3,290.917,0.6,0.840713,0.445841,0,0,227,226,25386.3,1,1,0,2.08596,2.08596,3015.3,3015.3,29794.1,25974,223.684,0.6,0.83783,0.396911,0,0,275,254,25974,1,1,0,2.11054,2.11054,2980.19,2980.19,30061,26339.3,223.684,0.502363,0.83783,0.399283,0,1,266,245,26339.3,1,1,0
129,0.476293,12.9206,0.283184,5569.6,8816.52,6691.56,1.02991,4.85809,13.7128,1.18549,51.0401,784534,8474.25,0.717179,0.514628,0.719786,8.07566,9.11124,0.0627638,1.90476,1.43394,4.10574,5.53486,2297.93,1704.6,16745.3,-2842.98,335.673,0.700428,0.936048,0.481357,9,1,154,131,8458.68,1,0,0,3.0769,4.22462,2657.46,1935.5,28330.7,8589.68,290.917,0.693483,0.935491,0.476882,9,1,193,174,19891.4,1,0,0,2.71394,3.87783,2317.59,1621.99,28978,9754.9,223.684,0.696722,0.934351,0.476504,9,1,189,159,21056.6,1,0,0,2.82145,2.82145,2229.29,2229.29,27975.4,20168.2,223.684,0.585044,0.934351,0.476599,0,1,179,149,20168.2,1,1,0
130,0.351178,13.753,0.128039,5583.83,10012.5,5044.37,0.918729,1.31902,10.1599,0.746718,69.3064,772680,8524.15,0.709378,0.828667,0.833246,18.3228,3.05894,0.0919817,0.605969,1.12382,5.1125,7.78189,1845.42,1212.39,-6491.7,-22636.9,335.673,0.843364,0.86554,0.667684,3,1,191,190,-12123.1,1,0,0,4.87956,7.59476,1675.72,1076.63,-4373.62,-20537.3,290.917,0.6,0.86454,0.657597,0,0,179,178,-10023.5,1,0,0,3.53565,5.73924,1778.97,1095.93,7970.07,-8335.32,223.684,0.615049,0.862482,0.574443,3,1,212,206,2178.5,1,0,0,3.84566,6.18875,1635.56,1016.33,5027.12,-11307.9,223.684,0.509681,0.862482,0.598261,0,1,190,184,-610.494,1,0,0
131,0.577536,18.3418,0.270332,5897.08,12488.3,6009.81,1.04684,2.38438,6.76439,1.78161,32.9273,987292,7415.59,0.746709,0.672285,0.934933,5.29979,12.2169,0.0577905,1.82954,0.611277,20.5291,20.5291,459.578,459.578,-87178.8,-92803.7,335.673,2.2659e-05,0.957742,0.855941,0,0,59,44,-92803.7,1,1,0,78.7288,78.7288,103.86,103.86,-204858,-206340,290.917,1.19717e-05,0.957467,0.940902,0,0,14,2,-206340,1,1,0,4.62885,4.62885,1358.83,1358.83,3674,-3286.1,223.684,0.6,0.956872,0.58174,0,0,229,205,-3286.1,1,1,0,4.62885,4.62885,1358.83,1358.83,3674,-3193.36,223.684,0.538918,0.956872,0.58174,0,0,229,205,-3193.36,1,1,0
132,0.474318,15.707,0.029495,5679.15,13075.8,6934.66,0.983964,7.91947,8.27417,1.91439,69.7585,779839,7763.68,0.670619,0.628387,0.751925,18.2018,6.07893,0.086972,0.867463,0.56967,4.48174,4.48174,2105.15,2105.15,-4911.64,-12548.8,335.673,1,0.863538,0.6284,6,1,178,177,-12548.8,1,1,0,4.12323,4.12323,1983.09,1983.09,-360.173,-8023.31,290.917,0.644385,0.862698,0.611572,6,1,175,174,-8023.31,1,1,0,3.45755,3.45755,1819.15,1819.15,7195.91,-457.866,223.684,0.63714,0.860934,0.576705,6,1,177,168,-457.866,1,1,0,3.70137,3.70137,1699.32,1699.32,4114.78,-3405.71,223.684,0.530182,0.860934,0.590743,0,1,161,152,-3405.71,1,1,0
133,0.404061,16.2848,0.0128873,5580.84,9844.19,5384.87,1.01746,5.07539,13.0074,0.649272,55.0378,948596,8113.24,0.624911,0.742654,0.759401,5.62137,11.5576,0.0780697,2.04469,1.49636,5.17718,7.57826,1822.37,1244.97,-15421.5,-32107,335.673,0.730984,0.982759,0.404066,12,1,179,132,-22225,1,0,0,4.39285,6.50003,1861.38,1257.96,-6041.08,-22828.7,290.917,0.6,0.982624,0.404061,0,0,188,147,-12946.7,1,0,0,3.53094,5.66194,1781.34,1110.89,3094.94,-13229.4,223.684,0.717518,0.982338,0.404061,12,1,216,166,-3347.44,1,0,0,3.66093,5.83236,1718.09,1078.43,1693.02,-14611.4,223.684,0.605431,0.982338,0.404061,1,1,205,155,-4630.91,1,0,0
134,0.477275,19.7958,0.216411,6258.97,10304.4,3081.64,0.905172,5.0889,13.7023,1.62752,58.0882,1.58876e+06,9331.96,0.714785,0.801655,0.839989,17.4025,10.4097,0.0830729,2.31187,1.06419,6.21538,10.5904,1517.96,890.873,-9545.22,-29932.1,335.673,0.709971,0.985674,0.477286,10,1,175,96,-13902.1,1,0,0,4.55875,7.57935,1793.64,1078.82,4858.64,-15680.1,290.917,0.623402,0.985581,0.477275,3,0,203,134,349.777,1,0,0,4.08461,7.76782,1539.88,809.726,6381.84,-13696.9,223.684,0.695289,0.985374,0.477275,10,1,212,130,2333.06,1,0,0,4.31557,8.22715,1457.47,764.519,4407.93,-15639,223.684,0.578304,0.985374,0.477275,0,1,200,118,468.413,1,0,0
135,0.306841,12.9421,0.228306,5188.53,9728.36,2512.89,1.03909,0.577309,10.1971,0.822521,58.2193,1.35041e+06,7750.48,0.722823,0.709221,0.731814,11.3862,12.4119,0.0987068,2.64203,0.718771,8.69578,8.69578,1084.98,1084.98,-31375,-34681.7,335.673,0.230447,0.979623,0.315303,0,0,146,112,-34681.7,1,1,0,19.9564,19.9564,409.731,409.731,-86987.8,-89155.3,290.917,0.154252,0.979427,0.674189,0,0,61,32,-89155.3,1,1,0,4.08954,4.08954,1538.02,1538.02,626.921,-2926.54,223.684,0.6,0.979024,0.306843,0,0,259,221,-2926.54,1,1,0,4.08954,4.08954,1538.02,1538.02,626.921,-2816.95,223.684,0.578197,0.979024,0.306843,0,0,259,221,-2816.95,1,1,0
136,0.587568,12.8403,0.252917,5705.04,14698.2,4984.61,0.999198,7.75193,9.80312,0.510083,32.8084,2.22112e+06,8006.58,0.706095,0.559833,0.768225,6.15808,7.71918,0.0526279,2.75579,1.23408,5.41221,7.01319,1743.23,1345.28,-7705.76,-19262.2,335.673,0.702998,0.984777,0.587568,8,1,188,149,-13934.8,1,0,0,5.06605,6.61619,1614.03,1235.87,-5591.11,-17151,290.917,0.6,0.98463,0.587568,0,0,177,143,-11823.5,1,0,0,3.83499,5.22889,1640.11,1202.9,3772.11,-7488.27,223.684,0.698177,0.98433,0.587568,8,1,213,171,-2160.81,1,0,0,3.94984,5.36744,1592.42,1171.85,2720.94,-8502.47,223.684,0.586182,0.98433,0.587568,0,1,204,162,-3112.63,1,0,0
137,0.444691,19.0802,0.0170453,6333.1,9333.64,7246.16,1.02505,7.14226,12.5073,0.890921,42.4885,1.96304e+06,9380.31,0.729477,0.868659,0.808353,16.9851,7.31947,0.0574563,0.723906,0.839875,4.54758,4.54758,2074.67,2074.67,-8322.68,-16650.4,335.673,0.717466,0.885727,0.666439,7,1,113,95,-16650.4,1,1,0,3.03334,3.03334,2695.62,2695.62,23430.1,14615.4,290.917,0.657651,0.885095,0.564939,7,1,162,148,14615.4,1,1,0,2.66637,2.66637,2358.94,2358.94,25502.2,16958.2,223.684,0.664627,0.88372,0.536248,7,1,164,125,16958.2,1,1,0,2.80968,2.80968,2238.62,2238.62,22889.6,14531.8,223.684,0.552397,0.88372,0.54848,0,1,152,113,14531.8,1,1,0
138,0.534821,10.9505,0.233072,5409.31,9282.26,5363.11,0.963134,4.38226,13.2619,1.78236,67.7649,970164,8362.22,0.655677,0.54514,0.785206,8.8466,1.4866,0.0539542,0.386981,0.95015,4.45519,4.45519,2117.69,2117.69,4997.15,-1033.78,335.673,0.611721,0.870918,0.630362,1,1,146,136,-1033.78,1,1,0,3.60325,3.60325,2269.27,2269.27,15234,8889.26,290.917,0.60116,0.869849,0.596227,1,1,168,161,8889.26,1,1,0,3.14068,3.14068,2002.69,2002.69,18397,12121.7,223.684,0.608862,0.867716,0.57901,1,1,165,138,12121.7,1,1,0,3.28911,3.28911,1912.31,1912.31,16679.2,10530,223.684,0.504762,0.867716,0.585142,0,1,155,128,10530,1,1,0
139,0.324819,16.7578,0.112962,5490.34,11115.2,4364.7,0.929164,2.47511,12.6485,0.711776,50.6134,1.37518e+06,8036.82,0.703547,0.887829,0.936381,18.1704,7.93958,0.0759818,0.145552,1.35582,4.82243,6.96567,1956.42,1354.46,-7226.55,-20761,335.673,1,0.864952,0.663025,8,1,218,217,-12227.8,1,0,0,5.59533,8.24942,1461.35,991.192,-15737.9,-28986.4,290.917,0.0211412,0.864105,0.695646,0,0,164,163,-20453.2,1,0,0,3.48876,5.34951,1802.88,1175.77,4343.47,-9299.95,223.684,0.64953,0.862304,0.578669,8,1,232,231,-766.718,1,0,0,3.68553,5.60969,1706.62,1121.24,2429.32,-11233.4,223.684,0.54364,0.862304,0.594771,0,1,215,214,-2532.89,1,0,0
140,0.445997,17.0549,0.0910013,5453.92,9325.14,2654.61,0.987086,5.58444,8.84428,0.696003,58.0258,1.39646e+06,8668.72,0.639577,0.676991,0.947148,16.2839,7.78569,0.0901404,2.16107,0.91593,3.78176,3.78176,2494.79,2494.79,3246.99,-741.926,335.673,0.665101,0.982378,0.445998,8,1,221,171,-741.926,1,1,0,3.51129,3.51129,2328.7,2328.7,5968.72,1924.19,290.917,0.6,0.982246,0.445997,0,0,211,168,1924.19,1,1,0,2.74142,2.74142,2294.36,2294.36,12184.6,8496.61,223.684,0.660578,0.981964,0.445997,8,1,266,214,8496.61,1,1,0,2.82382,2.82382,2227.41,2227.41,11517.8,7939.66,223.684,0.549425,0.981964,0.445997,0,1,251,199,7939.66,1,1,0
141,0.447212,9.17346,0.0519072,5094.86,9096.96,7074.9,1.0888,6.667,11.4193,1.60857,77.2434,1.29318e+06,8392.6,0.666966,0.878649,0.791007,19.7266,8.88313,0.0527412,0.560677,1.89988,4.23698,5.46415,2226.76,1726.66,-11662.4,-28119.4,335.673,1,0.896311,0.637395,9,1,132,118,-19584.9,1,0,0,4.07621,5.31139,2005.97,1539.47,-9381.07,-25810.9,290.917,1,0.895184,0.628961,9,1,121,111,-17276.4,1,0,0,3.94306,5.27831,1595.16,1191.63,-8582.37,-24762,223.684,0.665265,0.892971,0.623967,9,1,105,77,-16227.5,1,0,0,3.94306,5.27831,1595.16,1191.63,-8582.37,-24858.8,223.684,0.665265,0.892971,0.623967,9,1,105,77,-16217.6,1,0,0
142,0.581348,13.6188,0.298805,5944.84,8671.16,4135.78,0.945559,6.28897,13.5736,1.10954,32.3136,1.49338e+06,9314.9,0.636374,0.86586,0.806725,17.4781,2.70328,0.0889703,2.4005,0.970385,7.48499,7.48499,1260.48,1260.48,-17799.5,-22990.5,335.673,0.635133,0.989795,0.58135,3,1,131,52,-22990.5,1,1,0,4.75484,4.75484,1719.67,1719.67,6045.45,501.636,290.917,0.635855,0.989701,0.581348,3,1,156,88,501.636,1,1,0,4.33614,4.33614,1450.55,1450.55,6900.19,1802.24,223.684,0.635127,0.989506,0.581348,3,1,161,80,1802.24,1,1,0,4.6357,4.6357,1356.82,1356.82,4039.8,-946.956,223.684,0.526176,0.989506,0.581348,0,1,153,72,-946.956,1,1,0
143,0.471518,10.4067,0.0190991,5163.23,12481.2,6023.89,1.03517,7.81638,6.51761,0.722729,52.484,1.75481e+06,7566.39,0.62318,0.662507,0.984913,8.61442,8.01958,0.0716528,2.89445,1.92365,5.28268,6.97329,1785.97,1352.98,-23031.3,-34005,335.673,0.503812,0.983945,0.471519,0,0,184,143,-30098.3,1,0,0,5.24068,6.954,1560.25,1175.84,-23407.1,-34234.1,290.917,0.403503,0.983758,0.471519,0,0,160,125,-30327.4,1,0,0,3.6891,5.25156,1704.97,1197.7,-4682.54,-15564.1,223.684,0.6,0.983383,0.471518,0,0,224,181,-11657.3,1,0,0,3.6891,5.25156,1704.97,1197.7,-4682.54,-15661.2,223.684,0.5,0.983383,0.471518,0,0,224,181,-11565.2,1,0,0
144,0.442047,10.2245,0.248102,5583.84,12284.6,5971.19,0.909969,5.09484,8.88137,0.845001,48.0637,1.71133e+06,8981.1,0.605393,0.82001,0.826081,11.1382,6.90242,0.0970714,0.443894,1.69538,3.90225,5.16937,2417.76,1825.12,9960.92,-4111.91,335.673,0.0112901,0.887567,0.609384,0,0,210,185,3457.56,1,0,0,3.90207,5.20137,2095.49,1572.04,8687.92,-5373.95,290.917,0.00833923,0.886473,0.611115,0,0,182,163,2195.52,1,0,0,3.10384,4.39629,2026.46,1430.71,13963.1,-129.966,223.684,0.938396,0.884303,0.555851,7,1,215,164,7439.5,1,0,0,3.12817,4.42184,2010.7,1422.44,13766.5,-410.903,223.684,0.822892,0.884303,0.557784,4,1,212,161,7272.92,1,0,0
145,0.380093,13.5659,0.191848,6881.46,12551.1,3769.42,1.04362,2.5698,5.56619,1.6919,35.3225,1.28565e+06,7958.17,0.700714,0.535909,0.997561,15.4495,8.74769,0.0691348,0.849992,1.78185,4.63307,6.45543,2036.38,1461.52,9712.38,-4766.19,335.673,0.208838,0.821791,0.585496,0,0,240,239,5231.05,1,0,0,8.12057,11.7487,1006.92,695.971,-21912.3,-35934.2,290.917,0.00474414,0.820586,0.688802,0,0,117,116,-25936.9,1,0,0,2.70727,4.09766,2323.3,1534.98,21733.8,6995.05,223.684,0.6,0.818117,0.467623,0,0,343,342,16992.3,1,0,0,2.70727,4.09766,2323.3,1534.98,21733.8,6760.15,223.684,0.5,0.818117,0.467623,0,0,343,342,17062.9,1,0,0
146,0.399471,11.4732,0.220524,6744.11,13413.1,2818.89,0.947687,3.98342,9.08877,1.4349,77.5397,1.80757e+06,9013.34,0.731291,0.533094,0.916981,9.74097,9.58715,0.0992299,1.57219,1.52655,4.60054,6.27452,2050.79,1503.65,9446.96,-6813.34,335.673,0.539563,0.930019,0.423741,0,0,211,191,5346.64,1,0,0,4.85658,6.68534,1683.64,1223.09,5359.87,-10685.3,290.917,0.390723,0.929337,0.432199,0,0,173,157,1474.67,1,0,0,3.03398,4.54774,2073.12,1383.06,18882.3,2861.94,223.684,0.603726,0.927963,0.401557,1,0,277,247,15021.9,1,0,0,3.07391,4.58371,2046.19,1372.21,18713.4,2652.07,223.684,0.558515,0.927963,0.401775,0,1,270,240,14958,1,0,0
147,0.456202,17.5527,0.213515,5479.82,10284.5,4425,0.990303,6.53054,12.7228,1.64139,78.073,1.18423e+06,9095.44,0.647163,0.642383,0.742481,13.1976,5.6985,0.0778261,1.29165,1.20905,4.90377,6.63832,1923.97,1421.25,-3090.87,-20864.3,335.673,0.64037,0.943573,0.483303,6,1,139,102,-8983.05,1,0,0,3.42191,4.69718,2389.53,1740.78,15715.3,-2345.42,290.917,0.656867,0.943193,0.459365,6,1,187,156,9535.87,1,0,0,3.08165,4.45895,2041.05,1410.6,16497.6,-1017.11,223.684,0.656452,0.942375,0.457753,6,1,185,140,10864.2,1,0,0,3.22234,4.64277,1951.94,1354.75,14936.2,-2521.77,223.684,0.550665,0.942375,0.458401,0,1,174,129,9428.41,1,0,0
148,0.431673,18.8913,0.25753,5650.46,14429,4085.66,0.973551,2.12274,6.97028,0.64666,45.5744,2.0032e+06,9098.45,0.664385,0.743914,0.730182,8.56471,7.55269,0.0994997,1.27782,1.06534,13.3205,21.0126,708.284,449.003,-61359.4,-73232.8,335.673,3.14885e-05,0.947983,0.790044,0,0,93,76,-65488.7,1,0,0,82.5048,861.232,99.1064,9.49425,-234625,-241143,290.917,1.14155e-05,0.94765,0.933734,0,0,14,1,-233399,1,0,0,4.45906,7.29775,1410.57,861.883,-953.202,-13654,223.684,0.664843,0.946926,0.460732,8,1,231,200,-5909.91,1,0,0,4.67691,7.59165,1344.87,828.517,-2569.68,-15237.7,223.684,0.54834,0.946926,0.468222,0,1,216,185,-7394.6,1,0,0
149,0.306484,17.6326,0.0551376,5926.76,13132.4,6001.28,0.922568,1.85127,10.4189,1.18716,77.3358,2.19656e+06,9133.39,0.600532,0.503728,0.705673,14.9443,6.13627,0.0815943,0.651317,1.10331,5.17416,7.68156,1823.43,1228.23,-13024.6,-26986.7,335.673,0.107918,0.787038,0.579338,0,0,223,222,-19346.5,1,0,0,21.6923,40.0114,376.943,204.361,-143063,-155010,290.917,3.35342e-05,0.785935,0.740814,0,0,45,44,-147370,1,0,0,3.19271,5.01987,1970.05,1252.98,5251.58,-9070.85,223.684,0.618788,0.783573,0.468549,6,1,278,277,-1430.65,1,0,0,3.50695,5.46853,1793.53,1150.18,1973.73,-12310.9,223.684,0.516593,0.783573,0.491708,0,1,247,246,-4540.19,1,0,0
150,0.547888,11.1924,0.000247385,6611.12,13633,6598.91,0.969116,5.79868,5.36586,1.69566,31.7587,1.1921e+06,8836.26,0.661928,0.70607,0.932151,10.132,10.9514,0.0673168,2.66765,0.402909,5.40611,5.40611,1745.19,1745.19,-9681.65,-17381.1,335.673,0.622149,0.986935,0.547888,2,0,201,146,-17381.1,1,1,0,5.43155,5.43155,1505.42,1505.42,-10586.6,-18120.1,290.917,0.472549,0.986792,0.547888,0,0,173,125,-18120.1,1,1,0,3.82526,3.82526,1644.28,1644.28,5079.26,-2421.29,223.684,0.640769,0.986503,0.547888,4,0,237,179,-2421.29,1,1,0,3.85193,3.85193,1632.9,1632.9,4845.28,-2570.95,223.684,0.608116,0.986503,0.547888,1,1,234,176,-2570.95,1,1,0
151,0.568848,11.2896,0.179559,6536.04,13046.7,3612.23,0.970025,3.55542,13.9765,0.898689,79.0448,1.92703e+06,7684.81,0.642198,0.890259,0.757402,5.82767,11.3535,0.0901704,2.04477,0.42879,15.549,15.549,606.773,606.773,-57232.1,-61365.1,335.673,0.697476,0.99,0.58084,7,0,118,51,-61365.1,1,1,0,26.5617,26.5617,307.84,307.84,-87015.6,-90433.7,290.917,8.28916e-05,0.989936,0.738734,0,0,75,17,-90433.7,1,1,0,8.15482,8.15482,771.3,771.3,-20196,-24579,223.684,0.732106,0.989717,0.568868,11,1,163,93,-24579,1,1,0,8.68064,8.68064,724.579,724.579,-22955.7,-27196.5,223.684,0.616193,0.989717,0.568893,2,1,154,84,-27196.5,1,1,0
152,0.342075,11.0567,0.106158,5320.13,10509.2,5141.16,1.00442,6.53256,13.2,0.753783,71.7966,1.97014e+06,7503.81,0.68613,0.843378,0.886527,19.5166,4.80824,0.074348,0.461605,0.0683237,4.73261,4.73261,1993.55,1993.55,-14726,-20542.3,335.673,1,0.868988,0.648137,5,1,149,148,-20542.3,1,1,0,3.89098,3.89098,2101.46,2101.46,-2601.44,-8616.83,290.917,0.626932,0.867793,0.596082,5,1,170,169,-8616.83,1,1,0,3.18663,3.18663,1973.81,1973.81,5215.29,-860.559,223.684,0.636494,0.865403,0.539409,5,1,180,167,-860.559,1,1,0,3.38024,3.38024,1860.76,1860.76,2437.82,-3447.11,223.684,0.525401,0.865403,0.55746,0,1,164,151,-3447.11,1,1,0
153,0.466211,9.62046,0.0371362,5316.91,9981.23,2703.04,1.09447,1.14947,10.2441,1.07268,40.7165,1.48615e+06,8081.53,0.736278,0.592988,0.839048,17.6586,4.3741,0.0654404,0.0133171,1.49112,6.57734,9.79159,1434.43,963.553,-34900,-49745.4,335.673,0.639579,0.863026,0.690031,4,1,144,143,-38235.5,1,0,0,4.84716,7.32521,1686.92,1116.25,-14469.4,-29939,290.917,0.6,0.86172,0.630105,0,0,180,179,-18429.1,1,0,0,3.46998,5.44978,1812.64,1154.14,417.81,-14948.5,223.684,0.623981,0.859149,0.561958,4,1,216,215,-3438.65,1,0,0,3.66284,5.71834,1717.19,1099.94,-1824.54,-17126,223.684,0.522284,0.859149,0.573028,0,1,201,200,-5503.49,1,0,0
154,0.332573,19.3256,0.0558416,5842.32,10957.6,3571.28,0.994004,2.68557,12.0579,1.00007,59.9774,881621,8390.14,0.675923,0.711228,0.939099,9.55575,9.8182,0.0739168,2.28805,0.249727,5.96458,5.96458,1581.79,1581.79,-15695.2,-20238.5,335.673,0.407815,0.979502,0.332798,0,0,196,153,-20238.5,1,1,0,6.92043,6.92043,1181.54,1181.54,-24329.8,-28607.8,290.917,0.243632,0.979365,0.33371,0,0,148,111,-28607.8,1,1,0,3.72575,3.72575,1688.2,1688.2,3751.02,-816.432,223.684,0.607745,0.979065,0.332573,2,0,267,220,-816.432,1,1,0,3.78594,3.78594,1661.36,1661.36,3288.94,-1168.59,223.684,0.559285,0.979065,0.332573,0,1,260,213,-1168.59,1,1,0
155,0.501672,12.8246,0.0995248,6657.28,8679.21,6308.81,1.08289,2.1448,6.03916,0.778209,69.915,1.92927e+06,8005.24,0.70133,0.568564,0.912786,6.94437,11.0622,0.0935956,0.0475729,1.1643,3.79795,5.56768,2484.16,1694.55,13166.6,-8219.24,335.673,0.692174,0.863485,0.593049,11,1,225,224,5520.8,1,0,0,3.63768,5.43594,2247.79,1504.2,13702.2,-7687.52,290.917,0.6,0.862496,0.586238,0,0,210,209,6052.52,1,0,0,2.5709,4.22945,2446.54,1487.15,22349,1115.49,223.684,0.666294,0.860484,0.536002,11,1,283,282,14855.5,1,0,0,2.65801,4.29834,2366.36,1463.31,21891.7,574.118,223.684,0.55894,0.860484,0.539931,0,1,265,264,14540.3,1,0,0
156,0.38437,10.6963,0.02107,6678.84,11159,6466.99,0.992312,5.58295,13.4521,1.93092,45.9649,1.36122e+06,8884.41,0.705822,0.605304,0.672312,16.0284,1.14125,0.0866154,2.64125,0.275846,5.08633,5.08633,1854.91,1854.91,-6713.15,-14461.1,335.673,0.604042,0.979496,0.384372,1,1,161,119,-14461.1,1,1,0,3.72854,3.72854,2193.02,2193.02,11699,3664.48,290.917,0.601982,0.979263,0.38437,1,1,199,162,3664.48,1,1,0,3.24183,3.24183,1940.21,1940.21,15260.5,7727.82,223.684,0.606386,0.978797,0.38437,1,1,201,156,7727.82,1,1,0,3.38388,3.38388,1858.76,1858.76,13490.6,6066.65,223.684,0.500995,0.978797,0.38437,0,1,190,145,6066.65,1,1,0
157,0.497827,18.1601,0.017074,5286.2,8301.99,6382.02,0.921509,6.07463,12.1526,1.22465,47.6876,1.06211e+06,8844.89,0.622865,0.8692,0.76845,8.31009,6.55667,0.0586884,1.58828,0.133093,5.32392,5.32392,1772.14,1772.14,-22987.4,-30269.1,335.673,0.68447,0.960286,0.53202,7,1,149,68,-30269.1,1,1,0,3.6843,3.6843,2219.35,2219.35,-95.6009,-7739.5,290.917,0.665963,0.960019,0.501655,7,1,186,116,-7739.5,1,1,0,3.43896,3.43896,1828.99,1828.99,1811.05,-5459.69,223.684,0.66474,0.959442,0.500319,7,1,191,102,-5459.69,1,1,0,3.61055,3.61055,1742.07,1742.07,-357.702,-7500.03,223.684,0.561616,0.959442,0.501428,0,1,181,92,-7500.03,1,1,0
158,0.518098,12.7903,0.274808,6125.56,8027.62,3211.94,0.946031,3.64802,6.19967,1.41211,61.4486,1.68998e+06,9343.85,0.651986,0.899111,0.832035,14.0818,5.0005,0.0919299,2.79026,1.06719,5.59637,10.8709,1685.86,867.888,-2269.52,-27332.3,335.673,0.649012,0.988774,0.518099,5,1,178,99,-6767.05,1,0,0,4.34824,8.29618,1880.48,985.605,8686.03,-16578.8,290.917,0.6,0.988664,0.518098,0,0,197,128,3986.41,1,0,0,3.56766,8.26782,1763,760.758,12155.4,-12648.7,223.684,0.634542,0.988439,0.518098,5,1,228,147,7916.49,1,0,0,3.7149,8.51468,1693.13,738.702,10972.4,-13900.4,223.684,0.535333,0.988439,0.518098,0,1,216,135,6840.28,1,0,0
159,0.530594,8.4214,0.0936308,5373.04,14520.5,5255.17,0.981504,3.82424,14.8069,0.68166,37.3547,1.40541e+06,8201.15,0.616972,0.597024,0.931274,16.6862,10.9648,0.0715709,2.31557,1.74619,8.40048,12.0816,1123.12,780.913,-38048.8,-49289.9,335.673,0.754606,0.984826,0.530619,11,1,151,109,-44423.4,1,0,0,9.67831,14.3637,844.854,569.265,-47160,-57893.2,290.917,0.409433,0.984614,0.530752,0,0,116,80,-53026.7,1,0,0,5.22887,7.91206,1202.9,794.965,-11921.5,-22930.1,223.684,0.731558,0.984199,0.530594,11,1,189,144,-18063.6,1,0,0,5.44338,5.44338,1155.5,1155.5,-13709.1,-19736.5,223.684,0.614417,0.984199,0.530594,2,1,180,135,-19736.5,1,1,0
160,0.332322,9.9433,0.294669,6326.59,12825.4,4613.54,0.965074,1.05626,5.2253,1.41505,35.9105,881359,8971.46,0.666112,0.584827,0.89991,9.08636,2.86603,0.0541434,2.68303,0.712029,7.82153,7.82153,1206.25,1206.25,-11042.9,-16164.7,335.673,0.0886151,0.97729,0.333699,0,0,164,127,-16164.7,1,1,0,21.9621,21.9621,372.312,372.312,-72421.8,-76733.4,290.917,0.000529155,0.977016,0.67142,0,0,59,27,-76733.4,1,1,0,3.82824,3.82824,1643,1643,12150.7,6820.96,223.684,0.582819,0.97647,0.332322,0,0,275,234,6820.96,1,1,0,3.82824,3.82824,1643,1643,12150.7,6832.9,223.684,0.5,0.97647,0.332322,0,0,275,234,6832.9,1,1,0
161,0.574804,15.671,0.28931,6740.58,11932.9,7457.43,1.07317,5.61462,11.2851,1.33298,42.4903,2.22551e+06,8882.4,0.733093,0.653544,0.842291,9.26955,11.1172,0.0573586,2.23145,1.83846,6.05577,6.05577,1557.97,1557.97,-3664.96,-12693,335.673,0.750812,0.986137,0.574804,11,1,149,112,-12693,1,1,0,4.54028,4.54028,1800.94,1800.94,10678.6,1524.63,290.917,0.738905,0.986025,0.574804,11,1,178,146,1524.63,1,1,0,4.0559,4.0559,1550.78,1550.78,11625.7,3006.63,223.684,0.74694,0.985789,0.574804,11,1,174,135,3006.63,1,1,0,4.21825,4.21825,1491.09,1491.09,9984.78,1484.28,223.684,0.631025,0.985789,0.574804,3,1,166,127,1484.28,1,1,0
162,0.369064,17.3949,0.0427714,5910.69,10387.7,5770.35,1.03573,7.93854,6.71755,1.89789,67.063,1.11699e+06,9377.5,0.67214,0.678343,0.932931,5.92419,9.59829,0.0533082,1.72985,0.0206143,2.8189,2.8189,3346.94,3346.94,24894.2,17592.3,335.673,0.674677,0.937714,0.371717,9,0,241,211,17592.3,1,1,0,2.79678,2.79678,2923.64,2923.64,24318.9,17134.5,290.917,0.579917,0.937288,0.371655,0,0,210,184,17134.5,1,1,0,2.24842,2.24842,2797.43,2797.43,25605.2,18701.5,223.684,0.6,0.936375,0.369509,0,0,267,229,18701.5,1,1,0,2.24842,2.24842,2797.43,2797.43,25605.2,18810.5,223.684,0.522574,0.936375,0.369509,0,0,267,229,18810.5,1,1,0
163,0.311224,10.5312,0.214477,5242.55,11993.8,7176.01,1.01566,6.22337,12.1926,1.11848,48.33,1.51645e+06,8947.23,0.668423,0.535699,0.802225,9.79772,11.9581,0.0838294,0.519181,0.931478,3.30378,3.30378,2855.73,2855.73,15487.6,6752.38,335.673,0.6762,0.807361,0.47443,12,1,206,205,6752.38,1,1,0,2.6314,2.6314,3107.37,3107.37,22776.4,13849.9,290.917,0.6,0.805715,0.418098,0,0,247,246,13849.9,1,1,0,2.13535,2.13535,2945.56,2945.56,24895.6,16521.4,223.684,0.683191,0.802448,0.376348,12,1,273,272,16521.4,1,1,0,2.19964,2.19964,2859.48,2859.48,24706,16453.9,223.684,0.572528,0.802448,0.382058,0,1,257,256,16453.9,1,1,0
164,0.466456,19.0087,0.180241,6134.47,14241,3226.75,0.998246,1.7849,5.70406,1.67309,55.3679,1.75093e+06,7967.15,0.631399,0.559083,0.669481,13.9618,13.8732,0.0628782,2.18294,0.293529,72.4897,72.4897,130.153,130.153,-199745,-200037,335.673,1.1122e-05,0.97936,0.941891,0,0,30,1,-200037,1,1,0,72.4656,72.4656,112.836,112.836,-189742,-189939,290.917,1.11832e-05,0.979221,0.942146,0,0,26,1,-189939,1,1,0,5.08781,5.08781,1236.25,1236.25,-3807.31,-7986.32,223.684,0.688267,0.978918,0.466457,11,0,246,213,-7986.32,1,1,0,5.234,5.234,1201.72,1201.72,-4755.58,-8822.45,223.684,0.608702,0.978918,0.466457,2,1,237,204,-8822.45,1,1,0
165,0.411277,18.212,0.207194,5827.55,12566.7,4754.37,0.979454,4.98498,5.81101,0.956271,39.7725,922634,7430.54,0.646533,0.669931,0.954688,7.33695,7.19522,0.0548175,1.77692,0.631561,5.37002,5.37002,1756.92,1756.92,-2835.23,-8320.35,335.673,0.224851,0.940964,0.477223,0,0,197,177,-8320.35,1,1,0,6.27738,6.27738,1302.57,1302.57,-11324.5,-16628.9,290.917,0.142183,0.940578,0.524657,0,0,146,130,-16628.9,1,1,0,3.5507,3.5507,1771.43,1771.43,10020.2,4424.26,223.684,0.6,0.939743,0.420321,0,0,254,223,4424.26,1,1,0,3.5507,3.5507,1771.43,1771.43,10020.2,4460.96,223.684,0.5,0.939743,0.420321,0,0,254,223,4460.96,1,1,0
166,0.548937,18.1806,0.0288573,6550.87,12217.4,6358.04,1.02244,2.35965,9.66292,1.36841,39.7053,1.85912e+06,9336.33,0.74049,0.594168,0.834308,19.2962,10.0923,0.0682835,1.36397,0.0474635,5.62999,5.62999,1675.79,1675.79,-14731.4,-22527.3,335.673,0.695342,0.949653,0.565737,10,1,182,165,-22527.3,1,1,0,5.56588,5.56588,1469.08,1469.08,-14756.3,-22472.2,290.917,0.6,0.949327,0.565164,0,0,163,149,-22472.2,1,1,0,3.8611,3.8611,1629.02,1629.02,2986.15,-4450,223.684,0.711981,0.948623,0.550631,10,1,209,183,-4450,1,1,0,4.00645,4.00645,1569.92,1569.92,1373.23,-5947.42,223.684,0.597995,0.948623,0.551171,0,1,199,173,-5947.42,1,1,0
167,0.542475,10.7319,0.056568,5705,11221.4,4339.29,0.924921,0.241412,14.9401,1.89046,62.5226,1.72243e+06,8832.14,0.645449,0.837974,0.932941,15.8362,10.2295,0.0933483,1.67577,0.070695,10.8559,10.8559,869.088,869.088,-56501.1,-61036.5,335.673,0.000105585,0.964934,0.724338,0,0,126,72,-61036.5,1,1,0,29.9242,29.9242,273.249,273.249,-137945,-141035,290.917,3.75197e-05,0.964555,0.913694,0,0,49,3,-141035,1,1,0,6.23858,6.23858,1008.21,1008.21,-19742.4,-24487.7,223.684,0.681051,0.963797,0.578515,10,1,173,108,-24487.7,1,1,0,6.53211,6.53211,962.906,962.906,-21963.1,-26650.4,223.684,0.610027,0.963797,0.586642,2,1,165,100,-26650.4,1,1,0
168,0.395142,8.60643,0.0229916,6665.92,10419.9,5662.54,0.932507,1.43858,7.76516,1.43761,35.4188,1.49063e+06,9025.21,0.709708,0.800619,0.787229,8.05851,11.9795,0.0814364,0.696769,1.42563,4.69137,6.86719,2011.08,1373.88,-1612.22,-21613.5,335.673,0.73931,0.878944,0.641599,12,1,188,187,-8155.01,1,0,0,4.29146,6.40734,1905.35,1276.16,2762.76,-17337.5,290.917,0.6,0.877576,0.619734,0,0,185,184,-3879,1,0,0,3.20821,5.0735,1960.53,1239.74,14052.9,-5970.04,223.684,0.729146,0.874909,0.542618,12,1,220,199,7488.45,1,0,0,3.31384,5.19903,1898.04,1209.81,12921.3,-7172.8,223.684,0.608809,0.874909,0.55167,1,1,209,188,6460.64,1,0,0
169,0.58587,18.4091,0.18124,5585.2,12889.8,5058.51,0.960623,0.820749,11.1253,1.56674,63.392,1.54249e+06,8986.49,0.606321,0.714535,0.855993,12.9593,7.73563,0.0743114,1.21328,1.30908,51.8263,218.163,182.045,43.2461,-188586,-198108,335.673,2.10636e-05,0.960779,0.933485,0,0,31,1,-190917,1,0,0,53.8887,338.764,151.734,24.137,-182617,-191921,290.917,2.08945e-05,0.960524,0.934788,0,0,26,1,-184730,1,0,0,4.82157,9.22807,1304.52,681.596,-4235.03,-16841.9,223.684,0.194775,0.95997,0.590935,0,0,238,196,-9650.64,1,0,0,4.82157,9.22807,1304.52,681.596,-4235.03,-16841.9,223.684,0.194775,0.95997,0.590935,0,0,238,196,-9650.64,1,0,0
170,0.387275,11.6696,0.295977,5376.35,14866.9,7459.65,0.934237,1.56746,10.186,1.81398,50.0351,2.18219e+06,8871.52,0.619247,0.673052,0.765883,10.8716,2.39942,0.0866597,0.372593,0.416671,25.7184,25.7184,366.847,366.847,-123443,-129574,335.673,2.65352e-05,0.853488,0.818163,0,0,47,46,-129574,1,1,0,515.645,515.645,15.8573,15.8573,-341428,-337378,290.917,1.68615e-05,0.852278,0.851442,0,0,2,1,-337378,1,1,0,3.90364,3.90364,1611.27,1611.27,2153.27,-5684.89,223.684,0.724891,0.849845,0.578526,2,1,253,252,-5684.89,1,1,0,3.92688,3.92688,1601.73,1601.73,1981.55,-5835.97,223.684,0.59475,0.849845,0.58003,0,1,251,250,-5835.97,1,1,0
171,0.454517,15.427,0.201595,5644.13,10973.3,3369.36,1.03542,6.36484,13.4212,1.88814,63.5635,2.11635e+06,8902.95,0.646722,0.832395,0.793351,10.7353,13.7317,0.0537948,1.22931,1.8023,6.65764,9.17334,1417.13,1028.49,-29705.7,-45992.1,335.673,0.751684,0.955864,0.56593,14,1,113,73,-33996.3,1,0,0,4.07431,5.63443,2006.9,1451.21,2643.57,-14228.3,290.917,0.72851,0.955521,0.466976,12,0,173,139,-2232.44,1,0,0,3.60314,5.2851,1745.65,1190.1,5311.62,-11231.7,223.684,0.755915,0.954799,0.460644,14,1,177,129,764.175,1,0,0,3.75308,5.4786,1675.91,1148.07,3514.89,-12935.7,223.684,0.634374,0.954799,0.462567,4,1,167,119,-867.014,1,0,0
172,0.37679,17.1196,0.213228,5155.96,10745.4,7176.74,0.904954,2.34266,7.8859,0.812412,49.0865,917975,9258.92,0.735213,0.566398,0.701589,13.3998,1.73889,0.0941386,1.4008,1.37595,3.79167,5.66706,2488.28,1664.83,7324.78,-8678.83,335.673,0.612487,0.927839,0.391524,2,1,252,223,-1167.02,1,0,0,3.87122,5.8656,2112.19,1394.02,5835.95,-10038.6,290.917,0.508795,0.927348,0.393827,0,0,216,192,-2526.78,1,0,0,2.6778,4.4994,2348.87,1397.92,14349.1,-1325.85,223.684,0.610969,0.926298,0.378368,2,1,299,258,6185.96,1,0,0,2.77145,4.59553,2269.5,1368.68,13806.3,-1917.34,223.684,0.506239,0.926298,0.378857,0,1,282,241,5740.82,1,0,0
173,0.580813,9.53952,0.295376,5598.77,10996.8,4507.85,0.932035,6.05632,10.5494,0.793757,72.3026,1.30313e+06,9228.22,0.632894,0.854955,0.909561,6.62226,13.5109,0.0588868,2.57332,0.672346,9.67734,9.67734,974.928,974.928,-29428.5,-35008.7,335.673,0.802033,0.99,0.580858,14,1,133,54,-35008.7,1,1,0,6.22508,6.22508,1313.52,1313.52,-8550.89,-14339.8,290.917,0.716205,0.99,0.580813,10,0,162,93,-14339.8,1,1,0,5.30733,5.30733,1185.12,1185.12,-2794.17,-8211.16,223.684,0.767283,0.989844,0.580813,14,1,178,97,-8211.16,1,1,0,5.63128,5.63128,1116.94,1116.94,-4944.38,-10237.7,223.684,0.642397,0.989844,0.580813,4,1,168,87,-10237.7,1,1,0
174,0.349382,17.3701,0.203403,6279.83,10978.8,4839.96,1.08052,7.5909,14.5062,1.32571,32.7778,1.52516e+06,8158.45,0.709012,0.519631,0.7481,8.2297,4.31966,0.0510691,1.58154,0.815306,3.09672,3.09672,3046.68,3046.68,30655.8,24267.5,335.673,0.636057,0.918619,0.354605,4,1,222,213,24267.5,1,1,0,2.6794,2.6794,3051.71,3051.71,33670.2,27115.1,290.917,0.6,0.918078,0.351282,0,0,240,233,27115.1,1,1,0,2.31251,2.31251,2719.91,2719.91,33371.5,27358.6,223.684,0.630767,0.91692,0.349996,4,1,244,228,27358.6,1,1,0,2.37052,2.37052,2653.34,2653.34,33172.2,27262.6,223.684,0.532265,0.91692,0.350145,0,1,233,217,27262.6,1,1,0
175,0.313473,19.2621,0.0120545,5348.97,14934.4,5143.01,1.09951,4.59418,8.32586,1.99327,74.6649,2.12996e+06,7461.92,0.625129,0.869358,0.755606,7.2452,7.40229,0.068118,2.72661,0.585112,23.5097,23.5097,401.311,401.311,-137156,-141567,335.673,4.00181e-05,0.982659,0.800074,0,0,64,31,-141567,1,1,0,54.7009,54.7009,149.481,149.481,-213464,-215610,290.917,2.01782e-05,0.982542,0.948424,0,0,30,1,-215610,1,1,0,6.3405,6.3405,992.005,992.005,-24506,-30625.7,223.684,0.6,0.982286,0.314399,0,0,185,147,-30625.7,1,1,0,6.3405,6.3405,992.005,992.005,-24506,-30543.2,223.684,0.5,0.982286,0.314399,0,0,185,147,-30543.2,1,1,0
176,0.430529,16.7405,0.260102,5293.39,12947.4,3826.83,0.997518,3.88327,9.39406,1.23523,43.4331,1.97484e+06,7477.36,0.691926,0.555524,0.773966,7.60969,13.3586,0.0529224,2.90375,1.6612,7.20274,10.2423,1309.88,921.148,-21819.5,-32523.8,335.673,0.265264,0.978121,0.430705,0,0,172,140,-26358.4,1,0,0,15.625,25.1456,523.312,325.177,-72108.3,-81970.9,290.917,0.0693648,0.977956,0.503091,0,0,74,46,-75805.4,1,0,0,3.8755,5.94393,1622.97,1058.19,1486.37,-9451.27,223.684,0.708382,0.977603,0.430529,13,1,266,230,-3285.8,1,0,0,4.00178,6.09279,1571.75,1032.34,572.547,-10349.9,223.684,0.593593,0.977603,0.430529,0,1,253,217,-4090.01,1,0,0
177,0.597713,13.2947,0.109403,5331.18,10514.3,7318.29,0.999074,6.00102,13.8881,0.996357,32.1271,1.32972e+06,8293.28,0.688024,0.82484,0.801244,14.8283,9.79659,0.0583539,0.146963,0.98792,3.89968,3.89968,2419.35,2419.35,1804.9,-6398.1,335.673,1,0.916632,0.663724,10,1,191,161,-6398.1,1,1,0,3.74858,3.74858,2181.29,2181.29,3026.86,-5140.1,290.917,1,0.915993,0.658303,9,0,176,152,-5140.1,1,1,0,3.60546,3.60546,1744.52,1744.52,2897.97,-5045.82,223.684,1,0.914684,0.65428,10,1,158,110,-5045.82,1,1,0,3.62232,3.62232,1736.4,1736.4,2672.99,-5249.58,223.684,1,0.914684,0.654999,9,1,157,109,-5249.58,1,1,0
178,0.567503,18.5201,0.00130909,5232.61,10600.5,7057.44,1.05468,0.776721,8.32499,1.30589,58.1202,2.07932e+06,9069.96,0.693292,0.507218,0.851657,19.9425,8.6123,0.0869499,1.79143,0.270615,5.74738,5.74738,1641.57,1641.57,-27845.9,-36173.6,335.673,0.67783,0.944418,0.579977,9,1,190,184,-36173.6,1,1,0,7.57441,7.57441,1079.52,1079.52,-48111.8,-55663.3,290.917,0.337752,0.944072,0.611382,0,0,125,121,-55663.3,1,1,0,3.8479,3.8479,1634.61,1634.61,-7709.99,-15808,223.684,0.680125,0.94332,0.568489,9,1,221,206,-15808,1,1,0,4.01371,4.01371,1567.08,1567.08,-9635.84,-17600.7,223.684,0.570642,0.94332,0.568874,0,1,209,194,-17600.7,1,1,0
179,0.524582,14.3295,0.15217,6665.44,11015.6,7364.53,0.907238,3.4257,8.80674,0.596594,41.2177,1.31724e+06,9095.22,0.642941,0.826031,0.888982,14.7666,5.23661,0.0702367,0.897701,0.403427,3.88383,3.88383,2429.23,2429.23,16788.3,8857.15,335.673,0.0284801,0.9008,0.638069,0,0,226,196,8857.15,1,1,0,3.96696,3.96696,2061.22,2061.22,14644.6,6724.19,290.917,0.0110511,0.900091,0.643811,0,0,192,169,6724.19,1,1,0,3.27422,3.27422,1921.01,1921.01,18671.1,10755.4,223.684,0.756868,0.898621,0.60611,5,1,213,155,10755.4,1,1,0,3.29456,3.29456,1909.15,1909.15,18492.3,10598.4,223.684,0.735881,0.898621,0.60733,3,1,211,153,10598.4,1,1,0
180,0.567238,16.9373,0.281105,6790.34,8256.99,7484.6,0.985404,3.9906,8.04119,0.76581,52.9602,1.15679e+06,8208.78,0.624315,0.733628,0.886491,19.7709,4.80128,0.0503449,2.55398,0.593158,5.27281,5.27281,1789.31,1789.31,9748.44,878.112,335.673,0.650247,0.987275,0.567238,5,1,176,120,878.112,1,1,0,4.20237,4.20237,1945.75,1945.75,19036.5,9968.63,290.917,0.6,0.987179,0.567238,0,0,196,147,9968.63,1,1,0,3.54956,3.54956,1772,1772,20652.8,12067.5,223.684,0.643949,0.986974,0.567238,5,1,213,155,12067.5,1,1,0,3.70722,3.70722,1696.64,1696.64,19472.1,10995.2,223.684,0.533945,0.986974,0.567238,0,1,201,143,10995.2,1,1,0
181,0.568034,17.8461,0.0771992,5176.9,11694.7,5849,0.919966,6.64841,13.0953,0.723381,70.1157,1.66484e+06,8003.22,0.732973,0.507614,0.798288,13.6551,1.42611,0.0821879,1.48223,0.806306,6.41992,6.41992,1469.6,1469.6,-35172.6,-42028.7,335.673,0.608041,0.944712,0.588985,1,1,134,95,-42028.7,1,1,0,4.44442,4.44442,1839.78,1839.78,-10798.9,-18074.7,290.917,0.604531,0.944355,0.570552,1,1,175,142,-18074.7,1,1,0,4.03092,4.03092,1560.39,1560.39,-6736.81,-13551,223.684,0.603072,0.943586,0.569366,1,1,171,123,-13551,1,1,0,4.24961,4.24961,1480.09,1480.09,-9369.13,-16055,223.684,0.504714,0.943586,0.570013,0,1,161,113,-16055,1,1,0
182,0.455658,16.9922,0.147454,6459.51,13679.7,4758.43,0.980185,6.51374,14.3039,0.541873,69.5773,1.28385e+06,8413.2,0.685417,0.809684,0.818662,9.24963,8.62232,0.0853556,0.234256,1.18528,4.33311,5.61378,2177.36,1680.64,8812.62,-5285.34,335.673,1,0.882732,0.646488,9,1,210,209,3261.76,1,0,0,4.51482,5.9041,1811.09,1384.93,5641.37,-8253.14,290.917,0.365461,0.882019,0.657013,0,0,176,175,293.964,1,0,0,4.02735,5.36988,1561.78,1171.31,9029.7,-4842.57,223.684,0.717983,0.880502,0.631749,9,1,163,153,3704.53,1,0,0,4.06495,4.06495,1547.33,1547.33,8619.57,3318.9,223.684,0.690305,0.880502,0.633988,7,1,161,151,3318.9,1,1,0
183,0.394779,11.4543,0.0521331,6418.3,12624,6753.67,1.09676,6.78612,11.311,1.58332,60.0193,1.68361e+06,9065.09,0.631806,0.540623,0.699112,18.0846,6.59132,0.0950982,0.64502,1.92833,4.4553,5.59933,2117.64,1684.97,75.3769,-16239.8,335.673,1,0.83016,0.580214,7,1,149,148,-7521.68,1,0,0,3.36265,4.27579,2431.64,1912.34,17165.9,588.672,290.917,0.635593,0.828812,0.51655,7,1,184,183,9306.83,1,0,0,2.74374,3.56183,2292.43,1765.89,23902.3,7295.25,223.684,0.649827,0.826113,0.475936,7,1,191,190,16013.4,1,0,0,2.90783,3.75882,2163.06,1673.35,21525.8,5056.04,223.684,0.542549,0.826113,0.487676,0,1,176,175,13851.9,1,0,0
184,0.531604,9.41413,0.0173078,6885.24,9388.95,2619.02,1.05073,5.58298,11.2363,0.988212,78.8936,1.36453e+06,8672.99,0.661999,0.715962,0.832527,6.00787,3.91592,0.0577301,2.02166,0.523857,7.26253,7.26253,1299.09,1299.09,-33636.1,-37503.2,335.673,0.644253,0.987032,0.531607,4,1,115,70,-37503.2,1,1,0,4.83599,4.83599,1690.81,1690.81,-2311.64,-6598.13,290.917,0.634179,0.986867,0.531604,4,1,151,112,-6598.13,1,1,0,4.11134,4.11134,1529.87,1529.87,5241.22,1455.71,223.684,0.634622,0.986539,0.531604,4,1,159,112,1455.71,1,1,0,4.31087,4.31087,1459.06,1459.06,2688.48,-960.675,223.684,0.53787,0.986539,0.531604,0,1,150,103,-960.675,1,1,0
185,0.498498,10.8601,0.0241635,5718.53,13096.2,6672.02,1.09701,4.24445,8.90004,0.752804,53.1876,1.94365e+06,7679.61,0.610064,0.632802,0.95697,6.53642,5.99478,0.0928583,0.238845,0.656807,5.14248,5.14248,1834.66,1834.66,-16415.3,-23516,335.673,0.000105237,0.875453,0.659582,0,0,199,198,-23516,1,1,0,5.78199,5.78199,1414.18,1414.18,-24753.4,-31781.1,290.917,8.5914e-05,0.874371,0.683857,0,0,154,153,-31781.1,1,1,0,3.3393,3.3393,1883.57,1883.57,2387.38,-4760.79,223.684,0.6,0.872215,0.576172,0,0,257,256,-4760.79,1,1,0,3.3393,3.3393,1883.57,1883.57,2387.38,-4754.17,223.684,0.5,0.872215,0.576172,0,0,257,256,-4754.17,1,1,0
186,0.412097,14.0345,0.218103,5606.43,13036.2,4986.43,1.04921,6.62303,5.12484,1.26837,31.9694,2.18147e+06,8124.47,0.671306,0.803667,0.811157,19.2144,13.2322,0.0854354,1.13724,0.047904,4.5364,4.5364,2079.78,2079.78,-1486.47,-7679.49,335.673,0.488027,0.951412,0.445067,0,0,198,171,-7679.49,1,1,0,4.6117,4.6117,1773.05,1773.05,-3808.3,-9837.18,290.917,0.373148,0.951001,0.448968,0,0,169,146,-9837.18,1,1,0,3.38365,3.38365,1858.88,1858.88,6847.56,859.817,223.684,0.6,0.95015,0.418752,0,0,226,190,859.817,1,1,0,3.38365,3.38365,1858.88,1858.88,6847.56,939.273,223.684,0.5,0.95015,0.418752,0,0,226,190,939.273,1,1,0
187,0.32834,14.0633,0.259222,5907.66,9837.77,5866.1,1.02162,6.98626,6.73938,0.985167,70.9713,1.15546e+06,8510.85,0.663584,0.841289,0.978305,14.7528,12.0292,0.0781811,2.61487,0.745104,4.19203,4.19203,2250.63,2250.63,12039,4958.23,335.673,0.475793,0.983091,0.328341,0,0,210,155,4958.23,1,1,0,4.1261,4.1261,1981.71,1981.71,11906.7,4919.9,290.917,0.403595,0.982939,0.328341,0,0,183,136,4919.9,1,1,0,3.11586,3.11586,2018.64,2018.64,16976.3,10075.6,223.684,0.6,0.982624,0.32834,0,0,247,190,10075.6,1,1,0,3.11586,3.11586,2018.64,2018.64,16976.3,10153.4,223.684,0.5,0.982624,0.32834,0,0,247,190,10153.4,1,1,0
188,0.524037,14.9917,0.0429897,6632.98,12360.1,4370.23,1.05084,3.84388,6.47438,1.08953,41.0647,1.51502e+06,8476.52,0.619909,0.685711,0.704524,18.9344,6.59529,0.0630885,0.0876042,1.35015,4.22763,5.76868,2231.68,1635.51,5026.52,-10760.4,335.673,0.000526905,0.88476,0.640134,0,0,228,227,133.249,1,0,0,4.51974,6.24016,1809.12,1310.34,360.145,-15401.1,290.917,7.59809e-05,0.884003,0.654511,0,0,186,185,-4507.38,1,0,0,3.21556,4.65921,1956.05,1349.97,13371,-2438.84,223.684,1,0.882424,0.591467,7,1,236,235,8454.86,1,0,0,3.23137,3.23137,1946.48,1946.48,13227.7,8338.89,223.684,0.87186,0.882424,0.592303,5,1,234,233,8338.89,1,1,0
189,0.378738,12.7412,0.0864956,6402.92,12276.6,4343.12,1.03182,7.8853,6.15882,0.973298,38.8119,1.83665e+06,9061.27,0.666656,0.803176,0.907918,6.9933,13.7394,0.0728921,2.0886,1.92612,4.15475,5.64201,2270.83,1672.22,5246.89,-11252.5,335.673,0.559158,0.983853,0.378738,0,0,210,160,-299.798,1,0,0,4.05962,5.53275,2014.16,1477.88,5316.35,-11075.9,290.917,0.467841,0.983695,0.378738,0,0,185,141,-123.246,1,0,0,3.14891,4.68433,1997.45,1342.73,12818.8,-3457.36,223.684,0.6,0.983371,0.378738,0,0,236,183,7495.32,1,0,0,3.14891,4.68433,1997.45,1342.73,12818.8,-3626.91,223.684,0.5,0.983371,0.378738,0,0,236,183,7576.97,1,0,0
190,0.581044,17.4427,0.0585088,5940.99,13878.5,2658.59,0.992813,6.99854,11.5405,0.505975,33.5005,987779,9264.34,0.69593,0.86665,0.897796,16.5239,7.00753,0.0599135,2.02645,1.48038,7.64622,7.64622,1233.91,1233.91,-31043,-34884.2,335.673,0.701751,0.989492,0.58105,7,1,150,86,-34884.2,1,1,0,5.76128,5.76128,1419.26,1419.26,-14294.2,-18336.7,290.917,0.62094,0.989414,0.581044,2,0,169,114,-18336.7,1,1,0,5.16486,5.16486,1217.81,1217.81,-8316.04,-11909.4,223.684,0.691686,0.989247,0.581044,7,1,173,107,-11909.4,1,1,0,5.38151,5.38151,1168.78,1168.78,-10169.9,-13656.5,223.684,0.588824,0.989247,0.581044,0,1,166,100,-13656.5,1,1,0
191,0.372291,18.9578,0.00805673,5532.83,8952.51,4618.95,0.958509,4.08376,6.36349,1.53249,46.395,1.94386e+06,7600.93,0.739274,0.77568,0.888535,8.52216,5.53884,0.0858847,0.962211,0.235993,3.38218,3.38218,2789.54,2789.54,3899.56,-2010.45,335.673,0.633246,0.858898,0.559027,6,1,241,240,-2010.45,1,1,0,3.30684,3.30684,2472.68,2472.68,3848.25,-2038.75,290.917,0.6,0.858132,0.553799,0,0,220,219,-2038.75,1,1,0,2.45084,2.45084,2566.39,2566.39,12673.1,6970.09,223.684,0.6,0.856467,0.475824,0,0,290,276,6970.09,1,1,0,2.46927,2.46927,2547.24,2547.24,12534.6,6952.45,223.684,0.528569,0.856467,0.477679,0,1,285,271,6952.45,1,1,0
192,0.336827,10.9607,0.166029,6400.08,9363.87,4541.77,1.00404,0.554301,5.85634,0.666036,46.3079,1.62446e+06,7848.82,0.705478,0.628796,0.882,10.1503,6.04297,0.0851795,0.33815,1.78008,4.36444,6.78222,2161.72,1391.1,6457.31,-11419,335.673,0.459966,0.834326,0.579422,0,0,244,243,902.306,1,0,0,5.28316,8.41017,1547.7,972.246,-3915.14,-21392.1,290.917,0.274074,0.832901,0.625959,0,0,175,174,-9070.82,1,0,0,2.60622,4.61242,2413.39,1363.67,18581.2,607.674,223.684,0.6,0.830058,0.447142,0,0,346,345,12929,1,0,0,2.60622,4.61242,2413.39,1363.67,18581.2,340.908,223.684,0.5,0.830058,0.447142,0,0,346,345,13051.8,1,0,0
193,0.549334,16.8383,0.209977,6629.3,11401.8,3623.96,0.951699,1.79594,8.82582,0.828714,45.1386,974611,8184.31,0.675365,0.685325,0.657808,18.4849,12.37,0.0595765,0.307222,1.67736,5.77287,5.77287,1634.32,1634.32,-246.288,-4327.79,335.673,7.1371e-05,0.889695,0.70865,0,0,194,193,-4327.79,1,1,0,10.0537,10.0537,813.311,813.311,-34063.6,-37862.9,290.917,3.79267e-05,0.889045,0.790168,0,0,96,95,-37862.9,1,1,0,3.95703,3.95703,1589.53,1589.53,12343.2,8200.36,223.684,1,0.887663,0.640819,12,1,217,215,8200.36,1,1,0,3.98423,3.98423,1578.68,1578.68,12144.3,8024.06,223.684,1,0.887663,0.642063,10,1,215,213,8024.06,1,1,0
194,0.345985,16.1357,0.194363,5812.15,8309.02,3736.62,0.997335,6.21119,7.49023,0.785476,59.6596,2.05234e+06,7992.8,0.715508,0.591999,0.909743,11.1688,4.48081,0.0626308,2.90768,0.378045,2.86822,2.86822,3289.4,3289.4,23719.3,18712.9,335.673,0.568247,0.976462,0.345985,0,0,267,226,18712.9,1,1,0,2.84718,2.84718,2871.87,2871.87,22730.8,17827.4,290.917,0.482198,0.976277,0.345985,0,0,232,196,17827.4,1,1,0,2.21126,2.21126,2844.44,2844.44,23786.9,19011.9,223.684,0.6,0.975886,0.345985,0,0,303,259,19011.9,1,1,0,2.21126,2.21126,2844.44,2844.44,23786.9,19108.8,223.684,0.5,0.975886,0.345985,0,0,303,259,19108.8,1,1,0
195,0.35378,14.2771,0.116416,6295.05,10909.2,5420.7,0.929227,0.889234,6.45861,0.997051,67.5771,1.39005e+06,8216.58,0.64199,0.683363,0.824889,15.058,3.88734,0.0950556,2.03075,1.86869,10.2178,19.2543,923.361,490.007,-39612.3,-55244.3,335.673,0.12579,0.980049,0.370167,0,0,142,90,-45433.9,1,0,0,43.5289,inf,187.846,-0.49641,-135284,-149223,290.917,1.54332e-05,0.979873,0.912689,0,0,46,1,-139413,1,0,0,4.20039,8.57858,1497.43,733.199,2176.39,-13891.4,223.684,0.6,0.979508,0.353781,0,0,275,219,-4080.96,1,0,0,4.20039,8.57858,1497.43,733.199,2176.39,-14091.5,223.684,0.5,0.979508,0.353781,0,0,275,219,-4021.6,1,0,0
196,0.479815,10.2624,0.166503,5812.62,13517.5,4088.86,1.01308,3.7584,6.46128,0.740297,76.8883,1.01493e+06,7481.44,0.700317,0.598356,0.833465,18.3091,13.4871,0.0735842,1.12797,1.4282,8.25986,11.2471,1142.24,838.857,-29981.5,-41218.3,335.673,0.484228,0.946199,0.597235,0,0,135,122,-34865.7,1,0,0,12.3089,17.5119,664.295,466.927,-59469.7,-69873.1,290.917,0.000116027,0.945613,0.727866,0,0,78,68,-63520.4,1,0,0,4.32238,6.33783,1455.17,992.423,1920.48,-9618.07,223.684,0.6,0.944445,0.487744,0,0,224,202,-3265.45,1,0,0,4.32238,6.33783,1455.17,992.423,1920.48,-9619.78,223.684,0.567082,0.944445,0.487744,0,0,224,202,-3145.39,1,0,0
197,0.562369,17.5428,0.0282298,5953.34,9041,6651.26,0.949057,4.83882,7.56206,1.02043,34.7025,1.04309e+06,7532.03,0.600759,0.8229,0.667805,18.0631,10.5455,0.0775559,2.50064,1.56563,7.66927,7.66927,1230.2,1230.2,-33362,-41020.4,335.673,0.74537,0.988448,0.562381,11,1,151,81,-41020.4,1,1,0,5.35922,5.35922,1525.74,1525.74,-12300.9,-20201.1,290.917,0.733205,0.988363,0.562369,11,1,179,118,-20201.1,1,1,0,4.9078,4.9078,1281.59,1281.59,-7602.63,-15113.2,223.684,0.738939,0.988181,0.562369,11,1,180,107,-15113.2,1,1,0,5.18846,5.18846,1212.27,1212.27,-10089,-17480.2,223.684,0.616636,0.988181,0.562369,2,1,171,98,-17480.2,1,1,0
198,0.35893,19.5275,0.0462911,6036.78,11219.6,3056.93,0.958722,7.02677,10.3685,0.864897,37.5191,1.92826e+06,9076.72,0.610883,0.743967,0.715933,5.13361,10.9292,0.0979313,0.310009,0.918279,3.02197,3.02197,3122.04,3122.04,19860.7,15737.1,335.673,0.709143,0.850841,0.51912,11,1,223,222,15737.1,1,1,0,2.65682,2.65682,3077.65,3077.65,23821,19541.9,290.917,0.6,0.850062,0.485108,0,0,237,236,19541.9,1,1,0,2.31509,2.31509,2716.88,2716.88,24846.3,20832.1,223.684,0.704687,0.848357,0.452693,11,1,239,217,20832.1,1,1,0,2.37216,2.37216,2651.51,2651.51,24362.1,20447.1,223.684,0.594845,0.848357,0.458537,0,1,228,206,20447.1,1,1,0
199,0.393097,16.662,0.279538,6487.64,14928.4,5388.22,0.999806,6.77691,12.581,0.591823,59.4921,2.15357e+06,7605.16,0.69364,0.753298,0.968852,7.37323,10.6238,0.0603512,0.380784,0.401367,4.97046,4.97046,1898.16,1898.16,4780.37,-1376,335.673,0.915288,0.861934,0.655649,11,1,208,207,-1376,1,1,0,5.63735,5.63735,1450.46,1450.46,-3104.1,-8928.89,290.917,0.0349158,0.861093,0.682813,0,0,160,159,-8928.89,1,1,0,3.60582,3.60582,1744.35,1744.35,12731,6495.35,223.684,0.679167,0.859309,0.579243,11,1,224,223,6495.35,1,1,0,3.77757,3.77757,1665.04,1665.04,11333.5,5240.2,223.684,0.56728,0.859309,0.591357,0,1,209,208,5240.2,1,1,0
200,0.533221,19.0143,0.228452,6850.36,11541.4,3300.22,0.932505,6.11422,13.5278,1.80584,34.9068,1.31737e+06,9048.15,0.628882,0.544105,0.760435,18.7793,9.8778,0.0813565,0.592689,1.59821,3.39688,3.39688,2777.47,2777.47,33548.3,29328.1,335.673,1,0.863448,0.592474,10,1,213,209,29328.1,1,1,0,3.21532,3.21532,2543.06,2543.06,33741.9,29550.7,290.917,0.880286,0.862774,0.58528,10,1,202,201,29550.7,1,1,0,3.04629,3.04629,2064.74,2064.74,31952.2,27945.1,223.684,0.703879,0.86131,0.579369,10,1,177,150,27945.1,1,1,0,3.13053,3.13053,2009.19,2009.19,30976.2,27010.4,223.684,0.638507,0.86131,0.582952,4,1,171,144,27010.4,1,1,0
201,0.591548,19.8102,0.276822,5891.99,11488.3,5141.2,1.09248,3.26155,12.5142,0.958372,48.5382,868242,8013.02,0.703309,0.500584,0.787858,13.4362,2.18622,0.0887007,2.29069,0.954885,8.12105,8.12105,1161.76,1161.76,-19212.1,-25687,335.673,0.613467,0.982363,0.591556,2,1,135,112,-25687,1,1,0,6.74583,6.74583,1212.12,1212.12,-9331.25,-16063.7,290.917,0.6,0.98225,0.591548,0,0,144,124,-16063.7,1,1,0,5.23496,5.23496,1201.5,1201.5,900.775,-5366.38,223.684,0.623489,0.982,0.591548,2,1,159,133,-5366.38,1,1,0,5.5292,5.5292,1137.56,1137.56,-1235.97,-7368.58,223.684,0.518465,0.982,0.591548,0,1,150,124,-7368.58,1,1,0
202,0.450222,12.2246,0.275004,5708.55,11911.6,5262.73,0.989389,1.13799,11.2821,0.642923,61.2276,901235,8018.45,0.695513,0.815675,0.716221,12.203,10.7978,0.065972,1.22669,1.93486,13.7894,22.7894,684.202,413.996,-51960.6,-64928.8,335.673,5.30021e-05,0.955973,0.803286,0,0,91,67,-57383.6,1,0,0,57.6441,264.713,141.849,30.8892,-167686,-177487,290.917,2.10093e-05,0.95555,0.935097,0,0,21,1,-169942,1,0,0,6.27867,10.7137,1001.77,587.08,-6898.35,-20370.2,223.684,0.742393,0.954691,0.544645,11,1,158,121,-12825,1,0,0,6.61837,11.308,950.357,556.224,-8971.7,-22379.2,223.684,0.620059,0.954691,0.561875,2,1,149,112,-14771,1,0,0
203,0.343169,15.6587,0.194818,5764.77,9302.03,5711.49,0.970456,5.35719,14.0762,1.28229,69.0273,1.73172e+06,7601.49,0.60955,0.716923,0.871267,5.97887,4.23598,0.0654408,1.92773,0.306669,4.16479,4.16479,2265.35,2265.35,5553.36,-1577.73,335.673,0.626988,0.938989,0.382743,4,1,194,157,-1577.73,1,1,0,3.78685,3.78685,2159.25,2159.25,8962.04,1728.03,290.917,0.6,0.938527,0.368402,0,0,192,161,1728.03,1,1,0,2.86249,2.86249,2197.32,2197.32,15363.4,8546.11,223.684,0.628644,0.937554,0.348003,4,1,251,205,8546.11,1,1,0,2.95629,2.95629,2127.6,2127.6,14700.2,7996.37,223.684,0.524486,0.937554,0.349227,0,1,236,190,7996.37,1,1,0
204,0.304181,13.6872,0.278472,5333.88,9030.15,4637.12,0.905839,1.45031,10.1974,0.684913,40.88,1.30613e+06,7426.53,0.658874,0.872621,0.909245,5.37578,2.72127,0.094841,0.697353,0.710807,4.23761,4.23761,2226.42,2226.42,5667.85,542.45,335.673,0.228668,0.861692,0.622165,0,0,241,240,542.45,1,1,0,4.75051,4.75051,1721.24,1721.24,128.887,-4927.99,290.917,0.0101139,0.860648,0.652372,0,0,187,186,-4927.99,1,1,0,2.9747,2.9747,2114.43,2114.43,13282.1,7871.88,223.684,0.612422,0.8585,0.518765,3,1,274,269,7871.88,1,1,0,3.09453,3.09453,2032.56,2032.56,12527.4,7223.53,223.684,0.517471,0.8585,0.531535,0,1,257,252,7223.53,1,1,0
205,0.368897,19.8395,0.125011,5626.98,12741.5,5047.37,1.06865,4.49052,11.3336,1.65964,63.3993,1.3892e+06,8110.58,0.69195,0.714896,0.972442,19.3012,13.779,0.0549703,2.33189,1.47109,6.65262,9.55526,1418.2,987.385,-22138,-34799.3,335.673,0.38903,0.980666,0.369289,0,0,172,139,-28191.6,1,0,0,7.86158,11.583,1040.09,705.924,-32903.2,-45247.4,290.917,0.22336,0.98054,0.371037,0,0,127,98,-38639.7,1,0,0,4.16571,6.59882,1509.9,953.172,-818.684,-13528.7,223.684,0.6,0.980262,0.368898,0,0,234,197,-6920.99,1,0,0,4.16571,6.59882,1509.9,953.172,-818.684,-13565.2,223.684,0.598036,0.980262,0.368898,0,0,234,197,-6809.96,1,0,0
206,0.339547,9.12569,0.00108487,5248.6,10770.4,3404.76,1.02517,7.84543,9.11621,0.592367,62.2935,1.25557e+06,9070.71,0.707022,0.585871,0.846722,12.1078,1.36223,0.0578678,2.405,1.14456,3.66221,4.85079,2576.24,1944.99,-1234.1,-16953,335.673,0.602832,0.977918,0.339547,1,1,192,154,-5948.42,1,0,0,3.23957,4.34176,2524.02,1883.28,5090.89,-10770.1,290.917,0.6,0.97763,0.339547,0,0,195,162,234.444,1,0,0,2.49666,3.63178,2519.29,1731.88,13261.2,-2221.67,223.684,0.604428,0.977063,0.339547,1,1,250,210,8782.91,1,0,0,2.55908,3.67667,2457.84,1710.74,12731.8,-2840.22,223.684,0.50616,0.977063,0.339547,0,1,236,196,8367.62,1,0,0
207,0.503298,12.9485,0.0187713,5862.38,10029.3,4815.08,0.983281,4.40248,8.27384,1.19695,72.9808,1.44831e+06,9239.91,0.722413,0.779391,0.746471,16.7963,1.41127,0.0705478,1.23977,0.86655,8.10235,8.10235,1164.44,1164.44,-54068.4,-59454.8,335.673,0.603484,0.958205,0.626577,1,1,102,52,-59454.8,1,1,0,4.29315,4.29315,1904.6,1904.6,-4855.67,-11268.7,290.917,0.601011,0.957826,0.510559,1,1,170,127,-11268.7,1,1,0,3.77532,3.77532,1666.03,1666.03,570.306,-5394.32,223.684,0.603738,0.957049,0.506602,1,1,176,118,-5394.32,1,1,0,3.97707,3.97707,1581.52,1581.52,-2038.52,-7860.25,223.684,0.501349,0.957049,0.508096,0,1,165,107,-7860.25,1,1,0
208,0.33655,18.5065,0.0328462,5394.04,8219.74,4365.15,0.949107,5.16445,8.31712,1.91574,45.6874,1.71532e+06,7523.17,0.649566,0.780393,0.674837,8.30002,5.02886,0.0899195,0.627846,1.40322,3.301,4.39659,2858.14,2145.92,6824.82,-10192.1,335.673,0.647885,0.851846,0.543467,5,1,203,194,1401.99,1,0,0,2.7668,3.78788,2955.31,2158.66,14448.9,-2808.24,290.917,0.6,0.851022,0.492754,0,0,230,225,8785.9,1,0,0,2.4256,3.47698,2593.09,1808.99,16570.3,-361.287,223.684,0.639303,0.84924,0.458159,5,1,230,203,11232.9,1,0,0,2.50778,3.5652,2508.12,1764.22,15556,-1477.74,223.684,0.531861,0.84924,0.467325,0,1,217,190,10326.2,1,0,0
209,0.451899,11.4086,0.028606,5715.9,13922.4,5830.66,1.04903,5.4206,6.48317,0.738454,67.5046,1.56171e+06,7461.82,0.725507,0.526213,0.743138,8.55608,11.9746,0.0727496,1.89015,1.4667,5.81716,7.53499,1621.88,1252.12,-22045.9,-33195.1,335.673,0.5672,0.935443,0.493962,0,0,177,172,-29040.3,1,0,0,6.66273,8.74725,1227.24,934.78,-31834.9,-42535.6,290.917,0.354052,0.934812,0.524264,0,0,134,131,-38380.7,1,0,0,3.60312,4.98628,1745.66,1261.42,1099.9,-9970.71,223.684,0.687226,0.93354,0.45527,11,0,244,231,-5815.87,1,0,0,3.70303,5.08866,1698.56,1236.04,93.9419,-10954.6,223.684,0.586083,0.93354,0.455974,0,1,232,219,-6696.95,1,0,0
210,0.508279,17.4535,0.105511,6519.74,8226.3,4674.11,1.08909,6.64311,12.966,0.802053,67.6,996362,7717.6,0.653138,0.77746,0.866428,13.4038,13.7133,0.0635283,0.768406,1.1546,3.60392,4.73024,2617.91,1994.55,24820.5,3340.09,335.673,1,0.890403,0.614361,14,1,169,165,19017.7,1,0,0,3.47402,4.62616,2353.69,1767.5,25172,3812.89,290.917,0.711068,0.889759,0.607533,14,1,157,156,19490.5,1,0,0,2.9935,4.12535,2101.16,1524.67,28931.8,7650.28,223.684,0.732852,0.888382,0.579978,14,1,158,139,23327.9,1,0,0,3.15079,4.31431,1996.27,1457.89,26933.8,5660.46,223.684,0.61429,0.888382,0.589718,2,1,146,127,21433.3,1,0,0
211,0.474335,12.5934,0.210381,5535.28,13249.9,6396.71,0.976162,3.47985,5.55368,1.4007,41.9597,1.48693e+06,8932.58,0.601048,0.585011,0.990936,18.1404,2.54086,0.0710148,0.44488,0.638207,3.99676,3.99676,2360.59,2360.59,6135.96,-722.419,335.673,0.0150705,0.85923,0.593985,0,0,246,245,-722.419,1,1,0,4.29956,4.29956,1901.77,1901.77,2004.35,-4831.56,290.917,0.00161861,0.858185,0.610279,0,0,199,198,-4831.56,1,1,0,2.78185,2.78185,2261.02,2261.02,14025.9,6849.26,223.684,0.6,0.856063,0.529816,0,0,293,292,6849.26,1,1,0,2.78649,2.78649,2257.25,2257.25,14004.2,6927.46,223.684,0.512932,0.856063,0.530076,0,1,292,291,6927.46,1,1,0
212,0.359933,19.7597,0.237195,6193.14,10673.9,4629.96,0.926975,3.98008,11.7469,1.96978,61.0579,1.44092e+06,7809.77,0.691501,0.601808,0.677719,9.3287,6.14072,0.072273,1.84739,1.23752,5.2302,7.32732,1803.89,1287.61,764.099,-15511.4,335.673,0.617453,0.928833,0.442199,6,1,181,155,-5147.43,1,0,0,4.66482,6.6297,1752.85,1233.35,5363.29,-11081.7,290.917,0.6,0.928407,0.414093,0,0,182,160,-717.693,1,0,0,3.19239,4.89558,1970.25,1284.79,15905.8,-205.734,223.684,0.636124,0.92747,0.367888,6,1,253,215,10158.3,1,0,0,3.31939,5.04559,1894.87,1246.6,15029.5,-1062.84,223.684,0.535672,0.92747,0.370082,0,1,238,200,9402.16,1,0,0
213,0.541237,18.6024,0.177064,6713.16,12190.8,3678.86,0.921839,1.40778,13.6446,1.07875,63.7581,1.56861e+06,7861.62,0.63625,0.512566,0.785928,9.932,10.5459,0.0863513,1.53873,1.09049,43.5055,43.5055,216.862,216.862,-185530,-186395,335.673,2.59985e-05,0.941556,0.899458,0,0,30,14,-186395,1,1,0,85.2643,85.2643,95.8989,95.8989,-243419,-241530,290.917,2.14404e-05,0.941193,0.922978,0,0,14,1,-241530,1,1,0,5.19375,5.19375,1211.03,1211.03,-1446.58,-5788.39,223.684,0.6894,0.940404,0.553013,11,1,199,171,-5788.39,1,1,0,5.50636,5.50636,1142.28,1142.28,-3750.31,-7958.97,223.684,0.577356,0.940404,0.557239,0,1,186,158,-7958.97,1,1,0
214,0.514622,11.6158,0.0439309,6112.31,9733.75,3868.44,0.901272,4.91744,9.97428,1.47297,43.7214,916005,9177.89,0.618657,0.750949,0.883532,13.2594,9.39187,0.0934375,2.35037,1.59531,5.22102,8.45384,1807.06,1116.03,-8760.76,-29251.3,335.673,0.699412,0.986713,0.514622,9,1,187,110,-13800.5,1,0,0,4.0851,6.5671,2001.61,1245.11,3940.55,-16710.7,290.917,0.6,0.986571,0.514622,0,0,207,140,-1259.87,1,0,0,3.43534,6.20718,1830.91,1013.31,9029.58,-11214.4,223.684,0.68853,0.986286,0.514622,9,1,230,150,4236.41,1,0,0,3.57937,6.42907,1757.24,978.34,7607.79,-12643.9,223.684,0.570201,0.986286,0.514622,0,1,218,138,2913.37,1,0,0
215,0.521695,17.2423,0.22437,5441.56,9087.8,2726.43,1.04879,2.36606,5.70201,0.728476,52.59,980291,9149.9,0.638754,0.792692,0.8511,5.60008,4.0339,0.0660626,0.876928,1.30692,3.49122,5.27366,2702.41,1789.03,15104.4,-3616.31,335.673,0.27718,0.895101,0.614227,0,0,238,237,11713.6,1,0,0,3.5729,5.45811,2288.55,1498.09,13288.7,-5382.75,290.917,0.102439,0.894475,0.619882,0,0,202,201,9947.2,1,0,0,2.7917,4.6384,2253.04,1356.03,18471.7,-413.107,223.684,0.627184,0.893139,0.57598,4,1,237,225,14916.8,1,0,0,2.86746,4.70152,2193.51,1337.82,18058.6,-899.79,223.684,0.52777,0.893139,0.580352,0,1,225,213,14622,1,0,0
216,0.339317,12.0423,0.106441,5712.95,11733.7,5199.59,1.09628,4.061,9.28417,1.4621,51.7889,1.54537e+06,8740.58,0.724187,0.592197,0.878092,10.6814,5.27968,0.085427,0.675907,0.993543,3.76108,3.76108,2508.52,2508.52,6384.65,-352.779,335.673,0.624648,0.825507,0.534402,5,1,220,219,-352.779,1,1,0,3.25535,3.25535,2511.79,2511.79,11889.6,4945.86,290.917,0.6,0.824152,0.49776,0,0,233,232,4945.86,1,1,0,2.41834,2.41834,2600.88,2600.88,18811,12363.1,223.684,0.624505,0.821418,0.427545,5,1,288,287,12363.1,1,1,0,2.49796,2.49796,2517.98,2517.98,18286.9,11975.6,223.684,0.526189,0.821418,0.434802,0,1,271,270,11975.6,1,1,0
217,0.337126,15.2764,0.003898,6154.45,12869.3,6654.4,1.09856,6.13246,8.43227,0.878993,68.6755,1.16315e+06,7728.03,0.7371,0.817016,0.812123,13.3442,8.72687,0.0850694,1.92157,0.0374094,7.32213,7.32213,1288.52,1288.52,-38666.9,-46311.9,335.673,0.623313,0.9455,0.600801,9,1,122,110,-46311.9,1,1,0,5.79039,5.79039,1412.12,1412.12,-19610.8,-27864.4,290.917,0.6,0.945073,0.496571,0,0,142,133,-27864.4,1,1,0,3.75632,3.75632,1674.46,1674.46,3377.99,-4615.08,223.684,0.6,0.944176,0.368024,0,0,218,196,-4615.08,1,1,0,3.76475,3.76475,1670.71,1670.71,3295.77,-4556.98,223.684,0.563746,0.944176,0.368384,0,1,217,195,-4556.98,1,1,0
218,0.578269,15.9018,0.0841766,6003.88,9368.45,6345.56,1.05684,0.140559,14.8554,1.41993,30.0346,1.69355e+06,8162.3,0.744254,0.804813,0.743463,5.0724,1.46029,0.0883474,2.10318,0.333881,8.76781,8.76781,1076.06,1076.06,-36899.6,-44324,335.673,0.566609,0.988747,0.578314,0,0,156,112,-44324,1,1,0,19.4704,19.4704,419.958,419.958,-92652.3,-98797.6,290.917,0.098272,0.988657,0.626607,0,0,72,34,-98797.6,1,1,0,5.61573,5.61573,1120.03,1120.03,-12600.9,-19909,223.684,0.606648,0.988466,0.578269,1,1,186,139,-19909,1,1,0,5.88694,5.88694,1068.43,1068.43,-14722,-21913.3,223.684,0.503545,0.988466,0.578269,0,1,177,130,-21913.3,1,1,0
219,0.419273,17.9551,0.0991802,5360.36,11054.5,4688.95,0.932437,4.51132,11.9127,0.632992,55.0513,1.30913e+06,7872.35,0.645425,0.663906,0.818963,14.5701,10.857,0.078763,1.24009,0.673189,4.82383,4.82383,1955.86,1955.86,-9369.73,-15371.6,335.673,0.682267,0.94137,0.457953,11,1,201,166,-15371.6,1,1,0,4.77104,4.77104,1713.83,1713.83,-9337.74,-15266.5,290.917,0.6,0.940982,0.456893,0,0,179,150,-15266.5,1,1,0,3.31379,3.31379,1898.07,1898.07,4906.64,-792.331,223.684,0.686555,0.940144,0.424345,11,1,249,202,-792.331,1,1,0,3.43292,3.43292,1832.21,1832.21,3802.37,-1783.81,223.684,0.57279,0.940144,0.425706,0,1,235,188,-1783.81,1,1,0
220,0.390285,8.29341,0.0822737,5896.36,11112.6,3480.6,1.09554,1.38756,12.2136,1.28745,39.217,1.0811e+06,8743.69,0.668389,0.52729,0.783538,5.76441,4.58026,0.0507349,1.32708,1.20276,5.71059,8.34436,1652.14,1130.67,-14777.5,-31524.9,335.673,0.632298,0.931926,0.446101,5,1,167,166,-19554.5,1,0,0,5.2433,7.80275,1559.47,1047.93,-9848.53,-26656.8,290.917,0.6,0.931044,0.431046,0,0,163,162,-14686.3,1,0,0,3.44944,5.41421,1823.43,1161.72,8130.43,-8460.1,223.684,0.642377,0.929322,0.394628,5,1,223,214,3510.38,1,0,0,3.57597,5.56909,1758.91,1129.41,6919.07,-9649.09,223.684,0.537233,0.929322,0.395837,0,1,211,202,2426.82,1,0,0
221,0.446575,10.6419,0.243561,6069.42,9511.85,6817.42,0.965563,2.23507,10.1583,0.856107,62.3421,1.73459e+06,8959.86,0.720379,0.612074,0.898254,15.7994,11.7685,0.0827934,0.370635,1.58472,4.41231,6.31576,2138.27,1493.84,8786.51,-11540.2,335.673,0.680658,0.859446,0.607746,12,1,173,172,643.581,1,0,0,3.37744,4.9747,2420.99,1643.67,19672.3,-923.092,290.917,0.6,0.858212,0.54931,0,0,214,213,11260.7,1,0,0,2.64411,4.13475,2378.8,1521.21,24020.3,3842.44,223.684,0.679372,0.85576,0.504878,12,1,243,234,16026.3,1,0,0,2.74313,4.23954,2292.93,1483.61,23378.2,3178.94,223.684,0.573899,0.85576,0.511187,0,1,228,219,15511.7,1,0,0
222,0.498859,16.543,0.227978,5573.76,11955.3,2783.91,0.966724,0.277706,12.0941,1.52256,64.0184,1.34086e+06,7684.27,0.647685,0.566172,0.710069,17.0252,9.88769,0.0806149,1.40826,1.91991,163.085,163.085,57.8514,57.8514,-312415,-306560,335.673,1.73158e-05,0.942151,0.934263,0,0,8,1,-306560,1,1,0,289.737,289.737,28.2213,28.2213,-313402,-306381,290.917,1.6753e-05,0.941744,0.93805,0,0,4,1,-306381,1,1,0,6.371,6.371,987.257,987.257,-11614.7,-14885.1,223.684,0.646067,0.940881,0.551006,10,1,175,158,-14885.1,1,1,0,6.94683,6.94683,905.422,905.422,-15151.5,-18302.3,223.684,0.575332,0.940881,0.569607,0,1,159,142,-18302.3,1,1,0
223,0.586687,14.7623,0.208666,6194.13,9021.55,4496.11,1.03747,1.3557,12.2257,1.6215,55.0563,986419,9195.91,0.657771,0.883527,0.823652,17.5819,9.39039,0.080576,2.88398,1.19961,10.6339,10.6339,887.23,887.23,-37839.5,-43496.8,335.673,0.726361,0.99,0.586986,9,1,117,61,-43496.8,1,1,0,6.77779,6.77779,1206.4,1206.4,-12145.5,-18123.3,290.917,0.720691,0.989933,0.586688,9,1,148,100,-18123.3,1,1,0,5.97777,5.97777,1052.2,1052.2,-6261.14,-11786.8,223.684,0.716662,0.989754,0.586687,9,1,151,93,-11786.8,1,1,0,6.36469,6.36469,988.236,988.236,-8957.52,-14343.1,223.684,0.604998,0.989754,0.586687,1,1,143,85,-14343.1,1,1,0
224,0.385934,13.9473,0.0417015,5219.32,11568.2,6783.08,0.90981,7.89304,5.66359,1.77221,57.1015,1.96321e+06,8325.65,0.635591,0.827098,0.985672,15.1008,10.9757,0.0640649,0.341093,1.45769,3.21018,4.09018,2938.99,2306.67,5249.79,-7518.51,335.673,0.66497,0.872362,0.550375,9,0,231,202,-2593.72,1,0,0,3.2086,4.10636,2548.39,1991.24,4040.11,-8608.25,290.917,0.554412,0.871425,0.551701,0,0,200,178,-3683.45,1,0,0,2.52252,3.49562,2493.46,1799.34,10751,-1880.9,223.684,0.6,0.869493,0.489441,0,0,260,206,3043.9,1,0,0,2.52252,3.49562,2493.46,1799.34,10751,-2106.7,223.684,0.5,0.869493,0.489441,0,0,260,206,3133.48,1,0,0
225,0.577443,8.66252,0.24235,5698.28,8794.02,4465.88,1.06515,7.98818,7.22607,1.98859,45.7529,1.39764e+06,8990.01,0.685855,0.531351,0.836128,13.4236,1.97675,0.0548943,1.7039,1.24288,3.97097,5.13571,2375.92,1837.08,17180.5,-3927.32,335.673,0.627746,0.952769,0.577781,2,1,127,95,11129.6,1,0,0,3.03726,4.00039,2692.15,2043.99,30898.8,9543.97,290.917,0.61701,0.95218,0.577465,2,1,158,131,24600.9,1,0,0,2.64301,3.6319,2379.79,1731.83,31582.2,10756.9,223.684,0.622244,0.951024,0.577447,2,1,162,125,25813.8,1,0,0,2.73432,3.73551,2300.32,1683.79,30621.6,9804.4,223.684,0.516054,0.951024,0.57745,0,1,153,116,24960.9,1,0,0
226,0.307458,12.1793,0.203153,6538.97,11398.8,3089.38,1.09946,5.75878,5.12968,1.18903,45.6661,2.12261e+06,7503.28,0.69889,0.705384,0.733023,9.61342,4.37962,0.0594676,0.0551727,0.860555,3.73187,3.73187,2528.15,2528.15,17759.7,13349.7,335.673,0.634241,0.839435,0.549577,4,1,222,221,13349.7,1,1,0,3.4811,3.4811,2348.9,2348.9,18919.8,14424.6,290.917,0.6,0.838146,0.530744,0,0,215,214,14424.6,1,1,0,2.51292,2.51292,2502.98,2502.98,24492.6,20184.1,223.684,0.606567,0.835539,0.438169,2,0,287,286,20184.1,1,1,0,2.57884,2.57884,2439,2439,24402.4,20247.2,223.684,0.519854,0.835539,0.445483,0,1,271,270,20247.2,1,1,0
227,0.466559,18.3812,0.0584513,5559.29,10181.2,3829.75,1.05501,4.89485,10.0981,1.50589,67.2559,1.0401e+06,8121.16,0.647766,0.606755,0.977548,11.3692,7.78259,0.0608103,0.976122,1.21935,3.91189,5.24513,2411.81,1798.76,2451.72,-13039.8,335.673,0.657345,0.856065,0.59535,8,1,199,198,-2336.48,1,0,0,3.3591,4.60142,2434.21,1777.01,9323.5,-6474.9,290.917,0.6,0.855309,0.56474,0,0,215,214,4228.44,1,0,0,2.65623,3.84054,2367.95,1637.74,15829.5,207.188,223.684,0.650559,0.853675,0.523815,8,1,246,245,10910.5,1,0,0,2.75584,3.94222,2282.36,1595.5,14948.2,-679.485,223.684,0.543057,0.853675,0.52982,0,1,230,229,10174,1,0,0
228,0.490193,8.37071,0.194428,6181.07,11165.7,5500.15,1.05634,6.21606,13.758,0.527636,36.5866,2.06453e+06,7429.56,0.603635,0.512847,0.735455,6.30584,11.103,0.0586805,2.28343,0.801346,5.76011,5.76011,1637.94,1637.94,-11828.1,-18760.9,335.673,0.75792,0.980939,0.490193,11,1,147,118,-18760.9,1,1,0,4.47782,4.47782,1826.06,1826.06,2322.62,-4739.56,290.917,0.608721,0.980673,0.490193,1,0,172,147,-4739.56,1,1,0,3.67042,3.67042,1713.65,1713.65,8673.3,2084.4,223.684,0.73123,0.980152,0.490193,11,1,184,153,2084.4,1,1,0,3.80329,3.80329,1653.78,1653.78,7195.06,725.413,223.684,0.615791,0.980152,0.490193,2,1,175,144,725.413,1,1,0
229,0.331769,12.7572,0.145053,5830.27,11036.2,3260.18,0.978063,7.17243,11.0955,1.85763,68.5752,1.97386e+06,8836.97,0.710386,0.628921,0.912913,15.6065,12.0377,0.0622268,1.70148,0.907279,3.22753,3.22753,2923.2,2923.2,17273.9,12462,335.673,0.702466,0.931825,0.339916,12,1,225,192,12462,1,1,0,3.08093,3.08093,2653.99,2653.99,17911.1,13144.9,290.917,0.6,0.931211,0.338037,0,0,208,180,13144.9,1,1,0,2.37289,2.37289,2650.69,2650.69,21279.7,16929.3,223.684,0.669883,0.929955,0.332712,10,0,275,234,16929.3,1,1,0,2.41983,2.41983,2599.28,2599.28,21198.4,16953,223.684,0.575592,0.929955,0.332885,0,1,262,221,16953,1,1,0
230,0.342102,19.3418,0.131805,5662.07,14355.5,5774.68,0.913184,4.15444,10.0021,1.42361,62.7507,905874,7558.9,0.69249,0.551034,0.688336,5.37027,5.96735,0.0534346,0.243397,1.82201,8.92091,12.188,1057.6,774.096,-36726.5,-46580.9,335.673,0.00160113,0.809025,0.694245,0,0,132,131,-42625.4,1,0,0,50.7886,104.687,160.996,78.1063,-207091,-212572,290.917,2.27437e-05,0.808095,0.790583,0,0,19,18,-208616,1,0,0,3.20988,4.61702,1959.52,1362.31,8755.63,-1849.74,223.684,0.631544,0.806065,0.495984,6,1,312,311,2105.77,1,0,0,3.33715,4.7664,1884.78,1319.62,7916.68,-2678.62,223.684,0.52837,0.806065,0.505482,0,1,294,293,1376.93,1,0,0
231,0.425734,8.61057,0.0336369,6740.04,11429.5,4690.81,1.05853,0.282272,14.2597,1.13202,74.2237,1.54752e+06,8076.57,0.63285,0.589093,0.948231,11.2016,11.3174,0.0634663,1.35549,1.12772,13.5424,22.2045,696.678,424.902,-79975,-95609.9,335.673,8.35241e-05,0.941527,0.748694,0,0,86,84,-84500,1,0,0,65.1805,350.737,125.448,23.3131,-269730,-279555,290.917,2.81847e-05,0.940784,0.917791,0,0,15,14,-268445,1,0,0,4.6348,8.01451,1357.08,784.803,-2028.63,-18884.3,223.684,0.683392,0.93933,0.44584,11,1,215,205,-7774.38,1,0,0,4.87542,8.34395,1290.11,753.817,-4194.13,-20974.8,223.684,0.567847,0.93933,0.451797,0,1,200,190,-9760.62,1,0,0
232,0.58987,16.9965,0.155491,5710.25,13729.5,4171.95,1.01943,5.67517,6.72219,1.15147,43.0072,1.73052e+06,8963.5,0.647197,0.630616,0.713201,12.5932,3.86356,0.0998943,0.237227,0.200822,4.01528,4.01528,2349.7,2349.7,4334.31,-370.33,335.673,0.00651808,0.893094,0.65339,0,0,225,224,-370.33,1,1,0,4.1662,4.1662,1962.64,1962.64,1354.11,-3329.54,290.917,0.00297958,0.892482,0.659644,0,0,189,188,-3329.54,1,1,0,3.04184,3.04184,2067.77,2067.77,11227.9,6559.66,223.684,0.351895,0.891181,0.620357,0,0,246,238,6559.66,1,1,0,3.04184,3.04184,2067.77,2067.77,11227.9,6559.66,223.684,0.351895,0.891181,0.620357,0,0,246,238,6559.66,1,1,0
233,0.478813,11.0914,0.0299795,5518.65,9579.57,3704.63,1.08187,7.87682,5.74604,1.63699,55.309,1.49322e+06,8897.93,0.743567,0.663556,0.787963,14.7513,2.07166,0.0755691,1.12059,1.04753,3.56848,4.63115,2643.9,2037.23,4860,-13612.4,335.673,0.615456,0.950307,0.480735,2,1,164,133,-411.698,1,0,0,2.99301,3.97368,2731.95,2057.73,14339.1,-4348.46,290.917,0.6,0.949796,0.479268,0,0,185,159,8852.25,1,0,0,2.52329,3.55778,2492.71,1767.9,18247.1,124.944,223.684,0.619288,0.94877,0.47891,2,1,205,168,13325.7,1,0,0,2.58775,3.61338,2430.61,1740.7,17591.5,-588.755,223.684,0.515743,0.94877,0.47894,0,1,194,157,12781.3,1,0,0
234,0.579907,18.3993,0.049276,6727.76,10464.6,6616.65,0.923193,2.06442,14.1731,1.75021,31.9495,1.33539e+06,8680.58,0.694531,0.687377,0.987967,10.148,4.20558,0.0672211,2.30686,1.90652,6.64677,11.7225,1419.44,804.839,-17184,-37018.5,335.673,0.635582,0.986729,0.579908,4,1,190,128,-24871.3,1,0,0,6.21971,11.1101,1314.65,735.978,-13905.2,-33783.2,290.917,0.6,0.986636,0.579907,0,0,177,123,-21635.9,1,0,0,4.5134,8.81877,1393.58,713.229,375.752,-19273.3,223.684,0.638201,0.986435,0.579907,4,1,217,152,-7126.11,1,0,0,4.71941,8.55992,1332.75,734.798,-1391.03,-19432.7,223.684,0.534966,0.986435,0.579907,0,1,207,142,-8793.13,1,0,0
235,0.541308,16.9528,0.0397639,6434.11,8525.63,4483.37,0.961025,3.70772,14.0278,1.71186,75.6253,2.16576e+06,8788.04,0.689322,0.708079,0.852788,11.6418,12.7409,0.0860244,0.774749,0.200086,4.04393,4.04393,2333.06,2333.06,4072.99,-1336.59,335.673,1,0.890414,0.641648,13,1,169,148,-1336.59,1,1,0,3.85239,3.85239,2122.51,2122.51,5674.58,354.689,290.917,0.7523,0.889767,0.633259,13,1,158,142,354.689,1,1,0,3.3947,3.3947,1852.83,1852.83,9559.94,4372.26,223.684,0.702945,0.88839,0.612295,13,1,158,115,4372.26,1,1,0,3.61788,3.61788,1738.53,1738.53,5876.67,784.943,223.684,0.601135,0.88839,0.623532,1,1,146,103,784.943,1,1,0
236,0.440214,18.6285,0.286232,6318.8,10945.2,6192.4,0.972131,2.8902,11.8297,1.26588,63.7696,1.80123e+06,8702.46,0.695954,0.648,0.742399,13.8106,8.07247,0.073473,1.36017,1.94237,7.15927,10.6495,1317.83,885.932,-15361.1,-33201.8,335.673,0.669853,0.942041,0.570387,8,1,132,107,-22541.7,1,0,0,5.00742,7.48956,1632.93,1091.75,3797.73,-14617.9,290.917,0.6,0.941671,0.478044,0,0,172,151,-3957.73,1,0,0,3.68599,5.89067,1706.41,1067.76,12845.5,-5193.25,223.684,0.665113,0.940867,0.447904,8,1,212,176,5466.88,1,0,0,3.86239,6.13594,1628.48,1025.08,11376.2,-6600.25,223.684,0.555463,0.940867,0.450486,0,1,199,163,4136.2,1,0,0
237,0.535429,10.5911,0.0854594,5182.24,12680.9,4701.78,1.03666,3.12374,7.45979,1.05672,61.1438,2.1988e+06,8682.55,0.743167,0.69934,0.65022,18.8476,7.25754,0.0514749,1.50102,1.97528,9.24371,9.24371,1020.66,1020.66,-62925.4,-68282,335.673,0.708318,0.95806,0.654202,7,1,107,81,-68282,1,1,0,6.79368,6.79368,1203.58,1203.58,-37494.7,-43299.9,290.917,0.60168,0.957608,0.579212,1,0,131,110,-43299.9,1,1,0,5.57107,5.57107,1129.01,1129.01,-24587,-30146,223.684,0.700537,0.956705,0.554057,7,1,140,106,-30146,1,1,0,5.87296,5.87296,1070.98,1070.98,-27806.4,-33212.2,223.684,0.58582,0.956705,0.559825,0,1,132,98,-33212.2,1,1,0
238,0.305351,14.3755,0.106561,5329.05,13867.2,2959.34,1.05755,5.7712,14.6976,1.91831,66.6345,2.01935e+06,8099.31,0.650979,0.667143,0.652376,15.0796,10.6634,0.0773695,2.55983,1.12143,5.97266,8.04669,1579.65,1172.5,-23562.4,-35407.2,335.673,0.719078,0.97803,0.305594,11,1,178,146,-28072.2,1,0,0,6.26074,8.53704,1306.04,957.797,-27360.7,-38918.2,290.917,0.538838,0.977838,0.305783,0,0,148,120,-31583.2,1,0,0,4.02543,5.78405,1562.52,1087.44,-4879.71,-16261,223.684,0.710299,0.977438,0.305352,11,1,216,180,-8925.96,1,0,0,4.18237,5.97544,1503.89,1052.61,-6517.61,-17851.8,223.684,0.589771,0.977438,0.305353,0,1,204,168,-10438.8,1,0,0
239,0.332743,17.3512,0.0966242,6240.68,11961.4,4702.53,1.0922,3.02724,12.6535,1.4513,44.2164,1.9757e+06,7456.33,0.642137,0.885776,0.746106,8.81652,1.13121,0.0652033,0.36451,0.664877,5.86577,5.86577,1608.44,1608.44,-15070.9,-20194.9,335.673,0.000112501,0.865876,0.705457,0,0,191,190,-20194.9,1,1,0,13.3441,13.3441,612.763,612.763,-81754.6,-86078.6,290.917,4.98981e-05,0.865062,0.803982,0,0,71,70,-86078.6,1,1,0,3.89133,3.89133,1616.36,1616.36,2269.33,-2862.09,223.684,0.646186,0.863321,0.611422,1,1,223,222,-2862.09,1,1,0,3.90422,3.90422,1611.03,1611.03,2142.46,-2972.2,223.684,0.557232,0.863321,0.612334,0,1,222,221,-2972.2,1,1,0
240,0.548829,10.9484,0.269475,5469.68,12480.5,5038.44,0.959081,7.52867,11.7389,1.31548,60.193,1.83845e+06,8283.65,0.656511,0.527056,0.834399,17.709,2.53794,0.0785592,1.65126,0.0172693,5.50944,5.50944,1712.46,1712.46,-9858.68,-16057.3,335.673,0.625595,0.947246,0.558416,3,1,140,104,-16057.3,1,1,0,4.01566,4.01566,2036.22,2036.22,6618.49,104.849,290.917,0.631886,0.946711,0.549991,3,1,178,147,104.849,1,1,0,3.5513,3.5513,1771.13,1771.13,8678.38,2615.97,223.684,0.622796,0.945638,0.549306,3,1,178,135,2615.97,1,1,0,3.69178,3.69178,1703.73,1703.73,7161.37,1210.49,223.684,0.52629,0.945638,0.549497,0,1,169,126,1210.49,1,1,0
241,0.539045,10.769,0.16889,5498.81,9240.87,4789.21,0.998727,6.31727,7.22911,1.39748,70.0461,1.71912e+06,7490.92,0.720142,0.734381,0.819712,5.82597,2.29484,0.0586609,0.09237,0.03101,4.21935,4.21935,2236.06,2236.06,788.667,-5138.63,335.673,0.61244,0.89796,0.644623,2,1,160,138,-5138.63,1,1,0,3.73471,3.73471,2189.39,2189.39,6617.43,472.301,290.917,0.6,0.897035,0.621951,0,0,167,150,472.301,1,1,0,2.98323,2.98323,2108.39,2108.39,13025.7,7170.22,223.684,0.612888,0.89519,0.586517,2,1,202,164,7170.22,1,1,0,3.0649,3.0649,2052.2,2052.2,12249.8,6507.32,223.684,0.516294,0.89519,0.590533,0,1,191,153,6507.32,1,1,0
242,0.369792,8.32619,0.275748,6493.78,8260.44,6581.21,0.905792,0.221176,10.1309,1.4448,34.5147,2.08029e+06,8337.73,0.618144,0.577459,0.972659,9.08449,2.58167,0.0741275,0.280011,0.776191,3.72028,3.72028,2536.02,2536.02,19902.4,12328.2,335.673,0.618116,0.838499,0.529448,3,1,240,239,12328.2,1,1,0,3.56208,3.56208,2295.5,2295.5,19831.6,12259.3,290.917,0.583225,0.836757,0.520327,0,0,223,222,12259.3,1,1,0,2.37654,2.37654,2646.62,2646.62,26421.8,18856.8,223.684,0.615026,0.833374,0.432314,3,1,320,314,18856.8,1,1,0,2.45679,2.45679,2560.17,2560.17,26319.6,18865.6,223.684,0.51401,0.833374,0.438541,0,1,300,294,18865.6,1,1,0
243,0.459231,19.5022,0.0899775,5607.18,13541.8,7054.26,0.950598,6.54839,13.2258,1.56961,77.9408,1.67011e+06,8328.16,0.631024,0.650175,0.917433,6.62228,6.89485,0.059682,0.662169,1.56614,4.02888,5.2252,2341.77,1805.62,159.535,-11838.9,335.673,0.620265,0.860716,0.606917,1,0,229,228,-7447.97,1,0,0,4.30007,5.62082,1901.54,1454.73,-4257.92,-16130.7,290.917,0.0491831,0.860011,0.621901,0,0,186,185,-11739.7,1,0,0,3.49347,4.68971,1800.45,1341.19,3731.42,-8240.88,223.684,0.656381,0.858471,0.578218,7,1,196,189,-3849.9,1,0,0,3.63603,4.86219,1729.86,1293.62,2021.79,-9956.15,223.684,0.553242,0.858471,0.586876,0,1,185,178,-5486.08,1,0,0
244,0.481805,16.5202,0.0344504,5221.89,9169.27,6433.89,0.974801,6.18286,13.6026,1.32978,74.5943,862933,7757.44,0.634237,0.718586,0.973657,11.7056,4.64888,0.0649408,2.15914,1.88475,5.2926,7.82335,1782.62,1205.97,-18330.2,-34143.3,335.673,0.645641,0.984496,0.481805,5,1,174,118,-26034.8,1,0,0,4.329,6.44677,1888.83,1268.35,-6962.2,-22987.6,290.917,0.6,0.984377,0.481805,0,0,189,141,-14879.1,1,0,0,3.52761,5.76482,1783.02,1091.07,1553.02,-14020.1,223.684,0.638297,0.984122,0.481805,5,1,218,160,-5911.6,1,0,0,3.68227,5.97083,1708.13,1053.42,-77.1217,-15646.8,223.684,0.532156,0.984122,0.481805,0,1,205,147,-7422.16,1,0,0
245,0.560322,15.6267,0.166866,5158.69,8638.19,5413.91,1.01876,4.13195,10.6143,1.81303,78.1509,1.62385e+06,8968.52,0.695457,0.803924,0.829122,14.5539,11.2144,0.0843582,0.123326,0.309557,3.98842,3.98842,2365.53,2365.53,642.295,-5724.26,335.673,1,0.90547,0.654194,11,1,167,146,-5724.26,1,1,0,3.80273,3.80273,2150.23,2150.23,2232.13,-4081.62,290.917,1,0.90485,0.646022,11,1,156,140,-4081.62,1,1,0,3.66637,3.66637,1715.54,1715.54,1604.28,-4454.94,223.684,0.734645,0.903548,0.641269,11,1,139,99,-4454.94,1,1,0,3.68737,3.68737,1705.77,1705.77,1300.26,-4736.68,223.684,0.725141,0.903548,0.642323,10,1,138,98,-4736.68,1,1,0
246,0.480932,16.9279,0.103661,5889.86,14562.9,5207.25,0.994169,3.97454,10.2279,1.78957,70.4174,904253,8808.42,0.696237,0.891092,0.806333,12.9649,11.9075,0.0613826,2.83521,0.975505,10.7372,10.7372,878.697,878.697,-41962.1,-48329.1,335.673,0.618345,0.98737,0.486094,2,0,140,81,-48329.1,1,1,0,16.1297,16.1297,506.936,506.936,-65772.2,-71334.5,290.917,0.484478,0.987274,0.556539,0,0,90,39,-71334.5,1,1,0,6.31297,6.31297,996.332,996.332,-12140.8,-18343.5,223.684,0.738153,0.987069,0.48095,12,1,186,123,-18343.5,1,1,0,6.63742,6.63742,947.628,947.628,-14197.4,-20275.2,223.684,0.617054,0.987069,0.480967,2,1,176,113,-20275.2,1,1,0
247,0.423771,14.3794,0.240572,6202.55,14744.6,5723.08,0.972895,6.68422,11.9768,1.16339,44.7156,2.17395e+06,8519.08,0.655783,0.697449,0.848131,17.1689,13.0242,0.0708569,1.283,1.00345,5.03254,6.50197,1874.74,1451.06,-354.041,-13686.1,335.673,0.718097,0.94565,0.46643,13,1,188,157,-7489.27,1,0,0,4.8822,6.3682,1674.81,1284,-229.132,-13489.7,290.917,0.6,0.945206,0.462006,0,0,171,145,-7292.83,1,0,0,3.50282,4.83599,1795.64,1300.62,10430.6,-2530.8,223.684,0.729654,0.944283,0.430169,13,1,228,187,3666.08,1,0,0,3.59575,4.93746,1749.23,1273.9,9667.4,-3268.89,223.684,0.62065,0.944283,0.431374,3,1,218,177,3008.48,1,0,0
248,0.412255,13.7136,0.263827,6655.11,12313.8,3939.15,1.02482,3.39828,10.2825,0.752804,59.0778,1.72e+06,9251.82,0.641429,0.602792,0.780251,13.5123,3.54881,0.0536569,2.51596,0.760607,5.26018,5.26018,1793.61,1793.61,4462.1,-840.056,335.673,0.634929,0.979619,0.412258,4,1,193,158,-840.056,1,1,0,4.97386,4.97386,1643.94,1643.94,5877.66,566.463,290.917,0.6,0.979434,0.412257,0,0,180,150,566.463,1,1,0,3.53087,3.53087,1781.38,1781.38,15634.2,10624.6,223.684,0.631369,0.97905,0.412255,4,1,232,194,10624.6,1,1,0,3.66329,3.66329,1716.98,1716.98,14640.6,9742.6,223.684,0.528974,0.97905,0.412255,0,1,220,182,9742.6,1,1,0
249,0.427765,13.3944,0.141772,5292.38,10650.5,6559.23,1.06572,1.2757,9.17681,1.36498,36.0081,1.58347e+06,7974.37,0.713198,0.81663,0.723784,8.49,7.53707,0.0843581,0.665627,1.07991,5.29499,7.93326,1781.82,1189.26,-12585.9,-26138.4,335.673,0.14026,0.880372,0.685698,0,0,206,205,-19619.2,1,0,0,7.43264,11.5576,1100.11,707.479,-33178.8,-46530.7,290.917,0.000110533,0.879463,0.748838,0,0,127,126,-40011.5,1,0,0,3.69717,5.90653,1701.25,1064.89,975.393,-12895.7,223.684,0.67381,0.8776,0.601646,8,1,227,226,-6376.54,1,0,0,3.82168,6.07791,1645.82,1034.86,-208.659,-14059.5,223.684,0.57076,0.8776,0.610223,0,1,217,216,-7438.28,1,0,0
250,0.495579,15.6853,0.291408,5446.74,13832.7,6784.24,0.948336,2.50319,5.85419,1.43111,67.7083,1.04673e+06,7924.06,0.604759,0.588629,0.942831,13.0463,1.63307,0.0769472,1.01343,1.85004,21.2871,33.9919,443.213,277.558,-89293.8,-98788.3,335.673,1.70323e-05,0.944057,0.845859,0,0,58,41,-95545.5,1,0,0,81.6388,421.393,100.158,19.4041,-202322,-207793,290.917,9.4512e-06,0.943642,0.926443,0,0,14,1,-204550,1,0,0,4.31142,6.79559,1458.87,925.573,3560.51,-7301.83,223.684,0.6,0.942769,0.503724,0,0,251,223,-4059,1,0,0,4.31142,6.79559,1458.87,925.573,3560.51,-7389,223.684,0.5,0.942769,0.503724,0,0,251,223,-3986.13,1,0,0
251,0.560247,10.4184,0.165904,6045.57,9433.04,3836.09,0.968575,2.12162,6.2605,1.28507,37.682,1.52365e+06,7766.87,0.710811,0.703136,0.888186,16.0323,4.11881,0.0906895,2.18105,0.877058,6.27914,6.27914,1502.55,1502.55,-13566.9,-18568.6,335.673,0.639119,0.987388,0.560247,4,1,188,133,-18568.6,1,1,0,6.37187,6.37187,1283.26,1283.26,-15125.8,-19939.1,290.917,0.489741,0.987241,0.560247,0,0,161,114,-19939.1,1,1,0,4.13848,4.13848,1519.84,1519.84,2720.17,-2058.81,223.684,0.634493,0.986946,0.560247,4,1,231,174,-2058.81,1,1,0,4.28016,4.28016,1469.53,1469.53,1589.4,-3087.23,223.684,0.532406,0.986946,0.560247,0,1,220,163,-3087.23,1,1,0
252,0.436169,18.6567,0.0812761,5747.72,11005.7,7014.09,1.04098,5.44847,12.6028,1.83587,73.3412,1.2638e+06,8488.88,0.631541,0.838685,0.76398,12.5443,8.99601,0.0767538,1.13759,0.275559,6.70152,6.70152,1407.85,1407.85,-31283.6,-39057.8,335.673,1,0.953801,0.572325,9,1,124,91,-39057.8,1,1,0,4.78197,4.78197,1709.91,1709.91,-7611.04,-15684.3,290.917,0.624663,0.953499,0.476423,4,0,161,133,-15684.3,1,1,0,4.08042,4.08042,1541.46,1541.46,-447.614,-8430.57,223.684,0.687363,0.952844,0.455061,9,1,171,129,-8430.57,1,1,0,4.32632,4.32632,1453.85,1453.85,-3269.6,-11046,223.684,0.564983,0.952844,0.462095,0,1,158,116,-11046,1,1,0
253,0.374352,17.741,0.146693,5960.61,10499.1,6743.66,1.05559,1.43099,5.24664,0.63953,42.0278,1.76308e+06,7810.71,0.735417,0.661519,0.806198,11.6295,6.4911,0.0997107,1.52246,1.3309,6.44982,9.95306,1462.79,947.921,-18458.9,-33245.4,335.673,0.236691,0.936703,0.523864,0,0,177,176,-25968.8,1,0,0,18.0266,32.9705,453.595,248.002,-103513,-116790,290.917,1.81584e-05,0.936279,0.83214,0,0,54,53,-109514,1,0,0,3.47967,5.97517,1807.59,1052.66,6283.02,-8758.46,223.684,0.6,0.935367,0.38649,0,0,276,266,-1481.79,1,0,0,3.47967,5.97517,1807.59,1052.66,6283.02,-8981.23,223.684,0.5,0.935367,0.38649,0,0,276,266,-1409.45,1,0,0
254,0.370999,12.1948,0.0111931,6754.41,14388.9,4622.43,1.06508,5.15818,5.52305,0.931128,38.0206,1.65661e+06,9137.79,0.662054,0.722791,0.728907,12.9365,9.97909,0.0620566,2.42776,0.062749,5.3338,5.3338,1768.85,1768.85,-9613.81,-15302.9,335.673,0.465294,0.981999,0.371009,0,0,194,157,-15302.9,1,1,0,5.47321,5.47321,1493.96,1493.96,-12173.6,-17683.9,290.917,0.333265,0.981816,0.371015,0,0,164,132,-17683.9,1,1,0,3.67488,3.67488,1711.57,1711.57,6325.59,721.869,223.684,0.6,0.981444,0.370999,0,0,236,196,721.869,1,1,0,3.67488,3.67488,1711.57,1711.57,6325.59,814.587,223.684,0.536552,0.981444,0.370999,0,0,236,196,814.587,1,1,0
255,0.523804,14.9433,0.2412,6072.7,14438.4,7045,0.941866,3.72774,14.0464,1.79868,33.5452,1.49896e+06,8008.62,0.696345,0.54782,0.846994,13.2209,11.91,0.0871053,1.95329,1.88023,6.88268,6.88268,1370.79,1370.79,-13740.1,-21712.8,335.673,0.511016,0.944012,0.571576,0,0,170,149,-21712.8,1,1,0,19.5115,19.5115,419.074,419.074,-91725.2,-98106.8,290.917,4.35011e-05,0.943581,0.826102,0,0,52,34,-98106.8,1,1,0,4.15427,4.15427,1514.06,1514.06,5454.66,-2539.37,223.684,0.728282,0.942682,0.52755,12,1,225,193,-2539.37,1,1,0,4.29958,4.29958,1462.89,1462.89,4375.95,-3513.9,223.684,0.614335,0.942682,0.528518,2,1,215,183,-3513.9,1,1,0
256,0.544971,9.69233,0.0304305,5839.42,12556.2,3102.19,1.00785,6.71729,12.04,1.90912,65.5683,1.12911e+06,8381.86,0.618145,0.522387,0.775425,9.65836,1.77396,0.0716163,2.50763,1.87978,7.51907,7.51907,1254.77,1254.77,-41374.6,-45521.7,335.673,0.625317,0.98282,0.544974,2,1,118,82,-45521.7,1,1,0,5.11329,5.11329,1599.12,1599.12,-13082.2,-17660.9,290.917,0.621511,0.982609,0.544971,2,1,152,121,-17660.9,1,1,0,4.38736,4.38736,1433.62,1433.62,-4875.66,-8994.7,223.684,0.621854,0.982189,0.544971,2,1,155,117,-8994.7,1,1,0,4.6303,4.6303,1358.4,1358.4,-7742.62,-11728.8,223.684,0.517774,0.982189,0.544971,0,1,146,108,-11728.8,1,1,0
257,0.331583,19.6682,0.0926245,6871.82,8775.18,2639.93,1.08,3.87999,5.04213,1.13889,39.3102,1.53861e+06,8459.02,0.638083,0.894513,0.956451,17.8134,13.202,0.0687982,0.259459,0.184285,2.921,4.14913,3229.96,2273.9,31937.1,9277.56,335.673,0.672925,0.865305,0.525234,11,0,264,263,27897,1,0,0,2.96043,4.2445,2762.02,1926.43,29865.8,7364.16,290.917,0.557285,0.864578,0.530604,0,0,227,226,25983.6,1,0,0,2.32073,3.66259,2710.27,1717.31,31501.2,9073.15,223.684,0.6,0.862982,0.458444,0,0,279,278,27692.6,1,0,0,2.32073,2.32073,2710.27,2710.27,31501.2,27807.7,223.684,0.5,0.862982,0.458444,0,0,279,278,27807.7,1,1,0
258,0.319968,18.8347,0.169595,5210.43,11375.3,4239.33,0.97839,7.43843,8.12043,0.788966,39.8834,1.44255e+06,8015.29,0.705091,0.571558,0.834927,8.11525,1.55124,0.0865765,1.82421,1.10177,3.03986,3.92336,3103.67,2404.75,14790.8,1987.35,335.673,0.492822,0.921186,0.327508,0,0,265,245,9427.93,1,0,0,3.08239,4.00042,2652.73,2043.97,13203.5,509.109,290.917,0.39776,0.920695,0.328467,0,0,227,211,7949.7,1,0,0,2.37279,3.31269,2650.81,1898.7,17304.4,4664.37,223.684,0.6,0.919626,0.321352,0,0,291,261,12105,1,0,0,2.37279,3.31269,2650.81,1898.7,17304.4,4518.91,223.684,0.5,0.919626,0.321352,0,0,291,261,12188.2,1,0,0
259,0.47833,19.0628,0.0128925,6768.77,9717.3,5327.18,0.985977,7.20375,12.6332,1.13049,38.4848,2.0269e+06,8876.84,0.682553,0.63422,0.794106,5.49248,13.7617,0.0977779,1.80361,1.59478,3.45854,4.58772,2727.95,2056.51,18904.7,-3407.87,335.673,0.774617,0.944822,0.480734,14,1,188,148,12068.3,1,0,0,2.80589,3.81185,2914.14,2145.09,28353.2,5973.89,290.917,0.74701,0.944479,0.478763,14,0,219,185,21450,1,0,0,2.57195,3.68289,2445.54,1707.84,26630.4,4718.83,223.684,0.749549,0.943728,0.478538,14,1,213,165,20195,1,0,0,2.64879,3.77066,2374.6,1668.09,25682,3791.01,223.684,0.632378,0.943728,0.478607,4,1,203,155,19349.3,1,0,0
260,0.343852,11.986,0.0237951,5994.99,14194.4,4257.21,1.09696,1.4823,9.17601,1.18425,45.2898,2.09151e+06,8784.15,0.715572,0.701874,0.912367,16.1224,9.28921,0.0877788,1.8213,0.929157,16.4439,16.4439,573.753,573.753,-109824,-113557,335.673,3.78622e-05,0.93988,0.822279,0,0,73,72,-113557,1,1,0,501.306,501.306,16.3109,16.3109,-441436,-430839,290.917,1.40626e-05,0.939301,0.938105,0,0,2,1,-430839,1,1,0,4.16497,4.16497,1510.17,1510.17,-4474.43,-9861.01,223.684,0.6,0.938125,0.381975,0,0,246,242,-9861.01,1,1,0,4.16497,4.16497,1510.17,1510.17,-4474.43,-9738.11,223.684,0.527515,0.938125,0.381975,0,0,246,242,-9738.11,1,1,0
261,0.547399,10.0296,0.208835,5998.75,8968.82,7210.34,0.922611,5.48933,9.68798,1.27935,77.0606,1.88887e+06,8921.62,0.68451,0.649789,0.966785,17.6347,1.5629,0.0665061,1.76643,0.957543,4.80467,4.80467,1963.66,1963.66,-207.078,-8668.52,335.673,0.614994,0.956697,0.552056,2,1,156,94,-8668.52,1,1,0,3.61157,3.61157,2264.04,2264.04,14258.7,5522.03,290.917,0.6,0.956211,0.547926,0,0,190,137,5522.03,1,1,0,3.08142,3.08142,2041.2,2041.2,16084.1,7821,223.684,0.611093,0.955246,0.547536,2,1,210,141,7821,1,1,0,3.20247,3.20247,1964.05,1964.05,14860.6,6705.74,223.684,0.514853,0.955246,0.547601,0,1,198,129,6705.74,1,1,0
262,0.3931,10.5413,0.0215331,6750.52,8380.17,3773.55,1.04112,1.717,9.58799,0.91153,54.3311,1.22946e+06,8611.84,0.6854,0.538936,0.936097,14.641,6.11717,0.0754946,2.17151,1.9404,3.83718,6.04365,2458.76,1561.1,12103.4,-12126.5,335.673,0.646281,0.977444,0.3931,6,1,229,198,6934.28,1,0,0,3.67161,5.86204,2227.02,1394.86,13368,-10811.2,290.917,0.6,0.977186,0.3931,0,0,210,184,8249.62,1,0,0,2.5926,4.71185,2426.06,1334.89,22432,-1498.44,223.684,0.63806,0.976669,0.3931,6,1,288,255,17562.3,1,0,0,2.67555,4.76783,2350.84,1319.22,22001.2,-2046.44,223.684,0.529596,0.976669,0.3931,0,1,271,238,17248.4,1,0,0
263,0.343162,9.08002,0.143125,6005.17,12931,3906.07,1.07004,6.58643,7.02134,0.968941,43.0439,807134,8320.36,0.728739,0.578766,0.823221,12.0342,4.35671,0.060857,2.53211,0.461016,4.46649,4.46649,2112.33,2112.33,4993.24,-97.1422,335.673,0.509006,0.977799,0.343162,0,0,199,170,-97.1422,1,1,0,4.39063,4.39063,1862.32,1862.32,5244.69,289.514,290.917,0.405043,0.977509,0.343162,0,0,175,150,289.514,1,1,0,3.11633,3.11633,2018.34,2018.34,15680.9,10744.1,223.684,0.6,0.976936,0.343162,0,0,242,210,10744.1,1,1,0,3.11633,3.11633,2018.34,2018.34,15680.9,10838.7,223.684,0.5,0.976936,0.343162,0,0,242,210,10838.7,1,1,0
264,0.576291,9.44133,0.101609,5881.28,11173,5674.14,0.930159,5.08579,12.2139,1.48338,38.5195,2.138e+06,8297.83,0.663703,0.697379,0.774755,19.6281,11.3814,0.0810119,0.688794,1.05262,4.11626,4.11626,2292.06,2292.06,305.865,-5944.83,335.673,0.220404,0.904115,0.647875,0,0,197,164,-5944.83,1,1,0,4.09687,4.09687,1995.85,1995.85,-863.45,-7084.02,290.917,0.171995,0.903147,0.648459,0,0,171,144,-7084.02,1,1,0,3.46267,3.46267,1816.46,1816.46,4975.32,-1290.18,223.684,1,0.901245,0.624913,11,1,185,131,-1290.18,1,1,0,3.48687,3.48687,1803.86,1803.86,4662.98,-1569.64,223.684,1,0.901245,0.625897,9,1,183,129,-1569.64,1,1,0
265,0.34966,8.85565,0.0684238,5583.03,13868.6,2519.32,1.04289,2.35294,6.03006,1.43269,30.9451,2.23802e+06,8833.07,0.734257,0.675521,0.881745,10.5614,3.93092,0.0701294,0.313691,0.229936,4.89577,4.89577,1927.12,1927.12,-12974.4,-16581,335.673,0.618854,0.850594,0.618721,3,0,218,217,-16581,1,1,0,5.86573,5.86573,1393.99,1393.99,-24852.8,-27913.2,290.917,0.296465,0.849008,0.661022,0,0,158,157,-27913.2,1,1,0,3.03532,3.03532,2072.21,2072.21,4899.53,1315.11,223.684,0.617093,0.845911,0.494297,3,0,292,291,1315.11,1,1,0,3.13783,3.13783,2004.51,2004.51,3909.17,457.117,223.684,0.516625,0.845911,0.50345,0,1,275,274,457.117,1,1,0
266,0.385416,19.8779,0.0566337,6277.49,8522.41,6137.79,0.993948,1.99299,10.0725,1.49315,48.2496,940531,8154.07,0.655832,0.819278,0.935904,11.0885,11.7408,0.0614067,0.221926,0.60488,3.99298,3.99298,2362.82,2362.82,8442.15,1496.54,335.673,0.821963,0.86713,0.61513,12,1,217,216,1496.54,1,1,0,3.6628,3.6628,2232.38,2232.38,11694.4,4668.79,290.917,0.6,0.866432,0.592997,0,0,214,213,4668.79,1,1,0,2.74386,2.74386,2292.32,2292.32,19752.9,12630.6,223.684,0.674481,0.8649,0.516005,12,1,259,256,12630.6,1,1,0,2.86203,2.86203,2197.67,2197.67,18847.4,11878.4,223.684,0.563637,0.8649,0.527354,0,1,241,238,11878.4,1,1,0
267,0.346084,8.88869,0.229023,6117.19,13607.5,4387.35,1.07058,3.43662,6.69956,1.06593,35.5031,1.77842e+06,8274.52,0.649289,0.624715,0.992524,13.8667,5.06044,0.0510546,0.475284,1.70181,4.51348,6.01438,2090.34,1568.69,5307.4,-7329.92,335.673,0.483605,0.840446,0.585356,0,0,225,224,58.0379,1,0,0,4.99987,6.74435,1635.39,1212.38,-783.095,-13119.7,290.917,0.303939,0.83879,0.61197,0,0,177,176,-5731.74,1,0,0,2.91442,4.17722,2158.17,1505.74,15822.3,2998.55,223.684,0.6,0.835555,0.473757,0,0,292,291,10386.5,1,0,0,2.91442,4.17722,2158.17,1505.74,15822.3,2855.7,223.684,0.5,0.835555,0.473757,0,0,292,291,10501.3,1,0,0
268,0.334647,9.5905,0.285463,5478.51,8261.34,7388.74,1.08149,6.40578,5.46533,1.00469,31.3506,1.38772e+06,7727.34,0.716913,0.876126,0.810038,11.4564,13.8589,0.0962662,1.96786,1.4329,3.6366,4.93276,2594.38,1912.66,18009.2,638.012,335.673,0.535325,0.951954,0.352397,0,0,188,151,9144.9,1,0,0,3.4869,4.74701,2344.99,1722.5,18858.7,1604.31,290.917,0.45524,0.951379,0.349159,0,0,169,138,10111.2,1,0,0,2.75179,4.11845,2285.72,1527.23,21631.3,4629.29,223.684,0.6,0.95024,0.337796,0,0,216,173,13136.2,1,0,0,2.75179,4.11845,2285.72,1527.23,21631.3,4270.72,223.684,0.5,0.95024,0.337796,0,0,216,173,13207.1,1,0,0
269,0.306344,17.9271,0.0420539,6368.44,8196.49,5957.09,1.0745,6.36929,6.43244,1.02731,35.149,972781,8759.26,0.601732,0.613124,0.883884,13.3295,4.51532,0.053941,1.2495,1.22401,2.21302,2.99839,4263.28,3146.59,46373.3,23306.7,335.673,0.556892,0.924808,0.307144,0,0,279,259,39057.9,1,0,0,2.18064,2.97094,3749.7,2752.25,45818,22828.3,290.917,0.483543,0.924314,0.307075,0,0,246,229,38579.5,1,0,0,1.80791,2.70952,3479.06,2321.37,41618.1,18805.9,223.684,0.6,0.923247,0.306475,0,0,294,267,34557.2,1,0,0,1.80791,2.70952,3479.06,2321.37,41618.1,18460,223.684,0.5,0.923247,0.306475,0,0,294,267,34643.4,1,0,0
270,0.316619,14.9629,0.287904,6251.01,11229.2,2761.07,0.912877,0.26701,13.6933,1.92676,45.9261,2.24715e+06,7553.85,0.625829,0.632519,0.752586,19.4985,9.90449,0.0664655,1.04847,0.227777,58.9937,58.9937,159.927,159.927,-215433,-214078,335.673,2.31088e-05,0.929288,0.905757,0,0,21,11,-214078,1,1,0,136.918,136.918,59.7202,59.7202,-278251,-273377,290.917,1.98131e-05,0.928736,0.920172,0,0,8,1,-273377,1,1,0,3.99558,3.99558,1574.19,1574.19,5310.36,1529.2,223.684,0.623507,0.927583,0.356402,4,0,286,263,1529.2,1,1,0,4.12748,4.12748,1523.89,1523.89,4479.86,871.571,223.684,0.549973,0.927583,0.362741,0,1,273,250,871.571,1,1,0
271,0.352392,17.293,0.178429,5807.45,9549.04,2963.14,1.05137,2.4183,6.76148,1.09287,67.5432,2.14984e+06,9381.02,0.610765,0.879725,0.680612,8.56248,11.4025,0.0595227,2.72985,1.7014,5.20079,8.90358,1814.09,1059.65,-8619.74,-28952.3,335.673,0.711329,0.984007,0.352419,11,1,197,148,-13098,1,0,0,5.18306,9.02259,1577.59,906.253,-9686.06,-29879,290.917,0.6,0.983888,0.352418,0,0,172,130,-14024.7,1,0,0,3.60519,7.35789,1744.65,854.839,4219.32,-15703,223.684,0.688008,0.983632,0.352393,11,1,241,189,151.348,1,0,0,3.7269,7.47368,1687.68,841.595,3117.47,-16890.3,223.684,0.578818,0.983632,0.352393,0,1,228,176,-828.795,1,0,0
272,0.316015,15.5709,0.192498,5101.11,12156,2940.84,1.08431,3.38281,7.78369,1.4092,33.3493,2.22391e+06,7687.48,0.676816,0.836193,0.73857,7.22844,3.81397,0.0747064,2.70053,0.596219,7.59553,7.59553,1242.14,1242.14,-32323.9,-36017.7,335.673,0.228798,0.982459,0.319359,0,0,160,124,-36017.7,1,1,0,9.97457,9.97457,819.76,819.76,-50714.2,-54061,290.917,0.105279,0.982316,0.344608,0,0,108,77,-54061,1,1,0,4.53965,4.53965,1385.53,1385.53,-7774.77,-11648.7,223.684,0.6,0.982013,0.316025,0,0,223,183,-11648.7,1,1,0,4.53965,4.53965,1385.53,1385.53,-7774.77,-11568,223.684,0.5,0.982013,0.316025,0,0,223,183,-11568,1,1,0
273,0.477343,18.5861,0.212978,5895.97,8180.72,7263.11,1.02427,4.68466,6.38095,1.28426,63.9337,965844,8165.96,0.694211,0.626787,0.655072,11.3533,1.98482,0.0597472,1.61667,1.06997,4.32419,6.08661,2181.84,1550.08,10913.1,-10141.5,335.673,0.6133,0.944261,0.488021,2,1,159,129,2223.76,1,0,0,3.23858,4.68265,2524.79,1746.18,23453.7,2117.73,290.917,0.612789,0.943906,0.478835,2,1,202,176,14483,1,0,0,2.90813,4.45599,2162.84,1411.54,23603.2,2771.96,223.684,0.616484,0.943134,0.478006,2,1,198,161,15137.2,1,0,0,3.03375,4.61577,2073.28,1362.68,22429.1,1620.39,223.684,0.513633,0.943134,0.478296,0,1,186,149,14085,1,0,0
274,0.504214,15.6616,0.211236,5104.09,8247.73,5920.26,1.02018,1.19622,12.3555,1.81433,61.0271,1.48789e+06,7875.56,0.601556,0.658114,0.8283,12.56,8.16622,0.0868106,1.3755,0.466949,6.11097,6.11097,1543.9,1543.9,-19556.6,-26210.6,335.673,0.651828,0.950245,0.547635,8,1,153,129,-26210.6,1,1,0,4.97737,4.97737,1642.78,1642.78,-8553.97,-15607.1,290.917,0.6,0.949871,0.520977,0,0,170,150,-15607.1,1,1,0,3.71503,3.71503,1693.07,1693.07,2451.52,-4463.31,223.684,0.667288,0.949084,0.507078,8,1,205,172,-4463.31,1,1,0,3.88634,3.88634,1618.44,1618.44,820.561,-5952.51,223.684,0.558786,0.949084,0.508164,0,1,193,160,-5952.51,1,1,0
275,0.418089,14.2655,0.245943,5228.02,13090,4638.03,0.909001,2.68226,9.45449,1.05368,74.0995,2.09366e+06,7981.32,0.62422,0.836904,0.780605,15.6979,9.80203,0.061241,0.811322,1.04147,7.42984,10.5434,1269.84,894.844,-27279,-38027.3,335.673,5.38698e-05,0.879887,0.750481,0,0,154,153,-32205.1,1,0,0,24.0896,40.9549,339.431,199.652,-127992,-136916,290.917,2.23898e-05,0.879022,0.84571,0,0,40,39,-131094,1,0,0,3.71497,5.70529,1693.1,1102.45,1589.35,-9218.92,223.684,0.6,0.877231,0.604521,0,0,262,258,-3396.76,1,0,0,3.71497,5.70529,1693.1,1102.45,1589.35,-9314.27,223.684,0.5,0.877231,0.604521,0,0,262,258,-3391.55,1,0,0
276,0.395397,16.553,0.145041,5867.26,9471.16,3502.41,1.07121,7.08478,14.4364,1.15122,39.1994,1.76274e+06,8044.91,0.645381,0.534436,0.887396,19.3276,11.6246,0.0592728,1.37971,1.12428,2.92998,3.76756,3220.07,2504.2,25887.9,7816.5,335.673,0.718845,0.926562,0.39727,12,1,221,205,20785.7,1,0,0,2.59055,3.39983,3156.37,2405.05,28733,10577.8,290.917,0.6,0.92605,0.396107,0,0,233,220,23547,1,0,0,2.20221,3.03802,2856.13,2070.37,28895.3,11257.9,223.684,0.71019,0.924962,0.395569,12,1,249,227,24227.2,1,0,0,2.25461,3.08537,2789.76,2038.59,28730.8,11076.1,223.684,0.597036,0.924962,0.395615,0,1,237,215,24171.1,1,0,0
277,0.451358,13.3687,0.160008,5240.46,12594.9,6868.2,0.909281,3.81238,11.6432,1.76419,69.7134,1.4019e+06,8836.67,0.644134,0.617871,0.86536,15.3301,4.54593,0.0608443,1.23276,0.680937,5.40532,5.40532,1745.45,1745.45,-13297.4,-21313.4,335.673,0.636733,0.942791,0.49013,5,1,184,145,-21313.4,1,1,0,5.10879,5.10879,1600.53,1600.53,-10827.6,-18863.7,290.917,0.6,0.942297,0.482245,0,0,172,139,-18863.7,1,1,0,3.51676,3.51676,1788.52,1788.52,3646.98,-4184.37,223.684,0.635607,0.941282,0.455143,5,1,237,187,-4184.37,1,1,0,3.65268,3.65268,1721.97,1721.97,2424.58,-5296.64,223.684,0.533426,0.941282,0.456281,0,1,224,174,-5296.64,1,1,0
278,0.562501,12.1528,0.0971481,5588.74,13249.5,3507.78,0.962702,5.95315,10.3139,0.741436,73.2433,1.52504e+06,7753.5,0.61457,0.712622,0.708753,19.8076,12.3397,0.0648782,0.0208555,1.01184,5.11808,5.11808,1843.41,1843.41,-12197.8,-16155.4,335.673,9.83306e-05,0.899386,0.689538,0,0,183,179,-16155.4,1,1,0,5.39808,5.39808,1514.75,1514.75,-16212.2,-20127.2,290.917,8.79073e-05,0.898574,0.700654,0,0,151,150,-20127.2,1,1,0,3.56098,3.56098,1766.32,1766.32,3204.82,-638.963,223.684,0.00368203,0.896934,0.626733,0,0,226,202,-638.963,1,1,0,3.56098,3.56098,1766.32,1766.32,3204.82,-638.963,223.684,0.00368203,0.896934,0.626733,0,0,226,202,-638.963,1,1,0
279,0.555339,13.6118,0.0315773,6271.51,8415.32,6033.4,1.08517,3.87823,11.5663,1.39144,78.8242,807902,7927.71,0.625927,0.831562,0.885838,8.69508,12.905,0.0820916,2.27573,0.812105,7.5836,7.5836,1244.09,1244.09,-33655.1,-41176.3,335.673,0.770924,0.988726,0.555348,13,1,127,81,-41176.3,1,1,0,5.35124,5.35124,1528.01,1528.01,-9521.49,-17233.8,290.917,0.683564,0.988622,0.55534,8,0,158,118,-17233.8,1,1,0,4.55934,4.55934,1379.55,1379.55,-1342.29,-8552.24,223.684,0.742865,0.988407,0.555339,13,1,167,119,-8552.24,1,1,0,4.774,4.774,1317.51,1317.51,-3564.33,-10630.3,223.684,0.633676,0.988407,0.555339,4,1,158,110,-10630.3,1,1,0
280,0.313043,10.0366,0.199392,5647.97,13388.3,6316.62,1.08995,3.71986,5.40425,1.09986,70.4275,1.66728e+06,7602.41,0.727058,0.725847,0.71559,8.13335,11.1294,0.0604814,1.31572,1.39499,7.72681,10.4405,1221.04,903.661,-29328.3,-40113.9,335.673,0.414128,0.940559,0.589714,0,0,138,135,-36416,1,0,0,10.0089,13.9218,816.946,587.336,-48583.8,-58765.3,290.917,0.119583,0.939886,0.699573,0,0,92,91,-55067.5,1,0,0,4.27609,6.22152,1470.92,1010.98,-228.622,-11456.1,223.684,0.6,0.938548,0.365272,0,0,216,204,-7758.31,1,0,0,4.27609,6.22152,1470.92,1010.98,-228.622,-11577.7,223.684,0.5,0.938548,0.365272,0,0,216,204,-7634.34,1,0,0
281,0.35445,17.5589,0.010083,6886.57,9878.95,3973.28,1.09838,4.9754,14.5066,1.97869,36.1884,2.03957e+06,8062.92,0.705087,0.695912,0.652084,9.59802,1.09876,0.0848425,0.668548,1.08778,4.18694,5.53691,2253.37,1703.97,5352.63,-14610.6,335.673,0.60754,0.84327,0.595127,1,1,171,170,193.564,1,0,0,3.25553,4.37264,2511.65,1869.98,19477.7,-838.146,290.917,0.603506,0.842378,0.529406,1,1,204,203,13966,1,0,0,2.93716,4.02246,2141.46,1563.67,21346.5,1436.94,223.684,0.605335,0.840469,0.503875,1,1,185,184,16241.1,1,0,0,3.06613,4.18955,2051.38,1501.31,19286.6,-583.23,223.684,0.500177,0.840469,0.515436,0,1,175,174,14305.1,1,0,0
282,0.371023,11.1284,0.0826905,6740.34,10726.8,5024.57,0.99528,2.07492,14.5643,1.58208,77.3565,754190,9282.48,0.644414,0.884847,0.989567,16.8069,2.13381,0.0715085,1.99879,1.75615,7.47515,11.7163,1262.14,805.262,-24520.4,-44548.3,335.673,0.806729,0.953906,0.605992,2,1,127,88,-30097.6,1,0,0,5.79514,9.14653,1410.97,893.973,-7030.59,-27538.4,290.917,0.6,0.953422,0.497337,0,0,147,114,-13087.7,1,0,0,4.05495,7.07363,1551.14,889.192,9123.79,-11443.8,223.684,0.614826,0.952448,0.401562,2,1,200,151,3006.91,1,0,0,4.26295,7.35677,1475.46,854.969,7289.81,-13247.7,223.684,0.507812,0.952448,0.410398,0,1,186,137,1341.15,1,0,0
283,0.374816,9.84238,0.028269,6145.35,8606.47,3614.95,0.935486,1.99842,7.7614,0.515834,70.7496,989947,8160.22,0.639511,0.546564,0.659445,7.79772,13.9706,0.0598504,1.343,0.0992839,4.14316,4.14316,2277.18,2277.18,3456.86,-1603.62,335.673,0.693705,0.93036,0.391184,14,1,208,180,-1603.62,1,1,0,3.86562,3.86562,2115.25,2115.25,6415.09,1368.59,290.917,0.6,0.92958,0.386397,0,0,198,175,1368.59,1,1,0,2.66664,2.66664,2358.7,2358.7,17664.7,12982.3,223.684,0.687395,0.928033,0.375736,14,1,282,244,12982.3,1,1,0,2.75724,2.75724,2281.2,2281.2,17052.6,12484.1,223.684,0.579214,0.928033,0.376034,0,1,265,227,12484.1,1,1,0
284,0.47137,10.9562,0.0572181,6831.38,13870.4,4394.65,0.997589,7.91483,11.283,1.75921,40.6163,1.52699e+06,8954.68,0.61203,0.812026,0.769612,7.94285,10.5413,0.0620022,0.94119,0.0532773,3.72347,3.72347,2533.85,2533.85,17236.1,12214.6,335.673,0.0558317,0.891633,0.605498,0,0,203,194,12214.6,1,1,0,3.68126,3.68126,2221.19,2221.19,16506.7,11493.3,290.917,0.0585415,0.890645,0.604341,0,0,179,174,11493.3,1,1,0,3.1971,3.1971,1967.35,1967.35,19992.8,14961.2,223.684,0.892458,0.888669,0.574056,11,1,179,150,14961.2,1,1,0,3.20765,3.20765,1960.88,1960.88,19872.1,14858.5,223.684,0.873798,0.888669,0.574813,10,1,178,149,14858.5,1,1,0
285,0.424879,18.1048,0.191619,6653.55,11925.1,7325.67,0.920463,6.95194,7.01915,1.55477,38.2599,1.59145e+06,8323.41,0.652336,0.550814,0.873129,11.176,9.14829,0.0763667,0.692432,0.377099,2.89251,2.89251,3261.77,3261.77,33302.7,24696.1,335.673,0.661091,0.833805,0.507037,9,1,273,272,24696.1,1,1,0,2.85319,2.85319,2865.83,2865.83,31979.7,23417.4,290.917,0.6,0.832943,0.505276,0,0,245,244,23417.4,1,1,0,2.21654,2.21654,2837.67,2837.67,32346.3,24008.5,223.684,0.622611,0.831086,0.465986,4,0,303,289,24008.5,1,1,0,2.25069,2.25069,2794.62,2794.62,32566.8,24325.3,223.684,0.551197,0.831086,0.468037,0,1,292,278,24325.3,1,1,0
286,0.314776,11.9624,0.188543,5666.45,11532.7,5965.69,1.07451,5.90204,10.4747,1.34144,76.8207,1.26503e+06,8299.2,0.65971,0.793131,0.779631,9.76316,12.7177,0.0689314,0.177425,0.237153,4.32831,4.32831,2179.77,2179.77,4603.43,-2343.85,335.673,1,0.8553,0.611384,13,1,170,169,-2343.85,1,1,0,3.64477,3.64477,2243.42,2243.42,12219.7,5240.72,290.917,0.730218,0.854087,0.563727,13,1,188,187,5240.72,1,1,0,3.08613,3.08613,2038.09,2038.09,16616.6,9675.33,223.684,0.679687,0.851639,0.5161,13,1,188,187,9675.33,1,1,0,3.31354,3.31354,1898.21,1898.21,14126.4,7347.86,223.684,0.564688,0.851639,0.538023,0,1,169,168,7347.86,1,1,0
287,0.412084,16.2326,0.126316,6440.67,14779.9,6733.07,1.01211,1.09716,12.7079,0.854193,37.7849,791902,9047.94,0.735627,0.717236,0.783423,14.6972,1.51534,0.0756862,1.50907,1.05179,635.9,inf,14.8368,-46.4065,-412456,-411666,335.673,1.69675e-05,0.945201,0.944283,0,0,2,1,-405172,1,0,0,571.609,inf,14.3048,-47.5606,-357111,-358332,290.917,1.75958e-05,0.9448,0.943778,0,0,2,1,-351838,1,0,0,5.15238,8.51764,1220.76,738.446,-1025.95,-15252,223.684,0.614074,0.943949,0.473573,2,1,207,192,-8758.12,1,0,0,5.48192,9.0313,1147.37,696.446,-3301.04,-17396.3,223.684,0.509777,0.943949,0.489831,0,1,192,177,-10833.8,1,0,0
288,0.457126,18.2769,0.0270516,5339.17,10341.5,5203,0.980901,0.241798,14.3982,0.723975,68.8552,1.8654e+06,7453.64,0.711467,0.605858,0.902955,18.3525,10.8459,0.090629,1.12633,0.400268,178.768,178.768,52.7764,52.7764,-414580,-407888,335.673,2.06627e-05,0.940417,0.933781,0,0,7,3,-407888,1,1,0,558.642,558.642,14.6368,14.6368,-432969,-423596,290.917,1.95748e-05,0.940032,0.938838,0,0,2,1,-423596,1,1,0,4.51556,4.51556,1392.92,1392.92,-9622.53,-15862.1,223.684,0.676209,0.9392,0.476213,11,1,244,228,-15862.1,1,1,0,4.76831,4.76831,1319.09,1319.09,-11858,-17931.4,223.684,0.560793,0.9392,0.482253,0,1,227,211,-17931.4,1,1,0
289,0.330502,8.93294,0.130012,6323.75,14235.5,3695.2,0.915906,1.4033,8.39217,1.4426,50.263,1.11439e+06,9129.77,0.671873,0.717335,0.860754,7.07991,9.51081,0.0522916,0.120988,0.0320972,6.92899,6.92899,1361.63,1361.63,-17702.1,-21704.9,335.673,6.23396e-05,0.852996,0.699038,0,0,167,166,-21704.9,1,1,0,32.6246,32.6246,250.632,250.632,-158948,-160165,290.917,2.00854e-05,0.851427,0.824803,0,0,30,29,-160165,1,1,0,3.66366,3.66366,1716.81,1716.81,8954.6,4503.3,223.684,0.663795,0.848357,0.550411,10,1,253,252,4503.3,1,1,0,3.80058,3.80058,1654.96,1654.96,7908.23,3567.45,223.684,0.575267,0.848357,0.560939,0,1,240,239,3567.45,1,1,0
290,0.550038,17.1803,0.105823,5975.97,13037.8,6064.4,0.981048,7.50185,11.9351,1.15991,66.1903,1.71687e+06,8370.42,0.620229,0.851766,0.831432,13.2013,12.0269,0.0696805,2.43722,0.565244,9.2205,9.2205,1023.23,1023.23,-42572.6,-49731.8,335.673,0.756667,0.98854,0.550243,12,1,134,69,-49731.8,1,1,0,6.6772,6.6772,1224.58,1224.58,-22837.6,-30205.4,290.917,0.606661,0.988455,0.55004,1,0,154,98,-30205.4,1,1,0,5.71063,5.71063,1101.42,1101.42,-13784,-20756.2,223.684,0.753734,0.988271,0.550038,12,1,167,100,-20756.2,1,1,0,6.04201,6.04201,1041.01,1041.01,-16471.1,-23310.1,223.684,0.631541,0.988271,0.550038,3,1,158,91,-23310.1,1,1,0
291,0.315589,11.692,0.216138,5123.45,14499.7,5002.84,1.07324,6.53032,12.1643,1.79243,34.5926,1.58872e+06,8102.25,0.698424,0.688873,0.960211,6.32601,11.1128,0.0707721,2.42485,1.01841,5.31951,6.95009,1773.61,1357.49,-10713.6,-21033.3,335.673,0.483575,0.979606,0.315622,0,0,192,159,-16796.2,1,0,0,5.46425,7.19365,1496.41,1136.66,-12977.3,-23106.2,290.917,0.341103,0.979391,0.31564,0,0,162,134,-18869.1,1,0,0,3.65704,5.10854,1719.92,1231.23,2605.12,-7604.15,223.684,0.6,0.978956,0.315589,0,0,234,198,-3367.02,1,0,0,3.65704,5.10854,1719.92,1231.23,2605.12,-7650.65,223.684,0.560881,0.978956,0.315589,0,0,234,198,-3273.03,1,0,0
292,0.577453,10.5995,0.173708,5586.16,14354.6,3384.24,1.04068,4.18461,7.21149,0.89356,66.2529,1.39626e+06,9213.67,0.740402,0.502631,0.68784,8.3224,7.3041,0.0625459,1.47008,1.42851,5.98694,8.07037,1575.88,1169.06,-16075.8,-29383.1,335.673,0.683941,0.94873,0.586792,7,1,158,143,-20745.6,1,0,0,5.51829,7.53443,1481.75,1085.25,-11725.7,-25080.8,290.917,0.6,0.948197,0.583512,0,0,153,141,-16443.3,1,0,0,3.95886,5.63828,1588.79,1115.55,2653.55,-10417.1,223.684,0.67534,0.947134,0.578066,7,1,192,169,-1779.63,1,0,0,4.10832,5.82545,1530.99,1079.71,1204.52,-11809.7,223.684,0.566044,0.947134,0.578288,0,1,182,159,-3107.95,1,0,0
293,0.329734,16.2668,0.14747,6810.6,14937.2,4562.15,0.916491,7.75024,11.2903,1.45628,55.5956,1.63543e+06,8079.72,0.611707,0.522642,0.814419,9.63652,1.92259,0.072094,2.5167,0.87679,4.46595,4.46595,2112.59,2112.59,7832.09,2294.31,335.673,0.475716,0.972781,0.329737,0,0,236,193,2294.31,1,1,0,4.74533,4.74533,1723.12,1723.12,3771.21,-1601.66,290.917,0.335354,0.97257,0.329741,0,0,193,156,-1601.66,1,1,0,3.11151,3.11151,2021.47,2021.47,16059.6,10591.5,223.684,0.6,0.972123,0.329734,0,0,289,242,10591.5,1,1,0,3.15964,3.15964,1990.67,1990.67,15791.9,10419.1,223.684,0.5102,0.972123,0.329734,0,1,281,234,10419.1,1,1,0
294,0.553072,18.9176,0.146095,5660.94,8921.74,5674.2,0.931981,1.17266,11.5542,0.873265,75.0189,1.79256e+06,9355.39,0.727291,0.753055,0.733673,13.6865,12.8222,0.0783317,1.44302,1.92543,8.28947,8.28947,1138.16,1138.16,-40095.2,-46461.8,335.673,0.771792,0.95954,0.647495,13,1,125,70,-46461.8,1,1,0,5.65018,5.65018,1447.17,1447.17,-15642.8,-22362.4,290.917,0.748179,0.959282,0.574136,13,1,158,111,-22362.4,1,1,0,5.08698,5.08698,1236.45,1236.45,-10595.1,-17051.3,223.684,0.755884,0.958719,0.565761,13,1,160,95,-17051.3,1,1,0,5.44519,5.44519,1155.11,1155.11,-13878.4,-20185.1,223.684,0.633858,0.958719,0.571502,3,1,150,85,-20185.1,1,1,0
295,0.570796,11.5402,0.289889,5419.38,13572.1,6176.66,0.978462,4.4732,12.6408,1.45448,39.4199,1.60837e+06,9272.71,0.627017,0.771173,0.662883,13.3232,10.9255,0.0792479,0.506708,0.398905,4.50265,4.50265,2095.37,2095.37,3711.24,-3015.1,335.673,0.000146119,0.907745,0.673084,0,0,199,191,-3015.1,1,1,0,4.61254,4.61254,1772.72,1772.72,1409.45,-5297.38,290.917,0.000135134,0.906951,0.678973,0,0,169,165,-5297.38,1,1,0,3.30559,3.30559,1902.78,1902.78,10994.7,4416.02,223.684,0.0664569,0.905355,0.622582,0,0,229,199,4416.02,1,1,0,3.30559,3.30559,1902.78,1902.78,10994.7,4416.02,223.684,0.0664569,0.905355,0.622582,0,0,229,199,4416.02,1,1,0
296,0.593871,14.826,0.226888,5430.31,13631.5,3716.1,0.920275,1.46578,14.9995,0.572517,35.4678,1.58629e+06,7935.85,0.705192,0.66071,0.992662,14.646,5.63315,0.0834917,1.55279,1.02812,51.6477,51.6477,182.674,182.674,-170832,-172234,335.673,2.78205e-05,0.959633,0.929991,0,0,34,1,-172234,1,1,0,52.5448,52.5448,155.615,155.615,-164655,-165898,290.917,2.77083e-05,0.959314,0.930576,0,0,29,1,-165898,1,1,0,5.5797,5.5797,1127.27,1127.27,-8372.32,-12844.9,223.684,0.654995,0.958648,0.602951,6,1,208,162,-12844.9,1,1,0,5.8215,5.8215,1080.44,1080.44,-9905.03,-14261.2,223.684,0.549353,0.958648,0.605445,0,1,198,152,-14261.2,1,1,0
297,0.540608,11.478,0.149094,5954.63,12510.6,6879.99,1.08681,2.45143,5.40232,1.08756,39.811,1.40412e+06,8081.21,0.627578,0.597112,0.906909,17.2836,13.7911,0.0538384,0.937701,0.506367,5.41951,5.41951,1740.88,1740.88,-7583.25,-14923.2,335.673,5.84065e-05,0.880067,0.676782,0,0,200,199,-14923.2,1,1,0,7.12374,7.12374,1147.82,1147.82,-24113.3,-31327.2,290.917,3.99165e-05,0.879091,0.724882,0,0,132,131,-31327.2,1,1,0,3.35497,3.35497,1874.77,1874.77,9132.09,1720.92,223.684,0.736547,0.877134,0.596352,14,1,267,266,1720.92,1,1,0,3.36909,3.36909,1866.91,1866.91,9032.9,1647.38,223.684,0.718822,0.877134,0.596973,12,1,265,264,1647.38,1,1,0
298,0.533843,14.6514,0.143767,6607.95,9952.03,4397.76,1.03046,7.52108,7.02305,0.759028,33.9288,1.39505e+06,9024.34,0.690002,0.786387,0.725665,7.80845,5.04441,0.0730004,1.35709,1.61334,4.06543,5.44037,2320.72,1734.2,16971.5,-4582.61,335.673,0.661572,0.960497,0.536941,5,1,162,115,11119.2,1,0,0,3.24495,4.43032,2519.84,1845.63,27444.8,5706.89,290.917,0.657883,0.960177,0.534343,5,0,190,149,21408.7,1,0,0,2.95281,4.27422,2130.11,1471.57,26099.8,4852.49,223.684,0.652633,0.959508,0.534072,5,1,189,135,20554.3,1,0,0,3.03307,4.36794,2073.75,1440,25295.7,4044.4,223.684,0.553075,0.959508,0.534141,0,1,181,127,19847.8,1,0,0
299,0.492745,15.4623,0.00794373,6455.78,14756,3855.68,0.918965,6.94623,6.45078,1.4089,79.0075,1.48645e+06,7791.22,0.635644,0.621664,0.790852,16.1507,5.81729,0.0878806,2.91201,0.375517,6.80754,6.80754,1385.92,1385.92,-23724.6,-28510.6,335.673,0.500078,0.98267,0.492762,0,0,184,129,-28510.6,1,1,0,7.71763,7.71763,1059.49,1059.49,-32058.3,-36560.8,290.917,0.321555,0.982529,0.492833,0,0,143,96,-36560.8,1,1,0,4.3019,4.3019,1462.1,1462.1,-1288.49,-6050.13,223.684,0.64892,0.982231,0.492745,6,1,244,186,-6050.13,1,1,0,4.47534,4.47534,1405.44,1405.44,-2808.59,-7460.87,223.684,0.537955,0.982231,0.492745,0,1,230,172,-7460.87,1,1,0
300,0.533699,15.324,0.282753,5878.49,9430.95,3475.6,1.05761,0.81439,6.54434,0.975092,36.1428,1.42812e+06,8863.9,0.681255,0.529605,0.729108,15.0053,13.6708,0.0727523,1.06659,1.9232,4.74463,7.55011,1988.5,1249.61,5497.94,-14563.4,335.673,0.73841,0.943363,0.540168,14,1,203,193,508.707,1,0,0,4.43432,7.21687,1843.97,1133.01,7303.81,-12753.4,290.917,0.6,0.942939,0.538058,0,0,194,186,2318.7,1,0,0,3.26816,5.67729,1924.57,1107.89,15334.7,-4326.75,223.684,0.746733,0.942051,0.534157,14,1,231,213,10745.3,1,0,0,3.38499,5.8414,1858.15,1076.76,14420.2,-5208.91,223.684,0.626733,0.942051,0.534322,3,1,220,202,9945.65,1,0,0
301,0.340366,15.4826,0.0957522,5468.41,11497,6520.86,0.973681,1.99635,9.54249,1.6573,40.0425,1.40854e+06,7658.3,0.690024,0.663844,0.889699,6.19567,9.68544,0.0828243,0.64767,1.43321,5.47142,7.90106,1724.36,1194.11,-14199.2,-26290,335.673,0.26233,0.835846,0.644933,0,0,208,207,-21145.9,1,0,0,18.4873,30.8309,442.29,265.213,-113764,-124326,290.917,3.0104e-05,0.834807,0.785794,0,0,51,50,-119182,1,0,0,2.95575,4.64612,2127.99,1353.78,7785.23,-4791.27,223.684,0.648151,0.832631,0.493326,10,1,320,319,352.895,1,0,0,3.08427,4.79249,2039.32,1312.43,6785.47,-5854.87,223.684,0.541628,0.832631,0.504818,0,1,299,298,-518.073,1,0,0
302,0.46082,9.62096,0.0767817,5176.01,11650.4,4270.82,0.948974,4.75606,13.7854,0.671892,70.4843,1.06556e+06,7811.21,0.692778,0.715655,0.772656,10.1704,12.4295,0.0795224,0.385655,1.11373,4.84195,6.37491,1948.54,1479.98,-12497.7,-24748,335.673,1,0.880083,0.649205,12,1,179,178,-17487.5,1,0,0,4.69708,6.26258,1740.82,1305.65,-10997.9,-23156.6,290.917,0.736654,0.878886,0.643584,9,0,164,163,-15896.1,1,0,0,4.04107,5.5193,1556.47,1139.6,-3997.23,-16110,223.684,0.749208,0.876528,0.611176,12,1,160,141,-8849.51,1,0,0,4.22042,5.74987,1490.33,1093.91,-6177.6,-18260.1,223.684,0.629345,0.876528,0.621445,3,1,151,132,-10939,1,0,0
303,0.454267,16.3225,0.299823,5924.82,9132.81,4917,1.014,0.490822,9.48723,1.33432,42.3377,1.83726e+06,8401.01,0.70242,0.886252,0.971952,5.41549,12.5408,0.0732359,2.65178,1.0647,7.49903,15.1757,1258.13,621.701,-15670.3,-34583.2,335.673,0.421934,0.986704,0.454516,0,0,176,121,-21597.7,1,0,0,9.23788,20.5414,885.133,398.062,-27224.4,-45804,290.917,0.217931,0.9866,0.456489,0,0,128,81,-32818.4,1,0,0,4.38272,10.6937,1435.14,588.179,3007.41,-15903.2,223.684,0.724556,0.986378,0.454267,13,1,247,189,-2917.63,1,0,0,4.53458,10.8879,1387.08,577.689,2041.77,-16943.8,223.684,0.607352,0.986378,0.454267,1,1,235,177,-3773.48,1,0,0
304,0.557272,16.097,0.215607,6557.84,13057.7,3614.1,0.902674,4.40068,11.6848,1.39052,41.1147,949429,8891.76,0.610354,0.736889,0.722644,6.35277,7.97383,0.0539464,0.0448152,0.72494,4.31669,4.31669,2185.63,2185.63,14375.4,10228.1,335.673,0.000125598,0.897871,0.662262,0,0,220,203,10228.1,1,1,0,4.55621,4.55621,1794.64,1794.64,11025.8,6890.01,290.917,0.000112576,0.897232,0.673503,0,0,181,168,6890.01,1,1,0,3.15467,3.15467,1993.81,1993.81,19843.1,15850.8,223.684,0.0213051,0.895884,0.610262,0,0,258,213,15850.8,1,1,0,3.15467,3.15467,1993.81,1993.81,19843.1,15850.8,223.684,0.0213051,0.895884,0.610262,0,0,258,213,15850.8,1,1,0
305,0.43884,16.1911,0.0142091,6404.88,8622.07,5930.46,0.99308,4.67593,8.76499,0.533156,63.6155,2.11307e+06,8878.86,0.705508,0.583328,0.772439,9.2568,4.47057,0.0816612,2.72236,0.0420521,3.6747,3.6747,2567.48,2567.48,8514.26,1210.16,335.673,0.632947,0.979506,0.43884,4,1,204,162,1210.16,1,1,0,3.00521,3.00521,2720.86,2720.86,17899.4,10378.9,290.917,0.6,0.979346,0.43884,0,0,230,193,10378.9,1,1,0,2.54266,2.54266,2473.71,2473.71,20284.3,13256.5,223.684,0.628661,0.979007,0.43884,4,1,248,203,13256.5,1,1,0,2.63353,2.63353,2388.36,2388.36,19260.3,12345.2,223.684,0.526808,0.979007,0.43884,0,1,234,189,12345.2,1,1,0
306,0.415527,8.88885,0.0185656,5827.7,12851.7,6405.17,1.06876,2.32774,8.19663,0.553979,49.9383,1.68727e+06,8617.84,0.62319,0.832877,0.976135,8.64674,12.0168,0.0767257,0.185316,1.83025,5.72718,8.05488,1647.36,1171.3,-21242.9,-34371.5,335.673,8.41851e-05,0.886085,0.69863,0,0,181,180,-28059.5,1,0,0,6.48709,9.29459,1260.46,879.733,-30293.2,-43331.4,290.917,6.8068e-05,0.884825,0.724815,0,0,139,138,-37019.4,1,0,0,3.57005,5.46769,1761.83,1150.36,1399.63,-11815.5,223.684,1,0.882359,0.583088,9,0,244,243,-5503.5,1,0,0,3.57005,5.46769,1761.83,1150.36,1399.63,-11972.6,223.684,1,0.882359,0.583088,9,0,244,243,-5485.81,1,0,0
307,0.491869,13.3621,0.00765047,6162.24,13940.3,4197.13,1.08561,2.34498,13.3424,0.96236,71.774,823351,7944.23,0.701555,0.616593,0.959638,18.5026,7.52454,0.0502842,2.25798,1.58987,29.9624,57.6714,314.885,163.594,-146706,-157157,335.673,5.81001e-05,0.98282,0.781338,0,0,51,25,-149708,1,0,0,74.2207,658.115,110.168,12.4245,-220650,-228533,290.917,2.85953e-05,0.98266,0.948234,0,0,23,1,-221083,1,0,0,5.39831,8.69425,1165.15,723.445,-8535.09,-21245,223.684,0.678415,0.98233,0.49187,8,1,205,176,-13795.7,1,0,0,5.63246,9.03358,1116.71,696.27,-10347.3,-22997.9,223.684,0.568625,0.98233,0.49187,0,1,194,165,-15475.8,1,0,0
308,0.379939,12.9084,0.179886,5877.4,10445.8,7225.4,0.968511,1.83263,11.5555,1.41361,61.9135,1.7385e+06,8230.76,0.618606,0.883711,0.75261,18.4068,8.33656,0.0603428,0.880953,0.269716,4.73561,4.73561,1992.29,1992.29,-1351.43,-9043.26,335.673,0.00012462,0.878789,0.663482,0,0,211,210,-9043.26,1,1,0,5.2518,5.2518,1556.94,1556.94,-7867.48,-15518,290.917,0.000102205,0.877821,0.68844,0,0,165,164,-15518,1,1,0,3.52594,3.52594,1783.87,1783.87,7816.88,119.55,223.684,1,0.875845,0.587569,8,1,219,215,119.55,1,1,0,3.53661,3.53661,1778.48,1778.48,7717.9,37.7862,223.684,1,0.875845,0.588439,7,1,218,214,37.7862,1,1,0
309,0.341931,9.04054,0.0214694,6134.04,12965.9,2653.05,1.02849,7.48541,8.50895,1.94394,44.4107,1.29227e+06,7892.43,0.671912,0.630125,0.819074,13.668,8.03778,0.05307,0.749722,0.244159,4.24114,4.24114,2224.57,2224.57,373.727,-3551.88,335.673,0.655328,0.840076,0.569719,8,1,171,170,-3551.88,1,1,0,3.42705,3.42705,2385.95,2385.95,11920.9,7672.63,290.917,0.6,0.838437,0.513215,0,0,200,199,7672.63,1,1,0,2.61749,2.61749,2402.99,2402.99,19754.8,15912,223.684,0.6602,0.835232,0.445844,8,1,244,243,15912,1,1,0,2.69536,2.69536,2333.57,2333.57,19239.8,15526.3,223.684,0.550225,0.835232,0.453098,0,1,229,228,15526.3,1,1,0
310,0.443363,10.6684,0.280017,6023.47,9097.42,3164.72,0.945365,3.11097,14.1416,0.636175,59.8962,2.14465e+06,7954.03,0.658015,0.863807,0.959297,16.0255,1.12464,0.0785117,0.539806,0.616201,4.08588,4.08588,2309.1,2309.1,11955.3,8105.44,335.673,0.614934,0.891785,0.629067,1,1,202,186,8105.44,1,1,0,4.0695,4.0695,2009.28,2009.28,10452.2,6643.22,290.917,0.493099,0.890761,0.629631,0,0,177,167,6643.22,1,1,0,3.55237,3.55237,1770.6,1770.6,12592.2,8825.52,223.684,0.605286,0.888721,0.597162,1,1,176,137,8825.52,1,1,0,3.774,3.774,1666.62,1666.62,10153.2,6462.93,223.684,0.504003,0.888721,0.613137,0,1,162,123,6462.93,1,1,0
311,0.425067,13.2916,0.281072,6317.31,13921.6,5443.94,1.01204,4.68215,9.98512,1.55474,73.3231,2.15411e+06,8046.45,0.745102,0.851582,0.884722,19.994,1.5963,0.0507574,0.403545,1.52628,6.18591,8.16292,1525.2,1155.8,-8227.91,-20819.7,335.673,0.770943,0.883843,0.722761,2,1,161,160,-14253.3,1,0,0,6.30282,8.44233,1297.32,968.542,-10671.4,-23156.4,290.917,0.32151,0.882946,0.726688,0,0,140,139,-16590,1,0,0,4.60805,6.29602,1364.96,999.014,2462.43,-10259.5,223.684,0.609397,0.88111,0.6618,2,1,163,162,-3693.06,1,0,0,4.94949,6.7464,1270.8,932.321,-804.796,-13488.1,223.684,0.512594,0.88111,0.678439,0,1,149,148,-6812.02,1,0,0
312,0.369771,16.9149,0.163816,6005.86,14664.2,6007.03,0.950806,2.4126,6.88275,1.53907,48.2241,2.01889e+06,8597.7,0.694621,0.845597,0.873048,11.1529,9.013,0.092121,0.198704,1.00633,18.7257,29.3501,503.838,321.454,-105087,-115700,335.673,1.97889e-05,0.868848,0.825461,0,0,64,63,-110335,1,0,0,498.981,inf,16.3869,-42.6973,-385566,-383940,290.917,1.10086e-05,0.86804,0.867294,0,0,2,1,-378574,1,0,0,3.9379,5.98633,1597.25,1050.7,2133.8,-9758.41,223.684,0.651989,0.866321,0.613794,9,1,250,249,-4392.97,1,0,0,4.15993,6.28095,1512,1001.41,272.943,-11714.5,223.684,0.545914,0.866321,0.62817,0,1,232,231,-6165.34,1,0,0
313,0.410254,10.8447,0.184992,6784.04,9068.86,3753.41,1.01427,5.62131,9.83222,1.50421,66.8235,1.60177e+06,7815.19,0.613231,0.515754,0.881195,12.8364,11.3277,0.0973727,0.465134,1.30842,3.17527,4.10389,2971.31,2298.97,36324.7,15717.9,335.673,0.672682,0.829915,0.504533,11,1,203,202,31143.5,1,0,0,2.70999,3.59119,3017.26,2276.89,39607.5,18805.9,290.917,0.6,0.828515,0.475766,0,0,226,225,34231.5,1,0,0,2.15195,3.03183,2922.84,2074.59,39416.1,19030.2,223.684,0.671961,0.825729,0.444196,11,1,267,263,34455.7,1,0,0,2.21414,3.08001,2840.75,2042.14,39831.3,19385.2,223.684,0.560981,0.825729,0.44766,0,1,250,246,34991.4,1,0,0
314,0.409918,17.957,0.0875683,5862.62,12843,5270.36,0.934344,0.81153,11.747,1.27422,50.7916,2.12877e+06,7485.14,0.705133,0.839948,0.972343,14.7672,6.9415,0.0987789,1.76543,0.0123886,73.2803,73.2803,128.748,128.748,-265673,-265948,335.673,1.90814e-05,0.951893,0.937065,0,0,22,1,-265948,1,1,0,83.1253,83.1253,98.3666,98.3666,-263396,-263095,290.917,1.87077e-05,0.951568,0.938907,0,0,17,1,-263095,1,1,0,5.77292,5.77292,1089.54,1089.54,-13844.5,-19796.1,223.684,0.6,0.950865,0.520225,0,0,221,184,-19796.1,1,1,0,5.85436,5.85436,1074.38,1074.38,-14446.7,-20257,223.684,0.536889,0.950865,0.525166,0,1,217,180,-20257,1,1,0
315,0.398249,14.5496,0.0191918,5121.81,11540.8,4091.93,1.08825,0.573132,8.67113,1.95024,57.1537,1.72471e+06,8784.91,0.629121,0.78852,0.831011,18.8084,3.47531,0.0613292,1.70904,1.84741,9.49987,15.6512,993.141,602.81,-59933.1,-72892.1,335.673,7.28013e-05,0.949175,0.695072,0,0,123,120,-64214.5,1,0,0,46.434,163.737,176.094,49.9383,-241549,-249828,290.917,1.84306e-05,0.948759,0.921968,0,0,21,20,-241151,1,0,0,4.3044,7.73529,1461.25,813.132,-9827.85,-23652.9,223.684,0.621226,0.947894,0.430992,3,1,226,211,-14975.4,1,0,0,4.49385,7.98304,1399.65,787.896,-11759.9,-25556,223.684,0.518621,0.947894,0.438542,0,1,212,197,-16725.2,1,0,0
316,0.413839,17.1251,0.221238,5518.11,11720.5,5270.45,1.07738,5.95427,13.4378,1.25266,66.685,2.06269e+06,7443.61,0.642923,0.633719,0.713623,16.9552,6.28626,0.074757,0.843224,0.331372,4.41792,4.41792,2135.56,2135.56,-227.162,-6215.81,335.673,1,0.847668,0.609734,6,1,199,198,-6215.81,1,1,0,4.26002,4.26002,1919.42,1919.42,279.636,-5682.19,290.917,0.900296,0.846802,0.602176,6,1,185,184,-5682.19,1,1,0,4.12342,4.12342,1525.39,1525.39,-893.718,-6650.14,223.684,0.672304,0.844956,0.596358,6,1,154,153,-6650.14,1,1,0,4.19188,4.19188,1500.47,1500.47,-1701.45,-7424.22,223.684,0.634367,0.844956,0.600139,3,1,151,150,-7424.22,1,1,0
317,0.505723,13.6707,0.0305358,5993.09,12945.4,5796.64,0.967384,5.81334,10.3314,1.75745,33.0264,990080,9341.57,0.656766,0.696039,0.815453,5.96633,10.9882,0.0945584,2.03965,0.637803,5.20366,5.20366,1813.09,1813.09,-10737,-17783.9,335.673,0.738797,0.985093,0.505723,11,1,187,132,-17783.9,1,1,0,4.38044,4.38044,1866.65,1866.65,-1558.13,-8704.41,290.917,0.6,0.984957,0.505723,0,0,196,149,-8704.41,1,1,0,3.62927,3.62927,1733.08,1733.08,5428.7,-1312.89,223.684,0.726067,0.984674,0.505723,11,1,215,158,-1312.89,1,1,0,3.7476,3.7476,1678.36,1678.36,4207.42,-2435.78,223.684,0.612623,0.984674,0.505723,2,1,206,149,-2435.78,1,1,0
318,0.389063,13.9903,0.0256673,6064.93,11421.2,7364.04,1.05533,2.12001,9.67765,0.893781,52.7475,2.10627e+06,8100.57,0.716434,0.755966,0.905111,15.6943,2.41208,0.0843668,2.30889,1.8943,7.78624,12.3645,1211.72,763.048,-37697.5,-52551.9,335.673,0.306187,0.982943,0.390079,0,0,159,122,-45876.1,1,0,0,10.5239,17.8668,776.968,457.652,-60734.5,-75122.9,290.917,0.161497,0.98279,0.403079,0,0,105,73,-68447,1,0,0,4.33958,7.6752,1449.41,819.498,-5617.6,-20660.6,223.684,0.6,0.982472,0.389063,0,0,238,197,-13984.7,1,0,0,4.45937,7.81684,1410.47,804.649,-6784.48,-21877.2,223.684,0.513322,0.982472,0.389064,0,1,228,187,-15037.1,1,0,0
319,0.584657,15.4366,0.0933669,6086.17,12202.3,4778.48,0.919101,2.84037,13.5871,1.70946,34.7607,1.74239e+06,7413.16,0.741612,0.877415,0.822247,8.77903,8.28259,0.0649373,2.94052,1.46579,15.2698,15.2698,617.868,617.868,-59135,-64444.8,335.673,0.468049,0.989847,0.594875,0,0,132,53,-64444.8,1,1,0,45.3534,45.3534,180.29,180.29,-109927,-114176,290.917,3.98124e-05,0.989763,0.913233,0,0,69,1,-114176,1,1,0,7.73129,7.73129,813.553,813.553,-21485.4,-27018.4,223.684,0.699152,0.989587,0.584666,8,1,181,99,-27018.4,1,1,0,8.17238,8.17238,769.643,769.643,-23731.5,-29152.9,223.684,0.591761,0.989587,0.584676,0,1,173,91,-29152.9,1,1,0
320,0.574904,19.1356,0.0037397,6377.68,9616.31,5741.08,1.04807,7.65808,9.62918,1.99482,66.2503,1.20491e+06,9169.17,0.73865,0.812034,0.759642,8.82353,10.1288,0.0916976,1.31931,1.02213,5.42395,7.59107,1739.45,1242.87,-17276,-39230.6,335.673,0.742209,0.964038,0.587357,10,1,125,78,-24444.1,1,0,0,4.00014,5.63142,2044.12,1451.99,5519.56,-16660.1,290.917,0.723875,0.963809,0.57649,10,1,154,113,-1873.61,1,0,0,3.65833,5.53124,1719.31,1137.14,8051.24,-13640.7,223.684,0.728342,0.963309,0.575726,10,1,155,102,1145.83,1,0,0,3.83506,5.785,1640.08,1087.26,5482.6,-16142.6,223.684,0.606911,0.963309,0.576128,1,1,146,93,-1288.34,1,0,0
321,0.444273,13.9018,0.130211,5586.91,10649.5,5390.2,0.956492,0.834642,9.1441,1.86513,60.3903,2.24672e+06,8599.61,0.625603,0.6714,0.883215,13.2086,6.40583,0.0786968,1.12377,1.72583,6.33133,10.1974,1490.16,925.211,-23676.1,-39289.7,335.673,0.484937,0.945966,0.528229,0,0,178,153,-29813.1,1,0,0,8.86091,15.0261,922.789,544.171,-47967.9,-62983.9,290.917,0.000680172,0.945513,0.644463,0,0,110,90,-53507.3,1,0,0,3.62778,6.65419,1733.79,945.24,582.505,-15249.6,223.684,0.642715,0.944574,0.450129,6,1,263,227,-5773.04,1,0,0,3.76649,6.81695,1669.94,922.672,-703.923,-16562.5,223.684,0.535466,0.944574,0.451764,0,1,248,212,-6941.25,1,0,0
322,0.398508,14.3439,0.212304,6288.43,14056.7,4087.77,0.927128,1.46518,6.03716,0.956108,46.3465,1.78033e+06,9034.78,0.609062,0.758168,0.80758,15.4445,8.81641,0.0864992,2.91952,0.122525,29.7799,29.7799,316.815,316.815,-96468.1,-100206,335.673,2.12414e-05,0.983201,0.837284,0,0,74,15,-100206,1,1,0,44.6313,44.6313,183.207,183.207,-117034,-120219,290.917,1.49833e-05,0.983053,0.920548,0,0,52,1,-120219,1,1,0,5.00743,5.00743,1256.1,1256.1,-1712.75,-6604.38,223.684,0.6,0.982746,0.398513,0,0,251,187,-6604.38,1,1,0,5.00743,5.00743,1256.1,1256.1,-1712.75,-6539.42,223.684,0.5,0.982746,0.398513,0,0,251,187,-6539.42,1,1,0
323,0.46063,15.224,0.240405,6358.77,8769.32,3765.32,1.03564,3.44031,8.62492,1.76924,33.8141,2.11262e+06,8270.05,0.72428,0.574348,0.986987,7.38842,12.4852,0.0984705,2.82646,0.152586,3.39781,3.39781,2776.7,2776.7,21526.1,16362.2,335.673,0.710265,0.980147,0.46063,12,1,253,218,16362.2,1,1,0,3.3481,3.3481,2442.2,2442.2,20575.5,15516,290.917,0.6,0.979983,0.46063,0,0,224,194,15516,1,1,0,2.53149,2.53149,2484.62,2484.62,23620.5,18811.4,223.684,0.697142,0.979639,0.46063,12,1,288,251,18811.4,1,1,0,2.5914,2.5914,2427.19,2427.19,23504.1,18798.8,223.684,0.581072,0.979639,0.46063,0,1,274,237,18798.8,1,1,0
324,0.554568,16.8502,0.181292,5832.52,12183,7439.35,0.993961,2.25679,8.97048,0.642886,76.2901,758378,8108.36,0.643233,0.669577,0.773249,9.71767,3.76657,0.0998755,2.78084,0.310322,11.0786,11.0786,851.619,851.619,-38812.8,-47068.1,335.673,0.500327,0.985698,0.555655,0,0,130,86,-47068.1,1,1,0,54.7135,54.7135,149.447,149.447,-134073,-140109,290.917,2.15521e-05,0.98559,0.926074,0,0,39,1,-140109,1,1,0,6.09033,6.09033,1032.75,1032.75,-7846.47,-16244.7,223.684,0.637922,0.985359,0.554569,4,1,179,132,-16244.7,1,1,0,6.47392,6.47392,971.562,971.562,-10172.9,-18438.3,223.684,0.527787,0.985359,0.55457,0,1,168,121,-18438.3,1,1,0
325,0.495776,8.8622,0.254062,5816.14,9290.01,3534.26,1.00603,5.19207,6.80622,1.51656,45.7502,1.57851e+06,8710.38,0.687424,0.816521,0.90112,15.7418,2.75608,0.0752411,1.82636,0.529142,4.95524,4.95524,1903.99,1903.99,746.376,-4189.04,335.673,0.626785,0.961674,0.509754,3,1,154,102,-4189.04,1,1,0,4.20675,4.20675,1943.72,1943.72,8512.82,3410.57,290.917,0.6,0.961186,0.500927,0,0,163,118,3410.57,1,1,0,3.30977,3.30977,1900.38,1900.38,14288.5,9646.13,223.684,0.620794,0.960225,0.496695,3,1,204,146,9646.13,1,1,0,3.39711,3.39711,1851.52,1851.52,13636,9098.39,223.684,0.525042,0.960225,0.496927,0,1,194,136,9098.39,1,1,0
326,0.541318,14.1882,0.121951,5414.84,13925.8,6451.38,1.00411,5.52481,10.8782,1.01322,43.7688,1.8188e+06,8212,0.746794,0.742636,0.844275,7.28003,1.79103,0.0578306,1.8532,1.41806,6.84655,9.18919,1378.02,1026.72,-30846.9,-42517.1,335.673,0.618271,0.9592,0.591138,2,1,148,114,-38316.7,1,0,0,6.20072,8.40547,1318.68,972.789,-24642.7,-36444.5,290.917,0.6,0.958861,0.574836,0,0,145,116,-32244.1,1,0,0,4.64538,6.59244,1353.99,954.095,-9217.13,-20791.9,223.684,0.622238,0.958156,0.548872,2,1,176,133,-16591.5,1,0,0,4.84225,4.84225,1298.94,1298.94,-11227.8,-18486.9,223.684,0.519878,0.958156,0.551084,0,1,167,124,-18486.9,1,1,0
327,0.459817,13.7791,0.254632,5837.38,12053.3,3232.94,0.91189,4.2111,6.43842,1.48801,35.0502,770605,8512.42,0.627963,0.8133,0.677148,17.7456,10.4408,0.080978,2.78394,1.06484,6.40649,10.1365,1472.68,930.764,-6811.67,-21735.9,335.673,0.719304,0.985982,0.459836,10,1,198,122,-11239.3,1,0,0,6.26004,10.0147,1306.18,816.473,-6182.74,-21021.2,290.917,0.6,0.985854,0.459832,0,0,176,111,-10524.6,1,0,0,4.38829,7.70584,1433.32,816.239,5334.99,-9285.44,223.684,0.707861,0.985589,0.459817,10,1,233,154,1211.11,1,0,0,4.56229,7.98161,1378.65,788.037,4269.97,-10342.6,223.684,0.587542,0.985589,0.459817,0,1,222,143,240.259,1,0,0
328,0.489875,19.0602,0.151942,6507.58,10821.3,6521.76,0.910276,4.88958,7.2369,1.11837,58.8677,1.89384e+06,7955.65,0.656228,0.703927,0.814415,11.8406,12.7069,0.0821927,1.43946,0.852089,4.79484,4.79484,1967.68,1967.68,1146.94,-6673.61,335.673,0.708737,0.950873,0.508652,13,1,208,155,-6673.61,1,1,0,4.90935,4.90935,1665.55,1665.55,-1368.11,-9035.38,290.917,0.598686,0.950563,0.511634,0,0,177,132,-9035.38,1,1,0,3.41792,3.41792,1840.24,1840.24,10773.9,3267.7,223.684,0.704045,0.949888,0.492242,13,1,255,192,3267.7,1,1,0,3.5329,3.5329,1780.35,1780.35,9867.28,2468.97,223.684,0.590549,0.949888,0.492903,0,1,241,178,2468.97,1,1,0
329,0.386447,13.9221,0.0669108,6727.17,9748.77,3428.64,1.02023,3.46737,10.6109,0.51355,43.2827,1.72717e+06,8065.29,0.73014,0.652057,0.660207,13.7899,9.97512,0.0786072,0.640426,1.56518,4.48543,6.16789,2103.42,1529.65,3510.08,-16287.5,335.673,0.709668,0.84681,0.607553,10,1,177,176,-1175.63,1,0,0,3.44177,4.81775,2375.74,1697.21,17070.9,-2939.39,290.917,0.698914,0.845744,0.542655,10,1,214,213,12172.5,1,0,0,3.05398,4.37599,2059.54,1437.34,19612.8,-6.87691,223.684,0.70558,0.843549,0.515329,10,1,198,197,15105,1,0,0,3.17908,4.54337,1978.5,1384.39,17954.7,-1645.99,223.684,0.592808,0.843549,0.525268,0,1,188,187,13564.6,1,0,0
330,0.520468,13.6198,0.283244,6160.28,11057.9,7335.78,1.02477,6.0831,7.68984,0.846915,72.1427,1.16214e+06,7564.38,0.697497,0.797016,0.926441,6.20598,13.6939,0.0711024,2.95578,0.634321,6.27534,6.27534,1503.46,1503.46,-4424.84,-13290.6,335.673,0.760083,0.987328,0.52047,14,1,176,125,-13290.6,1,1,0,6.4102,6.4102,1275.58,1275.58,-6262.57,-14903.7,290.917,0.599337,0.987211,0.520471,0,0,149,104,-14903.7,1,1,0,4.28906,4.28906,1466.48,1466.48,7775.91,-653.75,223.684,0.738567,0.986969,0.520468,14,1,219,165,-653.75,1,1,0,4.43556,4.43556,1418.04,1418.04,6882.44,-1429.56,223.684,0.616889,0.986969,0.520468,2,1,207,153,-1429.56,1,1,0
331,0.360721,19.5464,0.0824913,5631.35,14703.3,5929.94,0.909435,0.336788,11.3967,0.563579,64.1383,1.78342e+06,8962.74,0.740633,0.537502,0.907086,19.3175,10.2054,0.079078,2.52621,0.170915,66.6536,66.6536,141.548,141.548,-200740,-203968,335.673,2.08765e-05,0.974248,0.933845,0,0,36,1,-203968,1,1,0,70.6641,70.6641,115.713,115.713,-196411,-199360,290.917,2.05187e-05,0.97408,0.937515,0,0,30,1,-199360,1,1,0,5.08936,5.08936,1235.87,1235.87,-8592.83,-15335.7,223.684,0.6,0.97371,0.360739,0,0,268,227,-15335.7,1,1,0,5.08936,5.08936,1235.87,1235.87,-8592.83,-15262.4,223.684,0.5,0.97371,0.360739,0,0,268,227,-15262.4,1,1,0
332,0.508439,13.4069,0.00786045,6319.68,11564.5,2950.59,0.975688,2.50313,11.9051,1.1409,30.1957,946352,8097.7,0.694758,0.891443,0.667679,18.613,4.75043,0.076702,0.168161,0.793533,5.15917,5.15917,1828.73,1828.73,-8130.85,-11557.4,335.673,0.00464136,0.904171,0.704603,0,0,200,199,-11557.4,1,1,0,5.84228,5.84228,1399.58,1399.58,-16015,-19382.2,290.917,0.000117553,0.90343,0.731171,0,0,154,153,-19382.2,1,1,0,4.13454,4.13454,1521.28,1521.28,1762.55,-1679.23,223.684,1,0.901911,0.65776,5,1,188,172,-1679.23,1,1,0,4.15099,4.15099,1515.25,1515.25,1589.08,-1832.96,223.684,1,0.901911,0.658684,4,1,187,171,-1832.96,1,1,0
333,0.558216,10.1706,0.0728022,6423.69,11286.4,5965.89,1.02257,5.47544,8.0129,1.76011,58.2837,1.98606e+06,9350,0.645535,0.87935,0.824893,7.85118,4.32266,0.0972346,0.337395,1.53282,4.16013,5.59694,2267.89,1685.69,4634.58,-13927.1,335.673,0.00312478,0.915902,0.660821,0,0,178,153,-1971.5,1,0,0,4.10377,5.55541,1992.5,1471.85,3993.4,-14553.1,290.917,0.00326967,0.915069,0.659514,0,0,156,136,-2597.49,1,0,0,3.13873,4.67829,2003.93,1344.47,13532.7,-5042.36,223.684,0.6,0.913416,0.611957,0,0,209,166,6913.2,1,0,0,3.13873,4.67829,2003.93,1344.47,13532.7,-5100.14,223.684,0.5,0.913416,0.611957,0,0,209,166,6933.44,1,0,0
334,0.339631,10.603,0.110006,5690.39,13223.9,5518.1,1.03134,2.63716,5.87388,1.607,41.5917,2.04934e+06,7919.52,0.720766,0.852147,0.986539,14.9465,9.6667,0.09188,2.64635,0.948171,11.7199,11.7199,805.018,805.018,-58647.6,-64531.8,335.673,0.111807,0.984247,0.384559,0,0,121,75,-64531.8,1,1,0,23.6675,23.6675,345.485,345.485,-111489,-116435,290.917,3.06095e-05,0.984066,0.772675,0,0,61,22,-116435,1,1,0,5.49323,5.49323,1145.01,1145.01,-12967.6,-19176.9,223.684,0.540622,0.983701,0.339679,0,0,207,157,-19176.9,1,1,0,5.49323,5.49323,1145.01,1145.01,-12967.6,-19173.2,223.684,0.5,0.983701,0.339679,0,0,207,157,-19173.2,1,1,0
335,0.484314,9.14225,0.105405,6579,10653.3,4187.73,1.06566,0.628282,9.89452,1.68337,30.7684,1.47822e+06,8350.11,0.71389,0.853711,0.749624,16.8968,9.78555,0.0696845,0.90326,1.9543,5.90457,9.02745,1597.87,1045.11,-10627.5,-28378.3,335.673,0.00665891,0.901039,0.718763,0,0,180,179,-15298.5,1,0,0,7.13977,11.2364,1145.24,727.701,-23611.3,-41253.3,290.917,7.27451e-05,0.899966,0.755689,0,0,129,128,-28173.5,1,0,0,4.66109,7.49951,1349.43,838.696,-426.496,-18216.1,223.684,0.888978,0.897861,0.669769,10,1,168,167,-5136.34,1,0,0,4.68343,7.53338,1342.99,834.926,-652.225,-18497,223.684,0.8697,0.897861,0.670899,9,1,167,166,-5342.99,1,0,0
336,0.328529,8.00682,0.1574,5225.68,10992,3803.68,0.984146,2.76011,5.92898,1.7108,60.9684,1.51116e+06,8011.06,0.740043,0.704422,0.966506,6.82951,7.80956,0.0785433,2.08916,1.71225,7.42145,11.6043,1271.28,813.037,-29531.1,-41871.6,335.673,0.23364,0.981702,0.329195,0,0,158,110,-34005.9,1,0,0,7.72733,12.278,1058.16,665.966,-32656.1,-44855.8,290.917,0.165471,0.981435,0.329641,0,0,131,90,-36990.1,1,0,0,4.31254,7.54231,1458.49,833.937,-3720.24,-16185.7,223.684,0.6,0.980911,0.328529,0,0,229,179,-8320,1,0,0,4.31254,7.54231,1458.49,833.937,-3720.24,-16532.8,223.684,0.5,0.980911,0.328529,0,0,229,179,-8295.38,1,0,0
337,0.517715,13.1833,0.264938,5112.53,10358.6,6093.8,1.00965,5.69196,10.1524,1.05791,40.2457,1.35308e+06,8787.85,0.671425,0.699178,0.702882,13.6618,7.84956,0.0783026,0.353466,1.58191,4.03032,4.03032,2340.94,2340.94,7506.35,490.056,335.673,1,0.886427,0.627898,8,1,159,150,490.056,1,1,0,3.49186,3.49186,2341.66,2341.66,13487.9,6419.18,290.917,0.696713,0.885581,0.600564,8,1,168,163,6419.18,1,1,0,3.10139,3.10139,2028.06,2028.06,15631.5,8654.54,223.684,0.707598,0.883852,0.581488,8,1,161,134,8654.54,1,1,0,3.22156,3.22156,1952.41,1952.41,14140.3,7283.24,223.684,0.591307,0.883852,0.588072,0,1,153,126,7283.24,1,1,0
338,0.325348,17.2309,0.0877015,5314.25,9056.44,6206.81,1.01571,0.975879,12.2622,1.25904,74.9818,1.268e+06,9016.73,0.675426,0.828033,0.652311,17.7568,6.41634,0.0755359,0.511601,1.54636,4.60819,7.34587,2047.38,1284.36,-8224.05,-26494.1,335.673,1,0.857024,0.640764,6,1,197,196,-15077.8,1,0,0,4.44707,7.26381,1838.68,1125.68,-6802.5,-25048.3,290.917,0.828099,0.856163,0.63261,6,1,182,181,-13632,1,0,0,4.2141,7.1054,1492.56,885.216,-5436.95,-23523.1,223.684,0.660048,0.854323,0.620408,6,1,155,154,-12106.8,1,0,0,4.36283,7.35867,1441.68,854.748,-7203.68,-25365.1,223.684,0.591135,0.854323,0.629228,0,1,149,148,-13820.1,1,0,0
339,0.580782,16.8016,0.156231,5373.64,12996.7,4136.03,0.962409,5.79705,11.2033,1.26268,58.669,2.05935e+06,8374.02,0.648573,0.613303,0.835682,12.6007,5.54897,0.0529033,2.2421,1.16225,7.392,7.392,1276.34,1276.34,-32657.7,-37911.3,335.673,0.665608,0.985353,0.580785,6,1,151,102,-37911.3,1,1,0,5.69449,5.69449,1435.91,1435.91,-17907.3,-23401.4,290.917,0.6,0.985242,0.580782,0,0,170,128,-23401.4,1,1,0,4.77534,4.77534,1317.14,1317.14,-10011.2,-15073.4,223.684,0.667406,0.985005,0.580782,6,1,181,130,-15073.4,1,1,0,5.03697,5.03697,1248.73,1248.73,-12428.3,-17369.1,223.684,0.553461,0.985005,0.580782,0,1,171,120,-17369.1,1,1,0
340,0.341222,8.38579,0.102042,6673.16,14111.2,6881.14,0.910765,6.20365,9.48268,0.669813,40.4593,1.20731e+06,8133.86,0.640314,0.839966,0.733735,18.8568,9.24268,0.0856297,2.93788,1.8023,8.29907,12.4401,1136.84,758.409,-25430.4,-39118,335.673,0.599595,0.984734,0.343396,0,0,166,89,-33349.7,1,0,0,8.41044,12.7334,972.215,642.152,-26768.9,-40255.8,290.917,0.48728,0.984518,0.343903,0,0,141,75,-34487.5,1,0,0,5.14198,8.40461,1223.23,748.376,-2292.12,-15820,223.684,0.6,0.984095,0.341232,0,0,219,139,-10051.7,1,0,0,5.15784,8.42492,1219.47,746.572,-2406.01,-15966.5,223.684,0.57985,0.984095,0.341233,0,1,218,138,-10078,1,0,0
341,0.587664,14.8398,0.246532,5857.15,14339.1,3844.14,0.900845,5.08241,14.4586,1.39721,78.9564,1.35428e+06,8889.5,0.749479,0.580352,0.957728,5.71703,10.7177,0.0865635,1.5066,1.17974,6.52499,8.83996,1445.94,1067.28,-12366,-24981.3,335.673,0.728731,0.95397,0.605847,11,1,163,116,-17353.3,1,0,0,6.04454,8.26415,1352.75,989.424,-8953.2,-21591.4,290.917,0.6,0.953611,0.600273,0,0,155,115,-13963.3,1,0,0,4.37576,6.31134,1437.42,996.589,3465.22,-8923.63,223.684,0.717552,0.952863,0.589388,11,1,198,142,-1295.6,1,0,0,4.58349,4.58349,1372.28,1372.28,1825.98,-2823.36,223.684,0.598143,0.952863,0.590088,0,1,187,131,-2823.36,1,1,0
342,0.540265,9.8514,0.0472805,5587.42,14165.6,2849.32,1.06723,1.95387,6.01747,1.58027,57.3221,1.19987e+06,7782.91,0.746588,0.851643,0.885873,18.7882,11.5743,0.0742092,0.128748,0.745073,24.2658,24.2658,388.808,388.808,-147881,-149251,335.673,1.70365e-05,0.910604,0.875616,0,0,48,47,-149251,1,1,0,140.724,140.724,58.1048,58.1048,-334753,-328088,290.917,1.06292e-05,0.909698,0.904951,0,0,7,6,-328088,1,1,0,5.17348,5.17348,1215.78,1215.78,-10813.9,-14148.3,223.684,1,0.907907,0.704244,12,1,197,196,-14148.3,1,1,0,5.19151,5.19151,1211.56,1211.56,-10971.4,-14283.4,223.684,1,0.907907,0.704975,11,1,196,195,-14283.4,1,1,0
343,0.478105,19.2929,0.0310531,5864.51,11162.5,5499.34,0.940046,6.44236,13.8,1.41645,38.2736,1.73507e+06,8598.93,0.679447,0.716434,0.890412,19.6583,5.00188,0.0950786,0.702951,0.391803,4.14275,4.14275,2277.4,2277.4,-2744.03,-8974.89,335.673,0.790649,0.875134,0.629164,5,1,170,158,-8974.89,1,1,0,3.25211,3.25211,2514.29,2514.29,10721,4190.47,290.917,0.639186,0.87448,0.576866,5,1,204,196,4190.47,1,1,0,2.91281,2.91281,2159.36,2159.36,12873.1,6470.7,223.684,0.643027,0.873053,0.55647,5,1,197,162,6470.7,1,1,0,3.04038,3.04038,2068.76,2068.76,11057,4791.97,223.684,0.535499,0.873053,0.564905,0,1,185,150,4791.97,1,1,0
344,0.534787,10.0084,0.150899,5802.97,9988.46,3035.35,1.02605,1.71554,13.0013,1.61895,55.8621,1.97133e+06,8867.25,0.743263,0.837284,0.885648,7.33913,12.1505,0.0991961,0.638103,1.62619,5.00958,7.42731,1883.34,1270.27,-8435.44,-26634,335.673,1,0.908085,0.690867,12,1,175,174,-12361.6,1,0,0,4.85804,7.33578,1683.14,1114.64,-7712.01,-25785,290.917,0.62528,0.907169,0.68559,3,0,160,159,-11512.6,1,0,0,4.03167,6.34205,1560.1,991.763,-99.8867,-18144.3,223.684,0.755608,0.905357,0.647782,12,1,164,145,-3871.89,1,0,0,4.18078,6.54936,1504.46,960.371,-1913.05,-19927,223.684,0.642857,0.905357,0.655664,4,1,156,137,-5581.95,1,0,0
345,0.538534,15.5197,0.201566,5635.11,12465.5,3883.32,1.01541,7.24657,9.19739,0.678337,77.9675,996504,7938.54,0.653423,0.697257,0.887635,11.4643,4.93565,0.0906456,2.80582,0.742275,6.65159,6.65159,1418.41,1418.41,-16586.1,-21783.2,335.673,0.650276,0.985885,0.538537,5,1,156,110,-21783.2,1,1,0,5.7732,5.7732,1416.33,1416.33,-9205.1,-14549.7,290.917,0.6,0.98577,0.538535,0,0,158,118,-14549.7,1,1,0,4.38356,4.38356,1434.86,1434.86,1913.13,-3030.45,223.684,0.645702,0.985527,0.538534,5,1,193,144,-3030.45,1,1,0,4.57891,4.57891,1373.65,1373.65,329.298,-4492.99,223.684,0.537886,0.985527,0.538534,0,1,182,133,-4492.99,1,1,0
346,0.583808,11.9149,0.238658,5341.09,14682.9,5035.93,0.979927,5.65317,6.52867,1.64211,51.2105,1.13211e+06,8711.4,0.727499,0.743373,0.91149,14.3115,4.96342,0.0963932,1.25745,1.58181,6.63123,8.98652,1422.77,1049.87,-16844.5,-28498.5,335.673,0.650848,0.96384,0.607013,5,1,157,113,-23033.5,1,0,0,6.42061,8.78867,1273.52,930.374,-15485.7,-27085.3,290.917,0.6,0.963488,0.60428,0,0,142,104,-21620.3,1,0,0,4.44946,6.48837,1413.61,969.398,235.597,-11242.5,223.684,0.650507,0.962774,0.58608,5,1,196,143,-5777.56,1,0,0,4.59183,6.66449,1369.78,943.78,-871.641,-12326.5,223.684,0.549667,0.962774,0.586677,0,1,187,134,-6777.77,1,0,0
347,0.376015,15.6987,0.176887,6272.27,13089.4,3931.8,1.0667,0.437759,6.55867,0.81221,51.2673,906162,8870.45,0.69523,0.870714,0.884461,18.3986,11.478,0.0743751,2.84302,1.96601,58.3031,1111.5,161.822,8.4883,-156586,-168742,335.673,1.58489e-05,0.984602,0.950986,0,0,39,1,-158897,1,0,0,60.5871,inf,134.959,-5.18007,-151285,-163251,290.917,1.55369e-05,0.984477,0.953353,0,0,33,1,-153407,1,0,0,5.87567,12.0741,1070.48,520.935,-4545.04,-19269.6,223.684,0.6,0.984213,0.376114,0,0,214,172,-9425.4,1,0,0,5.87567,12.0741,1070.48,520.935,-4545.04,-19416.6,223.684,0.5,0.984213,0.376114,0,0,214,172,-9357.14,1,0,0
348,0.477023,12.9471,0.232155,5338.76,11463.9,3574.98,1.03968,6.3943,14.2181,1.81524,53.0563,990276,7634.83,0.70756,0.667285,0.941996,7.39289,13.6019,0.0957121,2.57875,0.797413,5.49025,5.49025,1718.45,1718.45,-7248.19,-12334.1,335.673,0.763626,0.983689,0.477023,14,1,174,134,-12334.1,1,1,0,4.9635,4.9635,1647.38,1647.38,-2779.12,-7865.24,290.917,0.6,0.983532,0.477023,0,0,170,135,-7865.24,1,1,0,3.73663,3.73663,1683.28,1683.28,6746.36,2086.88,223.684,0.756774,0.983211,0.477023,14,1,211,169,2086.88,1,1,0,3.86753,3.86753,1626.31,1626.31,5712.91,1170.27,223.684,0.630311,0.983211,0.477023,3,1,200,158,1170.27,1,1,0
349,0.328515,17.1157,0.117813,6487.1,12821.7,6015.93,0.904548,4.05147,7.33705,0.867397,44.0052,1.36032e+06,8047.81,0.70773,0.588115,0.845343,10.0104,13.1189,0.0967513,1.35242,0.681483,4.77689,4.77689,1975.07,1975.07,1530.85,-5274.65,335.673,0.254348,0.924801,0.398138,0,0,223,202,-5274.65,1,1,0,5.6293,5.6293,1452.53,1452.53,-8039.67,-14666.2,290.917,0.164148,0.924287,0.451467,0,0,164,147,-14666.2,1,1,0,3.08589,3.08589,2038.25,2038.25,14124.8,7257.09,223.684,0.6,0.923188,0.336926,0,0,295,260,7257.09,1,1,0,3.08589,3.08589,2038.25,2038.25,14124.8,7308.97,223.684,0.5,0.923188,0.336926,0,0,295,260,7308.97,1,1,0
350,0.48485,10.7681,0.0098603,5455.75,13407.8,5235,1.05534,3.62119,13.7412,1.23799,38.0892,1.91381e+06,8212.61,0.695374,0.536392,0.772741,16.9689,2.44403,0.0811784,0.0745801,0.340186,5.74181,5.74181,1643.16,1643.16,-27244,-32977.5,335.673,0.6998,0.855665,0.658672,2,1,171,170,-32977.5,1,1,0,5.04572,5.04572,1620.53,1620.53,-18962.4,-24863.1,290.917,0.611799,0.854456,0.634847,2,1,176,175,-24863.1,1,1,0,4.22086,4.22086,1490.17,1490.17,-10555.4,-16452.7,223.684,0.610928,0.852051,0.602121,2,1,173,172,-16452.7,1,1,0,4.54185,4.54185,1384.86,1384.86,-14535,-20269.2,223.684,0.511867,0.852051,0.616425,0,1,159,158,-20269.2,1,1,0
351,0.351387,18.8695,0.0348298,6407.91,14434.9,6698.81,1.0014,3.36409,10.033,1.2309,58.9464,1.56243e+06,8951.91,0.727849,0.735992,0.813397,11.1501,4.7502,0.0575361,2.91885,0.950703,8.65647,8.65647,1089.9,1089.9,-37529.4,-44968.3,335.673,0.250217,0.980774,0.357797,0,0,152,110,-44968.3,1,1,0,17.7808,17.7808,459.864,459.864,-92451.2,-98905.5,290.917,0.201843,0.980643,0.612051,0,0,72,36,-98905.5,1,1,0,4.51628,4.51628,1392.7,1392.7,-2691.56,-10373.1,223.684,0.609572,0.980357,0.351392,2,0,241,194,-10373.1,1,1,0,4.63256,4.63256,1357.74,1357.74,-3666.84,-11239.7,223.684,0.536505,0.980357,0.351394,0,1,232,185,-11239.7,1,1,0
352,0.469485,14.0025,0.0116168,6541.32,13342.5,5406.2,0.969404,4.85304,9.61735,0.903275,74.71,829914,8535.01,0.658802,0.744434,0.804082,14.0742,10.8787,0.0576154,0.0302143,1.30804,4.54249,6.0398,2076.99,1562.09,1500.84,-12962.1,335.673,0.103536,0.880199,0.647774,0,0,209,208,-4403.05,1,0,0,4.83489,6.49743,1691.2,1258.46,-2615.5,-17036.1,290.917,0.00626077,0.879343,0.662734,0,0,171,170,-8477.06,1,0,0,3.97391,5.46865,1582.78,1150.16,6370.74,-8100.3,223.684,0.803213,0.877577,0.620213,11,1,175,167,458.759,1,0,0,3.99079,5.4902,1576.08,1145.64,6180.34,-8355.21,223.684,0.794568,0.877577,0.621195,10,1,174,166,283.84,1,0,0
353,0.471729,17.0731,0.0986831,5318.49,11032.3,4917.24,1.04538,5.79663,11.1951,1.04256,66.7865,1.68763e+06,8299.12,0.727378,0.748282,0.766377,13.4001,11.4812,0.0736153,2.56839,0.625573,6.32993,6.32993,1490.49,1490.49,-28446.3,-34859.3,335.673,0.735808,0.984749,0.471743,11,1,152,108,-34859.3,1,1,0,5.03027,5.03027,1625.51,1625.51,-14473.1,-21016.4,290.917,0.6,0.984635,0.47173,0,0,170,132,-21016.4,1,1,0,4.1737,4.1737,1507.01,1507.01,-5801.84,-11816.4,223.684,0.720632,0.98439,0.471729,11,1,186,139,-11816.4,1,1,0,4.35764,4.35764,1443.4,1443.4,-7798.36,-13683.3,223.684,0.606705,0.98439,0.471729,1,1,176,129,-13683.3,1,1,0
354,0.439796,18.1968,0.148647,5249.13,9915.25,3806.28,1.03721,7.16781,7.15039,0.778395,34.8094,1.94296e+06,8037.54,0.627512,0.514866,0.795414,19.5976,7.55546,0.086779,1.2397,0.971331,2.86972,2.86972,3287.68,3287.68,17071.1,11891.9,335.673,0.669142,0.929054,0.440615,8,1,245,227,11891.9,1,1,0,2.71577,2.71577,3010.84,3010.84,17730.2,12504.7,290.917,0.6,0.928603,0.440324,0,0,233,218,12504.7,1,1,0,2.2239,2.2239,2828.28,2828.28,19705.2,14847.2,223.684,0.664096,0.927628,0.439879,8,1,271,246,14847.2,1,1,0,2.27091,2.27091,2769.73,2769.73,19522.8,14768.5,223.684,0.556022,0.927628,0.439899,0,1,258,233,14768.5,1,1,0
355,0.45679,19.9859,0.106895,6800.15,11499.2,6460.33,0.962118,2.18356,9.28371,1.35515,50.0424,1.3402e+06,7408.12,0.629994,0.510966,0.784745,7.12297,1.20934,0.0750697,0.903927,1.07415,8.81313,13.107,1070.53,719.821,-32869.7,-47496.8,335.673,5.23871e-05,0.833368,0.714122,0,0,134,133,-39514.9,1,0,0,53.7476,154.167,152.132,53.0382,-224803,-234525,290.917,2.0556e-05,0.832598,0.815599,0,0,18,17,-226543,1,0,0,3.3973,5.31829,1851.41,1182.67,12336.2,-2769.36,223.684,0.600049,0.83091,0.551406,1,1,284,283,5212.57,1,0,0,3.5428,5.51046,1775.38,1141.43,11235.8,-3845.07,223.684,0.500813,0.83091,0.559229,0,1,268,267,4233.8,1,0,0
356,0.529177,10.6873,0.16818,5925.57,10297.2,3484.36,1.09661,5.04621,14.3848,1.86954,30.2648,1.11752e+06,7440.44,0.707601,0.858167,0.688899,19.2266,7.52402,0.0899925,1.2249,0.550475,8.39211,8.39211,1124.24,1124.24,-39070,-43355.4,335.673,1,0.964723,0.641438,8,1,99,66,-43355.4,1,1,0,6.67294,6.67294,1225.36,1225.36,-21259.1,-25675.7,290.917,0.74436,0.96434,0.581286,8,1,110,82,-25675.7,1,1,0,5.76106,5.76106,1091.78,1091.78,-11750.4,-16059.3,223.684,0.683178,0.963573,0.558116,8,1,114,75,-16059.3,1,1,0,6.07889,6.07889,1034.7,1034.7,-14882.2,-19036.2,223.684,0.622344,0.963573,0.566572,2,1,108,69,-19036.2,1,1,0
357,0.539773,11.4427,0.144183,6226.11,14599.4,3711.14,1.02974,5.49074,7.38257,0.974911,45.397,1.89591e+06,7880.89,0.712519,0.778201,0.940693,13.4623,1.40491,0.0884894,1.07073,0.0470229,7.13071,7.13071,1323.11,1323.11,-24808.2,-29559.3,335.673,0.600251,0.961876,0.596083,1,1,151,120,-29559.3,1,1,0,7.85634,7.85634,1040.78,1040.78,-32449.5,-36820.8,290.917,0.411367,0.961489,0.621458,0,0,119,93,-36820.8,1,1,0,4.67385,4.67385,1345.75,1345.75,-3112.1,-7825.24,223.684,0.604038,0.960709,0.54711,1,1,194,155,-7825.24,1,1,0,4.8135,4.8135,1306.7,1306.7,-4418.49,-9017.97,223.684,0.509465,0.960709,0.548612,0,1,185,146,-9017.97,1,1,0
358,0.447646,11.0052,0.203383,5135.01,11555.8,6707.94,1.02116,5.39838,14.2158,1.26209,63.4688,785859,7633.38,0.735345,0.545327,0.914763,18.5623,4.65814,0.0601804,2.06736,0.431248,5.48304,5.48304,1720.71,1720.71,-9672.48,-17730.8,335.673,0.652303,0.979562,0.447647,5,1,175,142,-17730.8,1,1,0,4.97172,4.97172,1644.65,1644.65,-5083.93,-13211.9,290.917,0.6,0.979336,0.447646,0,0,171,142,-13211.9,1,1,0,3.59006,3.59006,1752.01,1752.01,6414.14,-1351.55,223.684,0.642436,0.978883,0.447646,5,1,219,183,-1351.55,1,1,0,3.72563,3.72563,1688.26,1688.26,5323.19,-2325.47,223.684,0.53736,0.978883,0.447646,0,1,207,171,-2325.47,1,1,0
359,0.479878,11.1545,0.200089,5594.21,11304.4,6205.96,0.913976,3.94401,14.9421,1.79282,44.5117,1.97339e+06,7639.17,0.641202,0.529855,0.768139,6.76913,9.53918,0.0566382,1.71817,1.6063,5.45966,7.45435,1728.08,1265.67,-11647.4,-25327.2,335.673,0.709871,0.939305,0.503279,10,1,175,142,-18939.8,1,0,0,4.77334,6.59006,1713.01,1240.77,-5303.26,-19091.9,290.917,0.6,0.938698,0.491911,0,0,179,151,-12704.6,1,0,0,3.61282,5.25032,1740.97,1197.99,4552.77,-8942.42,223.684,0.697551,0.937481,0.48206,10,1,214,172,-2555.04,1,0,0,3.75836,3.75836,1673.55,1673.55,3102.5,-3896.48,223.684,0.584992,0.937481,0.48279,0,1,203,161,-3896.48,1,1,0
360,0.579371,14.9893,0.0954192,6001.7,10437.4,5564.37,0.955864,3.12818,5.51907,1.17875,72.0279,1.95639e+06,8605.48,0.60841,0.564743,0.980796,14.6225,2.74983,0.0852917,0.770715,0.556125,3.86989,5.51033,2437.98,1712.19,5146.45,-11547.4,335.673,0.000374392,0.882442,0.635729,0,0,231,230,-910.247,1,0,0,4.0394,5.81057,2024.25,1407.22,1621.89,-15052.4,290.917,0.00015944,0.881707,0.642537,0,0,192,191,-4415.34,1,0,0,2.7922,4.44019,2252.64,1416.56,13486.2,-3071.3,223.684,0.0242557,0.880178,0.601588,0,0,274,255,7565.81,1,0,0,2.7922,4.44019,2252.64,1416.56,13486.2,-3071.3,223.684,0.0242557,0.880178,0.601588,0,0,274,255,7565.81,1,0,0
361,0.33592,19.9223,0.103864,6686.27,12475.8,2694.6,0.989395,6.09903,10.3138,1.74689,53.8692,2.08198e+06,8610.91,0.676121,0.822768,0.982277,17.6017,10.2624,0.066019,1.5825,0.0276439,4.4602,4.4602,2115.31,2115.31,3512.83,-589.086,335.673,0.627659,0.94429,0.406779,4,0,206,172,-589.086,1,1,0,4.6227,4.6227,1768.83,1768.83,-6.80341,-3914.75,290.917,0.501579,0.943949,0.418901,0,0,172,144,-3914.75,1,1,0,3.31755,3.31755,1895.92,1895.92,11722.7,7942.25,223.684,0.6,0.943196,0.353651,0,0,242,197,7942.25,1,1,0,3.31755,3.31755,1895.92,1895.92,11722.7,8049.86,223.684,0.551512,0.943196,0.353651,0,0,242,197,8049.86,1,1,0
362,0.335131,19.8833,0.175544,5581.14,11640.4,3136.29,1.02613,2.40008,6.71819,1.16959,63.4584,884220,7489.54,0.731301,0.789234,0.949852,16.8032,9.07802,0.0965698,1.21485,0.849897,10.7009,10.7009,881.677,881.677,-46644.2,-49999,335.673,0.000853525,0.942071,0.746356,0,0,109,102,-49999,1,1,0,44.2475,44.2475,184.796,184.796,-181592,-181511,290.917,1.3639e-05,0.941716,0.914218,0,0,22,18,-181511,1,1,0,4.3392,4.3392,1449.53,1449.53,1209.3,-2981.31,223.684,0.6,0.940935,0.400851,0,0,235,216,-2981.31,1,1,0,4.3392,4.3392,1449.53,1449.53,1209.3,-2913.02,223.684,0.5,0.940935,0.400851,0,0,235,216,-2913.02,1,1,0
363,0.326313,14.3213,0.17893,6486.68,8903.34,4999.79,1.00255,1.66443,11.2171,1.16036,74.1933,911638,8587.87,0.74572,0.755461,0.66028,5.14907,6.58602,0.0934254,2.76194,1.36494,5.62456,9.69605,1677.41,973.047,-1568.11,-23818.2,335.673,0.656582,0.981123,0.326399,7,1,187,139,-8006.78,1,0,0,5.23947,9.1727,1560.61,891.423,1390.64,-20880.1,290.917,0.6,0.980957,0.326349,0,0,176,135,-5068.69,1,0,0,3.60554,7.13512,1744.48,881.528,13529.6,-8385.07,223.684,0.653987,0.980611,0.326313,7,1,239,188,7426.34,1,0,0,3.76293,7.36008,1671.52,854.585,12382.6,-9559.01,223.684,0.547349,0.980611,0.326313,0,1,225,174,6397.98,1,0,0
364,0.497359,15.6683,0.09441,6283.59,14084.5,6231.69,1.05261,4.36663,14.8954,0.73586,64.1405,2.05913e+06,7691.64,0.728674,0.756316,0.779926,11.7831,5.83802,0.0725619,2.67713,1.50482,11.1053,11.1053,849.571,849.571,-53803.4,-61280.4,335.673,0.664125,0.985777,0.501339,6,1,124,85,-61280.4,1,1,0,27.5523,27.5523,296.773,296.773,-126224,-131576,290.917,6.91637e-05,0.985661,0.77931,0,0,53,19,-131576,1,1,0,6.69694,6.69694,939.206,939.206,-20665.6,-27919.2,223.684,0.671733,0.985418,0.497378,6,1,158,115,-27919.2,1,1,0,7.08379,7.08379,887.915,887.915,-23629.1,-30740.1,223.684,0.559765,0.985418,0.497398,0,1,149,106,-30740.1,1,1,0
365,0.425582,18.3196,0.0990954,5300.41,10513.1,4820.5,0.952514,2.14089,13.9688,0.687468,74.8663,1.46289e+06,8154.45,0.673493,0.84355,0.810068,6.7302,12.8907,0.0790253,1.85204,0.827797,7.24588,7.24588,1302.08,1302.08,-32365,-37882.3,335.673,0.847202,0.953264,0.602862,13,1,155,115,-37882.3,1,1,0,8.12716,8.12716,1006.1,1006.1,-40173,-45271.6,290.917,0.10039,0.952953,0.650474,0,0,121,88,-45271.6,1,1,0,4.76016,4.76016,1321.35,1321.35,-9247.32,-14840.7,223.684,0.683195,0.95228,0.472185,13,1,193,140,-14840.7,1,1,0,5.18539,5.18539,1212.99,1212.99,-13064.1,-18493.7,223.684,0.559976,0.95228,0.492368,0,1,174,121,-18493.7,1,1,0
366,0.532296,19.1952,0.208214,5620.57,11028,2586.47,1.04043,0.265865,14.2485,1.41725,70.4033,1.33851e+06,9379.37,0.729507,0.633383,0.901551,7.29238,8.19122,0.0923552,2.8961,1.14372,9.43977,18.5207,999.464,509.415,-33820.2,-51023.2,335.673,0.51347,0.983941,0.532704,0,0,141,108,-37489.5,1,0,0,61.7016,inf,132.521,-35.1314,-162726,-176633,290.917,3.21554e-05,0.983834,0.936572,0,0,30,1,-163099,1,0,0,5.31285,11.2486,1183.89,559.166,-6114.84,-23296.9,223.684,0.681248,0.983599,0.532297,8,1,191,154,-9763.16,1,0,0,5.61063,5.61063,1121.05,1121.05,-8190.89,-11705.1,223.684,0.570501,0.983599,0.532297,0,1,180,143,-11705.1,1,1,0
367,0.501369,10.4463,0.194223,5520.78,9439.67,3421.35,1.06332,0.412606,7.1335,1.741,58.3532,1.60994e+06,8444.01,0.632096,0.628892,0.872184,15.5943,12.5557,0.0935685,1.12538,1.49102,5.74825,9.31264,1641.32,1013.11,-12959.9,-30398.9,335.673,0.639896,0.950548,0.527821,5,0,179,165,-17569.9,1,0,0,6.43694,10.6741,1270.29,766.037,-20420,-37418.7,290.917,0.409559,0.950015,0.546948,0,0,138,127,-24589.7,1,0,0,3.59639,6.62489,1748.92,949.421,4998.93,-12334.3,223.684,0.705154,0.94895,0.503001,13,1,239,217,494.701,1,0,0,3.70958,6.74438,1695.56,932.601,4058.55,-13306.6,223.684,0.600199,0.94895,0.503445,1,1,227,205,-318.846,1,0,0
368,0.400091,14.3425,0.0405152,5888.69,11873.8,5443.83,1.05301,5.56008,10.4232,0.70311,44.8617,837875,7468.38,0.738175,0.670171,0.887433,19.3487,6.36175,0.0778487,0.263911,1.77848,4.61601,5.97055,2043.91,1580.21,-3877.84,-17214.9,335.673,0.635258,0.85284,0.621855,6,1,191,190,-10623.2,1,0,0,3.91959,5.14285,2086.13,1589.93,4349.14,-9247.08,290.917,0.6,0.851837,0.583314,0,0,206,205,-2655.38,1,0,0,2.91536,3.97922,2157.48,1580.66,14207.2,985.632,223.684,0.641257,0.849762,0.512687,6,1,248,247,7577.34,1,0,0,3.02611,4.10142,2078.51,1533.57,13221.5,0.565905,223.684,0.536907,0.849762,0.52158,0,1,233,232,6728.85,1,0,0
369,0.56951,17.994,0.132313,6235.28,12914.4,5971.09,1.05417,7.78517,7.34831,1.86514,44.9071,1.71557e+06,8095.32,0.685027,0.89587,0.918525,14.5115,8.73032,0.0985957,0.142957,1.2798,4.3869,5.58176,2150.66,1690.28,3742.86,-9819.23,335.673,0.0110772,0.91398,0.686433,0,0,189,181,-2854.92,1,0,0,4.49763,5.76342,1818.01,1418.73,983.117,-12553.7,290.917,0.00531351,0.913474,0.69234,0,0,160,155,-5589.43,1,0,0,3.4233,4.66333,1837.35,1348.78,10874.2,-2745.81,223.684,0.8338,0.912385,0.640808,6,0,206,181,4218.5,1,0,0,3.4233,4.66333,1837.35,1348.78,10874.2,-2808.26,223.684,0.8338,0.912385,0.640808,6,0,206,181,4248.84,1,0,0
370,0.52876,11.6384,0.267812,5872.32,14168.2,2667.14,1.0777,3.63751,13.9942,1.03832,73.7666,2.16762e+06,8741.8,0.658405,0.72196,0.981952,6.53566,13.4099,0.0760484,2.50034,1.38173,8.9252,13.3031,1057.09,709.213,-31340.6,-44918.5,335.673,0.773751,0.986592,0.528894,13,1,138,101,-35457.8,1,0,0,10.2496,15.8274,797.763,516.619,-41081.4,-54121.3,290.917,0.475767,0.98645,0.529409,0,0,106,74,-44660.6,1,0,0,5.52166,8.74602,1139.11,719.162,-8066.03,-21273.9,223.684,0.760952,0.986163,0.52876,13,1,176,137,-11813.1,1,0,0,5.76058,5.76058,1091.87,1091.87,-9912.98,-13525.4,223.684,0.64352,0.986163,0.52876,4,1,167,128,-13525.4,1,1,0
371,0.38116,13.2777,0.0108917,5532.78,8361.25,2716.66,0.916836,1.17649,6.91154,1.13789,32.6942,1.76358e+06,7849.2,0.687246,0.71876,0.843028,8.65995,2.61312,0.0520554,1.15047,0.19735,4.22622,4.22622,2232.43,2232.43,-6929.82,-10582.5,335.673,0.402387,0.943753,0.408828,0,0,237,194,-10582.5,1,1,0,4.4281,4.4281,1846.56,1846.56,-10353.5,-13851.5,290.917,0.288314,0.943258,0.41729,0,0,196,160,-13851.5,1,1,0,2.90399,2.90399,2165.92,2165.92,6098.88,2501.38,223.684,0.6,0.942239,0.38412,0,0,297,243,2501.38,1,1,0,2.90399,2.90399,2165.92,2165.92,6098.88,2579.19,223.684,0.5,0.942239,0.38412,0,0,297,243,2579.19,1,1,0
372,0.409258,19.8275,0.256549,6344.11,14813.3,3806.55,1.03944,6.54467,6.53959,1.84168,77.0718,1.4468e+06,9328.9,0.717601,0.823838,0.966415,10.6831,4.41615,0.0781348,2.58082,0.840901,6.32969,6.32969,1490.55,1490.55,-6494.74,-11416.8,335.673,0.429794,0.984232,0.409362,0,0,177,130,-11416.8,1,1,0,6.76763,6.76763,1208.22,1208.22,-10948.1,-15687.8,290.917,0.314211,0.984129,0.409494,0,0,144,103,-15687.8,1,1,0,4.37687,4.37687,1437.06,1437.06,5991.52,1135.07,223.684,0.6,0.983902,0.409258,0,0,220,170,1135.07,1,1,0,4.37687,4.37687,1437.06,1437.06,5991.52,1235,223.684,0.5,0.983902,0.409258,0,0,220,170,1235,1,1,0
373,0.394332,19.8206,0.0489534,6143.85,12926.7,2917.51,1.09374,2.09149,5.12163,1.84444,46.353,2.19132e+06,8250.59,0.636018,0.571226,0.935187,6.88036,12.917,0.0888503,1.37621,1.77792,12.3483,19.0007,764.047,496.545,-77139.4,-89405.3,335.673,2.93019e-05,0.929454,0.735081,0,0,96,95,-79951.3,1,0,0,69.7403,302.371,117.246,27.0421,-291228,-296910,290.917,9.96764e-06,0.929035,0.908457,0,0,14,13,-287456,1,0,0,3.65693,5.9022,1719.97,1065.67,1407.27,-11861.2,223.684,0.6,0.928114,0.406161,0,0,278,277,-2407.32,1,0,0,3.65693,5.9022,1719.97,1065.67,1407.27,-12102.7,223.684,0.5,0.928114,0.406161,0,0,278,277,-2365.72,1,0,0
374,0.347283,18.8733,0.152175,6026.72,9990.09,5209.73,1.01473,7.96501,6.81948,1.28729,66.9436,1.78277e+06,7442.17,0.615282,0.66216,0.768273,17.7195,6.48606,0.0992468,0.0335208,0.32144,3.4021,3.4021,2773.2,2773.2,18964.7,12668.1,335.673,0.626522,0.834556,0.532552,6,1,200,199,12668.1,1,1,0,2.87453,2.87453,2844.56,2844.56,24406,17755.4,290.917,0.6,0.833688,0.488514,0,0,225,224,17755.4,1,1,0,2.26074,2.26074,2782.19,2782.19,26359,19969.8,223.684,0.631576,0.831804,0.431939,6,1,277,276,19969.8,1,1,0,2.33293,2.33293,2696.1,2696.1,26388.9,20141.5,223.684,0.524898,0.831804,0.438963,0,1,257,256,20141.5,1,1,0
375,0.344335,17.5814,0.127301,6089.82,9431.32,3118.51,0.943463,4.50611,6.89763,0.915147,46.5015,835441,8481.13,0.709968,0.756545,0.934785,7.91758,4.53646,0.0552684,1.58595,0.619919,3.43478,3.43478,2746.82,2746.82,18146.2,13897,335.673,0.454034,0.941303,0.360003,0,0,246,200,13897,1,1,0,3.47611,3.47611,2352.27,2352.27,16900.7,12750.7,290.917,0.3674,0.940902,0.361646,0,0,210,171,12750.7,1,1,0,2.62676,2.62676,2394.51,2394.51,21108.4,17022.8,223.684,0.6,0.940039,0.347186,0,0,283,227,17022.8,1,1,0,2.62676,2.62676,2394.51,2394.51,21108.4,17095,223.684,0.5,0.940039,0.347186,0,0,283,227,17095,1,1,0
376,0.580838,11.2296,0.0030388,5492.09,10072.6,5741.1,1.09975,1.86106,5.7749,0.757909,77.6651,1.75507e+06,8752.38,0.74287,0.895207,0.691071,6.94327,13.9654,0.0720269,1.78364,1.35593,7.12931,11.4425,1323.37,824.53,-41835.9,-58897.3,335.673,0.786196,0.96957,0.619588,14,1,141,108,-48856.2,1,0,0,7.17283,11.7387,1139.96,696.566,-42654.5,-59482.7,290.917,0.6,0.969253,0.621977,0,0,122,94,-49441.6,1,0,0,4.66052,8.49576,1349.59,740.347,-13104,-29957.4,223.684,0.753799,0.968614,0.584702,14,1,182,142,-19916.2,1,0,0,4.81336,8.68551,1306.74,724.173,-14911,-31762.4,223.684,0.645138,0.968614,0.585686,5,1,173,133,-21583.8,1,0,0
377,0.431371,11.8502,0.274619,6316.34,14130.1,6386.13,0.934935,3.96804,13.6774,0.90737,31.8237,839544,8311.98,0.695547,0.561788,0.705566,15.8853,2.32872,0.0793325,1.35453,1.80415,6.43698,6.43698,1465.7,1465.7,-3635.65,-11217.2,335.673,0.60564,0.93646,0.510857,2,1,162,140,-11217.2,1,1,0,5.87824,5.87824,1391.02,1391.02,311.497,-7358.64,290.917,0.6,0.935855,0.490289,0,0,158,141,-7358.64,1,1,0,3.82992,3.82992,1642.28,1642.28,14478.3,7042.11,223.684,0.613517,0.934631,0.438803,2,1,217,185,7042.11,1,1,0,3.98676,3.98676,1577.67,1577.67,13389.5,6055.51,223.684,0.509519,0.934631,0.440895,0,1,206,174,6055.51,1,1,0
378,0.414996,14.5674,0.136478,5789.77,10039.7,7352.58,0.967112,2.68305,12.8,1.67094,47.6659,1.21084e+06,9256.34,0.621388,0.680811,0.997332,6.90249,8.95006,0.0940732,2.5141,0.118081,4.4926,4.4926,2100.06,2100.06,453.28,-8170.06,335.673,0.678862,0.981827,0.414996,9,1,220,169,-8170.06,1,1,0,4.21654,4.21654,1939.21,1939.21,2688.27,-5947.32,290.917,0.6,0.98167,0.414996,0,0,206,162,-5947.32,1,1,0,3.11957,3.11957,2016.24,2016.24,11393.6,3061.89,223.684,0.671312,0.981343,0.414996,9,1,262,208,3061.89,1,1,0,3.2217,3.2217,1952.33,1952.33,10576.2,2348.61,223.684,0.563923,0.981343,0.414996,0,1,249,195,2348.61,1,1,0
379,0.518906,14.7293,0.28628,5746.57,11239.7,7242.03,0.934412,6.23578,7.54481,0.986886,73.3731,1.67353e+06,9203.86,0.696508,0.862233,0.800041,11.1548,11.245,0.0857945,1.93202,1.74098,6.63316,9.86287,1422.36,956.589,-14862.6,-31612.8,335.673,0.712989,0.962515,0.583093,11,1,139,68,-23095.2,1,0,0,4.59522,6.76236,1779.4,1209.16,3898.21,-13242.1,290.917,0.6,0.96221,0.529603,0,0,176,115,-4724.58,1,0,0,3.88738,6.35922,1618.01,989.085,7409.27,-9365.07,223.684,0.707401,0.961573,0.522741,11,1,201,122,-847.517,1,0,0,4.07135,6.62372,1544.89,949.588,5843.27,-10879.8,223.684,0.587357,0.961573,0.524226,0,1,189,110,-2270.92,1,0,0
380,0.465898,14.066,0.0860232,5362.36,12940.2,3866.83,0.992903,0.846527,12.8326,1.54184,43.7028,1.07342e+06,7677.92,0.617495,0.790212,0.811216,12.7326,11.2276,0.0615623,1.09422,0.440645,85.19,85.19,110.749,110.749,-276150,-274179,335.673,2.11582e-05,0.955158,0.941925,0,0,17,1,-274179,1,1,0,97.6783,97.6783,83.711,83.711,-267006,-264625,290.917,2.07721e-05,0.95478,0.94367,0,0,13,1,-264625,1,1,0,6.25505,6.25505,1005.56,1005.56,-16254.6,-20525.1,223.684,0.668913,0.953997,0.549525,11,1,182,154,-20525.1,1,1,0,6.66586,6.66586,943.585,943.585,-19093.2,-23285.4,223.684,0.583216,0.953997,0.568797,0,1,169,141,-23285.4,1,1,0
381,0.580842,15.64,0.259883,6166.07,14103.9,2647.05,0.983775,6.85602,9.22165,0.792801,43.781,807284,7559.9,0.645529,0.745512,0.982861,6.20344,6.74395,0.0929695,2.15701,1.72171,7.22596,10.0654,1305.67,937.345,-10106.2,-22186.5,335.673,0.652915,0.987975,0.580844,5,0,176,121,-13941.1,1,0,0,8.00099,11.3829,1021.97,718.336,-15340,-27118.2,290.917,0.418591,0.987877,0.580852,0,0,140,93,-18872.8,1,0,0,4.98914,7.46113,1260.7,843.011,3386.05,-8461.2,223.684,0.673635,0.987671,0.580842,7,1,207,150,-215.779,1,0,0,5.15629,7.685,1219.83,818.452,2381.54,-9440.23,223.684,0.570591,0.987671,0.580842,0,1,198,141,-1118.19,1,0,0
382,0.53409,12.8999,0.276717,6176.55,12610,4147.06,0.998248,6.1387,12.7552,1.21776,74.9376,1.67693e+06,8024.62,0.60474,0.602843,0.776644,13.3368,1.57149,0.0832122,0.95884,1.77847,4.1014,4.1014,2300.36,2300.36,14499.8,9802.67,335.673,0.00201623,0.877643,0.625414,0,0,212,211,9802.67,1,1,0,4.23278,4.23278,1931.77,1931.77,11618.7,6935.48,290.917,0.000802903,0.876747,0.632183,0,0,179,178,6935.48,1,1,0,2.9844,2.9844,2107.56,2107.56,19563.3,14801.3,223.684,0.6,0.874923,0.577875,0,0,248,240,14801.3,1,1,0,2.9844,2.9844,2107.56,2107.56,19563.3,14833.3,223.684,0.5,0.874923,0.577875,0,0,248,240,14833.3,1,1,0
383,0.443811,16.9901,0.16705,5704.92,13271.8,6042.4,1.0856,6.89091,8.23008,1.02816,71.5291,1.17879e+06,8616.27,0.673125,0.574884,0.732938,12.2025,11.9334,0.0947578,2.51564,1.55096,4.9249,6.51488,1915.72,1448.18,-3340.92,-17218.8,335.673,0.720244,0.979291,0.443811,12,1,184,156,-10945.2,1,0,0,4.49901,6.02067,1817.45,1358.11,632.363,-13289.4,290.917,0.6,0.979137,0.443811,0,0,180,156,-7015.72,1,0,0,3.43075,4.84242,1833.36,1298.9,9625.08,-3840.22,223.684,0.715638,0.978806,0.443811,12,1,218,188,2433.48,1,0,0,3.55511,4.98668,1769.23,1261.32,8529.43,-4895.85,223.684,0.597823,0.978806,0.443811,0,1,206,176,1463.67,1,0,0
384,0.412908,12.0026,0.0608033,6638.87,9213.29,2799.01,0.995665,7.15995,10.6465,1.25542,35.2886,1.54945e+06,8603.19,0.648203,0.649685,0.677238,15.0262,11.4356,0.0917187,0.840311,1.84763,3.49707,4.38903,2697.89,2149.61,26715.1,4602.79,335.673,0.752935,0.855336,0.550928,11,1,145,134,22589,1,0,0,2.53229,3.24393,3228.99,2520.63,43656.6,21302.5,290.917,0.693297,0.854182,0.480367,11,1,195,188,39288.7,1,0,0,2.19394,2.90511,2866.91,2165.08,43868.2,21795.6,223.684,0.707051,0.851853,0.458362,11,1,197,169,39781.8,1,0,0,2.2761,2.99545,2763.42,2099.79,43094.2,21070.9,223.684,0.586983,0.851853,0.464112,0,1,185,157,39151,1,0,0
385,0.595989,11.9681,0.205574,6613,14141.9,4298.56,1.00293,1.83822,8.81611,1.35492,59.009,1.14172e+06,7943.29,0.614628,0.602043,0.832917,8.28719,4.08595,0.0564631,1.99983,1.92232,41.3346,81.8035,228.252,115.334,-164776,-173942,335.673,1.91755e-05,0.957499,0.914256,0,0,32,15,-166833,1,0,0,81.6604,429.589,100.131,19.0339,-219392,-226022,290.917,1.51973e-05,0.957095,0.939304,0,0,15,1,-218913,1,0,0,5.03593,8.05096,1248.99,781.249,1940.77,-9864.32,223.684,0.229598,0.956276,0.599615,0,0,222,196,-2755.27,1,0,0,5.03593,8.05096,1248.99,781.249,1940.77,-10214.6,223.684,0.229598,0.956276,0.599615,0,0,222,196,-2755.27,1,0,0
386,0.515328,9.52671,0.164693,5289.24,9930.03,3990.17,1.07734,4.16805,6.87676,1.9864,41.1698,1.77964e+06,9302.2,0.646354,0.82339,0.719891,10.3494,5.42686,0.0980235,1.24528,1.85037,6.09052,8.76114,1549.08,1076.88,-27814.8,-45493.9,335.673,0.677569,0.962973,0.550331,5,1,120,82,-32834.5,1,0,0,4.49467,6.52537,1819.21,1253.07,-7074.6,-25138,290.917,0.667374,0.96253,0.521809,5,1,149,117,-12478.7,1,0,0,3.86282,5.95672,1628.3,1055.92,-858.242,-18553.3,223.684,0.666913,0.961652,0.517818,5,1,155,111,-5893.98,1,0,0,4.03961,6.20595,1557.03,1013.51,-3140.83,-20786.8,223.684,0.54759,0.961652,0.51882,0,1,146,102,-8046.16,1,0,0
387,0.585358,10.2645,0.283359,6342.6,8898.65,3596.73,1.06355,6.79938,10.8563,1.84984,40.7569,2.09355e+06,8014.66,0.697136,0.788281,0.672682,14.8948,7.6637,0.0727148,0.30355,1.02626,4.13333,4.13333,2282.59,2282.59,20393.7,15661.6,335.673,1,0.913735,0.661268,8,1,140,114,15661.6,1,1,0,3.93287,3.93287,2079.08,2079.08,21071.7,16403.6,290.917,0.85114,0.912906,0.653927,8,1,130,109,16403.6,1,1,0,3.58629,3.58629,1753.85,1753.85,20453.2,16001.5,223.684,0.727948,0.91126,0.64151,8,1,126,86,16001.5,1,1,0,3.72418,3.72418,1688.91,1688.91,18424.2,14040.3,223.684,0.619168,0.91126,0.647508,2,1,120,80,14040.3,1,1,0
388,0.335544,18.2063,0.131782,5801.16,14833.7,6030.65,0.947944,3.0191,12.5083,1.5438,60.7702,879847,9008.4,0.643362,0.834079,0.934574,5.53395,2.48387,0.0991276,1.88911,0.927354,8.88796,8.88796,1061.52,1061.52,-34830.5,-41172.9,335.673,0.000107576,0.945407,0.691379,0,0,135,110,-41172.9,1,1,0,39.3973,39.3973,207.546,207.546,-167104,-170584,290.917,2.47873e-05,0.945043,0.91457,0,0,28,7,-170584,1,1,0,4.45869,4.45869,1410.69,1410.69,173.255,-6724.1,223.684,0.612069,0.944254,0.410635,2,1,228,187,-6724.1,1,1,0,4.68677,4.68677,1342.04,1342.04,-1513.13,-8240.01,223.684,0.507838,0.944254,0.426423,0,1,212,171,-8240.01,1,1,0
389,0.55516,13.3554,0.0805541,6890.29,9411.48,5795.49,0.902585,0.483261,12.5311,0.730615,36.1933,1.92948e+06,9063.96,0.621461,0.568433,0.765009,6.73692,11.6673,0.0593504,1.14916,0.210413,5.11028,5.11028,1846.22,1846.22,-3270.84,-10102.9,335.673,0.736966,0.95004,0.56229,12,1,202,160,-10102.9,1,1,0,4.71055,4.71055,1735.84,1735.84,141.478,-6731.51,290.917,0.6,0.949612,0.55959,0,0,194,159,-6731.51,1,1,0,3.50233,3.50233,1795.9,1795.9,10744.1,4078.43,223.684,0.715046,0.948734,0.555668,12,1,234,182,4078.43,1,1,0,3.64139,3.64139,1727.31,1727.31,9300.7,2735.83,223.684,0.600432,0.948734,0.555872,1,1,223,171,2735.83,1,1,0
390,0.491122,10.7344,0.0414861,5497.7,8956.56,5177.47,1.0259,2.33307,8.56289,1.87854,53.489,984143,7596.87,0.68172,0.623988,0.852787,9.25328,12.9873,0.0896659,1.90279,0.432182,4.91144,4.91144,1920.97,1920.97,-11604.4,-18255,335.673,0.72264,0.948963,0.504311,13,1,185,160,-18255,1,1,0,4.77896,4.77896,1710.99,1710.99,-10344,-16879.8,290.917,0.6,0.948426,0.502943,0,0,167,147,-16879.8,1,1,0,3.2952,3.2952,1908.78,1908.78,5825.51,-440.838,223.684,0.714193,0.947351,0.49209,13,1,234,202,-440.838,1,1,0,3.39434,3.39434,1853.03,1853.03,4857.81,-1290.19,223.684,0.603681,0.947351,0.49236,1,1,222,190,-1290.19,1,1,0
391,0.336577,17.1121,0.20959,5597.47,12382.1,7053.87,1.06897,1.93536,10.1871,1.83888,42.7911,1.24411e+06,7865.11,0.712984,0.807421,0.686626,6.59535,5.00653,0.0652446,1.61971,1.30473,13.2653,20.3753,711.233,463.046,-62850.1,-74546.9,335.673,4.79549e-05,0.944187,0.802501,0,0,88,85,-69955.9,1,0,0,50.4731,132.442,162.002,61.7382,-196053,-203928,290.917,2.05335e-05,0.943793,0.920665,0,0,19,18,-199337,1,0,0,4.79623,7.5963,1311.41,828.01,-2296.33,-14898,223.684,0.63622,0.942951,0.430502,5,1,201,187,-10307.1,1,0,0,4.98166,7.85511,1262.59,800.728,-3683.55,-16280.2,223.684,0.540857,0.942951,0.443803,0,1,191,177,-11572.5,1,0,0
392,0.476477,14.6478,0.292233,5887.93,10232,3015.69,1.01057,6.9605,12.6378,1.83006,72.6961,1.28605e+06,7830.38,0.724521,0.565419,0.826954,5.59269,13.0124,0.0522403,0.124785,0.254684,3.66589,3.66589,2573.65,2573.65,23823.8,19278.4,335.673,0.731074,0.854118,0.576724,13,1,183,182,19278.4,1,1,0,3.03091,3.03091,2697.78,2697.78,29047.6,24402.2,290.917,0.6,0.853186,0.542882,0,0,211,210,24402.2,1,1,0,2.61166,2.61166,2408.36,2408.36,29744.9,25549.5,223.684,0.724903,0.851253,0.521918,13,1,212,201,25549.5,1,1,0,2.6982,2.6982,2331.11,2331.11,29305,25222.4,223.684,0.606533,0.851253,0.526507,1,1,200,189,25222.4,1,1,0
393,0.505829,8.25387,0.00850313,5576.24,8933.44,3248.45,0.942235,3.71077,5.54498,1.21853,57.7247,1.05946e+06,9239.3,0.670815,0.558242,0.871144,19.8107,11.4113,0.099702,0.614935,1.88476,3.5217,4.84057,2679.02,1949.09,7001,-13245.4,335.673,0.685922,0.870321,0.571677,11,1,179,159,2494.78,1,0,0,3.00593,4.2465,2720.21,1925.53,14875.7,-5561.56,290.917,0.6,0.868924,0.549195,0,0,197,182,10178.6,1,0,0,2.34235,3.65495,2685.25,1720.9,20709.4,635.106,223.684,0.678348,0.866213,0.524996,11,1,249,210,16375.3,1,0,0,2.40537,3.692,2614.9,1703.63,20391,219.174,223.684,0.570346,0.866213,0.527141,0,1,234,195,16170.6,1,0,0
394,0.303691,11.7963,0.222134,6337.13,12207.8,4417.25,1.04827,5.46835,5.71888,0.75606,40.7554,862852,8102.21,0.706661,0.653224,0.807452,11.8364,10.4617,0.0651768,2.10126,0.454092,4.57975,4.57975,2060.09,2060.09,10244.6,4904.72,335.673,0.304935,0.978125,0.303696,0,0,211,177,4904.72,1,1,0,4.6253,4.6253,1767.83,1767.83,9058.19,3812.21,290.917,0.230834,0.977897,0.303697,0,0,181,152,3812.21,1,1,0,3.21315,3.21315,1957.52,1957.52,18217.5,12897.6,223.684,0.6,0.977434,0.303691,0,0,254,217,12897.6,1,1,0,3.21315,3.21315,1957.52,1957.52,18217.5,12942.8,223.684,0.5,0.977434,0.303691,0,0,254,217,12942.8,1,1,0
395,0.436295,10.124,0.278079,5957.68,13312.9,5779.41,1.03391,7.69695,8.76223,1.6316,76.3233,1.90273e+06,9072.94,0.724999,0.574575,0.768119,13.0053,13.599,0.054026,1.40297,0.175862,4.48341,4.48341,2104.36,2104.36,8365.46,761.74,335.673,0.743183,0.939672,0.449852,14,1,162,139,761.74,1,1,0,3.80927,3.80927,2146.54,2146.54,14978.6,7349.48,290.917,0.6,0.939009,0.441481,0,0,176,157,7349.48,1,1,0,2.99424,2.99424,2100.64,2100.64,19677.2,12667.2,223.684,0.741247,0.937692,0.437255,14,1,210,180,12667.2,1,1,0,3.0882,3.0882,2036.72,2036.72,19021.2,12127.2,223.684,0.617782,0.937692,0.437537,2,1,198,168,12127.2,1,1,0
396,0.54762,15.8705,0.0224345,5490.25,13552.4,5420.4,1.01301,2.3935,7.23472,1.08277,71.1448,1.94044e+06,8356.04,0.700933,0.531561,0.758834,8.82357,5.22045,0.0930249,1.39941,0.470491,9.82029,9.82029,960.737,960.737,-61073.6,-66607.4,335.673,0.120138,0.945028,0.66071,0,0,120,111,-66607.4,1,1,0,52.4496,52.4496,155.897,155.897,-257121,-257425,290.917,1.39923e-05,0.94463,0.912148,0,0,19,13,-257425,1,1,0,4.49178,4.49178,1400.29,1400.29,-10262.6,-16604.2,223.684,0.645537,0.943789,0.551891,5,1,214,196,-16604.2,1,1,0,4.68937,4.68937,1341.29,1341.29,-12254,-18467.5,223.684,0.537567,0.943789,0.553252,0,1,202,184,-18467.5,1,1,0
397,0.388608,11.3004,0.033051,6003.46,9088.59,2870.21,1.07267,6.0896,8.74646,1.01685,43.2646,2.24525e+06,8314.44,0.679091,0.62511,0.688284,5.11531,12.9034,0.071601,0.0071958,0.0978232,2.84093,2.84093,3321,3321,23424.6,19015.3,335.673,0.737953,0.846016,0.486552,13,1,211,210,19015.3,1,1,0,2.48413,2.48413,3291.6,3291.6,27495,23001.2,290.917,0.6,0.84473,0.459523,0,0,228,227,23001.2,1,1,0,2.1049,2.1049,2988.18,2988.18,29092.9,25056.6,223.684,0.721765,0.842155,0.433328,13,1,239,236,25056.6,1,1,0,2.15323,2.15323,2921.1,2921.1,28878.1,24952.4,223.684,0.60456,0.842155,0.436814,1,1,227,224,24952.4,1,1,0
398,0.437564,8.77936,0.207587,6690.88,11898.1,7292.12,1.05685,0.182113,5.93753,1.08617,78.0525,2.15191e+06,9206.84,0.608991,0.85024,0.690492,16.2609,2.27925,0.0788226,0.908395,0.332179,7.86171,7.86171,1200.08,1200.08,-23881.5,-31543.8,335.673,4.15517e-05,0.892404,0.76337,0,0,144,143,-31543.8,1,1,0,15.9086,15.9086,513.983,513.983,-83718.8,-90528.5,290.917,2.163e-05,0.891196,0.835801,0,0,61,60,-90528.5,1,1,0,3.84357,3.84357,1636.45,1636.45,7908.35,275.804,223.684,0.0162019,0.888833,0.61042,0,0,252,251,275.804,1,1,0,3.84357,3.84357,1636.45,1636.45,7908.35,275.804,223.684,0.0162019,0.888833,0.61042,0,0,252,251,275.804,1,1,0
399,0.432694,8.65922,0.194389,6517.61,13695.7,4025.32,1.03359,0.832929,10.9201,1.33861,43.3869,1.40196e+06,8281.8,0.643505,0.522613,0.823494,15.8563,7.21418,0.0992422,2.0084,1.17537,49.7129,147.91,189.784,63.7868,-170477,-181389,335.673,2.84513e-05,0.979032,0.897571,0,0,34,10,-172320,1,0,0,75.6477,1327.8,108.09,6.15814,-194763,-204440,290.917,2.27662e-05,0.978747,0.940768,0,0,22,1,-195371,1,0,0,4.91832,8.30313,1278.85,757.523,777.318,-13297.7,223.684,0.66068,0.978189,0.432695,7,1,230,202,-4228.72,1,0,0,5.11659,8.58509,1229.3,732.644,-526.816,-14571,223.684,0.550995,0.978189,0.432695,0,1,218,190,-5415.56,1,0,0
400,0.390578,14.9807,0.0206482,5989.89,9127.61,4294.86,1.03295,1.29492,11.7174,1.00028,44.6322,950082,8889.7,0.647972,0.726442,0.69859,19.5881,8.17615,0.0740355,2.66096,0.578327,5.54566,5.54566,1701.28,1701.28,-14434.2,-20128.7,335.673,0.678451,0.982162,0.390595,8,1,185,143,-20128.7,1,1,0,4.87435,4.87435,1677.51,1677.51,-7307.17,-13104.5,290.917,0.6,0.982012,0.390581,0,0,186,150,-13104.5,1,1,0,3.66853,3.66853,1714.53,1714.53,4621.68,-737.892,223.684,0.675415,0.981696,0.390578,8,1,222,177,-737.892,1,1,0,3.8153,3.8153,1648.57,1648.57,3147.55,-2096.55,223.684,0.568223,0.981696,0.390578,0,1,211,166,-2096.55,1,1,0
401,0.575533,8.26068,0.250327,5611.79,9453.78,5618.15,1.03244,2.49935,12.9184,1.53488,49.2982,766050,8248.76,0.659252,0.725202,0.728208,5.31653,2.59654,0.0533549,1.72202,1.60232,7.49495,11.4375,1258.81,824.894,-21405.2,-38562.5,335.673,0.637257,0.964486,0.610298,3,1,119,81,-27858.5,1,0,0,5.69614,8.74119,1435.49,935.427,-5154.32,-22746,290.917,0.6,0.96401,0.584077,0,0,141,109,-12042,1,0,0,4.57759,7.55433,1374.04,832.609,3722.85,-13601.8,223.684,0.627188,0.963079,0.577735,3,1,159,115,-2897.78,1,0,0,4.78826,7.87352,1313.59,798.857,1950.6,-15332.9,223.684,0.522258,0.963079,0.57861,0,1,150,106,-4543.6,1,0,0
402,0.534388,18.1855,0.157027,5416.56,8016.88,7225.83,1.00503,3.2239,11.5052,1.47159,38.2403,1.54728e+06,7603.74,0.742634,0.712336,0.707686,7.05531,10.5856,0.0845593,1.62194,0.809467,4.80907,4.80907,1961.86,1961.86,-7486.1,-16091.6,335.673,0.734314,0.955831,0.544539,11,1,174,136,-16091.6,1,1,0,3.97566,3.97566,2056.7,2056.7,1944.28,-6780.61,290.917,0.6,0.95554,0.537358,0,0,192,160,-6780.61,1,1,0,3.40426,3.40426,1847.63,1847.63,6285.93,-1987.83,223.684,0.719441,0.954911,0.535347,11,1,202,156,-1987.83,1,1,0,3.53009,3.53009,1781.77,1781.77,4915.92,-3244.83,223.684,0.60453,0.954911,0.535683,1,1,192,146,-3244.83,1,1,0
403,0.333177,9.86477,0.272159,6672.18,11672.4,5813.44,0.992784,3.81613,8.96381,1.26329,64.3508,2.04085e+06,7506.19,0.631331,0.702203,0.93087,15.6821,7.17733,0.08553,1.41094,1.42793,5.94412,8.11274,1587.23,1162.95,-3007.35,-17794.1,335.673,0.481073,0.940699,0.467446,0,0,168,146,-9853.25,1,0,0,6.43315,8.88796,1271.03,919.981,-9193.32,-23703.9,290.917,0.359171,0.940019,0.504034,0,0,134,117,-15763,1,0,0,3.73159,5.58581,1685.56,1126.03,12159.3,-2650.54,223.684,0.6,0.93867,0.354266,0,0,234,203,5290.35,1,0,0,3.73159,5.58581,1685.56,1126.03,12159.3,-2775.46,223.684,0.5,0.93867,0.354266,0,0,234,203,5383.43,1,0,0
404,0.59911,15.2788,0.263397,6369.8,9362.77,7273.87,1.04192,1.96265,14.3493,0.58096,57.8669,1.15186e+06,7816.48,0.681233,0.506895,0.807401,9.9511,6.92203,0.0597104,2.03544,1.41659,7.58884,7.58884,1243.23,1243.23,-14893.6,-23557.4,335.673,0.673518,0.983355,0.599112,7,1,140,111,-23557.4,1,1,0,5.59089,5.59089,1462.51,1462.51,785.797,-8124.93,290.917,0.6,0.983219,0.59911,0,0,168,143,-8124.93,1,1,0,4.6936,4.6936,1340.08,1340.08,6294.89,-2106.13,223.684,0.674481,0.982933,0.59911,7,1,172,140,-2106.13,1,1,0,4.96375,4.96375,1267.15,1267.15,4118.23,-4150.85,223.684,0.561113,0.982933,0.59911,0,1,162,130,-4150.85,1,1,0
405,0.56376,13.3363,0.243752,6121.72,13069.7,3437.96,1.0221,0.529723,12.2633,1.90481,74.7231,1.04841e+06,8844.54,0.748683,0.51898,0.843406,5.9566,8.55872,0.0772706,2.39439,0.271556,75.7184,75.7184,124.603,124.603,-176873,-177746,335.673,2.50477e-05,0.982591,0.939409,0,0,29,1,-177746,1,1,0,76.3513,76.3513,107.094,107.094,-167113,-167906,290.917,2.49798e-05,0.98243,0.940497,0,0,25,1,-167906,1,1,0,5.37428,5.37428,1170.35,1170.35,-901.715,-5369.77,223.684,0.685014,0.982098,0.56376,9,1,208,177,-5369.77,1,1,0,5.65847,5.65847,1111.57,1111.57,-2597.95,-6939.16,223.684,0.569089,0.982098,0.56376,0,1,196,165,-6939.16,1,1,0
406,0.385173,13.3142,0.15477,6674.07,14735.5,5594.05,0.997996,5.42018,10.2768,1.11754,42.0438,1.40843e+06,8147.3,0.692819,0.704483,0.854035,9.51437,2.75125,0.068461,0.662051,0.113163,5.08098,5.08098,1856.87,1856.87,1722.2,-4583.92,335.673,0.626164,0.855897,0.646888,3,1,193,192,-4583.92,1,1,0,4.83003,4.83003,1692.9,1692.9,3344.31,-3058.55,290.917,0.6,0.854832,0.636134,0,0,182,181,-3058.55,1,1,0,3.35487,3.35487,1874.83,1874.83,15984,9452.88,223.684,0.621197,0.852652,0.54656,3,1,230,229,9452.88,1,1,0,3.51493,3.51493,1789.45,1789.45,14594.5,8198.16,223.684,0.517588,0.852652,0.558789,0,1,215,214,8198.16,1,1,0
407,0.551069,8.86157,0.0755132,5311.95,9461.29,6644.39,0.925332,0.189291,7.0685,1.17418,38.5115,2.0903e+06,8308.22,0.631337,0.887324,0.788735,6.31575,3.60033,0.0524961,2.14193,1.68399,10.983,29.9885,859.026,314.611,-50359.1,-66469.4,335.673,0.541545,0.99,0.551645,0,0,155,76,-57724.3,1,0,0,13.3265,45.7363,613.57,178.78,-61463.4,-77174,290.917,0.298415,0.989897,0.555019,0,0,118,49,-68428.9,1,0,0,5.94999,17.936,1057.11,350.681,-17858.3,-34051.3,223.684,0.638116,0.989632,0.551069,4,1,213,131,-25306.2,1,0,0,6.25503,18.9461,1005.56,331.984,-19953,-36167,223.684,0.531067,0.989632,0.551069,0,1,202,120,-27290.4,1,0,0
408,0.331926,17.633,0.151793,6320.04,12543.7,5045.12,1.04039,6.47577,11.4897,1.18405,47.9312,1.42751e+06,7603.75,0.744029,0.66319,0.754451,17.5641,3.3489,0.0655801,0.731564,1.4017,5.3976,6.89603,1747.95,1368.14,-5560.31,-19238.4,335.673,0.625109,0.831756,0.640772,3,1,158,157,-11749.1,1,0,0,3.70251,4.78995,2208.43,1707.06,13568.9,-525.297,290.917,0.6,0.830814,0.551084,0,0,217,216,6964,1,0,0,3.04729,4.04058,2064.07,1556.66,18353.8,4582.86,223.684,0.617049,0.828796,0.500267,3,1,224,223,12072.2,1,0,0,3.24631,4.28151,1937.52,1469.06,16371.3,2670.29,223.684,0.51258,0.828796,0.517558,0,1,205,204,10281.2,1,0,0
409,0.599731,18.7166,0.0302434,5482.76,9482.84,4310.87,1.0292,7.43324,10.9172,1.04754,37.3054,1.83407e+06,8646.08,0.650444,0.688931,0.783856,18.154,13.3751,0.0954766,0.0953769,0.349962,2.94388,2.94388,3204.86,3204.86,14429.1,9218.25,335.673,0.484141,0.901579,0.625351,0,0,221,199,9218.25,1,1,0,2.92983,2.92983,2790.87,2790.87,13302,8136.52,290.917,0.429746,0.901054,0.625331,0,0,193,176,8136.52,1,1,0,2.50806,2.50806,2507.84,2507.84,15958.5,10808.7,223.684,0.854955,0.899914,0.614263,13,1,216,177,10808.7,1,1,0,2.53181,2.53181,2484.32,2484.32,15748,10661.7,223.684,0.742548,0.899914,0.614854,8,1,211,172,10661.7,1,1,0
410,0.499705,8.1322,0.197654,5309.95,8126.05,7423.79,0.96845,5.68295,11.8333,1.51188,77.3076,1.44379e+06,9006.9,0.607181,0.892825,0.837188,14.5533,11.0515,0.0650124,0.22404,1.35998,3.64552,5.25483,2588.03,1795.44,10706.5,-9676.24,335.673,0.0235185,0.909193,0.608731,0,0,182,126,2629.53,1,0,0,3.51475,5.07171,2326.41,1612.23,11639.4,-8748.63,290.917,0.0579342,0.908093,0.602245,0,0,161,113,3557.14,1,0,0,3.01457,4.8223,2086.47,1304.32,14236.3,-6150.54,223.684,1,0.905953,0.572758,11,1,183,112,6155.23,1,0,0,3.02343,4.83092,2080.36,1301.99,14147.2,-6318.52,223.684,1,0.905953,0.573356,10,1,182,111,6088.44,1,0,0
411,0.495038,10.1433,0.0401932,5930.18,13309.9,3204.94,0.971265,4.76768,12.8112,0.520877,65.8723,1.30944e+06,8649.37,0.664704,0.811645,0.775502,10.784,7.87956,0.0611532,0.139625,0.658936,4.95562,4.95562,1903.84,1903.84,-9862.73,-13538.1,335.673,0.00233768,0.897524,0.677624,0,0,183,182,-13538.1,1,1,0,5.09823,5.09823,1603.84,1603.84,-12320.8,-15963.9,290.917,0.000595697,0.896522,0.685341,0,0,155,154,-15963.9,1,1,0,3.97104,3.97104,1583.92,1583.92,289.689,-3418.5,223.684,1,0.894536,0.630565,8,1,175,152,-3418.5,1,1,0,3.98603,3.98603,1577.97,1577.97,111.504,-3577.81,223.684,1,0.894536,0.631445,7,1,174,151,-3577.81,1,1,0
412,0.327132,18.8469,0.153352,5789.58,11038,4554.65,0.949344,5.25615,14.1505,1.81026,69.8096,1.41137e+06,9369.23,0.636098,0.808044,0.697816,16.5318,9.57292,0.0970456,0.840521,0.113508,3.81659,3.81659,2472.03,2472.03,10622.2,5270.87,335.673,1,0.853554,0.588587,10,1,188,187,5270.87,1,1,0,3.66428,3.66428,2231.48,2231.48,11410.3,6094.04,290.917,1,0.852747,0.577985,10,1,175,174,6094.04,1,1,0,3.5549,3.5549,1769.33,1769.33,10337.5,5206.97,223.684,0.75562,0.850996,0.571316,10,1,147,128,5206.97,1,1,0,3.5751,3.5751,1759.34,1759.34,10055.3,4943.52,223.684,0.740584,0.850996,0.572933,9,1,146,127,4943.52,1,1,0
413,0.56911,14.5939,0.0163146,6785.05,14627.5,6866.87,1.09238,5.21778,14.4906,0.653659,67.4022,1.9026e+06,7432.68,0.72283,0.701894,0.96979,14.4739,9.44972,0.0691163,0.38152,0.457525,7.02343,7.02343,1343.32,1343.32,-27702.2,-34949.5,335.673,0.00039555,0.897772,0.747812,0,0,159,158,-34949.5,1,1,0,11.738,11.738,696.605,696.605,-72530.8,-79241.7,290.917,6.27541e-05,0.897079,0.813143,0,0,82,81,-79241.7,1,1,0,4.80717,4.80717,1308.42,1308.42,-6238.14,-13615.6,223.684,0.944131,0.895641,0.683677,9,1,178,177,-13615.6,1,1,0,4.82748,4.82748,1302.92,1302.92,-6456.57,-13810,223.684,0.930496,0.895641,0.684448,8,1,177,176,-13810,1,1,0
414,0.3087,9.80047,0.0898537,5675.59,11740,7002.4,1.07204,7.45364,11.3019,1.99957,42.141,1.88161e+06,7431.34,0.632993,0.859165,0.906342,16.8797,4.41049,0.097028,0.255612,1.51161,3.8952,4.82434,2422.14,1955.65,2043.52,-10235.4,335.673,0.8742,0.866627,0.589519,4,1,191,190,-5725.99,1,0,0,3.67346,4.59882,2225.9,1778.01,4090.21,-8219.41,290.917,0.6,0.865266,0.573262,0,0,182,181,-3710.01,1,0,0,3.01199,3.87961,2088.26,1621.25,10847.6,-1529.88,223.684,0.631669,0.862578,0.513249,4,1,195,193,2979.51,1,0,0,3.12757,4.00152,2011.08,1571.86,9395.38,-3013.82,223.684,0.523949,0.862578,0.525608,0,1,182,180,1676.27,1,0,0
415,0.372248,10.4335,0.0696241,6558.07,9102.38,7401.91,1.01221,7.71445,14.6596,1.44212,37.0328,1.39764e+06,8400.01,0.722978,0.732471,0.673194,12.6636,2.1259,0.0940117,0.442762,0.781454,4.13832,4.13832,2279.84,2279.84,13296.4,4580.55,335.673,0.620027,0.861336,0.595555,2,1,115,101,4580.55,1,1,0,3.1076,3.1076,2631.21,2631.21,33847.4,24779.5,290.917,0.616221,0.860042,0.517701,2,1,143,133,24779.5,1,1,0,2.53192,2.53192,2484.21,2484.21,39850.3,31152.4,223.684,0.611777,0.857473,0.46802,2,1,156,125,31152.4,1,1,0,2.7087,2.7087,2322.08,2322.08,36778.5,28209.1,223.684,0.506878,0.857473,0.484837,0,1,142,111,28209.1,1,1,0
416,0.342907,15.9198,0.186009,6439.29,11148.4,6924.24,0.980331,3.41369,14.1142,0.59937,51.4717,1.15143e+06,7932.82,0.605426,0.762679,0.966995,19.3752,8.2142,0.0735232,0.114595,1.08972,3.99593,5.56038,2361.08,1696.77,13991.6,-1543.6,335.673,0.0672456,0.852545,0.593106,0,0,248,247,6565.75,1,0,0,4.37452,6.16077,1869.18,1327.23,9088.65,-6419.09,290.917,0.00295981,0.851605,0.617554,0,0,197,196,1690.27,1,0,0,3.07162,4.52485,2047.72,1390.06,19253.2,3580.27,223.684,0.64912,0.849627,0.522413,8,1,249,248,11689.6,1,0,0,3.21892,4.70308,1954.01,1337.38,18168.5,2445.65,223.684,0.541996,0.849627,0.535896,0,1,232,231,10700.9,1,0,0
417,0.53303,16.6978,0.236036,6293.86,9420.24,2754.79,1.04737,4.93663,5.02614,1.34366,71.451,958691,8773.02,0.739374,0.815022,0.709663,9.35051,4.41955,0.0692481,1.03065,0.273084,5.10243,5.10243,1849.06,1849.06,6125.81,1901.91,335.673,0.640884,0.961148,0.548777,4,1,152,111,1901.91,1,1,0,4.14667,4.14667,1971.88,1971.88,15830,11376.9,290.917,0.6,0.960868,0.537423,0,0,172,137,11376.9,1,1,0,3.50568,3.50568,1794.18,1794.18,18651.6,14703.5,223.684,0.634741,0.96027,0.53437,4,1,189,141,14703.5,1,1,0,3.64437,3.64437,1725.9,1725.9,17531.6,13701.9,223.684,0.528478,0.96027,0.534862,0,1,178,130,13701.9,1,1,0
418,0.359461,15.1931,0.0171909,6747.71,14146.2,7148.83,1.00555,6.42246,11.3762,0.996962,46.5258,752055,8986.42,0.606329,0.662634,0.684206,14.0628,12.3551,0.0568859,2.46845,0.185321,4.93513,4.93513,1911.75,1911.75,-823.235,-9371.78,335.673,0.73018,0.979469,0.359468,12,1,199,158,-9371.78,1,1,0,4.6321,4.6321,1765.24,1765.24,2202.53,-6337.53,290.917,0.6,0.979298,0.359464,0,0,187,151,-6337.53,1,1,0,3.48225,3.48225,1806.25,1806.25,12691.1,4512.8,223.684,0.722113,0.97894,0.359461,12,1,231,186,4512.8,1,1,0,3.59467,3.59467,1749.76,1749.76,11695,3623.12,223.684,0.605208,0.97894,0.359461,1,1,220,175,3623.12,1,1,0
419,0.573191,19.4378,0.255085,5826.49,12836.3,4640.84,1.09517,0.00830526,6.78469,1.92956,30.4781,919886,7604.87,0.740781,0.881308,0.710626,17.1208,4.06869,0.0595308,1.66134,0.478504,169.524,169.524,55.6542,55.6542,-281925,-279129,335.673,1.06674e-05,0.96646,0.961025,0,0,9,1,-279129,1,1,0,190.871,190.871,42.8392,42.8392,-261319,-258673,290.917,1.07121e-05,0.966249,0.961631,0,0,7,1,-258673,1,1,0,8.08812,8.08812,777.661,777.661,-14423.8,-19618,223.684,0.654717,0.965785,0.660632,4,1,159,141,-19618,1,1,0,8.46496,8.46496,743.04,743.04,-16251.4,-21344.8,223.684,0.541711,0.965785,0.673066,0,1,151,133,-21344.8,1,1,0
420,0.496881,13.9288,0.25823,5793.67,10388.7,5758.1,0.911025,4.21613,7.95193,1.63321,63.003,996983,9234.68,0.611054,0.895203,0.976562,18.4081,8.4472,0.0616222,0.1949,0.945075,3.70625,3.70625,2545.62,2545.62,18114.8,11765.6,335.673,0.00120381,0.90184,0.62621,0,0,219,174,11765.6,1,1,0,3.72818,3.72818,2193.23,2193.23,16976.1,10630.1,290.917,0.000732713,0.901108,0.628906,0,0,188,152,10630.1,1,1,0,2.94125,2.94125,2138.49,2138.49,19921.2,13605.3,223.684,0.794143,0.899596,0.577734,8,1,238,167,13605.3,1,1,0,2.95393,2.95393,2129.3,2129.3,19869.5,13574.9,223.684,0.775383,0.899596,0.578632,6,1,236,165,13574.9,1,1,0
421,0.310849,11.6033,0.102681,5382.52,11694.7,4471.38,0.906857,5.22301,7.975,1.26052,40.0032,1.78491e+06,7459.85,0.730888,0.734855,0.727453,19.2012,6.46121,0.0735177,1.12477,1.69398,4.70733,6.30975,2004.26,1495.26,-9595.04,-21840.5,335.673,0.518594,0.939718,0.388603,0,0,209,164,-15387.2,1,0,0,4.86133,6.56448,1682,1245.6,-12356.2,-24399.2,290.917,0.399707,0.939117,0.401372,0,0,175,137,-17945.9,1,0,0,3.28741,4.82893,1913.3,1302.53,3574.23,-8327.88,223.684,0.6,0.937903,0.32565,0,0,260,203,-1874.59,1,0,0,3.28741,4.82893,1913.3,1302.53,3574.23,-8447.08,223.684,0.5,0.937903,0.32565,0,0,260,203,-1797.26,1,0,0
422,0.301629,13.7268,0.197701,5588.91,12686.4,6568.34,1.01372,5.73764,9.8313,1.14467,57.1418,1.97687e+06,8776.81,0.7247,0.588822,0.925447,10.9252,10.6577,0.0686057,1.2895,1.52678,3.56076,4.67366,2649.64,2018.7,10379.1,-3435.87,335.673,0.537337,0.923731,0.321651,0,0,240,227,2502.77,1,0,0,3.61644,4.7762,2260.99,1711.98,8351.57,-5305.77,290.917,0.420913,0.923092,0.324211,0,0,205,195,632.883,1,0,0,2.60716,3.70857,2412.52,1696.02,15858.3,2305.7,223.684,0.6,0.921774,0.304706,0,0,280,257,8244.35,1,0,0,2.60716,3.70857,2412.52,1696.02,15858.3,2205.56,223.684,0.507113,0.921774,0.304706,0,0,280,257,8345.01,1,0,0
423,0.315497,12.316,0.120784,6674.69,13480,5379.6,0.940656,2.95032,5.10866,1.9938,30.744,1.85542e+06,8169,0.689164,0.809961,0.875063,15.4901,13.3597,0.0900192,0.517234,0.320129,5.06862,5.06862,1861.4,1861.4,-1909.35,-7730.85,335.673,0.14213,0.857336,0.655042,0,0,217,216,-7730.85,1,1,0,7.40465,7.40465,1104.27,1104.27,-26182.4,-31807.9,290.917,5.73668e-05,0.856167,0.727273,0,0,128,127,-31807.9,1,1,0,3.10761,3.10761,2024.01,2024.01,13677.8,7395.45,223.684,0.6,0.853798,0.522219,0,0,292,291,7395.45,1,1,0,3.10761,3.10761,2024.01,2024.01,13677.8,7495.83,223.684,0.5,0.853798,0.522219,0,0,292,291,7495.83,1,1,0
424,0.481778,10.693,0.0462573,5945.95,8561.03,6727.72,1.02086,2.36516,7.35796,1.50108,55.4425,1.83485e+06,8734.88,0.605398,0.628855,0.831378,9.35296,6.35042,0.0648338,1.11904,0.142943,4.24092,4.24092,2224.69,2224.69,-2737.1,-10824.4,335.673,0.654544,0.948418,0.487836,6,1,184,155,-10824.4,1,1,0,3.69297,3.69297,2214.14,2214.14,4381.09,-3857.67,290.917,0.6,0.947873,0.484195,0,0,192,167,-3857.67,1,1,0,2.85989,2.85989,2199.32,2199.32,12834.8,5017.14,223.684,0.644034,0.946783,0.482096,6,1,232,195,5017.14,1,1,0,2.94609,2.94609,2134.97,2134.97,11892.1,4188.98,223.684,0.544213,0.946783,0.482198,0,1,220,183,4188.98,1,1,0
425,0.540445,8.55156,0.158599,5706.82,8157.63,3468.86,1.05628,1.45714,5.29121,1.27089,49.6804,2.24148e+06,7595.27,0.693171,0.730841,0.777958,14.7407,1.57661,0.071226,1.01027,0.451015,7.18928,7.18928,1312.33,1312.33,-35109.5,-39605.4,335.673,0.613592,0.961572,0.58638,2,1,125,94,-39605.4,1,1,0,5.76477,5.76477,1418.4,1418.4,-19680.9,-24582.9,290.917,0.6,0.961071,0.557043,0,0,141,115,-24582.9,1,1,0,4.1044,4.1044,1532.46,1532.46,-2552.1,-7137.14,223.684,0.619239,0.96009,0.542471,2,1,186,149,-7137.14,1,1,0,4.27135,4.27135,1472.56,1472.56,-4424.91,-8877.46,223.684,0.514778,0.96009,0.543189,0,1,175,138,-8877.46,1,1,0
426,0.371566,12.2265,0.0259079,5481.68,8801.17,3424.92,0.927622,4.46252,11.5056,1.09692,74.0206,2.1939e+06,9274.16,0.692677,0.534681,0.682527,7.76339,9.59861,0.0561354,1.48143,1.70466,3.29656,4.60313,2861.99,2049.63,5665.89,-15150.4,335.673,0.686792,0.926325,0.376333,10,1,198,159,763.407,1,0,0,2.59949,3.74353,3145.52,2184.24,16774.6,-4169.16,290.917,0.6,0.925646,0.372367,0,0,239,206,11744.7,1,0,0,2.23035,3.44353,2820.1,1826.56,18648.6,-1771.19,223.684,0.668634,0.924269,0.37179,10,1,252,205,14142.6,1,0,0,2.31122,3.52969,2721.43,1781.97,17642.1,-2788.12,223.684,0.559707,0.924269,0.371883,0,1,237,190,13244.6,1,0,0
427,0.554823,16.5369,0.263542,5964.96,10765,4701.88,0.988122,7.35443,13.8929,0.986874,66.0907,1.15327e+06,9274.82,0.68358,0.822956,0.898729,11.3218,2.6794,0.063561,2.09188,1.03169,7.51269,11.8665,1255.84,795.071,-18703.5,-37302.9,335.673,0.639003,0.988325,0.554832,3,1,129,66,-24654.4,1,0,0,5.01226,7.5623,1631.35,1081.25,3061.28,-15859,290.917,0.62366,0.988234,0.554823,3,1,159,104,-3210.45,1,0,0,4.55185,7.5343,1381.81,834.823,5043.81,-13372.9,223.684,0.627947,0.988042,0.554823,3,1,162,97,-724.361,1,0,0,4.83022,4.83022,1302.18,1302.18,2596.04,-3049.41,223.684,0.525231,0.988042,0.554823,0,1,153,88,-3049.41,1,1,0
428,0.31717,8.22125,0.277287,6381.48,11266.9,2523.76,1.03773,7.16783,14.9779,1.55813,31.8014,967651,8438.8,0.694729,0.883635,0.788174,18.8036,2.35852,0.089151,1.43651,1.61381,8.36264,11.2063,1128.2,841.912,-25500.4,-41969.8,335.673,0.919995,0.952444,0.647524,2,1,85,44,-28632.6,1,0,0,4.33493,5.72459,1886.25,1428.36,17972.5,289.279,290.917,0.6,0.951793,0.367878,0,0,152,117,13626.5,1,0,0,3.54733,4.95473,1773.11,1269.46,21900.8,4703.3,223.684,0.613005,0.950522,0.336661,2,1,174,125,18040.5,1,0,0,3.65847,5.07839,1719.25,1238.54,21119,3919.91,223.684,0.513377,0.950522,0.34051,0,1,165,116,17374.4,1,0,0
429,0.540289,13.2701,0.246484,5608.56,8955.23,5964.26,1.06677,2.87973,9.48557,1.38183,69.4761,979947,8419.17,0.745216,0.537689,0.837245,17.1636,9.60026,0.085355,0.221862,0.739164,5.32566,5.32566,1771.56,1771.56,-3100.14,-10253.8,335.673,0.667457,0.868441,0.665594,10,1,135,134,-10253.8,1,1,0,3.43364,3.43364,2381.37,2381.37,18212.4,10560.9,290.917,0.668133,0.867533,0.594264,10,1,203,202,10560.9,1,1,0,2.95255,2.95255,2130.3,2130.3,21163.2,13886.8,223.684,0.685197,0.865676,0.576734,10,1,198,197,13886.8,1,1,0,3.10377,3.10377,2026.5,2026.5,19779,12660.2,223.684,0.568147,0.865676,0.58262,0,1,184,183,12660.2,1,1,0
430,0.578339,15.7281,0.168758,6455.27,10878.1,3980.27,0.999269,2.06284,7.60141,1.77228,69.5614,2.09341e+06,8669.62,0.749326,0.79264,0.668117,12.4476,2.33656,0.070111,0.165686,1.18089,5.41963,8.06794,1740.84,1169.41,-6150.4,-24139.3,335.673,0.779402,0.908278,0.71753,2,1,183,182,-10794.1,1,0,0,5.81912,8.83676,1405.15,925.311,-11751.7,-29552.2,290.917,0.084265,0.907682,0.731327,0,0,149,148,-16206.9,1,0,0,4.42301,6.97623,1422.06,901.606,709.894,-17277.6,223.684,0.621848,0.906429,0.681796,2,1,168,151,-3932.34,1,0,0,4.63985,4.63985,1355.61,1355.61,-1627.34,-6163.74,223.684,0.513028,0.906429,0.690794,0,1,158,141,-6163.74,1,1,0
431,0.531633,15.3248,0.16728,6225.31,11091.4,5286.5,0.941231,6.31035,13.531,1.33034,63.1705,903520,8560.14,0.678074,0.844336,0.921578,7.20268,2.6741,0.0788737,2.66388,1.18947,7.9622,13.0311,1184.94,724.016,-22819.5,-40038.8,335.673,0.631589,0.988124,0.53168,3,1,148,74,-29221.5,1,0,0,5.53414,8.67861,1477.51,942.173,-3762.16,-21282,290.917,0.6,0.988025,0.531633,0,0,176,112,-10464.7,1,0,0,4.88787,8.54773,1286.82,735.846,689.671,-16374,223.684,0.629841,0.987818,0.531633,3,1,186,109,-5556.67,1,0,0,5.16518,9.07548,1217.73,693.056,-1442.15,-18462,223.684,0.527223,0.987818,0.531633,0,1,176,99,-7574.35,1,0,0
432,0.509436,17.3198,0.295382,6508.92,8763.63,2850.02,1.01716,5.79984,6.13159,1.3735,76.4648,1.26022e+06,8487.09,0.61377,0.543802,0.892295,10.9786,6.70805,0.0729167,2.08429,1.25346,3.44222,4.89195,2740.88,1928.62,31547.6,9275.65,335.673,0.654071,0.980693,0.509436,7,1,219,182,27181,1,0,0,3.14199,4.54499,2602.41,1799.07,33043.9,10673.7,290.917,0.6,0.980551,0.509436,0,0,216,184,28579.1,1,0,0,2.48585,4.00098,2530.25,1572.07,32180.5,10258,223.684,0.643596,0.980248,0.509436,7,1,267,228,28163.4,1,0,0,2.56125,4.05704,2455.76,1550.35,32290.3,10278.2,223.684,0.538656,0.980248,0.509436,0,1,251,212,28386,1,0,0
433,0.551394,17.7262,0.0743705,5544.24,14416.6,3353.22,0.990903,4.04272,14.7424,1.21603,70.1627,1.54552e+06,8578.38,0.620095,0.598719,0.835255,7.08018,6.88024,0.094761,1.97154,0.940303,6.83406,6.83406,1380.54,1380.54,-28944.2,-32692.4,335.673,0.179317,0.950384,0.591096,0,0,164,144,-32692.4,1,1,0,9.58449,9.58449,853.124,853.124,-53952.5,-57401.7,290.917,0.000112975,0.950055,0.668359,0,0,101,84,-57401.7,1,1,0,5.02336,5.02336,1252.11,1252.11,-11927.8,-15844.1,223.684,0.68027,0.949347,0.560874,7,1,174,144,-15844.1,1,1,0,5.27708,5.27708,1191.91,1191.91,-14356.9,-18175.9,223.684,0.565765,0.949347,0.563918,0,1,164,134,-18175.9,1,1,0
434,0.312045,16.5405,0.0227845,6227.54,12194,5614.3,1.05439,3.11224,12.1484,1.64393,40.9449,1.67018e+06,9117.26,0.708053,0.656748,0.823708,6.02791,12.8783,0.0697345,2.7396,0.478479,4.761,4.761,1981.66,1981.66,-6439.92,-13261.6,335.673,0.577278,0.97754,0.312059,0,0,221,190,-13261.6,1,1,0,5.11108,5.11108,1599.81,1599.81,-11360.4,-17920.6,290.917,0.380392,0.977367,0.312085,0,0,179,152,-17920.6,1,1,0,3.27445,3.27445,1920.88,1920.88,7298.51,669.035,223.684,0.709729,0.976999,0.312045,13,1,268,233,669.035,1,1,0,3.36106,3.36106,1871.38,1871.38,6506.13,-12.3771,223.684,0.600816,0.976999,0.312045,1,1,256,221,-12.3771,1,1,0
435,0.360535,9.23357,0.168582,5369.55,10719.7,4028.31,1.01112,0.990383,10.0393,1.12249,49.0773,1.6436e+06,8622.13,0.747295,0.834704,0.767961,18.5977,4.58974,0.0861057,1.62452,0.85697,9.44171,9.44171,999.259,999.259,-49615.6,-54128.8,335.673,0.93824,0.952022,0.689758,5,1,109,82,-54128.8,1,1,0,7.58604,7.58604,1077.87,1077.87,-33193.5,-37956.5,290.917,0.6,0.951431,0.59879,0,0,121,99,-37956.5,1,1,0,4.33237,4.33237,1451.82,1451.82,-3550.21,-8769.29,223.684,0.633667,0.950264,0.400558,5,1,203,166,-8769.29,1,1,0,4.52937,4.52937,1388.67,1388.67,-5362.86,-10313.7,223.684,0.533129,0.950264,0.409956,0,1,190,153,-10313.7,1,1,0
436,0.337477,13.7003,0.0986357,5747.16,11548.4,3573.61,0.955885,6.28111,5.96651,1.77791,47.4962,1.92961e+06,7791.67,0.665408,0.697373,0.769841,12.3715,6.21216,0.0609265,0.22117,1.94952,3.64349,4.63452,2589.47,2035.75,6802.54,-6621.95,335.673,0.628921,0.84304,0.550675,6,1,215,214,2065.76,1,0,0,3.27168,4.22416,2499.26,1935.71,10713.7,-2886.25,290.917,0.6,0.841913,0.521693,0,0,219,218,5801.46,1,0,0,2.43877,3.35232,2579.1,1876.26,17471.7,4123.85,223.684,0.6,0.839597,0.444401,0,0,284,276,12811.6,1,0,0,2.48435,3.38826,2531.77,1856.36,17260.1,3775.4,223.684,0.52706,0.839597,0.449102,0,1,272,264,12720.3,1,0,0
437,0.451359,15.2409,0.0967016,6395.31,10199.4,3644.23,1.05088,4.93972,5.18196,0.990567,55.2454,1.60754e+06,9227.82,0.614706,0.554785,0.673963,6.34083,10.1978,0.0717049,2.14315,0.544225,3.51176,3.51176,2686.61,2686.61,17004.1,11894.3,335.673,0.688418,0.979118,0.451359,10,1,223,191,11894.3,1,1,0,3.20001,3.20001,2555.23,2555.23,19912.6,14726.1,290.917,0.6,0.978946,0.451359,0,0,220,192,14726.1,1,1,0,2.53806,2.53806,2478.2,2478.2,23505.3,18746.7,223.684,0.679113,0.978585,0.451359,10,1,262,228,18746.7,1,1,0,2.6103,2.6103,2409.61,2409.61,23100.3,18454.1,223.684,0.566397,0.978585,0.451359,0,1,248,214,18454.1,1,1,0
438,0.523556,10.9468,0.00212561,6228.69,13980.3,3574.1,1.00355,3.01505,10.4453,1.53894,77.6857,2.02657e+06,7831.92,0.652957,0.602548,0.89035,15.75,11.7513,0.0764666,0.486817,1.44966,8.01678,11.0035,1176.87,857.43,-43155.2,-54927.1,335.673,6.64455e-05,0.877146,0.739098,0,0,141,140,-46930,1,0,0,21.5081,33.469,380.17,244.308,-148954,-158829,290.917,3.00742e-05,0.8761,0.830345,0,0,44,43,-150832,1,0,0,3.92754,5.75136,1601.46,1093.62,-1486.46,-13541.6,223.684,1,0.874013,0.614019,12,1,244,243,-5544.57,1,0,0,3.95738,5.78511,1589.39,1087.24,-1788.8,-13877.2,223.684,1,0.874013,0.615403,9,1,241,240,-5811.12,1,0,0
439,0.489004,8.51062,0.178872,5430.9,12025.1,5614.25,0.935509,7.3503,9.13851,1.83946,60.7799,876945,7730.32,0.657752,0.686951,0.665741,6.11272,5.53856,0.0552323,1.99858,1.88946,6.17846,8.17379,1527.03,1154.26,-16962.1,-29513.4,335.673,0.673316,0.954822,0.528616,6,1,144,91,-23606.7,1,0,0,5.19707,6.91474,1573.34,1182.51,-7071.56,-19820,290.917,0.6,0.954234,0.506578,0,0,152,107,-13913.3,1,0,0,3.99835,5.68589,1573.1,1106.21,3746.06,-8710.45,223.684,0.659379,0.953083,0.492853,6,1,191,131,-2803.76,1,0,0,4.15627,5.87623,1513.33,1070.38,2346.55,-10080,223.684,0.548221,0.953083,0.494054,0,1,180,120,-4090.83,1,0,0
440,0.555339,10.6831,0.0792101,6636.16,11464.3,3338.46,1.01261,5.27738,13.4266,1.65361,45.647,2.03845e+06,9394.12,0.749489,0.515706,0.650497,10.9425,9.20401,0.0793709,1.20212,1.13251,5.47267,5.47267,1723.97,1723.97,-13955.7,-18661,335.673,0.733894,0.94719,0.563282,9,1,128,101,-18661,1,1,0,4.02918,4.02918,2029.39,2029.39,7663.94,2741.81,290.917,0.716926,0.946644,0.556322,9,1,158,135,2741.81,1,1,0,3.49946,3.49946,1797.37,1797.37,12127.5,7667.35,223.684,0.731442,0.945552,0.555675,9,1,158,124,7667.35,1,1,0,3.6552,3.6552,1720.78,1720.78,9743.91,5405.25,223.684,0.613317,0.945552,0.555836,1,1,150,116,5405.25,1,1,0
441,0.346564,13.4587,0.0563576,5189.1,14376.2,4313.53,1.08966,7.43391,11.4231,1.01391,77.0759,1.635e+06,7826.83,0.702988,0.752399,0.660843,8.45436,9.11442,0.0787332,0.0846774,0.978672,5.19083,5.19083,1817.57,1817.57,-20822.7,-25864.7,335.673,0.766577,0.85426,0.654417,9,1,168,167,-25864.7,1,1,0,4.42584,4.42584,1847.5,1847.5,-11133.8,-16420.6,290.917,0.6,0.853177,0.617116,0,0,181,180,-16420.6,1,1,0,3.6131,3.6131,1740.84,1740.84,-2340.53,-7563.15,223.684,0.69775,0.850956,0.565002,9,1,188,187,-7563.15,1,1,0,3.77175,3.77175,1667.61,1667.61,-4374.13,-9450.24,223.684,0.577556,0.850956,0.576925,0,1,177,176,-9450.24,1,1,0
442,0.520386,12.9672,0.0121296,6163.16,13865.9,5939.43,1.0411,3.7953,9.31896,1.55951,65.0136,1.0844e+06,7600.19,0.61768,0.510129,0.721207,7.46945,4.9417,0.0579376,0.166589,0.241676,6.35266,6.35266,1485.16,1485.16,-21396.8,-27678.3,335.673,7.9723e-05,0.857859,0.683616,0,0,176,175,-27678.3,1,1,0,14.2937,14.2937,572.051,572.051,-89693.1,-95081.9,290.917,3.59864e-05,0.856871,0.782759,0,0,66,65,-95081.9,1,1,0,3.58661,3.58661,1753.69,1753.69,5252.65,-1148.63,223.684,0.845398,0.854859,0.588496,5,1,256,255,-1148.63,1,1,0,3.61366,3.61366,1740.57,1740.57,5016.28,-1354.33,223.684,0.693852,0.854859,0.589663,2,1,253,252,-1354.33,1,1,0
443,0.357912,10.12,0.109308,6861.72,13689.6,5068.36,0.959761,3.63694,7.26007,0.810477,43.304,2.21661e+06,8524.01,0.650562,0.812349,0.849569,13.0032,2.54208,0.0999325,1.1779,1.50653,6.42426,8.92989,1468.61,1056.53,-17161.3,-31979.2,335.673,0.585934,0.949828,0.52155,0,0,167,131,-23136.7,1,0,0,7.04223,9.93968,1161.1,822.637,-24825.2,-39295.2,290.917,0.444354,0.949259,0.566187,0,0,132,103,-30452.7,1,0,0,4.06128,6.19545,1548.73,1015.23,3840.14,-11052.3,223.684,0.6,0.948126,0.38852,0,0,228,181,-2209.75,1,0,0,4.06128,6.19545,1548.73,1015.23,3840.14,-11145.4,223.684,0.5,0.948126,0.38852,0,0,228,181,-2114.91,1,0,0
444,0.381228,17.893,0.263691,6048.63,9579.26,5486.4,1.04217,7.49791,9.80422,0.587248,75.3256,2.1596e+06,9054.39,0.607284,0.79354,0.888406,15.7953,9.87272,0.0546247,1.78363,1.82298,3.51948,4.75243,2680.71,1985.24,22471.9,1911.36,335.673,0.684747,0.946876,0.393737,10,1,188,150,15291.1,1,0,0,3.14909,4.3402,2596.55,1883.96,25222.2,4573.49,290.917,0.6,0.946517,0.387467,0,0,193,161,17953.2,1,0,0,2.57902,3.92217,2438.83,1603.66,24987.9,4894.52,223.684,0.682416,0.945743,0.382717,10,1,235,190,18274.3,1,0,0,2.6502,3.97238,2373.34,1583.39,24797.6,4625.45,223.684,0.568188,0.945743,0.383091,0,1,221,176,18199.2,1,0,0
445,0.512971,19.1082,0.101001,6532.49,9071.86,3754.53,0.956521,7.67833,6.62994,1.68707,47.2106,2.01859e+06,7521.5,0.697959,0.846176,0.797258,12.3078,4.48488,0.0947652,0.512692,1.96137,4.00391,5.17457,2356.38,1823.28,11057.5,-7625.25,335.673,0.73593,0.897663,0.647907,4,1,163,125,6449.82,1,0,0,3.31336,4.37389,2467.81,1869.45,20346.6,1406.42,290.917,0.634218,0.897101,0.607147,4,1,186,155,15481.5,1,0,0,3.02027,4.21364,2082.54,1492.72,19415.4,678.826,223.684,0.630279,0.895877,0.590306,4,1,187,129,14753.9,1,0,0,3.16225,4.38119,1989.03,1435.64,17591.4,-1158.93,223.684,0.529318,0.895877,0.599475,0,1,174,116,13048.2,1,0,0
446,0.594061,10.4162,0.203722,6163.1,12830.7,7163.57,1.00854,7.68614,11.6701,1.71201,55.8106,2.11739e+06,8380.21,0.700911,0.563085,0.793024,17.312,5.13767,0.0745758,0.32025,0.403315,4.76419,4.76419,1980.34,1980.34,555.41,-7426.81,335.673,1,0.890649,0.668062,5,1,145,137,-7426.81,1,1,0,4.50477,4.50477,1815.13,1815.13,2502.02,-5468.63,290.917,0.776022,0.889692,0.660733,5,1,137,132,-5468.63,1,1,0,4.06417,4.06417,1547.63,1547.63,5062.7,-2760.31,223.684,0.681111,0.887794,0.648296,5,1,128,105,-2760.31,1,1,0,4.25532,4.25532,1478.1,1478.1,2324.07,-5418.17,223.684,0.56929,0.887794,0.654628,0,1,121,98,-5418.17,1,1,0
447,0.483463,19.1549,0.226964,6500.88,11280.5,4569.4,1.00532,6.55118,11.0573,0.534396,53.9611,1.32321e+06,7537,0.608625,0.741034,0.851875,18.7608,8.44062,0.0611352,1.12869,1.84011,5.57086,7.43808,1693.58,1268.43,-76.3296,-15569.2,335.673,0.663875,0.952496,0.527054,8,1,161,128,-5776.78,1,0,0,4.89511,6.61796,1670.39,1235.54,5890.31,-9797.08,290.917,0.6,0.952196,0.507711,0,0,165,137,-4.67981,1,0,0,3.77082,5.42799,1668.02,1158.77,13611.6,-1808.76,223.684,0.673072,0.951542,0.489004,8,1,202,159,7983.65,1,0,0,3.90808,5.59081,1609.44,1125.03,12529,-2855.26,223.684,0.563864,0.951542,0.490485,0,1,191,148,7025.13,1,0,0
448,0.31635,8.21433,0.0984302,6271.7,12786,3934.82,0.949478,3.69925,13.1007,1.92169,76.1815,1.09171e+06,8257.38,0.650328,0.812411,0.85889,17.1077,3.09052,0.0556399,2.41254,0.740536,9.9564,9.9564,947.603,947.603,-38867.2,-43861,335.673,0.646136,0.983702,0.330239,2,0,140,78,-43861,1,1,0,10.7788,10.7788,758.596,758.596,-43988.3,-48674,290.917,0.561591,0.983467,0.342558,0,0,113,59,-48674,1,1,0,5.40261,5.40261,1164.22,1164.22,-5717.36,-10633.8,223.684,0.617717,0.983009,0.316385,3,1,210,144,-10633.8,1,1,0,5.63433,5.63433,1116.34,1116.34,-7390.22,-12190,223.684,0.519814,0.983009,0.316411,0,1,198,132,-12190,1,1,0
449,0.484893,19.0995,0.246492,6335.58,13324.4,7021.63,0.969576,1.68239,9.49529,1.16885,43.2832,1.02436e+06,8087.92,0.735426,0.7063,0.945749,19.3474,4.13948,0.084971,2.35202,1.23831,56.2701,647.061,167.668,14.5809,-128536,-140104,335.673,2.16627e-05,0.984091,0.935865,0,0,47,1,-134447,1,0,0,55.5016,1364.71,147.325,5.99159,-122633,-134108,290.917,2.17665e-05,0.983984,0.935056,0,0,41,1,-128450,1,0,0,5.37623,9.9697,1169.93,630.893,332.863,-13262.6,223.684,0.6,0.983749,0.484894,0,0,238,187,-7605.18,1,0,0,5.46526,10.11,1150.87,622.139,-133.227,-13738.3,223.684,0.525968,0.983749,0.484895,0,1,233,182,-7973.61,1,0,0
450,0.312705,19.4231,0.207564,5502.71,10067.2,5776.45,1.08844,3.06753,7.78649,1.85791,46.6653,2.06064e+06,7674.26,0.724022,0.552322,0.936681,18.9355,6.79902,0.0877225,2.05242,0.447301,4.52584,4.52584,2084.63,2084.63,-2107.69,-8724.01,335.673,0.26297,0.973044,0.312712,0,0,227,205,-8724.01,1,1,0,4.99764,4.99764,1636.12,1636.12,-8192.51,-14651.6,290.917,0.166537,0.972866,0.312735,0,0,178,159,-14651.6,1,1,0,3.0144,3.0144,2086.58,2086.58,8913.78,2160.32,223.684,0.6,0.972477,0.312705,0,0,291,266,2160.32,1,1,0,3.0144,3.0144,2086.58,2086.58,8913.78,2236.87,223.684,0.5,0.972477,0.312705,0,0,291,266,2236.87,1,1,0
451,0.565244,8.14462,0.167773,6426.7,9992.55,5569.73,0.95012,7.50638,13.364,1.68226,63.008,1.98995e+06,9262.04,0.686132,0.53957,0.938234,17.4878,12.4203,0.083672,1.27607,0.49678,4.81582,4.81582,1959.11,1959.11,998.297,-6027.1,335.673,0.770307,0.952605,0.567383,12,1,131,82,-6027.1,1,1,0,3.52567,3.52567,2319.2,2319.2,20168.9,13003,290.917,0.735664,0.95198,0.565399,12,1,165,123,13003,1,1,0,3.06011,3.06011,2055.42,2055.42,21679.1,14977.6,223.684,0.739469,0.95076,0.565287,12,1,174,119,14977.6,1,1,0,3.18722,3.18722,1973.45,1973.45,20016.9,13428.1,223.684,0.618718,0.95076,0.565311,2,1,164,109,13428.1,1,1,0
452,0.512873,17.1562,0.000297739,5520.87,11435.8,6933.67,1.06021,2.90843,11.91,1.85098,74.3308,2.22141e+06,8669.77,0.672694,0.742359,0.94546,9.38949,11.0393,0.0709935,1.32581,1.23792,7.09216,10.4775,1330.3,900.474,-44910,-59691,335.673,0.666076,0.955742,0.592758,11,1,139,118,-52679.9,1,0,0,6.37811,9.57475,1282,853.992,-36557.9,-51534.4,290.917,0.6,0.955433,0.568381,0,0,138,120,-44523.2,1,0,0,4.24065,6.8108,1483.22,923.506,-11102.1,-26096.8,223.684,0.708673,0.954771,0.52021,11,1,193,163,-19085.7,1,0,0,4.41779,7.04764,1423.75,892.471,-13304.7,-28232.9,223.684,0.59685,0.954771,0.52235,0,1,182,152,-21132.8,1,0,0
453,0.351938,19.6424,0.0105272,6856,9914.85,2792.7,1.03347,6.05374,12.0671,1.75006,35.7442,2.02238e+06,9086.11,0.748928,0.699043,0.957941,7.61498,5.12876,0.0586287,0.677832,0.969666,2.834,2.834,3329.11,3329.11,33370.7,28996.6,335.673,0.6363,0.841819,0.492167,5,1,225,224,28996.6,1,1,0,2.40536,2.40536,3399.39,3399.39,37773.5,33208.3,290.917,0.6,0.84101,0.451288,0,0,252,251,33208.3,1,1,0,2.0836,2.0836,3018.72,3018.72,37206.2,33179.1,223.684,0.639133,0.839237,0.421489,5,1,257,255,33179.1,1,1,0,2.13922,2.13922,2940.23,2940.23,37141.3,33223.2,223.684,0.533875,0.839237,0.426912,0,1,243,241,33223.2,1,1,0
454,0.327516,18.8708,0.29726,5502.67,12671.1,6688.4,1.00653,7.38403,10.2808,1.96099,40.4942,1.69855e+06,9211.89,0.708329,0.871824,0.844361,15.9052,4.9269,0.0894769,0.411428,1.9288,4.37254,5.55173,2157.72,1699.42,7398.66,-6727.02,335.673,0.632451,0.862136,0.637564,5,1,157,156,-280.611,1,0,0,3.04486,3.94595,2685.43,2072.19,22134.9,7518.06,290.917,0.61423,0.861365,0.534115,3,0,219,218,13964.5,1,0,0,2.68865,3.58163,2339.39,1756.13,22687.2,8373.15,223.684,0.640171,0.859691,0.497875,5,1,211,202,14819.6,1,0,0,2.79962,3.70376,2246.67,1698.22,21809.8,7477,223.684,0.531173,0.859691,0.510448,0,1,197,188,14082.8,1,0,0
455,0.35506,19.6485,0.234685,5518.66,13227.1,5889.32,0.927503,7.76314,13.7598,1.44365,77.4017,963423,9260.37,0.742895,0.833536,0.858309,17.6829,13.8355,0.0935615,0.0475224,0.528928,5.29822,5.29822,1780.73,1780.73,-4676.33,-11525.9,335.673,0.924117,0.862565,0.679522,14,1,132,128,-11525.9,1,1,0,3.70914,3.70914,2204.49,2204.49,14004.9,6961.6,290.917,0.688071,0.861833,0.592262,14,1,179,178,6961.6,1,1,0,3.17949,3.17949,1978.25,1978.25,17377.8,10439.6,223.684,0.697895,0.860228,0.550295,14,1,182,150,10439.6,1,1,0,3.3932,3.3932,1853.65,1853.65,15205.2,8453.97,223.684,0.583247,0.860228,0.569103,0,1,166,134,8453.97,1,1,0
456,0.594008,14.6039,0.28127,6636.75,11304.3,4299.96,0.940914,7.58139,7.27784,0.840888,68.8649,997271,8896.23,0.610738,0.7895,0.904529,17.3469,9.494,0.0695935,2.58045,1.75607,4.98159,7.49394,1893.92,1258.98,10850.6,-7279.45,335.673,0.130537,0.989074,0.594008,0,0,209,137,5819.47,1,0,0,4.94023,7.46977,1655.14,1094.65,10457.7,-7647.9,290.917,0.114665,0.98898,0.594008,0,0,181,119,5451.01,1,0,0,3.70952,6.42228,1695.59,979.373,15990.2,-1964.34,223.684,0.195268,0.988782,0.594008,0,0,243,169,11134.6,1,0,0,3.70952,6.42228,1695.59,979.373,15990.2,-1964.34,223.684,0.195268,0.988782,0.594008,0,0,243,169,11134.6,1,0,0
457,0.437568,8.93787,0.270691,5529.99,13066.6,3781.76,0.935796,4.44046,9.01692,1.08434,47.3035,1.46055e+06,8013.9,0.631823,0.892959,0.719653,14.6543,9.91194,0.0920609,1.48855,0.920949,7.52474,7.52474,1253.83,1253.83,-20637.4,-24947.2,335.673,0.769156,0.960592,0.594602,1,0,152,94,-24947.2,1,1,0,7.90619,7.90619,1034.22,1034.22,-24234.4,-28411.2,290.917,0.0462746,0.96009,0.618562,0,0,125,75,-28411.2,1,1,0,5.76991,5.76991,1090.11,1090.11,-8342.86,-12634.2,223.684,0.647123,0.959102,0.510907,10,1,161,93,-12634.2,1,1,0,6.54093,6.54093,961.607,961.607,-13709.1,-17879.4,223.684,0.572914,0.959102,0.551735,0,1,141,73,-17879.4,1,1,0
458,0.535224,18.1975,0.00613289,5741.96,11573.1,3024.03,1.01736,3.93504,12.9623,1.62782,47.8817,1.90169e+06,9057.87,0.604667,0.777844,0.776161,17.448,1.71662,0.08178,0.00912895,0.269108,3.97232,3.97232,2375.12,2375.12,-2928.93,-6466.38,335.673,0.000197225,0.896089,0.644564,0,0,225,224,-6466.38,1,1,0,4.13469,4.13469,1977.6,1977.6,-6317.48,-9829.22,290.917,0.000158833,0.895503,0.65361,0,0,188,187,-9829.22,1,1,0,2.99052,2.99052,2103.25,2103.25,6840.04,3411.89,223.684,0.170363,0.894237,0.593962,0,0,250,237,3411.89,1,1,0,2.99052,2.99052,2103.25,2103.25,6840.04,3411.89,223.684,0.170363,0.894237,0.593962,0,0,250,237,3411.89,1,1,0
459,0.490923,15.3659,0.237554,6377.84,12990.1,7205.37,1.09468,7.90112,6.32961,0.735454,53.4767,1.00991e+06,8440.37,0.730188,0.536945,0.969429,15.6075,2.36464,0.0763489,1.58752,0.478253,3.61294,3.61294,2611.37,2611.37,24477.5,15811.2,335.673,0.613753,0.938893,0.492916,2,1,222,210,15811.2,1,1,0,3.60054,3.60054,2270.98,2270.98,23387,14835,290.917,0.525908,0.938437,0.492951,0,0,195,186,14835,1,1,0,2.73409,2.73409,2300.51,2300.51,26640.4,18287.5,223.684,0.606991,0.937478,0.491135,1,0,251,232,18287.5,1,1,0,2.792,2.792,2252.8,2252.8,26699.3,18454.1,223.684,0.511044,0.937478,0.491183,0,1,239,220,18454.1,1,1,0
460,0.471724,15.3768,0.135344,5378.57,9574.78,3209.56,1.07545,1.74543,13.0811,1.89476,63.69,2.12328e+06,7943.31,0.704135,0.531025,0.832967,14.9805,4.8279,0.0805303,0.774972,1.5114,5.84556,8.67927,1614,1087.04,-23046.6,-38478.5,335.673,0.763824,0.845375,0.660163,5,1,160,159,-26877.7,1,0,0,4.37044,6.59941,1870.92,1239.01,-6549.53,-22443.2,290.917,0.6,0.844448,0.605467,0,0,197,196,-10842.4,1,0,0,3.37872,5.28357,1861.6,1190.45,2773.98,-13104.7,223.684,0.630369,0.842511,0.55802,5,1,215,214,-1503.88,1,0,0,3.60375,5.6057,1745.35,1122.04,152.513,-15609.2,223.684,0.526485,0.842511,0.569917,0,1,198,197,-3920.29,1,0,0
461,0.343539,13.007,0.236867,5379.15,13171.9,3797.19,0.90505,1.50024,8.52595,0.807918,58.0521,1.77569e+06,8171.55,0.626648,0.826348,0.668126,5.69865,11.9461,0.0553875,1.28209,1.65327,27.6735,53.626,340.929,175.936,-123183,-133045,335.673,1.98333e-05,0.94762,0.897578,0,0,51,17,-125921,1,0,0,45.1972,132.593,180.913,61.6682,-163805,-172249,290.917,1.58571e-05,0.947144,0.920719,0,0,29,1,-165125,1,0,0,4.71139,8.06865,1335.02,779.536,-3717.9,-15380.8,223.684,0.705665,0.946169,0.422194,12,1,240,190,-8256.99,1,0,0,4.8835,8.30031,1287.97,757.78,-4906.33,-16579.8,223.684,0.593339,0.946169,0.43368,0,1,228,178,-9335.71,1,0,0
462,0.583807,14.8621,0.00201474,5967.48,13005.9,5955.54,0.954745,7.70546,6.25504,1.81396,68.806,1.21846e+06,8002.45,0.746129,0.644281,0.791946,11.9071,12.8387,0.05627,2.01723,0.0791267,6.48055,6.48055,1455.85,1455.85,-26425.8,-33665.9,335.673,0.754982,0.986329,0.583808,13,1,165,111,-33665.9,1,1,0,5.52643,5.52643,1479.57,1479.57,-16582.8,-23900.3,290.917,0.6,0.986213,0.583807,0,0,169,122,-23900.3,1,1,0,4.31905,4.31905,1456.29,1456.29,-3926.02,-10852,223.684,0.742988,0.985971,0.583807,13,1,200,144,-10852,1,1,0,4.49494,4.49494,1399.31,1399.31,-5710.94,-12521.6,223.684,0.628182,0.985971,0.583807,3,1,190,134,-12521.6,1,1,0
463,0.390403,9.84296,0.0864598,5531.27,9866.24,6050.76,0.931451,5.51356,5.79149,1.22559,32.7083,2.07864e+06,8332.41,0.74337,0.869714,0.706276,5.50769,3.48338,0.0863352,2.42923,0.820059,5.24258,5.24258,1799.63,1799.63,-15859.1,-22993.8,335.673,0.626318,0.985926,0.390406,3,1,200,122,-22993.8,1,1,0,4.89715,4.89715,1669.7,1669.7,-13258.8,-20355.4,290.917,0.596606,0.985752,0.390404,0,0,183,116,-20355.4,1,1,0,3.62277,3.62277,1736.19,1736.19,-427.131,-7352.4,223.684,0.6,0.985407,0.390403,0,0,246,166,-7352.4,1,1,0,3.69844,3.69844,1700.67,1700.67,-1199,-8031.71,223.684,0.51861,0.985407,0.390403,0,1,237,157,-8031.71,1,1,0
464,0.473405,16.8772,0.225397,5516.82,11891.8,3303.84,1.09514,4.29043,13.4303,1.76093,70.952,1.64795e+06,8962.67,0.63369,0.547299,0.7747,6.38555,10.2846,0.0984974,2.10145,0.988345,5.83103,5.83103,1618.02,1618.02,-13253.1,-18091.7,335.673,0.711494,0.979458,0.473408,10,1,158,133,-18091.7,1,1,0,4.54021,4.54021,1800.96,1800.96,-649.696,-5659.1,290.917,0.6,0.979304,0.473405,0,0,184,162,-5659.1,1,1,0,3.81603,3.81603,1648.26,1648.26,4553.54,86.9164,223.684,0.703295,0.978975,0.473405,10,1,190,162,86.9164,1,1,0,4.00027,4.00027,1572.35,1572.35,2723.85,-1606.58,223.684,0.586026,0.978975,0.473405,0,1,179,151,-1606.58,1,1,0
465,0.509933,8.90021,0.237906,5109.81,13987.2,6570.66,0.947122,1.0564,12.7862,1.93744,32.9026,1.84974e+06,8369.73,0.697051,0.579515,0.840742,13.1151,12.3638,0.0753902,2.6889,1.23007,58.5078,584.859,161.256,16.1316,-150694,-159353,335.673,3.04302e-05,0.983519,0.922352,0,0,44,1,-155717,1,0,0,58.6356,1376.93,139.45,5.93839,-145980,-154492,290.917,2.99441e-05,0.9833,0.923533,0,0,38,1,-150856,1,0,0,5.55772,9.67477,1131.73,650.125,-10359.3,-21423.8,223.684,0.735955,0.982868,0.509933,12,1,213,167,-17787.6,1,0,0,5.79377,5.79377,1085.62,1085.62,-11863.4,-19184.6,223.684,0.616601,0.982868,0.509933,2,1,203,157,-19184.6,1,1,0
466,0.49477,16.7574,0.185914,5759.12,9746.66,5051.44,0.940263,4.10592,7.88041,1.13322,74.0487,1.32816e+06,7935.72,0.700215,0.809267,0.826798,5.71219,12.4257,0.0527,0.704238,1.30123,4.18192,5.8133,2256.07,1622.95,6347.03,-10076.2,335.673,0.714551,0.891247,0.646856,12,1,202,187,322.988,1,0,0,4.12733,5.81903,1981.12,1405.17,5913.78,-10465.9,290.917,0.6,0.890578,0.64479,0,0,181,171,-66.7392,1,0,0,3.05142,4.69699,2061.27,1339.11,14338,-2050.11,223.684,0.696481,0.889156,0.580011,12,1,238,200,8349.11,1,0,0,3.1438,4.78514,2000.7,1314.45,13681.8,-2720.45,223.684,0.587581,0.889156,0.586185,0,1,225,187,7805.3,1,0,0
467,0.582178,18.1877,0.0903769,5665.29,13151.9,6742.28,1.02418,7.55377,6.16362,1.54491,32.1627,1.34033e+06,7574.81,0.600603,0.83899,0.821664,18.6983,6.96449,0.0534037,1.98416,1.66112,5.62018,7.38785,1678.72,1277.06,-15807.4,-26013.4,335.673,0.0216794,0.965859,0.596267,0,0,179,136,-23067.9,1,0,0,5.85771,7.77204,1395.9,1052.07,-18939,-29103.1,290.917,0.00898453,0.965631,0.600292,0,0,149,113,-26157.6,1,0,0,4.18116,5.97038,1504.32,1053.5,-1841.66,-12038.9,223.684,0.335538,0.965137,0.5844,0,0,208,158,-9093.36,1,0,0,4.18116,5.97038,1504.32,1053.5,-1841.66,-12435.4,223.684,0.335538,0.965137,0.5844,0,0,208,158,-9093.36,1,0,0
468,0.344532,13.6696,0.0931088,5149.21,14677.8,2936.43,1.01124,4.82313,7.47234,0.840076,36.3916,768926,9111.51,0.703317,0.846879,0.656419,11.7551,4.36412,0.0733682,2.66949,0.546779,6.41669,6.41669,1470.34,1470.34,-21774.2,-25837.8,335.673,0.544471,0.983665,0.344847,0,0,184,132,-25837.8,1,1,0,6.81935,6.81935,1199.05,1199.05,-25105.7,-28931.9,290.917,0.365453,0.983515,0.345182,0,0,151,106,-28931.9,1,1,0,4.35109,4.35109,1445.57,1445.57,-3688.02,-7565.76,223.684,0.633575,0.983204,0.344534,4,1,224,169,-7565.76,1,1,0,4.46768,4.46768,1407.85,1407.85,-4645.59,-8424.93,223.684,0.537701,0.983204,0.344535,0,1,215,160,-8424.93,1,1,0
469,0.452506,14.118,0.290029,6209.93,14063.7,2714.15,0.94517,3.23703,7.12988,1.70118,39.0092,1.55685e+06,8234.74,0.633201,0.539656,0.805787,15.4995,13.4317,0.0828832,0.9255,0.223856,5.20025,5.20025,1814.28,1814.28,3289.59,164.062,335.673,0.00645031,0.842789,0.633467,0,0,217,216,164.062,1,1,0,12.5515,12.5515,651.458,651.458,-51018.7,-53611.9,290.917,2.79172e-05,0.841763,0.759249,0,0,76,75,-53611.9,1,1,0,3.11343,3.11343,2020.22,2020.22,16061.4,12583.4,223.684,0.680759,0.839648,0.533578,13,1,292,291,12583.4,1,1,0,3.23602,3.23602,1943.69,1943.69,15381.7,12039.3,223.684,0.570969,0.839648,0.54075,0,1,275,274,12039.3,1,1,0
470,0.42121,11.7466,0.131764,6219.68,10810.6,5684.95,1.03407,4.40882,12.3306,1.72989,41.1525,1.8912e+06,8283.85,0.735198,0.652721,0.660137,7.21693,4.59558,0.0577438,2.39835,0.372974,5.92725,5.92725,1591.75,1591.75,-15924,-22925.3,335.673,0.658603,0.981815,0.42122,5,1,155,116,-22925.3,1,1,0,4.42713,4.42713,1846.96,1846.96,722.256,-6521.75,290.917,0.606439,0.981625,0.42121,1,0,186,152,-6521.75,1,1,0,3.79615,3.79615,1656.89,1656.89,5428.47,-1313.68,223.684,0.654019,0.981239,0.42121,5,1,190,149,-1313.68,1,1,0,3.96634,3.96634,1585.8,1585.8,3512.97,-3112.31,223.684,0.541852,0.981239,0.42121,0,1,180,139,-3112.31,1,1,0
471,0.442251,19.6335,0.134138,5220.47,12250.5,3250.12,0.919401,7.08916,7.15563,0.942869,50.0881,2.20324e+06,8927.44,0.725776,0.758555,0.791701,17.7139,4.28504,0.0516517,2.82065,1.87369,4.89565,7.09834,1927.16,1329.14,-12572.7,-26248,335.673,0.636317,0.983884,0.442251,4,1,213,143,-16962.9,1,0,0,4.64873,6.79996,1758.92,1202.47,-10953.2,-24644.6,290.917,0.6,0.983777,0.442251,0,0,196,135,-15359.4,1,0,0,3.56408,5.80233,1764.78,1084.01,-847.45,-14286,223.684,0.628775,0.983544,0.442251,4,1,250,177,-5000.81,1,0,0,3.68805,5.95033,1705.46,1057.05,-2083.15,-15550.4,223.684,0.524481,0.983544,0.442251,0,1,237,164,-6135.28,1,0,0
472,0.335765,16.7975,0.1657,5663.11,14942.4,5124.75,0.903874,7.30279,7.16099,0.536211,62.7741,2.08834e+06,9099.45,0.735794,0.867518,0.87645,12.171,3.67388,0.0864735,1.93163,1.09336,4.96242,6.63569,1901.23,1421.81,-7812.19,-20194.9,335.673,0.557329,0.947785,0.441449,0,0,203,142,-14202.4,1,0,0,5.15494,6.94743,1586.2,1176.95,-11143.1,-23345.9,290.917,0.453281,0.947408,0.458026,0,0,169,117,-17353.4,1,0,0,3.63664,5.38308,1729.56,1168.44,2717.36,-9397.98,223.684,0.6,0.946604,0.365009,0,0,246,173,-3405.51,1,0,0,3.63664,5.38308,1729.56,1168.44,2717.36,-9509.2,223.684,0.5,0.946604,0.365009,0,0,246,173,-3319.51,1,0,0
473,0.340228,12.4279,0.122851,6662.16,11979.1,2570.54,0.916483,3.20071,5.32268,1.14681,74.6302,880487,8422.29,0.713633,0.595606,0.694067,13.3816,7.92296,0.0573066,0.492794,0.43819,4.4049,4.4049,2141.87,2141.87,9830.31,6105.62,335.673,0.666163,0.825878,0.576225,8,1,216,215,6105.62,1,1,0,4.28742,4.28742,1907.15,1907.15,10177.4,6473.23,290.917,0.6,0.824563,0.570565,0,0,198,197,6473.23,1,1,0,2.66181,2.66181,2362.99,2362.99,22912.4,19276.2,223.684,0.633672,0.821898,0.451263,8,1,306,305,19276.2,1,1,0,2.79689,2.79689,2248.86,2248.86,22368.2,18883.5,223.684,0.528658,0.821898,0.463378,0,1,280,279,18883.5,1,1,0
474,0.383423,10.0977,0.165801,6139.7,8805.19,6399.65,0.972974,4.86449,10.9686,0.755001,56.2251,2.22078e+06,8664.74,0.624736,0.740137,0.97087,14.7273,2.3934,0.071909,0.782581,1.57173,3.62003,4.79449,2606.25,1967.82,17501.2,-3374.57,335.673,0.613167,0.865506,0.561933,2,1,163,150,10094.8,1,0,0,2.82565,3.869,2893.76,2113.4,27954.8,6638.89,290.917,0.6,0.864211,0.496537,0,0,205,196,20108.3,1,0,0,2.32707,3.40192,2702.89,1848.9,29183,8182.05,223.684,0.611122,0.861648,0.45478,2,1,231,198,21651.5,1,0,0,2.40097,3.46349,2619.69,1816.03,28876.6,7783.53,223.684,0.506645,0.861648,0.461438,0,1,216,183,21463.7,1,0,0
475,0.391411,10.635,0.129701,5833.77,8318.02,6997.65,1.095,2.23362,11.8898,1.72783,56.6245,974221,7878.31,0.654083,0.557408,0.870679,13.0985,8.41894,0.0867068,2.03994,1.17401,4.39951,6.6386,2144.49,1421.19,2741.41,-16893.1,335.673,0.666934,0.978072,0.391411,8,1,198,172,-5761.99,1,0,0,4.03046,6.17695,2028.74,1323.75,6385.87,-13292.4,290.917,0.6,0.977823,0.391411,0,0,192,169,-2161.25,1,0,0,2.90347,4.89518,2166.31,1284.9,16034.8,-3251.41,223.684,0.66176,0.977323,0.391411,8,1,251,223,7879.74,1,0,0,2.99991,4.9911,2096.66,1260.21,15334.3,-3998.64,223.684,0.554969,0.977323,0.391411,0,1,237,209,7304.45,1,0,0
476,0.428371,13.5671,0.248014,5929.27,13532.2,6694.41,1.00945,3.60868,11.5349,0.891646,45.9653,811671,9270.14,0.70634,0.798911,0.72616,13.4478,13.268,0.0562647,2.59853,0.734656,7.24068,7.24068,1303.01,1303.01,-13187.9,-21394,335.673,0.775403,0.984937,0.428575,13,1,165,115,-21394,1,1,0,7.00733,7.00733,1166.89,1166.89,-11798.1,-19890.1,290.917,0.6,0.984797,0.428517,0,0,149,106,-19890.1,1,1,0,4.76949,4.76949,1318.76,1318.76,3261.57,-4485.12,223.684,0.761635,0.984509,0.428372,13,1,198,144,-4485.12,1,1,0,4.95626,4.95626,1269.06,1269.06,2007.27,-5629.45,223.684,0.643601,0.984509,0.428372,4,1,189,135,-5629.45,1,1,0
477,0.483296,19.3108,0.272715,5467.6,10965.4,7291.76,1.05095,1.75906,10.686,1.91554,70.034,1.87339e+06,8535.84,0.648499,0.55101,0.787931,16.1678,7.5646,0.0721377,0.0712701,0.0366051,4.70382,4.70382,2005.76,2005.76,-130.963,-7914.72,335.673,0.203379,0.850024,0.629255,0,0,229,228,-7914.72,1,1,0,6.11301,6.11301,1337.6,1337.6,-13831,-21488.3,290.917,0.000215914,0.849291,0.677649,0,0,152,151,-21488.3,1,1,0,4.11449,4.11449,1528.7,1528.7,1896.79,-5868.94,223.684,0.645484,0.847696,0.60548,8,1,190,189,-5868.94,1,1,0,4.15115,4.15115,1515.2,1515.2,1564.12,-6176.53,223.684,0.633755,0.847696,0.607184,6,1,188,187,-6176.53,1,1,0
478,0.490389,16.8098,0.279633,6552.64,9727.69,7015.48,0.964299,4.25178,14.6607,1.95771,35.5243,2.10883e+06,8839.21,0.706505,0.899993,0.683918,17.0971,13.5495,0.0555728,0.978994,1.56557,4.34508,4.34508,2171.36,2171.36,16184.3,8219.61,335.673,1,0.899146,0.666741,14,1,164,141,8219.61,1,1,0,4.16336,4.16336,1963.98,1963.98,16385,8508.57,290.917,0.812736,0.898513,0.657523,14,1,152,134,8508.57,1,1,0,3.75683,3.75683,1674.23,1674.23,16642.9,8901.22,223.684,0.831147,0.897168,0.635055,14,1,148,101,8901.22,1,1,0,3.92047,3.92047,1604.35,1604.35,14554.9,6884.95,223.684,0.700912,0.897168,0.645316,7,1,141,94,6884.95,1,1,0
479,0.423543,10.5829,0.169289,6736.21,10433.7,4720.09,1.04387,4.62592,9.72739,1.86325,45.0552,2.17467e+06,7628.43,0.650424,0.536907,0.657722,9.59249,12.7741,0.0673754,0.70071,1.43488,4.07538,5.29985,2315.05,1780.18,13914.6,-3664.28,335.673,0.741655,0.83894,0.567543,13,1,189,188,7991.1,1,0,0,3.31359,4.39536,2467.64,1860.31,22133.8,4371.18,290.917,0.6,0.837568,0.523972,0,0,218,217,16026.6,1,0,0,2.80375,3.82114,2243.35,1646.05,24906.4,7462.87,223.684,0.735871,0.834846,0.494174,13,1,218,217,19118.3,1,0,0,2.89963,3.93339,2169.18,1599.08,23923,6519.67,223.684,0.618686,0.834846,0.50034,2,1,207,206,18252.9,1,0,0
480,0.422635,18.3147,0.132645,6730.21,13301.6,4491.74,1.09324,2.70269,13.6014,1.39942,34.8491,1.98746e+06,8673.84,0.626659,0.774135,0.970552,18.8307,11.2999,0.0956217,1.26618,0.524213,6.85537,6.85537,1376.25,1376.25,-18970.3,-24082.2,335.673,0.56698,0.949184,0.57116,0,0,164,159,-24082.2,1,1,0,12.8007,12.8007,638.775,638.775,-70116.7,-74528,290.917,6.89961e-05,0.948849,0.786641,0,0,75,72,-74528,1,1,0,4.18584,4.18584,1502.64,1502.64,3627.52,-1892.61,223.684,0.712764,0.948122,0.446292,11,1,218,202,-1892.61,1,1,0,4.33002,4.33002,1452.61,1452.61,2334.18,-3049.85,223.684,0.594235,0.948122,0.450816,0,1,207,191,-3049.85,1,1,0
481,0.365289,12.5384,0.211572,5495.74,11256.7,6980.92,0.971552,2.17695,11.4601,0.901142,40.709,1.05736e+06,8137.9,0.677725,0.810816,0.886314,10.3085,8.90474,0.0843067,2.30543,0.53124,7.49087,7.49087,1259.5,1259.5,-20020.4,-27897.8,335.673,0.381018,0.983692,0.366276,0,0,175,119,-27897.8,1,1,0,8.90678,8.90678,918.037,918.037,-29110.5,-36709.9,290.917,0.205759,0.98353,0.370496,0,0,131,83,-36709.9,1,1,0,4.38473,4.38473,1434.48,1434.48,867.89,-7041,223.684,0.633295,0.983198,0.36529,4,0,246,186,-7041,1,1,0,4.46852,4.46852,1407.58,1407.58,325.908,-7486.34,223.684,0.569407,0.983198,0.36529,0,1,239,179,-7486.34,1,1,0
482,0.476492,18.2207,0.251497,5651.79,14079.5,7134.69,1.09981,1.2082,5.84162,1.71089,59.3299,981004,8300.13,0.702934,0.603196,0.922876,9.08488,12.4488,0.0511547,1.50842,0.542976,416.423,416.423,22.6566,22.6566,-350046,-345725,335.673,8.70745e-06,0.942333,0.940169,0,0,3,2,-345725,1,1,0,563.747,563.747,14.5043,14.5043,-316429,-312934,290.917,8.86053e-06,0.94196,0.940771,0,0,2,1,-312934,1,1,0,4.70792,4.70792,1336.01,1336.01,1156.59,-7049,223.684,0.6,0.941154,0.495306,0,0,246,245,-7049,1,1,0,4.70792,4.70792,1336.01,1336.01,1156.59,-6949.5,223.684,0.5,0.941154,0.495306,0,0,246,245,-6949.5,1,1,0
483,0.395112,10.9004,0.168895,5381.94,13144.5,7364.18,1.02768,1.11635,13.1009,1.55239,36.298,838453,8764.32,0.677579,0.601931,0.86776,9.67146,8.21479,0.0567238,1.55487,1.34084,8.4697,12.8246,1113.94,735.675,-31904.6,-44349.6,335.673,0.407688,0.937198,0.602168,0,0,139,138,-39812.8,1,0,0,57.5707,201.203,142.03,40.6394,-209170,-216742,290.917,2.54035e-05,0.936548,0.910875,0,0,17,16,-212206,1,0,0,3.89889,6.30356,1613.23,997.819,3316.5,-9640.04,223.684,0.665034,0.935246,0.4082,8,1,247,235,-5103.28,1,0,0,4.03213,6.47228,1559.92,971.807,2356.87,-10579.5,223.684,0.558936,0.935246,0.410975,0,1,235,223,-5946.21,1,0,0
484,0.310818,15.4239,0.209994,5645.42,14818.1,6341.59,1.04972,5.69169,10.8439,1.96575,35.0309,1.62295e+06,8992.66,0.69628,0.738459,0.967368,10.3777,3.69362,0.064691,1.82708,0.588355,4.42147,4.42147,2133.84,2133.84,2112.49,-5539.19,335.673,0.546937,0.937786,0.379562,0,0,215,204,-5539.19,1,1,0,4.6396,4.6396,1762.38,1762.38,-1297.95,-8728.67,290.917,0.393274,0.937307,0.395775,0,0,178,170,-8728.67,1,1,0,3.19808,3.19808,1966.75,1966.75,10584.6,3191.86,223.684,0.6,0.9363,0.325667,0,0,249,227,3191.86,1,1,0,3.22308,3.22308,1951.49,1951.49,10420.9,3126.88,223.684,0.531726,0.9363,0.326374,0,1,245,223,3126.88,1,1,0
485,0.42552,19.12,0.224919,5691.45,14219.5,3509.94,0.950433,1.7731,11.5353,1.06588,71.2955,1.48083e+06,8098.73,0.665708,0.75219,0.963572,9.75396,13.0273,0.0947775,1.54702,0.620726,84.8061,84.8061,111.25,111.25,-244375,-242721,335.673,1.81972e-05,0.947888,0.934302,0,0,17,1,-242721,1,1,0,97.2792,97.2792,84.0545,84.0545,-238379,-236310,290.917,1.79568e-05,0.947559,0.936128,0,0,13,1,-236310,1,1,0,5.25754,5.25754,1196.34,1196.34,-4641.35,-8913.18,223.684,0.614352,0.946839,0.49033,3,0,226,196,-8913.18,1,1,0,5.36025,5.36025,1173.42,1173.42,-5294.16,-9412.93,223.684,0.575463,0.946839,0.495303,0,1,220,190,-9412.93,1,1,0
486,0.44224,11.0947,0.202918,6231.27,9781.83,7224.77,1.02862,0.943816,6.80227,0.588152,35.915,913925,9146.47,0.71675,0.78821,0.670355,17.6563,7.52847,0.0873543,2.06478,0.753238,6.53553,6.53553,1443.6,1443.6,-9738.17,-18361.6,335.673,0.691978,0.985538,0.442266,8,1,171,124,-18361.6,1,1,0,5.99059,5.99059,1364.93,1364.93,-5684.41,-14313.8,290.917,0.6,0.985378,0.442248,0,0,163,122,-14313.8,1,1,0,4.21424,4.21424,1492.51,1492.51,7432.94,-841.363,223.684,0.680676,0.985055,0.44224,8,1,209,159,-841.363,1,1,0,4.36231,4.36231,1441.85,1441.85,6314.88,-1852.79,223.684,0.578994,0.985055,0.44224,0,1,200,150,-1852.79,1,1,0
487,0.367678,16.3151,0.22384,5434.11,12613.4,7235.71,1.0022,7.99097,9.3749,1.99758,60.4027,1.44724e+06,7837.98,0.697495,0.732118,0.716314,13.4173,12.8007,0.0808746,0.321112,1.9604,4.56835,5.67518,2065.24,1662.45,186.164,-11866.1,335.673,0.754774,0.853229,0.626417,13,1,164,163,-8058.56,1,0,0,3.55706,4.48872,2298.74,1821.62,11539.6,-745.318,290.917,0.742275,0.852324,0.562701,13,1,199,198,3062.26,1,0,0,3.17184,4.07392,1983.02,1543.92,13677,1643.11,223.684,0.678476,0.850409,0.533834,13,1,185,181,5450.69,1,0,0,3.30892,4.23576,1900.86,1484.93,12170.7,143.227,223.684,0.610592,0.850409,0.545354,2,1,174,170,4065.33,1,0,0
488,0.471737,19.8478,0.0625936,6745.91,8143.8,5830.66,1.09128,2.07933,13.8058,1.7574,47.6006,1.60099e+06,8525.8,0.686191,0.569787,0.788526,19.5147,6.1109,0.0576297,0.0684035,0.920197,5.25922,5.25922,1793.94,1793.94,-7504.56,-14081.5,335.673,0.759186,0.850001,0.650956,6,1,142,141,-14081.5,1,1,0,3.41498,3.41498,2394.38,2394.38,18811.7,11639,290.917,0.636462,0.849281,0.566265,6,1,205,204,11639,1,1,0,2.95381,2.95381,2129.39,2129.39,22537.5,15478.5,223.684,0.638812,0.847702,0.541546,6,1,196,195,15478.5,1,1,0,3.14394,3.14394,2000.61,2000.61,19929.9,13078.4,223.684,0.534426,0.847702,0.552478,0,1,181,180,13078.4,1,1,0
489,0.469732,9.80718,0.149512,5278.53,14937.7,6786.4,1.08094,7.16839,7.15431,0.832235,74.8184,1.83443e+06,7702.53,0.665306,0.869657,0.769381,6.25933,5.36442,0.0964437,2.48037,0.754751,10.3708,10.3708,909.741,909.741,-52319.7,-60211,335.673,0.667268,0.987764,0.472058,5,1,121,76,-60211,1,1,0,10.5807,10.5807,772.801,772.801,-54064,-61692.5,290.917,0.524844,0.987613,0.4727,0,0,103,64,-61692.5,1,1,0,6.24889,6.24889,1006.55,1006.55,-19585.8,-27372.2,223.684,0.658094,0.987312,0.469739,5,1,163,116,-27372.2,1,1,0,6.51524,6.51524,965.399,965.399,-21815,-29463.7,223.684,0.550196,0.987312,0.469745,0,1,154,107,-29463.7,1,1,0
490,0.510601,9.06083,0.176481,5105.56,9827.04,5305.88,0.979335,4.87349,5.00125,1.58844,65.3775,1.3713e+06,7978.5,0.680359,0.566645,0.83395,14.2097,10.9579,0.0904065,1.43672,0.940046,4.24336,4.24336,2223.4,2223.4,-1614.15,-8341.26,335.673,0.704687,0.947934,0.513491,11,1,193,158,-8341.26,1,1,0,4.12676,4.12676,1981.4,1981.4,-1065.69,-7664.52,290.917,0.6,0.947304,0.513132,0,0,172,142,-7664.52,1,1,0,2.95723,2.95723,2126.92,2126.92,9687.68,3332.82,223.684,0.649064,0.946065,0.51077,7,0,246,204,3332.82,1,1,0,3.01288,3.01288,2087.64,2087.64,9286.54,3042.13,223.684,0.573339,0.946065,0.510805,0,1,236,194,3042.13,1,1,0
491,0.494385,16.0903,0.000743379,6630.05,12653.6,7220.63,1.08937,5.72056,7.57509,0.501035,32.9715,1.22753e+06,9190.82,0.607651,0.726095,0.743286,6.44036,9.24779,0.0619713,0.895421,1.43841,3.34141,4.39925,2823.58,2144.62,18192.2,1377.88,335.673,0.29193,0.88204,0.586848,0,0,246,245,10302.4,1,0,0,3.38548,4.49268,2415.24,1820.02,16422.5,-347.799,290.917,0.138532,0.881304,0.590552,0,0,212,211,8576.77,1,0,0,2.83468,3.89738,2218.88,1613.86,21143.6,4290.83,223.684,0.702708,0.879752,0.558481,9,1,220,219,13215.4,1,0,0,2.90993,3.97757,2161.5,1581.32,20416.7,3549.07,223.684,0.584349,0.879752,0.563138,0,1,210,209,12563.4,1,0,0
492,0.49573,12.0768,0.256789,6358.3,13944.1,2969.68,1.07696,4.48735,9.87542,1.33671,74.7734,1.74852e+06,7423.11,0.700008,0.868001,0.929111,11.8828,6.71642,0.0702163,1.36292,1.76738,10.1028,13.8021,933.874,683.569,-37153.7,-48647.3,335.673,0.00149618,0.961932,0.713211,0,0,112,90,-40513.1,1,0,0,14.6041,20.9696,559.895,389.933,-67027.3,-78095.4,290.917,4.62505e-05,0.961561,0.821253,0,0,67,49,-69961.2,1,0,0,5.67658,8.254,1108.03,762.032,-4795.25,-16822.2,223.684,0.659513,0.960807,0.539464,7,1,169,138,-8687.97,1,0,0,5.97364,8.63396,1052.93,728.497,-7067.49,-18986.8,223.684,0.548103,0.960807,0.550145,0,1,157,126,-10761.6,1,0,0
493,0.394864,8.85493,0.183007,5731.99,9123.25,6819.82,1.01808,1.44649,13.2128,1.04426,50.6949,1.77634e+06,9231.22,0.630662,0.865188,0.652623,10.741,12.4217,0.0714192,1.95027,1.9816,6.9862,11.3636,1350.48,830.256,-28725.5,-49085.3,335.673,1,0.956411,0.55862,12,1,123,83,-36354.3,1,0,0,5.76427,9.44072,1418.52,866.115,-15960.6,-36347.6,290.917,0.771743,0.955853,0.487517,12,1,132,98,-23616.6,1,0,0,4.58174,8.14624,1372.8,772.112,-4286.33,-24644.3,223.684,0.681586,0.954755,0.43264,12,1,150,102,-11913.3,1,0,0,5.14525,9.19462,1222.45,684.075,-10363.2,-30610.1,223.684,0.567154,0.954755,0.459058,0,1,132,84,-17801.2,1,0,0
494,0.53623,13.7037,0.0387409,6163.67,13935.2,2777.52,0.916424,6.77641,11.4329,1.072,44.9114,1.15564e+06,8056.8,0.729022,0.567163,0.92703,15.2116,7.7155,0.0793753,0.365109,0.972128,4.80975,4.80975,1961.58,1961.58,-5522,-9286.74,335.673,0.663981,0.871868,0.651208,8,1,178,176,-9286.74,1,1,0,4.06185,4.06185,2013.06,2013.06,3616.64,-382.67,290.917,0.6,0.870996,0.622166,0,0,194,193,-382.67,1,1,0,3.20514,3.20514,1962.41,1962.41,12114.6,8366.59,223.684,0.668271,0.869206,0.586899,8,1,217,196,8366.59,1,1,0,3.31368,3.31368,1898.13,1898.13,10964,7327.23,223.684,0.564868,0.869206,0.591599,0,1,206,185,7327.23,1,1,0
495,0.464743,17.0452,0.244907,5495.04,8085.72,4195.54,0.932158,6.62378,14.1906,0.86678,63.6391,779735,8791.59,0.721852,0.595441,0.78768,16.1817,1.16628,0.0687405,1.57083,0.920286,3.67253,3.67253,2569,2569,20293.9,14572.3,335.673,0.601049,0.940737,0.468714,1,1,164,112,14572.3,1,1,0,2.73084,2.73084,2994.23,2994.23,32221.3,26290.8,290.917,0.603535,0.94033,0.465114,1,1,205,160,26290.8,1,1,0,2.48574,2.48574,2530.36,2530.36,29933.7,24554.7,223.684,0.604177,0.93946,0.464909,1,1,205,145,24554.7,1,1,0,2.59558,2.59558,2423.28,2423.28,28870.2,23592.8,223.684,0.504511,0.93946,0.464998,0,1,193,133,23592.8,1,1,0
496,0.429425,11.4215,0.215117,5395.9,11093.8,3176.63,0.915375,2.79748,9.55564,0.912268,65.8987,2.16854e+06,7583.44,0.679193,0.74074,0.651797,8.5714,10.0117,0.0605013,0.332124,0.660623,5.12577,5.12577,1840.64,1840.64,-9260.59,-12849.9,335.673,0.10183,0.873598,0.663172,0,0,199,198,-12849.9,1,1,0,5.82812,5.82812,1402.98,1402.98,-17553.2,-21063.8,290.917,0.00101871,0.87251,0.691433,0,0,152,151,-21063.8,1,1,0,3.68357,3.68357,1707.53,1707.53,2019.39,-1827.51,223.684,0.687219,0.870325,0.586866,10,1,216,205,-1827.51,1,1,0,3.81745,3.81745,1647.65,1647.65,696.695,-3032.02,223.684,0.582987,0.870325,0.595832,0,1,205,194,-3032.02,1,1,0
497,0.487804,12.0206,0.22749,5940.14,11304.3,4895.68,0.921599,6.11081,8.90815,1.182,45.1625,1.88293e+06,8682.54,0.72707,0.634866,0.946472,7.90572,1.82104,0.0833495,2.57871,1.55819,4.4651,6.31449,2112.99,1494.14,4141.06,-12093.1,335.673,0.611601,0.983413,0.487804,2,1,209,149,-1904.03,1,0,0,4.0205,5.72912,2033.76,1427.23,7790.42,-8537.71,290.917,0.6,0.983243,0.487804,0,0,204,152,1651.36,1,0,0,3.11271,4.84188,2020.69,1299.04,13333.4,-2683.22,223.684,0.61427,0.982897,0.487804,2,1,252,190,7505.85,1,0,0,3.21218,4.95057,1958.11,1270.52,12574.9,-3480.74,223.684,0.508767,0.982897,0.487804,0,1,239,177,6841.89,1,0,0
498,0.408197,18.1484,0.117613,5728.09,10618.6,3661.23,1.09539,4.34432,7.31418,0.872218,47.5828,1.05166e+06,9218.92,0.70062,0.792353,0.806364,11.2927,7.25433,0.0838778,1.68715,1.31117,4.1783,5.87193,2258.03,1606.75,3708.36,-14344,335.673,0.656767,0.949052,0.433376,7,1,192,171,-1617.35,1,0,0,3.90859,5.58676,2092,1463.6,6339.05,-11753.5,290.917,0.6,0.948712,0.426131,0,0,184,167,973.122,1,0,0,3.02075,4.71094,2082.2,1335.15,13957.4,-3645.7,223.684,0.667382,0.947978,0.411785,7,1,228,198,9080.97,1,0,0,3.10358,4.7823,2026.63,1315.23,13325.2,-4342.3,223.684,0.554642,0.947978,0.412569,0,1,216,186,8563.85,1,0,0
499,0.453822,14.2409,0.256261,6199.14,12104.7,7260.36,0.942433,7.27239,7.18062,1.19966,37.8165,1.5985e+06,8510.4,0.621189,0.708962,0.903654,8.62981,3.49703,0.0721193,2.43258,0.726729,4.26366,4.26366,2212.82,2212.82,10999.6,2569.89,335.673,0.624411,0.983733,0.453822,3,1,227,166,2569.89,1,1,0,4.1756,4.1756,1958.22,1958.22,10774.9,2423.9,290.917,0.550478,0.98359,0.453822,0,0,201,148,2423.9,1,1,0,3.16637,3.16637,1986.44,1986.44,15803.5,7616.85,223.684,0.605388,0.983291,0.453822,1,0,262,199,7616.85,1,1,0,3.23026,3.23026,1947.15,1947.15,15491.9,7394.96,223.684,0.52184,0.983291,0.453822,0,1,252,189,7394.96,1,1,0
500,0.521012,18.1128,0.124208,5485.34,14403.9,5296.61,1.03817,6.42259,12.3611,1.36602,59.6722,1.64242e+06,8124.24,0.711116,0.606436,0.957457,15.1494,4.14579,0.0743326,2.16302,1.03708,6.37989,8.61512,1478.82,1095.13,-22687.4,-34211,335.673,0.640656,0.982947,0.521015,4,1,173,138,-29246.8,1,0,0,6.59552,9.0321,1239.74,905.299,-25160,-36499,290.917,0.526154,0.982827,0.521017,0,0,147,117,-31534.8,1,0,0,4.41118,6.31668,1425.88,995.747,-5121.28,-16392.9,223.684,0.632236,0.982567,0.521012,4,1,201,164,-11428.7,1,0,0,4.58159,6.53916,1372.84,961.868,-6723.71,-17943.3,223.684,0.533269,0.982567,0.521012,0,1,191,154,-12911.5,1,0,0
501,0.565921,13.3567,0.171153,6284.88,10288.9,6988.65,1.02731,0.327966,5.80359,1.56667,77.8455,938983,8987.16,0.749371,0.664415,0.662009,12.7655,13.7376,0.0525335,2.44577,0.411642,8.40268,8.40268,1122.82,1122.82,-23893.6,-32326.9,335.673,0.756074,0.986347,0.565945,14,1,153,113,-32326.9,1,1,0,11.05,11.05,739.974,739.974,-40304.3,-48031,290.917,0.373271,0.98622,0.566531,0,0,105,71,-48031,1,1,0,5.08035,5.08035,1238.07,1238.07,-409.254,-8485.59,223.684,0.750261,0.985957,0.565921,14,1,195,152,-8485.59,1,1,0,5.34976,5.34976,1175.72,1175.72,-2328.52,-10272.4,223.684,0.630131,0.985957,0.565921,3,1,184,141,-10272.4,1,1,0
502,0.576317,19.4357,0.000192691,6471.71,12054.8,3890.29,1.02623,7.03421,7.42714,1.51572,50.8312,1.03749e+06,8825.45,0.606147,0.776444,0.741757,17.4047,2.47523,0.0728049,1.02542,1.38799,4.54634,6.17737,2075.23,1527.3,-704.562,-17392.2,335.673,0.634773,0.962606,0.580215,2,1,192,150,-5549.36,1,0,0,4.54873,6.23518,1797.59,1311.39,-1434.77,-18046,290.917,0.553065,0.962373,0.580339,0,0,167,131,-6203.13,1,0,0,3.64789,5.40734,1724.23,1163.2,7876.36,-8717.93,223.684,0.620111,0.961861,0.577103,2,1,201,151,3124.91,1,0,0,3.75731,5.52719,1674.02,1137.98,6723.34,-9895.25,223.684,0.51076,0.961861,0.577327,0,1,191,141,2069.09,1,0,0
503,0.45109,15.8095,0.193462,5392.75,14142.2,2629.89,0.941341,7.74853,13.859,0.862984,79.8103,2.18506e+06,7635.39,0.636738,0.814057,0.691612,19.7191,10.8502,0.0900199,0.418388,0.504247,4.73716,4.73716,1991.64,1991.64,-7013.65,-10092.2,335.673,0.000811369,0.883014,0.666214,0,0,197,196,-10092.2,1,1,0,5.04382,5.04382,1621.14,1621.14,-11806,-14844.7,290.917,0.000130874,0.882253,0.681083,0,0,161,160,-14844.7,1,1,0,3.5383,3.5383,1777.64,1777.64,2753.3,-384.528,223.684,1,0.880651,0.598428,11,1,216,195,-384.528,1,1,0,3.55625,3.55625,1768.66,1768.66,2572.03,-537.215,223.684,1,0.880651,0.599684,9,1,214,193,-537.215,1,1,0
504,0.456083,9.39079,0.215453,5172.04,13411,6378.28,1.01587,5.93725,10.7692,0.558784,38.8207,1.51202e+06,8731.4,0.689661,0.647824,0.684304,10.6716,9.28679,0.0795741,2.67481,0.699092,6.77874,6.77874,1391.81,1391.81,-24715.2,-32384.1,335.673,0.718488,0.983413,0.456097,9,1,142,100,-32384.1,1,1,0,5.09585,5.09585,1604.59,1604.59,-9018.07,-16865.5,290.917,0.610719,0.983202,0.456083,1,0,167,131,-16865.5,1,1,0,4.22793,4.22793,1487.68,1487.68,-1886.91,-9268.24,223.684,0.711508,0.982783,0.456083,9,1,178,134,-9268.24,1,1,0,4.38965,4.38965,1432.87,1432.87,-3437.75,-10705.8,223.684,0.603804,0.982783,0.456083,1,1,170,126,-10705.8,1,1,0
505,0.539961,18.6211,0.170133,5883.4,8285.13,6011.89,1.02511,0.959308,5.46588,1.74902,69.805,1.03716e+06,8729.31,0.662279,0.541994,0.980974,18.68,3.53556,0.096035,2.65392,0.136237,4.27284,4.27284,2208.07,2208.07,5804.43,-1470.99,335.673,0.565692,0.981701,0.539961,0,0,239,206,-1470.99,1,1,0,4.54243,4.54243,1800.08,1800.08,2382.85,-4678.32,290.917,0.412094,0.981576,0.539961,0,0,195,166,-4678.32,1,1,0,2.88619,2.88619,2179.28,2179.28,14975.5,7875.94,223.684,0.62159,0.981304,0.539961,4,1,301,265,7875.94,1,1,0,2.99551,2.99551,2099.75,2099.75,14373.2,7396.21,223.684,0.517287,0.981304,0.539961,0,1,282,246,7396.21,1,1,0
506,0.394335,13.8712,0.148968,6484.59,14599.5,5227.46,1.01408,6.45901,12.0426,1.80847,76.4054,1.94636e+06,8903.84,0.695633,0.641311,0.931949,16.6576,13.1594,0.0858257,2.64982,0.439741,5.23239,5.23239,1803.14,1803.14,-4180.57,-10852,335.673,0.727899,0.980188,0.39434,13,1,197,158,-10852,1,1,0,5.38851,5.38851,1517.44,1517.44,-7073.16,-13511.3,290.917,0.559272,0.98001,0.394343,0,0,166,132,-13511.3,1,1,0,3.62643,3.62643,1734.43,1734.43,8351.65,2072.37,223.684,0.715578,0.97964,0.394335,13,1,239,197,2072.37,1,1,0,3.74705,3.74705,1678.6,1678.6,7331.69,1168.35,223.684,0.596949,0.97964,0.394335,0,1,226,184,1168.35,1,1,0
507,0.551215,9.69967,0.242981,6263.04,8326.53,6576.71,0.937232,5.17991,10.0668,1.96833,64.4027,1.45586e+06,8032.61,0.687961,0.752188,0.777654,7.23685,3.61841,0.0888819,2.96782,0.389765,7.43891,7.43891,1268.29,1268.29,-18450.1,-26170.4,335.673,0.645694,0.988094,0.551217,4,1,137,68,-26170.4,1,1,0,4.84626,4.84626,1687.23,1687.23,4378.2,-3666.54,290.917,0.633735,0.987945,0.551215,4,1,174,114,-3666.54,1,1,0,4.19032,4.19032,1501.03,1501.03,7781.13,189.943,223.684,0.637335,0.987651,0.551215,4,1,185,114,189.943,1,1,0,4.43107,4.43107,1419.48,1419.48,5617.51,-1856.51,223.684,0.530928,0.987651,0.551215,0,1,174,103,-1856.51,1,1,0
508,0.448242,9.83228,0.204412,6354.9,12121.3,6700.42,1.04461,2.71061,13.5452,1.93957,35.4663,1.70762e+06,8202.56,0.718198,0.803933,0.890553,17.5389,7.7026,0.0729208,1.7885,1.47061,8.99759,12.955,1048.58,728.269,-36362.4,-51315.8,335.673,0.701339,0.956677,0.657577,8,1,112,87,-43708.9,1,0,0,7.15779,10.3613,1142.36,789.161,-20323.7,-35783.6,290.917,0.6,0.956173,0.573228,0,0,126,105,-28176.8,1,0,0,4.55014,6.96728,1382.33,902.764,2043.08,-13404,223.684,0.687154,0.955173,0.468905,8,1,185,151,-5797.2,1,0,0,4.72873,7.20023,1330.13,873.557,466.779,-14928.5,223.684,0.570964,0.955173,0.473653,0,1,175,141,-7236.25,1,0,0
509,0.334757,16.2504,0.0834222,5817.34,12027.5,5439.52,0.914649,7.07224,11.8243,1.45072,46.3271,1.19625e+06,9320.08,0.610635,0.851864,0.971806,12.2226,11.2768,0.0586725,1.53749,1.38894,3.8225,5.21353,2468.21,1809.66,6713.26,-9451.55,335.673,0.693711,0.947006,0.368226,11,1,221,155,-36.9221,1,0,0,3.66688,5.04441,2229.89,1620.95,7906.9,-8230.07,290.917,0.6,0.946613,0.362432,0,0,202,146,1184.56,1,0,0,2.88224,4.43893,2182.26,1416.97,13334.9,-2487.05,223.684,0.66497,0.945778,0.341576,8,0,265,189,6927.58,1,0,0,2.93521,4.47956,2142.88,1404.11,12989.9,-2904.17,223.684,0.580966,0.945778,0.342486,0,1,255,179,6677.02,1,0,0
510,0.321618,8.56847,0.287722,5515.54,13504.7,7329.64,1.01824,4.52453,5.04447,1.84141,34.2833,836856,8546.91,0.666092,0.884777,0.727285,15.6374,10.9264,0.0956093,2.39199,1.07629,7.96742,11.8288,1184.16,797.603,-18196.9,-30110,335.673,0.305632,0.984993,0.323805,0,0,152,98,-26417.7,1,0,0,8.09577,12.1606,1010,672.398,-19366.2,-31140.4,290.917,0.218594,0.984785,0.324383,0,0,129,82,-27448.2,1,0,0,4.98713,8.09405,1261.21,777.091,729.47,-11175.5,223.684,0.6,0.984375,0.321629,0,0,201,144,-7483.29,1,0,0,4.98713,8.09405,1261.21,777.091,729.47,-11379.9,223.684,0.5,0.984375,0.321629,0,0,201,144,-7430.92,1,0,0
511,0.552598,11.4391,0.21218,6049.13,9039.1,6098.56,0.987252,6.82342,7.05739,1.17201,60.0874,997416,8417.01,0.729008,0.711746,0.654953,15.5392,5.1562,0.0829598,0.330404,0.774113,4.60573,4.60573,2048.47,2048.47,10237.5,3032.92,335.673,0.671424,0.897751,0.665116,5,1,121,87,3032.92,1,1,0,3.47332,3.47332,2354.16,2354.16,26328,18777.7,290.917,0.662781,0.896879,0.614436,5,1,151,124,18777.7,1,1,0,3.10195,3.10195,2027.69,2027.69,26666.4,19444.2,223.684,0.654997,0.895131,0.599477,5,1,153,102,19444.2,1,1,0,3.22516,3.22516,1950.23,1950.23,25142.7,18035.2,223.684,0.55378,0.895131,0.605154,0,1,145,94,18035.2,1,1,0
512,0.31667,9.67745,0.296382,5460.57,9255.59,5884.38,0.950057,5.36091,7.57964,1.681,79.9074,2.20956e+06,9373.7,0.654414,0.852083,0.938438,18.2895,11.9105,0.0954737,2.34914,1.77883,4.62894,7.69673,2038.2,1225.81,387.799,-18628.2,335.673,0.601053,0.983953,0.316673,1,0,207,136,-6759.94,1,0,0,4.4319,7.33489,1844.98,1114.77,1014.57,-17894.8,290.917,0.521379,0.983752,0.316672,0,0,183,121,-6026.53,1,0,0,3.20554,6.40201,1962.17,982.475,9310.64,-9442.25,223.684,0.6,0.983354,0.31667,0,0,259,185,2425.99,1,0,0,3.20554,6.40201,1962.17,982.475,9310.64,-9691.75,223.684,0.5,0.983354,0.31667,0,0,259,185,2523.95,1,0,0
513,0.384183,13.2929,0.291378,6398.67,13264.7,4307.11,1.06148,2.30813,12.0223,1.933,48.7377,1.68538e+06,7859.12,0.675568,0.604831,0.902944,16.4175,13.5073,0.0808761,2.43668,1.76817,13.2781,20.6462,710.546,456.971,-48146.7,-60920.5,335.673,0.111392,0.978803,0.433024,0,0,99,73,-52779.8,1,0,0,62.594,302.015,130.632,27.074,-169207,-178948,290.917,2.59e-05,0.978604,0.93726,0,0,24,2,-170807,1,0,0,4.34923,6.98141,1446.19,900.937,6071.92,-7393.18,223.684,0.610146,0.978196,0.384184,2,0,248,219,747.509,1,0,0,4.34923,6.98141,1446.19,900.937,6071.92,-7406.05,223.684,0.610146,0.978196,0.384184,2,0,248,219,849.864,1,0,0
514,0.400239,12.9722,0.275673,5447.27,9046.53,2511.29,0.935179,7.80015,10.0931,1.69442,38.1473,1.99663e+06,8195.87,0.603237,0.723861,0.70609,17.3694,7.16226,0.072724,1.73158,1.20567,3.44103,4.57192,2741.83,2063.62,17554.8,-207.788,335.673,0.667351,0.945998,0.406488,7,1,193,134,13621.6,1,0,0,2.85782,3.86732,2861.18,2114.32,23642.8,5754.74,290.917,0.6,0.945512,0.401866,0,0,215,164,19584.1,1,0,0,2.48791,3.62469,2528.15,1735.27,22290.3,4904.36,223.684,0.659086,0.944515,0.400793,7,1,234,167,18733.7,1,0,0,2.554,3.69182,2462.73,1703.72,21837.6,4423.36,223.684,0.554848,0.944515,0.400943,0,1,223,156,18373.4,1,0,0
515,0.351898,14.2625,0.226611,5616.77,11286.1,3704.71,1.0866,4.56804,12.4745,1.12365,43.432,782279,8919.77,0.633626,0.715754,0.821376,9.81368,9.4801,0.056737,1.16376,1.3159,4.18232,5.66068,2255.86,1666.71,10047.8,-6326.87,335.673,0.678586,0.940348,0.387525,9,1,191,176,4674.87,1,0,0,3.75532,5.16852,2177.38,1582.03,13828.7,-2621.51,290.917,0.6,0.939856,0.37293,0,0,193,181,8380.23,1,0,0,2.92532,4.28301,2150.13,1468.55,19192.3,3281.68,223.684,0.686318,0.938834,0.356633,9,1,229,205,14283.4,1,0,0,3.00342,4.36086,2094.22,1442.33,18764.5,2836.88,223.684,0.576551,0.938834,0.357599,0,1,218,194,13968,1,0,0
516,0.394168,11.3556,0.182829,6003.76,13121.5,6319.6,1.07691,4.13404,10.1287,1.06664,58.5401,1.89819e+06,8826.2,0.669548,0.807478,0.706152,19.5971,5.73868,0.0698852,1.96868,1.5929,7.97861,10.9649,1182.5,860.448,-36285.2,-50374.6,335.673,1,0.951542,0.620151,6,1,113,94,-43217,1,0,0,5.8684,8.1253,1393.35,1006.33,-14443.4,-28842.2,290.917,0.6,0.951046,0.498956,0,0,141,126,-21684.7,1,0,0,4.31579,6.26529,1457.39,1003.91,92.4124,-14468.9,223.684,0.653458,0.950045,0.425043,6,1,174,146,-7311.36,1,0,0,4.53869,6.55262,1385.82,959.893,-2230.41,-16634.7,223.684,0.544477,0.950045,0.433756,0,1,162,134,-9391.45,1,0,0
517,0.522808,8.38452,0.0516512,5968.11,12558.7,6049.36,0.972118,3.22808,8.27385,0.937314,58.4481,1.47743e+06,9333.4,0.659845,0.809249,0.860915,14.9239,5.60308,0.0798777,2.74505,1.44555,9.93195,17.4834,949.936,539.638,-48099.8,-63959.2,335.673,0.674154,0.988532,0.523111,6,1,134,72,-55154,1,0,0,8.44608,14.6117,968.112,559.602,-37687.5,-53664.4,290.917,0.6,0.988371,0.522854,0,0,133,79,-44859.3,1,0,0,5.66032,10.5989,1111.21,593.439,-13708,-29474.3,223.684,0.660564,0.988053,0.522808,6,1,180,115,-20669.2,1,0,0,5.95521,11.155,1056.19,563.857,-16125.8,-31858.7,223.684,0.550195,0.988053,0.522808,0,1,170,105,-22964,1,0,0
518,0.304405,15.3726,0.163005,6173.29,9474.23,4155.11,0.961031,1.09075,6.03661,1.0506,41.491,1.74796e+06,8708.6,0.707198,0.614137,0.876649,16.6054,7.10631,0.0965382,0.473893,0.449803,3.16718,4.90202,2978.9,1924.66,18308.1,-873.719,335.673,0.47698,0.816698,0.486106,0,0,309,308,13012.1,1,0,0,3.4287,5.3764,2384.79,1520.86,14098.7,-4881.21,290.917,0.34259,0.815553,0.509275,0,0,248,247,9004.6,1,0,0,2.16516,3.84271,2905.01,1636.82,22765.6,3677.37,223.684,0.6,0.81316,0.391,0,0,381,380,17563.2,1,0,0,2.16516,2.16516,2905.01,2905.01,22765.6,17667.8,223.684,0.5,0.81316,0.391,0,0,381,380,17667.8,1,1,0
519,0.548152,12.4846,0.229613,5879.55,10127.7,5627.91,0.927497,5.4897,7.02622,1.73086,67.5352,1.28731e+06,8026.19,0.691782,0.854345,0.746839,17.8832,3.56273,0.0914654,0.933308,1.00672,4.14033,5.63102,2278.74,1675.49,10942,-5343.3,335.673,0.645088,0.909596,0.658995,1,0,197,151,4573.05,1,0,0,4.1561,5.68352,1967.41,1438.68,9723.34,-6498.32,290.917,0.426785,0.908856,0.661054,0,0,169,131,3418.03,1,0,0,3.81026,5.55181,1650.76,1132.93,10318.5,-5800.8,223.684,0.859571,0.907354,0.645632,4,1,169,102,4115.56,1,0,0,3.82704,5.57417,1643.52,1128.38,10149.3,-6019.94,223.684,0.798575,0.907354,0.646532,3,1,168,101,3967.12,1,0,0
520,0.556964,15.816,0.156257,6746.05,14782.8,3476.44,1.08327,3.44639,9.0078,1.55225,34.4006,1.6813e+06,8195.3,0.732042,0.856597,0.923293,6.85675,9.96222,0.0756571,2.01426,0.303772,14.7308,14.7308,640.476,640.476,-61017.7,-64919.3,335.673,0.195026,0.988882,0.570145,0,0,104,62,-64919.3,1,1,0,58.9056,58.9056,138.811,138.811,-156075,-157887,290.917,2.37778e-05,0.988792,0.946285,0,0,37,1,-157887,1,1,0,6.13788,6.13788,1024.75,1024.75,-8664.38,-13145.6,223.684,0.743334,0.988603,0.556965,10,1,188,143,-13145.6,1,1,0,6.35304,6.35304,990.048,990.048,-10162.7,-14529.7,223.684,0.625062,0.988603,0.556966,2,1,180,135,-14529.7,1,1,0
521,0.411678,9.304,0.260472,6603.07,11140.7,3818.14,1.02551,7.4769,10.5145,0.874819,61.152,803430,7579.43,0.728216,0.879297,0.815759,10.0462,3.15248,0.0723995,2.49965,1.61876,7.90683,11.5062,1193.24,819.966,-13671.4,-29849.4,335.673,0.630592,0.986698,0.41209,3,1,135,78,-18898.1,1,0,0,6.59909,9.5532,1239.07,855.917,-4014.92,-20340.7,290.917,0.6,0.986525,0.411728,0,0,139,90,-9389.48,1,0,0,4.82284,7.56506,1304.17,831.429,7940.23,-7948.16,223.684,0.625501,0.986185,0.411679,3,1,182,123,3003.08,1,0,0,5.01398,7.81618,1254.46,804.716,6660.76,-9232.27,223.684,0.523178,0.986185,0.41168,0,1,172,113,1838.33,1,0,0
522,0.346084,8.16533,0.0328968,6673.49,8311.2,7237.04,0.906357,7.72078,14.3864,1.5673,51.2849,818383,9247.44,0.636183,0.683058,0.897225,17.539,1.06735,0.0516637,1.95621,1.30715,3.4437,4.78086,2739.71,1973.43,26608.1,402.121,335.673,0.607626,0.94234,0.353232,1,1,174,105,17957,1,0,0,2.70486,3.83895,3022.99,2129.94,37836.8,11429.3,290.917,0.6,0.941563,0.347294,0,0,207,148,28984.2,1,0,0,2.28794,3.58702,2749.12,1753.49,36238.3,10343.5,223.684,0.603726,0.940046,0.346402,1,1,238,162,27898.4,1,0,0,2.35937,3.64933,2665.88,1723.55,36043,10067.7,223.684,0.504054,0.940046,0.346513,0,1,224,148,27797.5,1,0,0
523,0.480252,10.9795,0.114282,6224.82,9537.09,4565.9,1.0022,6.14113,7.3972,1.06909,36.3588,1.94825e+06,7657.34,0.602646,0.894966,0.873934,18.8297,6.71319,0.0675594,1.77253,1.95818,4.93991,6.85312,1909.9,1376.7,-6014.25,-23562.4,335.673,0.673612,0.962387,0.502608,7,1,169,114,-11805.7,1,0,0,4.49247,6.29134,1820.1,1299.68,-1319.06,-18945.3,290.917,0.6,0.961987,0.493806,0,0,164,117,-7188.62,1,0,0,3.47748,5.39338,1808.73,1166.21,8084.66,-9250.88,223.684,0.668688,0.961183,0.482865,7,1,213,151,2505.79,1,0,0,3.56214,5.46755,1765.74,1150.39,7256.59,-10142.8,223.684,0.559865,0.961183,0.483396,0,1,203,141,1781.56,1,0,0
524,0.335902,13.4786,0.151789,6234.69,10397,3724.94,0.91716,1.93996,11.6608,1.33666,61.7192,936698,8491.41,0.728171,0.813965,0.807766,16.3414,1.99346,0.0990659,0.257224,0.273019,5.5796,5.5796,1690.93,1690.93,-5429.48,-9742.51,335.673,0.735184,0.860713,0.681114,2,1,165,164,-9742.51,1,1,0,4.58527,4.58527,1783.27,1783.27,4563.77,27.6434,290.917,0.608564,0.859662,0.636836,2,1,183,182,27.6434,1,1,0,3.57981,3.57981,1757.02,1757.02,13263.3,8686.25,223.684,0.609599,0.857505,0.571841,2,1,198,189,8686.25,1,1,0,3.9119,3.9119,1607.87,1607.87,9998.32,5589.53,223.684,0.506833,0.857505,0.597005,0,1,177,168,5589.53,1,1,0
525,0.409476,12.7289,0.129698,6188.3,14996.4,4935.54,1.01475,5.72784,6.52546,1.05555,63.6525,770976,8202.79,0.649368,0.761275,0.752451,12.2346,8.3117,0.0870513,1.30115,1.0203,7.12267,9.34203,1324.6,1009.92,-20772.5,-32611.2,335.673,0.693471,0.949344,0.570505,8,1,142,119,-26470,1,0,0,6.93389,9.20621,1179.25,888.178,-18890.3,-30720.6,290.917,0.6,0.948878,0.562502,0,0,129,110,-24579.5,1,0,0,4.06031,5.73682,1549.1,1096.39,6339.86,-5848.73,223.684,0.629097,0.947925,0.428668,4,0,220,186,292.418,1,0,0,4.14361,5.82324,1517.95,1080.12,5734.34,-6446.85,223.684,0.560561,0.947925,0.430939,0,1,212,178,-182.536,1,0,0
526,0.587529,17.7236,0.032576,5874.95,10118.8,4435.08,1.00179,0.163374,12.1375,1.28244,52.001,2.11868e+06,7668.45,0.652066,0.672903,0.721507,8.76683,7.7648,0.0762375,2.67052,1.44802,62.6906,62.6906,150.496,150.496,-193081,-195421,335.673,2.8125e-05,0.986749,0.93732,0,0,43,1,-195421,1,1,0,63.5906,63.5906,128.584,128.584,-186963,-189114,290.917,2.78761e-05,0.986653,0.939193,0,0,37,1,-189114,1,1,0,6.39207,6.39207,984.002,984.002,-21234.5,-26555.6,223.684,0.685006,0.986447,0.587529,8,1,186,141,-26555.6,1,1,0,6.75078,6.75078,931.717,931.717,-23851.6,-29038.7,223.684,0.574533,0.986447,0.58753,0,1,176,131,-29038.7,1,1,0
527,0.598639,12.5341,0.0460585,5672.22,8184.77,6147.65,0.916569,6.6112,5.11341,1.59471,69.8996,1.1483e+06,7985.98,0.623759,0.836972,0.91108,12.8754,2.78444,0.093115,1.08492,1.73468,4.38253,6.90027,2152.8,1367.3,-3843.81,-22881.3,335.673,0.104386,0.968505,0.600021,0,0,210,125,-10597,1,0,0,4.28544,6.75248,1908.03,1210.93,-3342.32,-22364.1,290.917,0.0948319,0.968209,0.599849,0,0,183,109,-10079.8,1,0,0,3.30877,6.36083,1900.95,988.835,6036.43,-12878.9,223.684,0.172397,0.967605,0.598765,0,0,252,160,-594.546,1,0,0,3.30877,6.36083,1900.95,988.835,6036.43,-12878.9,223.684,0.172397,0.967605,0.598765,0,0,252,160,-594.546,1,0,0
528,0.531631,14.3653,0.251285,6157.38,11590.5,7310.58,1.06317,3.94895,11.5592,1.5967,55.4658,1.62357e+06,8667.14,0.703951,0.805655,0.87468,10.9595,4.19796,0.0511528,1.14302,1.7068,8.19592,11.8143,1151.15,798.586,-28638.1,-44890.1,335.673,0.648667,0.961271,0.639322,4,1,111,81,-36763.2,1,0,0,5.52313,7.95641,1480.46,1027.69,-3685.44,-20639.5,290.917,0.6,0.96095,0.555039,0,0,150,124,-12512.6,1,0,0,4.48057,6.83249,1403.8,920.573,4026.77,-12572.5,223.684,0.638932,0.960283,0.539215,4,1,166,128,-4445.6,1,0,0,4.67818,7.11336,1344.5,884.224,2194.74,-14328.4,223.684,0.537823,0.960283,0.541574,0,1,157,119,-6132.3,1,0,0
529,0.393288,15.1222,0.145315,5139.1,8585.24,5458.69,0.952463,7.49392,6.63218,1.62977,44.2877,2.00838e+06,7462.5,0.642016,0.734223,0.74833,18.2845,1.31788,0.0978812,1.07267,0.403999,3.2375,3.2375,2914.2,2914.2,8889.29,2128.24,335.673,0.605004,0.945065,0.398472,1,1,226,173,2128.24,1,1,0,3.0854,3.0854,2650.14,2650.14,9829.73,3065.18,290.917,0.6,0.944634,0.397111,0,0,209,164,3065.18,1,1,0,2.47058,2.47058,2545.89,2545.89,13474.5,7011.71,223.684,0.6,0.943732,0.393984,0,0,269,208,7011.71,1,1,0,2.50915,2.50915,2506.75,2506.75,13238.6,6872.73,223.684,0.505455,0.943732,0.394087,0,1,259,198,6872.73,1,1,0
530,0.5063,8.26198,0.0146167,5106.6,9918.47,5455.74,1.0083,3.02208,6.80324,1.08656,77.6801,1.86886e+06,9331.98,0.626511,0.898858,0.988485,13.509,8.72139,0.0849834,1.08825,1.96464,6.83423,11.0395,1380.51,854.633,-44276.5,-60671.6,335.673,0.7323,0.966125,0.569459,9,1,136,83,-50390.2,1,0,0,5.94746,9.67918,1374.83,844.777,-34022.7,-50672.7,290.917,0.6,0.965664,0.542134,0,0,137,91,-40391.3,1,0,0,4.10868,7.81824,1530.86,804.504,-10206.6,-26908.1,223.684,0.677346,0.96476,0.51076,9,1,202,142,-16626.7,1,0,0,4.25324,7.95045,1478.83,791.127,-12033.2,-28795.2,223.684,0.570336,0.96476,0.511998,0,1,190,130,-18311.5,1,0,0
531,0.511622,14.1816,0.00494738,6624.11,14946.7,4324.17,1.02781,2.10539,10.5891,1.53574,77.2022,819942,9218.19,0.675509,0.599785,0.933619,10.881,4.80726,0.0506657,1.21428,1.96269,10.9718,16.4834,859.905,572.378,-56263.6,-70085.4,335.673,9.09397e-05,0.947331,0.699561,0,0,109,102,-60707.5,1,0,0,172.142,inf,47.4999,-23.3266,-347810,-351353,290.917,1.61525e-05,0.946902,0.94008,0,0,6,1,-341975,1,0,0,4.60787,7.24558,1365.02,868.089,-421.86,-15163.2,223.684,0.637016,0.946012,0.520916,5,1,212,194,-5785.19,1,0,0,4.80916,7.52122,1307.88,836.275,-2145.45,-16823.5,223.684,0.534541,0.946012,0.523533,0,1,200,182,-7370.7,1,0,0
532,0.416353,12.138,0.142043,5176.65,12932.5,5323.15,1.09246,7.96045,8.75412,0.858067,34.7811,1.59142e+06,7569.2,0.712562,0.756702,0.694381,12.4772,10.2688,0.0852766,2.32009,1.93812,5.64869,7.34871,1670.25,1283.86,-19105.7,-30498.9,335.673,0.736975,0.984036,0.41636,10,1,168,131,-25881,1,0,0,5.19752,6.81351,1573.2,1200.08,-14813.3,-26197.6,290.917,0.6,0.983873,0.416355,0,0,161,129,-21579.7,1,0,0,3.93808,5.42758,1597.18,1158.86,-2258.18,-13251,223.684,0.719505,0.983541,0.416353,10,1,198,158,-8633.15,1,0,0,4.03864,5.54207,1557.41,1134.92,-3311.94,-14278.2,223.684,0.612943,0.983541,0.416353,2,1,190,150,-9575.44,1,0,0
533,0.492267,13.0554,0.0493136,6036.57,8354.67,4096.64,0.998762,4.24542,9.71305,1.21614,77.3041,1.5627e+06,9136.71,0.64044,0.628451,0.706897,19.0035,9.18774,0.0541564,1.36519,1.22723,4.88725,7.08783,1930.48,1331.11,-11549.1,-35318.6,335.673,0.673813,0.948011,0.506629,9,1,133,94,-17135.7,1,0,0,3.37033,4.94483,2426.1,1653.6,13344,-10702.7,290.917,0.682553,0.947552,0.493435,9,1,179,146,7480.19,1,0,0,2.95513,4.62528,2128.44,1359.88,16310.7,-7193.03,223.684,0.691037,0.946611,0.492687,9,1,182,136,10989.9,1,0,0,3.09634,4.82367,2031.37,1303.95,14209.9,-9240.77,223.684,0.578221,0.946611,0.492907,0,1,171,125,9017.79,1,0,0
534,0.303218,9.20345,0.211538,6198.7,11140.8,2505.46,1.08346,6.90546,8.08889,1.37466,68.7741,1.27512e+06,8057.14,0.708306,0.683137,0.840417,14.1989,5.85664,0.0819799,1.82126,1.66387,4.08434,5.27434,2309.97,1788.8,14906.4,-1240.47,335.673,0.633321,0.937204,0.338159,4,0,185,166,10618.4,1,0,0,4.00751,5.19996,2040.36,1572.46,14756,-1195.91,290.917,0.518824,0.936441,0.336549,0,0,163,147,10662.9,1,0,0,2.92377,4.0944,2151.27,1536.2,21908.8,6300.26,223.684,0.6,0.934936,0.308826,0,0,227,201,18159.1,1,0,0,2.92377,4.0944,2151.27,1536.2,21908.8,6161.16,223.684,0.5,0.934936,0.308826,0,0,227,201,18271.3,1,0,0
535,0.362717,17.3938,0.238597,5449.43,9201.46,6830.48,0.970971,7.28846,14.5347,1.52972,35.3322,1.88034e+06,7535.01,0.669296,0.635579,0.685833,8.43469,1.2824,0.0650443,1.32726,0.152067,3.48554,3.48554,2706.82,2706.82,14916,6665.36,335.673,0.608454,0.933298,0.374351,1,1,196,160,6665.36,1,1,0,2.85394,2.85394,2865.08,2865.08,21671.4,13223.2,290.917,0.6,0.932845,0.365848,0,0,225,195,13223.2,1,1,0,2.52135,2.52135,2494.62,2494.62,21258.5,13339.6,223.684,0.60693,0.931874,0.364012,1,1,229,185,13339.6,1,1,0,2.60367,2.60367,2415.75,2415.75,20529,12708.3,223.684,0.503092,0.931874,0.364401,0,1,217,173,12708.3,1,1,0
536,0.457526,19.3089,0.068489,6703.37,8860.61,4647.22,1.07149,4.14775,7.90656,1.86799,55.9663,2.19601e+06,8012.23,0.660566,0.633822,0.987518,12.5012,5.16214,0.0606046,2.6215,0.510921,3.9511,3.9511,2387.87,2387.87,8408.45,2346.39,335.673,0.635832,0.981376,0.457526,5,1,226,192,2346.39,1,1,0,3.96413,3.96413,2062.69,2062.69,6739.46,803.059,290.917,0.546579,0.981252,0.457526,0,0,196,167,803.059,1,1,0,2.88558,2.88558,2179.74,2179.74,15923.3,10156.3,223.684,0.633145,0.98098,0.457526,5,1,268,232,10156.3,1,1,0,2.96838,2.96838,2118.94,2118.94,15310.9,9663.79,223.684,0.529478,0.98098,0.457526,0,1,253,217,9663.79,1,1,0
537,0.349125,8.26723,0.177653,5434.92,12109.5,4960.44,0.947165,3.64571,10.4205,0.957153,31.7476,970780,9017.77,0.653928,0.65073,0.873308,11.9849,5.22323,0.0814041,0.536248,0.183992,4.4517,4.4517,2119.35,2119.35,1116.4,-4674.43,335.673,0.637167,0.847759,0.587115,5,1,178,177,-4674.43,1,1,0,3.53849,3.53849,2310.8,2310.8,11226.2,5032.31,290.917,0.6,0.846057,0.526012,0,0,209,208,5032.31,1,1,0,2.70497,2.70497,2325.28,2325.28,17906.2,11927.7,223.684,0.631476,0.842751,0.457887,5,1,245,241,11927.7,1,1,0,2.79376,2.79376,2251.38,2251.38,17310.6,11450.2,223.684,0.529957,0.842751,0.466101,0,1,231,227,11450.2,1,1,0
538,0.349772,15.2165,0.0463334,6683.2,11539.6,2917.5,1.0415,4.42309,13.5436,1.76793,59.4429,967836,8731.66,0.621837,0.522672,0.673161,9.65606,5.32517,0.071702,0.368707,1.01112,4.35646,5.81335,2165.69,1622.94,7350.72,-10495.3,335.673,0.64666,0.807713,0.559807,5,1,183,182,3533.49,1,0,0,3.29959,4.47117,2478.11,1828.77,20840.6,2611.34,290.917,0.63662,0.806554,0.494706,5,1,224,223,16640.1,1,0,0,2.88699,3.99771,2178.68,1573.35,24057.7,6088.49,223.684,0.623649,0.804138,0.46572,5,1,211,210,20117.2,1,0,0,3.05827,4.2212,2056.66,1490.05,21977.2,4056.05,223.684,0.541763,0.804138,0.478997,0,1,196,195,18169.3,1,0,0
539,0.550891,17.1661,0.0910748,6464.75,13200.1,6685.55,0.917722,6.78192,11.6418,0.966686,76.6594,1.8521e+06,7877.12,0.649895,0.515944,0.80522,16.0445,13.3948,0.0532262,1.22318,1.92946,6.11078,6.11078,1543.95,1543.95,-18078,-25837.9,335.673,0.710179,0.943537,0.571734,13,1,155,120,-25837.9,1,1,0,4.99109,4.99109,1638.27,1638.27,-5802.68,-13766.2,290.917,0.6,0.943159,0.558114,0,0,171,142,-13766.2,1,1,0,3.94156,3.94156,1595.77,1595.77,3933.08,-3712.89,223.684,0.734232,0.942348,0.552479,13,1,197,153,-3712.89,1,1,0,4.1187,4.1187,1527.14,1527.14,2012.68,-5507.07,223.684,0.617684,0.942348,0.55309,2,1,186,142,-5507.07,1,1,0
540,0.59674,11.4177,0.266639,5525.96,14246.1,3351.69,1.09721,7.71728,8.22777,1.32786,48.4105,1.43162e+06,8838.35,0.731888,0.789969,0.727689,9.0243,3.13928,0.0911171,2.92286,1.29834,8.51265,8.51265,1108.32,1108.32,-31479.6,-36109.5,335.673,0.643485,0.989519,0.596746,3,1,117,75,-36109.5,1,1,0,6.01071,6.01071,1360.36,1360.36,-11082,-16043.2,290.917,0.635985,0.989406,0.59674,3,0,144,107,-16043.2,1,1,0,5.2391,5.2391,1200.55,1200.55,-5486.66,-9930.99,223.684,0.641974,0.989178,0.59674,3,1,147,103,-9930.99,1,1,0,5.50598,5.50598,1142.36,1142.36,-7749.39,-12066.3,223.684,0.527678,0.989178,0.59674,0,1,139,95,-12066.3,1,1,0
541,0.466791,17.4507,0.163229,5364.18,9726.77,4553.11,1.09079,2.62658,10.5244,1.74215,55.4313,1.94283e+06,8815.64,0.615325,0.624363,0.821658,12.3882,4.51077,0.0633061,2.09939,0.922504,5.15428,5.15428,1830.46,1830.46,-12662.5,-18624.5,335.673,0.646168,0.981614,0.466791,5,1,181,151,-18624.5,1,1,0,4.40754,4.40754,1855.17,1855.17,-5041.92,-11191.6,290.917,0.6,0.98148,0.466791,0,0,190,164,-11191.6,1,1,0,3.48907,3.48907,1802.72,1802.72,3085.96,-2582.48,223.684,0.638764,0.981191,0.466791,5,1,214,181,-2582.48,1,1,0,3.62482,3.62482,1735.21,1735.21,1630.68,-3911.58,223.684,0.539249,0.981191,0.466791,0,1,203,170,-3911.58,1,1,0
542,0.551721,15.5883,0.265767,5661.66,14460.9,6701.33,0.988443,5.90904,5.82991,1.58472,41.378,961616,8885.72,0.743745,0.508486,0.736459,11.6157,11.8212,0.0809105,1.84881,1.58567,4.6795,6.10409,2016.18,1545.64,5551.09,-7446.96,335.673,0.733921,0.943473,0.555994,12,1,197,176,-2485.34,1,0,0,4.35666,5.74833,1876.84,1422.46,7788.76,-5229.44,290.917,0.6,0.943059,0.554455,0,0,189,172,-267.815,1,0,0,3.37072,4.6416,1866.01,1355.09,14280.3,1609.18,223.684,0.740254,0.942188,0.552113,12,1,220,190,6570.8,1,0,0,3.47667,3.47667,1809.15,1809.15,13509.9,5902.54,223.684,0.621537,0.942188,0.552236,2,1,210,180,5902.54,1,1,0
543,0.597096,19.15,0.0675743,5808.56,11625.9,4788.91,1.00479,2.283,10.4569,1.7943,57.0473,809786,8481.31,0.616124,0.532592,0.941129,12.0029,13.027,0.080468,1.171,1.10067,5.94653,8.9072,1586.59,1059.22,-15596.3,-29851.9,335.673,0.0259619,0.950237,0.607197,0,0,185,167,-20810.9,1,0,0,7.78535,12.0479,1050.27,678.686,-32645.8,-46754.4,290.917,0.00101715,0.949934,0.633564,0,0,122,108,-37713.4,1,0,0,3.59361,6.04241,1750.28,1040.94,5481.31,-8830.68,223.684,0.217494,0.949273,0.597393,0,0,262,236,210.315,1,0,0,3.59361,6.04241,1750.28,1040.94,5481.31,-8830.68,223.684,0.217494,0.949273,0.597393,0,0,262,236,210.315,1,0,0
544,0.342479,19.7721,0.0990073,5535.02,9811.84,7155.76,1.01955,4.88762,9.31389,1.72232,70.1287,1.7969e+06,9037.89,0.654305,0.57834,0.902385,13.5016,7.08771,0.0528081,0.885456,0.915295,2.88771,2.88771,3267.19,3267.19,18225.5,9554.68,335.673,0.634495,0.815333,0.472985,7,1,247,246,9554.68,1,1,0,2.55656,2.55656,3198.34,3198.34,21385.3,12533.6,290.917,0.6,0.814439,0.444935,0,0,259,258,12533.6,1,1,0,2.01274,2.01274,3124.99,3124.99,23812.4,15447.7,223.684,0.633969,0.812482,0.398673,7,1,312,311,15447.7,1,1,0,2.08107,2.08107,3022.4,3022.4,23671.6,15438.1,223.684,0.527944,0.812482,0.404503,0,1,290,289,15438.1,1,1,0
545,0.434474,8.50815,0.141286,6888.81,13920.5,3546.57,0.955008,6.43832,12.5793,0.914521,40.7629,2.24207e+06,8682.72,0.690946,0.519285,0.967302,15.2495,8.02063,0.0998658,2.86973,1.25866,4.93247,6.51342,1912.78,1448.5,730.134,-14806.4,335.673,0.679131,0.979041,0.434474,8,1,191,150,-4044.39,1,0,0,4.54612,6.04403,1798.62,1352.86,3879.17,-11665.4,290.917,0.6,0.978752,0.434474,0,0,182,147,-903.394,1,0,0,3.29868,4.65002,1906.77,1352.64,14305.2,-963.87,223.684,0.668444,0.978186,0.434474,8,1,237,193,9798.12,1,0,0,3.39065,4.74947,1855.04,1324.32,13504.6,-1760.8,223.684,0.566221,0.978186,0.434474,0,1,226,182,9098.1,1,0,0
546,0.417772,13.3393,0.144024,5506.02,8248.71,6076.16,1.03489,7.09189,13.479,1.98941,57.6743,892197,7650.8,0.725676,0.878459,0.719285,7.145,1.68716,0.072383,1.28076,1.0236,5.65834,7.78744,1667.4,1211.53,-17003.7,-35173.3,335.673,0.621331,0.955948,0.502884,2,1,118,70,-24313.9,1,0,0,3.79298,5.24911,2155.76,1557.74,8798.98,-9817.47,290.917,0.618244,0.955555,0.42994,2,1,163,122,1041.85,1,0,0,3.3656,4.97325,1868.85,1264.73,11695,-6460.06,223.684,0.614643,0.954746,0.423855,2,1,169,115,4399.25,1,0,0,3.51566,5.17107,1789.09,1216.35,9919.7,-8177.19,223.684,0.516131,0.954746,0.425967,0,1,159,105,2775.67,1,0,0
547,0.324015,14.5639,0.299294,6586.35,11916.6,7389.99,1.03971,3.58973,6.99617,1.9055,47.7322,2.04651e+06,9020.51,0.621537,0.727344,0.784887,9.32488,11.5045,0.0602678,2.13325,1.28309,4.93896,7.27711,1910.26,1296.49,7372.78,-9961.58,335.673,0.42834,0.980306,0.324031,0,0,210,171,-1102.88,1,0,0,5.14037,7.66552,1590.69,1066.69,4016.54,-13160.4,290.917,0.308121,0.980135,0.324044,0,0,175,141,-4301.75,1,0,0,3.40215,5.61313,1848.77,1120.55,15224.2,-2034.28,223.684,0.6,0.979779,0.324015,0,0,258,215,6824.42,1,0,0,3.40215,5.61313,1848.77,1120.55,15224.2,-2171.26,223.684,0.5,0.979779,0.324015,0,0,258,215,6918.25,1,0,0
548,0.526599,9.76092,0.0343336,5379.23,13051.4,5248.07,1.00502,2.95805,5.81536,1.14526,67.3936,1.32793e+06,8047.54,0.621165,0.65761,0.931913,16.5926,8.72928,0.0718374,2.43131,1.60527,9.59646,14.8064,983.145,637.206,-49659.3,-60983.1,335.673,0.291726,0.985673,0.52682,0,0,138,96,-55484.1,1,0,0,12.6015,20.8422,648.873,392.317,-68603.2,-79470.5,290.917,0.138422,0.985496,0.530015,0,0,95,59,-73971.5,1,0,0,4.95375,8.25342,1269.71,762.085,-10654.3,-22331.8,223.684,0.6,0.985145,0.526599,0,0,219,174,-16832.8,1,0,0,4.95375,8.25342,1269.71,762.085,-10654.3,-22375.2,223.684,0.526666,0.985145,0.526599,0,0,219,174,-16729.8,1,0,0
549,0.430134,12.0354,0.25559,6855.29,9959.84,5960.92,0.929548,2.02761,8.90557,0.570814,65.1019,775184,8810.07,0.694257,0.713085,0.780846,18.6162,7.22713,0.0801531,1.97257,0.924837,5.49085,5.49085,1718.26,1718.26,8259.28,803.825,335.673,0.6397,0.948503,0.484994,7,1,175,130,803.825,1,1,0,4.85357,4.85357,1684.69,1684.69,13219.1,5667.35,290.917,0.6,0.948008,0.462726,0,0,176,138,5667.35,1,1,0,3.37497,3.37497,1863.67,1863.67,21753.1,14658.3,223.684,0.647531,0.947003,0.434227,7,1,243,188,14658.3,1,1,0,3.49685,3.49685,1798.71,1798.71,21109.5,14121.7,223.684,0.548374,0.947003,0.43539,0,1,230,175,14121.7,1,1,0
550,0.440798,19.8518,0.259105,5498.6,14044.4,4466.13,1.08384,1.06734,10.3415,0.955245,64.9395,1.51503e+06,8750.26,0.643912,0.545128,0.782681,5.66985,4.93348,0.050152,0.697817,0.830042,633.949,633.949,14.8824,14.8824,-379576,-371114,335.673,1.99843e-05,0.836136,0.835408,0,0,2,1,-371114,1,1,0,576.478,576.478,14.184,14.184,-332366,-325629,290.917,2.07658e-05,0.835359,0.834562,0,0,2,1,-325629,1,1,0,3.90979,3.90979,1608.73,1608.73,3727.6,-1350.47,223.684,0.631959,0.833657,0.577974,5,1,282,281,-1350.47,1,1,0,4.09332,4.09332,1536.6,1536.6,2559.63,-2397.7,223.684,0.529354,0.833657,0.587434,0,1,266,265,-2397.7,1,1,0
551,0.345202,8.19477,0.16596,5851.23,9681.99,6256.69,0.923009,2.91934,8.76802,1.75423,48.8902,1.16828e+06,8071.83,0.696675,0.780738,0.995113,6.10048,6.76902,0.0650067,0.863951,1.11733,4.40831,6.06215,2140.21,1556.33,4326.89,-12303.8,335.673,0.67564,0.867367,0.611464,7,1,179,170,-2947.43,1,0,0,3.95882,5.54331,2065.45,1475.07,8894.76,-7889.8,290.917,0.6,0.865811,0.582636,0,0,181,176,1466.55,1,0,0,2.76831,4.2801,2272.08,1469.55,18234.9,1576.33,223.684,0.641548,0.862788,0.480183,7,1,260,231,10932.7,1,0,0,2.85459,4.34082,2203.4,1448.99,17888.9,1072.96,223.684,0.537558,0.862788,0.489117,0,1,243,214,10707.7,1,0,0
552,0.354278,13.4301,0.103211,6097.27,13879.1,7044.37,1.02583,6.97582,11.2856,1.92631,59.964,1.7901e+06,7723.37,0.723087,0.887836,0.919802,19.0074,10.5591,0.0768165,0.0689487,1.80951,5.06304,6.34842,1863.45,1486.15,-8440.68,-20308.5,335.673,1,0.873681,0.676828,11,1,173,172,-16326.5,1,0,0,4.63199,5.87754,1765.28,1391.19,-3948.27,-15789.6,290.917,0.6,0.872708,0.656298,0,0,171,170,-11807.5,1,0,0,3.58774,4.67561,1753.14,1345.24,6496.02,-5450.01,223.684,0.687315,0.87071,0.588891,11,1,193,192,-1467.97,1,0,0,3.7684,4.88502,1669.09,1287.57,4404.36,-7500.53,223.684,0.572261,0.87071,0.603124,0,1,179,178,-3385,1,0,0
553,0.572131,18.1119,0.155768,5309.43,8549.81,6015.28,0.920618,3.35048,10.0565,1.74751,62.5543,1.18175e+06,8789.92,0.611531,0.552263,0.951286,7.21911,2.05006,0.0847238,2.90814,0.845965,4.18129,4.18129,2256.41,2256.41,846.368,-6358.26,335.673,0.614997,0.983331,0.572131,2,1,215,162,-6358.26,1,1,0,3.60373,3.60373,2268.97,2268.97,6745.52,-643.057,290.917,0.6,0.983214,0.572131,0,0,223,177,-643.057,1,1,0,2.86975,2.86975,2191.76,2191.76,11934.2,4928,223.684,0.612034,0.982961,0.572131,2,1,262,206,4928,1,1,0,2.9901,2.9901,2103.55,2103.55,10901.1,4003.4,223.684,0.508655,0.982961,0.572131,0,1,246,190,4003.4,1,1,0
554,0.313395,11.8868,0.0877403,6561.52,9119.49,7179.64,0.92922,2.53835,14.3663,1.09511,64.0407,1.47255e+06,9098.05,0.726674,0.56104,0.79244,19.6893,7.58858,0.0656653,2.50396,1.6955,3.87243,6.03902,2436.38,1562.29,12010.1,-11150.3,335.673,0.658308,0.974986,0.313395,8,1,229,182,3507.02,1,0,0,3.43229,5.43742,2382.3,1503.79,16515.7,-6740.03,290.917,0.6,0.974729,0.313395,0,0,230,189,7917.31,1,0,0,2.5703,4.5539,2447.12,1381.19,22328.3,-524.232,223.684,0.648018,0.974205,0.313395,8,1,289,239,14133.1,1,0,0,2.66646,4.65594,2358.86,1350.92,21650.9,-1250.1,223.684,0.541127,0.974205,0.313395,0,1,272,222,13561.9,1,0,0
555,0.369856,13.7576,0.239732,5586.97,10666.9,5443.26,0.904108,5.91306,9.09391,0.584805,58.7628,1.05085e+06,9076.46,0.605638,0.751465,0.855071,17.4233,1.45029,0.0701955,1.21203,1.23433,3.76204,5.24922,2507.87,1797.36,14058.2,-2804.6,335.673,0.600216,0.944756,0.387221,1,1,217,154,7359.35,1,0,0,3.48987,4.92367,2343,1660.7,16144.7,-774.039,290.917,0.6,0.944283,0.381357,0,0,207,154,9389.91,1,0,0,2.7039,4.29714,2326.2,1463.72,18909.2,2316.41,223.684,0.604873,0.943306,0.371945,1,1,273,201,12480.4,1,0,0,2.78008,4.35701,2262.46,1443.61,18650.8,1967.56,223.684,0.503578,0.943306,0.372457,0,1,258,186,12317.2,1,0,0
556,0.387618,19.7365,0.149484,6080.57,13978.4,5385.69,0.972673,1.72468,5.82494,1.27637,73.3402,1.99215e+06,8653.01,0.734824,0.560772,0.807694,6.81057,11.0393,0.0610614,2.67726,0.0247943,64.4929,64.4929,146.291,146.291,-202089,-204598,335.673,1.13586e-05,0.976294,0.934788,0,0,32,1,-204598,1,1,0,63.4855,63.4855,128.797,128.797,-191672,-194104,290.917,1.14905e-05,0.97614,0.934,0,0,28,1,-194104,1,1,0,4.4935,4.4935,1399.76,1399.76,-2070.32,-8312.96,223.684,0.6,0.975801,0.387619,0,0,264,228,-8312.96,1,1,0,4.4935,4.4935,1399.76,1399.76,-2070.32,-8249.85,223.684,0.5,0.975801,0.387619,0,0,264,228,-8249.85,1,1,0
557,0.447059,13.6985,0.277753,6081.22,9012.1,4023.14,1.02792,2.05029,8.01935,1.06457,42.4399,2.13815e+06,7854.81,0.746343,0.550421,0.807603,6.53788,3.74323,0.064652,0.461041,0.952405,3.62349,3.62349,2603.77,2603.77,16951.8,11651.8,335.673,0.628464,0.843903,0.558595,4,1,247,246,11651.8,1,1,0,3.45619,3.45619,2365.83,2365.83,16993.5,11661.1,290.917,0.6,0.842849,0.550019,0,0,232,231,11661.1,1,1,0,2.56825,2.56825,2449.06,2449.06,22272.4,17197.9,223.684,0.624909,0.840686,0.498907,4,1,279,278,17197.9,1,1,0,2.67473,2.67473,2351.57,2351.57,21595.4,16633.2,223.684,0.516935,0.840686,0.505191,0,1,261,260,16633.2,1,1,0
558,0.475934,9.57106,0.186807,6176.51,14128.1,6048.14,1.00431,7.48727,11.0589,0.684459,32.7903,1.355e+06,8032.42,0.700118,0.768194,0.694695,19.6595,12.744,0.0843679,0.126113,0.421071,4.70584,4.70584,2004.89,2004.89,4174.26,-2731.99,335.673,1,0.889822,0.654258,13,1,171,170,-2731.99,1,1,0,4.49351,4.49351,1819.68,1819.68,5575.01,-1284.95,290.917,1,0.8887,0.644895,13,1,160,159,-1284.95,1,1,0,4.09435,4.09435,1536.22,1536.22,8006.72,1299.28,223.684,0.83238,0.886489,0.625942,13,1,144,129,1299.28,1,1,0,4.23466,4.23466,1485.32,1485.32,6347.38,-295.182,223.684,0.711905,0.886489,0.633951,7,1,138,123,-295.182,1,1,0
559,0.447987,8.62066,0.154296,5192.94,9608.12,6909.76,1.03491,0.652718,7.56025,0.65878,78.1252,1.42332e+06,8909.26,0.747638,0.747463,0.944746,8.82234,7.18923,0.0668631,0.40588,0.300733,5.94757,5.94757,1586.31,1586.31,-21307.3,-28995.3,335.673,0.67661,0.883293,0.696126,7,1,152,151,-28995.3,1,1,0,5.11526,5.11526,1598.5,1598.5,-12369.6,-20341.5,290.917,0.6,0.881996,0.664119,0,0,161,160,-20341.5,1,1,0,3.43127,3.43127,1833.08,1833.08,4256.22,-3740.77,223.684,0.642924,0.879465,0.569838,7,1,218,217,-3740.77,1,1,0,3.62453,3.62453,1735.34,1735.34,2319.54,-5502.25,223.684,0.536506,0.879465,0.583257,0,1,200,199,-5502.25,1,1,0
560,0.325235,19.345,0.213321,5396.31,11167.6,5731.58,1.035,3.31705,7.68988,0.729555,33.0367,2.22403e+06,8221.71,0.723299,0.587095,0.78669,13.08,6.94443,0.063981,2.65026,0.468876,4.48413,4.48413,2104.03,2104.03,-2829.6,-9427.08,335.673,0.33427,0.975054,0.325239,0,0,236,207,-9427.08,1,1,0,4.92489,4.92489,1660.29,1660.29,-8523.63,-14948.3,290.917,0.207422,0.974889,0.325254,0,0,187,162,-14948.3,1,1,0,3.07148,3.07148,2047.81,2047.81,7193.57,529.467,223.684,0.6,0.974527,0.325235,0,0,290,257,529.467,1,1,0,3.07148,3.07148,2047.81,2047.81,7193.57,618.631,223.684,0.5,0.974527,0.325235,0,0,290,257,618.631,1,1,0
561,0.3731,11.1897,0.15118,5382.96,10469.1,3665.2,0.928035,4.61401,8.39572,0.808736,75.1478,963173,8864.99,0.606655,0.829272,0.853639,8.54354,5.68458,0.064928,0.481472,1.42484,3.5972,4.87115,2622.8,1936.85,10595.3,-4981.06,335.673,1,0.873274,0.575313,6,1,210,193,6217.73,1,0,0,3.47751,4.76345,2351.33,1716.56,11265.6,-4283.95,290.917,0.6,0.872135,0.567168,0,0,192,181,6914.84,1,0,0,2.80282,4.09168,2244.1,1537.22,16502.5,889.851,223.684,0.636302,0.869854,0.508395,6,1,221,180,12088.6,1,0,0,2.93141,4.22724,2145.66,1487.92,15401.6,-292.005,223.684,0.531231,0.869854,0.521137,0,1,204,163,11108.8,1,0,0
562,0.553077,14.0488,0.271352,5636.17,8826.88,5220.55,0.911467,1.84209,12.4614,1.63068,60.6142,1.96293e+06,8018.9,0.600572,0.5421,0.949975,14.0101,7.71269,0.0806322,0.204379,1.25477,3.70148,5.52918,2548.91,1706.35,11970.8,-5535.24,335.673,0.00416025,0.87214,0.612447,0,0,246,241,6268.12,1,0,0,3.88659,5.87012,2103.84,1392.94,8581.33,-8911.81,290.917,0.00144077,0.8713,0.62051,0,0,203,201,2891.56,1,0,0,2.60326,4.45299,2416.13,1412.49,17138.1,-410.787,223.684,0.570511,0.869571,0.574649,0,0,302,278,11392.6,1,0,0,2.60326,4.45299,2416.13,1412.49,17138.1,-500.089,223.684,0.5,0.869571,0.574649,0,0,302,278,11397.3,1,0,0
563,0.491277,9.08842,0.0553338,5353.7,14610.2,6279.69,1.02507,2.2481,14.4013,1.07256,75.937,1.60092e+06,7412.64,0.60312,0.63303,0.920717,17.6004,5.39436,0.0780408,0.556641,1.07371,49.9933,93.4985,188.72,100.908,-247566,-251987,335.673,3.21097e-05,0.876704,0.85839,0,0,24,23,-249315,1,0,0,526.568,inf,15.5284,-35.1127,-412769,-407805,290.917,2.4815e-05,0.875446,0.874582,0,0,2,1,-405133,1,0,0,4.56817,6.79574,1376.88,925.552,-8110.75,-17307.3,223.684,0.000443641,0.872982,0.633583,0,0,240,239,-14635.3,1,0,0,4.56817,4.56817,1376.88,1376.88,-8110.75,-14635.3,223.684,0.000443641,0.872982,0.633583,0,0,240,239,-14635.3,1,1,0
564,0.494745,13.0839,0.292005,6750.45,11067.2,7196.82,1.03064,1.77476,8.50377,1.15541,58.2477,2.0711e+06,8606.98,0.667786,0.795547,0.719383,14.8536,5.67902,0.0703451,1.24519,0.990537,7.92667,7.92667,1190.25,1190.25,-18456.1,-26362.7,335.673,0.899298,0.958221,0.621161,6,1,132,104,-26362.7,1,1,0,7.29382,7.29382,1121.05,1121.05,-14349,-22290.1,290.917,0.6,0.957845,0.596329,0,0,127,104,-22290.1,1,1,0,4.94523,4.94523,1271.9,1271.9,3102.85,-5007.82,223.684,0.65204,0.957073,0.51639,6,1,169,132,-5007.82,1,1,0,5.28803,5.28803,1189.44,1189.44,210.905,-7725.05,223.684,0.539822,0.957073,0.525152,0,1,156,119,-7725.05,1,1,0
565,0.501061,19.1613,0.243657,6015.29,12832.3,3282.98,1.01134,2.76148,6.95488,1.39757,71.0504,1.18864e+06,8601.83,0.693507,0.74556,0.866479,5.69925,3.54297,0.0816158,1.48929,0.778356,7.72271,7.72271,1221.68,1221.68,-19115.3,-23018.4,335.673,0.335091,0.954366,0.618195,0,0,148,125,-23018.4,1,1,0,12.2019,12.2019,670.122,670.122,-50047.9,-53449.8,290.917,3.65803e-05,0.954078,0.76456,0,0,81,62,-53449.8,1,1,0,4.43627,4.43627,1417.82,1417.82,4220.55,-44.2585,223.684,0.633244,0.95345,0.513316,4,1,218,185,-44.2585,1,1,0,4.62027,4.62027,1361.35,1361.35,2968.87,-1175.26,223.684,0.529803,0.95345,0.516513,0,1,205,172,-1175.26,1,1,0
566,0.528871,14.029,0.25822,6214.14,12026.9,3137.49,0.949152,7.18805,9.20637,1.9402,66.0645,1.19424e+06,8655.11,0.672221,0.740028,0.823506,13.9278,5.48779,0.0821397,0.707751,1.77314,4.02313,5.15097,2345.12,1831.64,19542.1,3727.16,335.673,0.951298,0.893099,0.637085,5,1,182,158,15567,1,0,0,3.85099,4.98286,2123.29,1640.97,20109.1,4297.5,290.917,0.768082,0.892338,0.629281,5,1,169,150,16137.3,1,0,0,3.52434,4.731,1784.68,1329.49,20014.6,4361.12,223.684,0.638743,0.890767,0.614167,5,1,162,116,16201,1,0,0,3.75647,5.02742,1674.39,1251.1,17535.8,1882.81,223.684,0.532655,0.890767,0.626614,0,1,149,103,13794.6,1,0,0
567,0.317433,19.6536,0.144872,5735.82,11512,4564.72,1.06215,3.4527,8.5184,1.6347,56.2556,1.23873e+06,7936.37,0.70157,0.77451,0.741053,14.9152,11.5523,0.0506555,2.41715,1.86491,6.88041,10.368,1371.24,909.987,-20912.8,-34682.6,335.673,0.322103,0.98067,0.318914,0,0,170,134,-26474.3,1,0,0,8.32483,12.9757,982.213,630.157,-32795.6,-46278.3,290.917,0.230904,0.980543,0.325563,0,0,123,92,-38070,1,0,0,4.22959,7.1261,1487.1,882.645,544.054,-13287,223.684,0.6,0.980263,0.317437,0,0,235,195,-5078.77,1,0,0,4.22959,7.1261,1487.1,882.645,544.054,-13366.2,223.684,0.515841,0.980263,0.317437,0,0,235,195,-4971.73,1,0,0
568,0.409983,11.106,0.25116,5589.78,12316,3128.06,0.915137,3.34263,14.9002,1.46857,48.1662,774947,9022.14,0.66744,0.758585,0.6643,8.01347,4.19398,0.066953,2.87953,1.52888,8.9076,15.0855,1059.18,625.416,-24679.8,-39554.3,335.673,0.638387,0.984117,0.41182,4,1,146,78,-28875.5,1,0,0,6.45481,10.4871,1266.77,779.694,-9496.62,-24628.7,290.917,0.6,0.983942,0.410037,0,0,167,108,-13949.8,1,0,0,5.20315,9.22458,1208.85,681.853,-1335.64,-16048.5,223.684,0.635248,0.983588,0.409986,4,1,187,116,-5369.66,1,0,0,5.48122,5.48122,1147.52,1147.52,-3105.21,-7032.16,223.684,0.537985,0.983588,0.409989,0,1,178,107,-7032.16,1,1,0
569,0.461858,14.0545,0.0920322,5997.71,14288.4,7402.14,1.02646,3.09265,9.63868,1.61575,30.143,1.00484e+06,8374.93,0.606385,0.849708,0.870427,16.4318,11.6765,0.0622144,0.872508,0.576449,6.16984,6.16984,1529.17,1529.17,-15349.1,-23172,335.673,7.76223e-05,0.890425,0.728117,0,0,184,183,-23172,1,1,0,17.078,17.078,478.789,478.789,-96988.5,-103677,290.917,3.01219e-05,0.889622,0.840516,0,0,56,55,-103677,1,1,0,3.60153,3.60153,1746.43,1746.43,6667.41,-1068.02,223.684,0.0139504,0.887965,0.608785,0,0,259,258,-1068.02,1,1,0,3.60153,3.60153,1746.43,1746.43,6667.41,-1068.02,223.684,0.0139504,0.887965,0.608785,0,0,259,258,-1068.02,1,1,0
570,0.401537,18.3144,0.228584,5622.27,12895.2,4621.52,0.924082,7.71293,11.7928,1.57894,42.5453,2.24188e+06,8924.78,0.633925,0.727507,0.922949,14.4034,12.1971,0.0914561,2.79326,1.82773,4.39194,6.08882,2148.19,1549.52,615.594,-13494,335.673,0.723865,0.982114,0.401537,12,1,226,161,-5238.06,1,0,0,4.25013,5.94021,1923.88,1376.51,802.048,-13259.9,290.917,0.6,0.981988,0.401537,0,0,204,148,-5004,1,0,0,3.2713,5.02154,1922.73,1252.57,7494.67,-6294.67,223.684,0.708932,0.981716,0.401537,12,1,260,192,1961.25,1,0,0,3.37047,5.12733,1866.15,1226.72,6676,-7132.59,223.684,0.589292,0.981716,0.401537,0,1,247,179,1240.42,1,0,0
571,0.553344,13.379,0.042135,5710.94,11727.4,5168.05,1.03089,0.938395,14.1379,1.53537,77.5883,1.12342e+06,8622.19,0.748894,0.660514,0.979601,5.14321,9.66235,0.0637718,2.45376,1.63827,11.4868,21.0951,821.351,447.247,-57010.9,-71798.6,335.673,0.414097,0.985868,0.554548,0,0,122,84,-62909.4,1,0,0,49.7301,3142.96,164.422,2.60161,-166783,-178902,290.917,3.72978e-05,0.985736,0.910107,0,0,37,4,-170013,1,0,0,5.57826,10.6618,1127.56,589.938,-12617.6,-27690.6,223.684,0.696427,0.985465,0.553344,10,1,191,150,-18801.5,1,0,0,5.84961,11.178,1075.25,562.696,-14705.4,-29712.2,223.684,0.591031,0.985465,0.553344,0,1,181,140,-20756.2,1,0,0
572,0.444772,11.3538,0.0921156,5907.06,12516.3,3635.44,0.983545,6.975,11.2906,1.24461,43.7731,779876,8232.14,0.65188,0.806436,0.774244,19.2583,1.39889,0.0658648,2.65806,0.248053,7.01747,7.01747,1344.46,1344.46,-23868.2,-28664.2,335.673,0.60925,0.985869,0.444834,1,1,151,92,-28664.2,1,1,0,5.54599,5.54599,1474.35,1474.35,-10151.9,-15194.2,290.917,0.6,0.985716,0.444774,0,0,165,114,-15194.2,1,1,0,4.48173,4.48173,1403.43,1403.43,-388.417,-5000.25,223.684,0.606623,0.985406,0.444772,1,1,188,126,-5000.25,1,1,0,4.66502,4.66502,1348.29,1348.29,-2022.21,-6527.74,223.684,0.508983,0.985406,0.444772,0,1,179,117,-6527.74,1,1,0
573,0.530588,18.2657,0.13372,6002.31,12244.8,4745.63,1.04362,2.61729,7.49378,1.35027,67.5926,1.16781e+06,8759.25,0.648715,0.603696,0.789726,11.6837,8.29344,0.0768894,0.179096,0.683355,4.91105,4.91105,1921.12,1921.12,-2095.4,-7306.02,335.673,0.00184465,0.872935,0.661881,0,0,216,215,-7306.02,1,1,0,5.99754,5.99754,1363.35,1363.35,-13399.3,-18538.2,290.917,6.14983e-05,0.872264,0.698145,0,0,153,152,-18538.2,1,1,0,3.60496,3.60496,1744.77,1744.77,8291.91,3016.19,223.684,0.896579,0.870816,0.608347,8,1,226,225,3016.19,1,1,0,3.62743,3.62743,1733.96,1733.96,8095.98,2848.94,223.684,0.871781,0.870816,0.609399,6,1,224,223,2848.94,1,1,0
574,0.555605,12.6787,0.0966959,6862.6,11031.8,7423.47,0.910438,7.65209,11.0741,1.19224,55.4249,1.36259e+06,8549.95,0.622919,0.803837,0.707052,8.48568,11.8309,0.07737,2.50213,0.655212,7.68524,7.68524,1227.64,1227.64,-24521.5,-33040.4,335.673,0.755223,0.988467,0.555613,12,1,148,67,-33040.4,1,1,0,5.10121,5.10121,1602.91,1602.91,-903.631,-9649.73,290.917,0.747827,0.988354,0.555605,12,1,180,110,-9649.73,1,1,0,4.63559,4.63559,1356.85,1356.85,1895.22,-6434.33,223.684,0.741421,0.988121,0.555605,12,1,186,103,-6434.33,1,1,0,4.88121,4.88121,1288.58,1288.58,-367.705,-8584.93,223.684,0.627625,0.988121,0.555605,3,1,177,94,-8584.93,1,1,0
575,0.451437,14.3687,0.116105,5494.64,12373.3,4943.44,1.01102,2.52182,9.01876,1.09244,45.4257,1.57168e+06,8421.42,0.748072,0.611994,0.994616,6.29297,5.75518,0.0905487,1.75778,1.46009,5.62515,8.06929,1677.24,1169.21,-15796.4,-28917.5,335.673,0.356852,0.941806,0.498619,0,0,192,179,-21653.7,1,0,0,7.0793,10.412,1155.02,785.322,-30512.7,-43254.1,290.917,0.187877,0.941337,0.558743,0,0,132,123,-35990.3,1,0,0,3.44634,5.44903,1825.07,1154.3,3691.26,-9506.64,223.684,0.6,0.940361,0.454871,0,0,266,244,-2242.83,1,0,0,3.49803,5.50026,1798.1,1143.55,3256.65,-9987.38,223.684,0.541748,0.940361,0.455253,0,1,259,237,-2573.56,1,0,0
576,0.572866,19.7183,0.246031,5970.39,11105,2544.12,0.928976,0.662995,9.2235,0.906152,79.5547,852849,8697.12,0.634569,0.692152,0.947355,10.6164,4.67669,0.0693964,0.114776,1.0478,9.08282,15.2499,1038.74,618.674,-26318.1,-42214.5,335.673,4.3872e-05,0.894931,0.7845,0,0,130,129,-29154.5,1,0,0,82.0749,inf,99.6255,-6.05928,-219306,-229577,290.917,1.5519e-05,0.894397,0.884926,0,0,12,11,-216517,1,0,0,3.65862,6.86283,1719.17,916.504,10371.2,-5549.36,223.684,0.00792133,0.893225,0.639765,0,0,277,271,7510.72,1,0,0,3.65862,6.86283,1719.17,916.504,10371.2,-5641.22,223.684,0.00792133,0.893225,0.639765,0,0,277,271,7510.72,1,0,0
577,0.476137,10.2378,0.0770028,5361.96,13303.3,3712.64,1.03648,4.16034,14.7932,1.03282,32.3487,1.93564e+06,7571.88,0.697024,0.795677,0.985161,9.61654,5.1779,0.0640582,2.26095,0.533769,8.8615,8.8615,1064.69,1064.69,-45071.6,-49792.7,335.673,0.568686,0.986718,0.476561,0,0,147,101,-49792.7,1,1,0,10.5259,10.5259,776.826,776.826,-57178.3,-61419.8,290.917,0.288675,0.98656,0.478647,0,0,110,70,-61419.8,1,1,0,5.49418,5.49418,1144.81,1144.81,-16700.4,-21325.4,223.684,0.654204,0.986245,0.476138,5,1,188,139,-21325.4,1,1,0,5.68191,5.68191,1106.99,1106.99,-18361.6,-22876,223.684,0.552896,0.986245,0.476139,0,1,180,131,-22876,1,1,0
578,0.555082,11.6168,0.223584,5722.36,14782.4,7392.27,0.923991,1.82292,7.78591,1.14279,59.1039,1.98825e+06,9220.52,0.606307,0.751064,0.823371,9.4693,6.49999,0.0804122,0.725145,0.461589,8.72964,8.72964,1080.77,1080.77,-34395.5,-42047.3,335.673,4.02208e-05,0.902289,0.783411,0,0,135,134,-42047.3,1,1,0,99.1217,99.1217,82.492,82.492,-272383,-272717,290.917,1.25674e-05,0.901458,0.893887,0,0,10,9,-272717,1,1,0,4.04114,4.04114,1556.45,1556.45,1590.99,-6099.54,223.684,7.35129e-05,0.899787,0.648922,0,0,245,232,-6099.54,1,1,0,4.04114,4.04114,1556.45,1556.45,1590.99,-6099.54,223.684,7.35129e-05,0.899787,0.648922,0,0,245,232,-6099.54,1,1,0
579,0.402177,8.37284,0.0221136,6382.64,14719.1,7445.34,0.914717,6.02392,9.68935,1.36907,53.0759,1.06974e+06,8070.16,0.609971,0.534276,0.723423,16.898,1.9122,0.0864141,2.39123,0.91501,6.38033,6.38033,1478.72,1478.72,-19296.7,-27791.4,335.673,0.611347,0.978511,0.402196,2,1,176,129,-27791.4,1,1,0,6.33932,6.33932,1289.85,1289.85,-19230.7,-27577.8,290.917,0.498929,0.978211,0.402196,0,0,154,113,-27577.8,1,1,0,4.026,4.026,1562.3,1562.3,2891.62,-5452.9,223.684,0.612641,0.977623,0.402177,2,1,228,178,-5452.9,1,1,0,4.17615,4.17615,1506.13,1506.13,1533.98,-6705.48,223.684,0.51452,0.977623,0.402177,0,1,216,166,-6705.48,1,1,0
580,0.449645,12.7021,0.229722,5406.81,13745.2,3552.47,1.04262,5.25844,6.59867,1.24981,33.8263,1.94763e+06,7849.39,0.707513,0.678624,0.850615,14.6888,4.08991,0.0996299,1.87797,1.33191,5.28484,6.91327,1785.24,1364.73,-9069.27,-20153.3,335.673,0.451983,0.947602,0.487513,0,0,190,173,-13730.8,1,0,0,5.70092,7.5375,1434.29,1084.81,-14312.8,-25150.5,290.917,0.300886,0.947124,0.503707,0,0,153,140,-18728,1,0,0,3.599,5.05051,1747.66,1245.38,4101.39,-6874.4,223.684,0.6,0.946148,0.454459,0,0,236,210,-451.933,1,0,0,3.61457,5.06538,1740.13,1241.73,3974.72,-7047.29,223.684,0.532957,0.946148,0.454605,0,1,234,208,-483.651,1,0,0
581,0.459423,10.4022,0.237607,6138.24,12212.3,5576.32,0.912706,5.49175,6.78544,0.661923,40.7048,1.29214e+06,8943.59,0.695275,0.824742,0.780232,6.9958,9.41016,0.0809149,1.477,1.01745,5.41602,7.6486,1742,1233.52,-823.795,-16894.6,335.673,0.702058,0.958161,0.500086,9,1,176,107,-7547.55,1,0,0,4.80559,6.82938,1701.51,1197.29,4290.18,-11875.6,290.917,0.6,0.957697,0.482725,0,0,174,115,-2528.59,1,0,0,3.63112,5.71521,1732.2,1100.54,11789,-4084.98,223.684,0.683776,0.956771,0.463948,9,1,229,151,5262.08,1,0,0,3.73937,5.83521,1682.05,1077.91,11048.3,-4847.76,223.684,0.57325,0.956771,0.464994,0,1,218,140,4620.88,1,0,0
582,0.331494,16.1604,0.12051,5842.26,13245.3,2884.54,0.944906,1.54792,11.0348,1.00996,64.7121,1.38467e+06,7862.44,0.702024,0.898706,0.771753,15.6211,7.1423,0.0745367,0.0701505,0.522067,87.1303,87.1303,108.283,108.283,-292742,-288732,335.673,1.96474e-05,0.868027,0.860183,0,0,14,13,-288732,1,1,0,545.039,545.039,15.0021,15.0021,-380229,-370293,290.917,1.75737e-05,0.867169,0.866509,0,0,2,1,-370293,1,1,0,4.72478,4.72478,1331.24,1331.24,-3966.17,-7237.9,223.684,1,0.865355,0.662626,7,1,220,219,-7237.9,1,1,0,4.74209,4.74209,1326.38,1326.38,-4100.17,-7354.35,223.684,1,0.865355,0.663483,6,1,219,218,-7354.35,1,1,0
583,0.419566,10.1759,0.216743,5185.92,9246.34,5387.21,1.06495,5.66904,12.5102,1.06429,35.4164,2.15458e+06,9391.54,0.634646,0.686719,0.678827,15.8522,4.21544,0.0566534,2.66902,1.23997,4.67238,6.5794,2019.25,1433.98,-9039.39,-28202.5,335.673,0.647778,0.983034,0.419566,4,1,141,101,-15842.7,1,0,0,3.42516,4.83932,2387.26,1689.65,8553.39,-10865.5,290.917,0.640755,0.982832,0.419566,4,1,173,138,1494.27,1,0,0,2.96251,4.40097,2123.13,1429.19,11616,-7273.86,223.684,0.644616,0.982429,0.419566,4,1,176,134,5085.88,1,0,0,3.08349,4.56712,2039.83,1377.19,9888.16,-8963.66,223.684,0.535479,0.982429,0.419566,0,1,167,125,3472.8,1,0,0
584,0.575201,16.0978,0.274542,6770.5,11353.1,3129.6,1.06194,2.49065,11.3646,1.56039,70.0513,2.08786e+06,8240.99,0.747733,0.53437,0.675602,12.714,13.1014,0.0993462,0.442693,1.99782,5.71191,5.71191,1651.76,1651.76,-41.3503,-4149.47,335.673,1,0.875733,0.690902,13,1,177,176,-4149.47,1,1,0,5.7517,5.7517,1421.62,1421.62,-1932.03,-5832.01,290.917,0.6,0.875018,0.692592,0,0,156,155,-5832.01,1,1,0,4.18722,4.18722,1502.14,1502.14,9905.24,5882.05,223.684,0.752353,0.873513,0.644821,13,1,181,180,5882.05,1,1,0,4.38456,4.38456,1434.54,1434.54,8051.67,4174.29,223.684,0.631668,0.873513,0.651636,3,1,171,170,4174.29,1,1,0
585,0.48925,11.1617,0.240214,5836.69,9801.13,6593.31,1.07083,7.98939,8.29284,0.999338,61.253,1.31267e+06,7993.25,0.683756,0.646474,0.782579,19.9365,4.84205,0.0842496,2.48908,0.353338,4.81235,4.81235,1960.52,1960.52,3379.6,-4744.87,335.673,0.648353,0.983929,0.48925,5,1,150,112,-4744.87,1,1,0,3.69756,3.69756,2211.39,2211.39,16049,7697.65,290.917,0.6,0.983753,0.48925,0,0,181,148,7697.65,1,1,0,3.15482,3.15482,1993.71,1993.71,18595.6,10795.9,223.684,0.648368,0.983399,0.48925,5,1,191,152,10795.9,1,1,0,3.27255,3.27255,1921.99,1921.99,17538.5,9856.73,223.684,0.537118,0.983399,0.48925,0,1,180,141,9856.73,1,1,0
586,0.353252,12.2626,0.117134,6502.39,8024.46,7197.87,0.96522,5.85414,5.59618,0.511934,35.0429,1.48217e+06,7524.13,0.745432,0.695969,0.974169,9.25219,2.68113,0.0582509,2.06449,1.0568,3.29837,4.7454,2860.42,1988.18,22015.7,1564.78,335.673,0.361631,0.980784,0.353252,0,0,248,193,13863.6,1,0,0,3.2126,4.63554,2545.22,1763.93,22258.3,1862.68,290.917,0.30803,0.98059,0.353252,0,0,219,171,14161.5,1,0,0,2.50661,4.06433,2509.29,1547.56,24631.6,4292.46,223.684,0.6,0.980194,0.353252,0,0,280,222,16591.3,1,0,0,2.50661,4.06433,2509.29,1547.56,24631.6,4321.1,223.684,0.5,0.980194,0.353252,0,0,280,222,16619.9,1,0,0
587,0.401657,12.1863,0.145264,5841.57,14767.2,3364.93,1.00561,4.72329,9.70264,0.626505,44.3407,1.17979e+06,7483.61,0.624626,0.529371,0.903058,5.87683,3.59153,0.0729839,0.208718,0.751312,5.3751,5.3751,1755.26,1755.26,-6993.76,-10738.2,335.673,0.0091349,0.828369,0.620798,0,0,210,209,-10738.2,1,1,0,10.6899,10.6899,764.906,764.906,-51098.3,-54415.5,290.917,4.84858e-05,0.827092,0.727468,0,0,91,90,-54415.5,1,1,0,3.12957,3.12957,2009.8,2009.8,10749.1,6539.98,223.684,0.621006,0.824511,0.505834,4,1,295,294,6539.98,1,1,0,3.25464,3.25464,1932.57,1932.57,9888.72,5810.24,223.684,0.517302,0.824511,0.514189,0,1,277,276,5810.24,1,1,0
588,0.357481,16.601,0.233807,6778.2,14046.9,4813.56,1.05467,6.93694,10.0427,1.2455,36.8589,1.52315e+06,7590.28,0.660765,0.845704,0.916196,5.43209,4.8556,0.0780151,1.62665,0.436832,5.46687,5.46687,1725.8,1725.8,2700.22,-3347.31,335.673,0.590326,0.948357,0.480612,0,0,181,161,-3347.31,1,1,0,5.88158,5.88158,1390.23,1390.23,-2508.44,-8269.57,290.917,0.440626,0.947981,0.512507,0,0,146,131,-8269.57,1,1,0,3.85616,3.85616,1631.11,1631.11,12941.9,7029.33,223.684,0.6,0.947181,0.388748,0,0,219,189,7029.33,1,1,0,3.87404,3.87404,1623.58,1623.58,12836.8,7032.2,223.684,0.537699,0.947181,0.389501,0,1,217,187,7032.2,1,1,0
589,0.307447,13.5981,0.0877784,5615.35,11595.9,3010.21,0.927397,4.71449,12.7065,0.782743,69.8801,1.77286e+06,7410.07,0.650353,0.715516,0.732002,9.80822,7.79327,0.0608439,2.88526,1.75098,6.462,9.49639,1460.03,993.506,-23327.8,-36026.9,335.673,0.489247,0.979679,0.308014,0,0,189,131,-27364.2,1,0,0,7.12375,10.6917,1147.82,764.779,-29726,-42175,290.917,0.329289,0.979492,0.309053,0,0,150,100,-33512.3,1,0,0,4.01712,6.54747,1565.75,960.647,-2178.63,-14786.6,223.684,0.618065,0.979105,0.307448,3,0,257,195,-6123.95,1,0,0,4.10883,6.6551,1530.8,945.112,-2976.59,-15606.4,223.684,0.553012,0.979105,0.307449,0,1,248,186,-6816.72,1,0,0
590,0.578238,12.3356,0.241165,5834.23,9779.07,4195.7,1.04488,4.422,11.4029,1.24193,56.648,889002,8054.18,0.713261,0.666446,0.907085,12.4688,1.86217,0.0866241,2.76843,1.91554,6.7614,10.1093,1395.38,933.275,-13823,-31205.1,335.673,0.622634,0.986919,0.578238,2,1,138,96,-19370.3,1,0,0,4.82065,7.18398,1696.19,1138.19,3797.21,-13888.5,290.917,0.614771,0.986788,0.578238,2,0,172,136,-2053.74,1,0,0,4.2234,6.69259,1489.28,939.817,7437.43,-9722.61,223.684,0.612407,0.986521,0.578238,2,1,173,129,2112.15,1,0,0,4.41736,6.99188,1423.88,899.588,5750.78,-11362.2,223.684,0.515455,0.986521,0.578238,0,1,164,120,545.508,1,0,0
591,0.434462,18.2315,0.0984213,6457.33,12850.8,2825.49,0.919497,1.89852,13.7126,1.36131,30.1415,2.12976e+06,8020.91,0.712136,0.658874,0.792212,6.17347,12.1142,0.0825169,0.438895,0.700392,20.3261,20.3261,464.168,464.168,-123963,-125693,335.673,3.77914e-05,0.856502,0.811781,0,0,58,57,-125693,1,1,0,165.354,165.354,49.4499,49.4499,-356670,-348972,290.917,2.32611e-05,0.855725,0.851412,0,0,6,5,-348972,1,1,0,3.59524,3.59524,1749.48,1749.48,5508.71,1912.82,223.684,0.702472,0.85405,0.576465,12,1,273,272,1912.82,1,1,0,3.71778,3.71778,1691.82,1691.82,4428.53,933.78,223.684,0.593957,0.85405,0.584175,0,1,261,260,933.78,1,1,0
592,0.392261,14.8634,0.241797,5710.98,11043.6,3822.73,1.08265,5.4249,12.8298,1.90016,57.1452,1.82831e+06,8260.18,0.672982,0.511323,0.670787,13.487,12.4072,0.0616874,0.51955,0.694581,4.46314,4.46314,2113.92,2113.92,3834.05,-1294.19,335.673,0.733786,0.81786,0.576089,12,1,164,163,-1294.19,1,1,0,3.36517,3.36517,2429.82,2429.82,16635.1,11287.3,290.917,0.713483,0.816745,0.514572,12,1,202,201,11287.3,1,1,0,2.83383,2.83383,2219.54,2219.54,20255.3,15277.7,223.684,0.674627,0.814429,0.480794,12,1,200,199,15277.7,1,1,0,3.05831,3.05831,2056.63,2056.63,17574.6,12748.3,223.684,0.558088,0.814429,0.496282,0,1,181,180,12748.3,1,1,0
593,0.479543,10.566,0.0260401,5748.17,13623.4,7451.12,1.02746,2.99716,8.65878,1.48337,54.1402,895129,7865.85,0.602422,0.70755,0.788185,18.5131,5.13856,0.0994878,0.460902,0.183524,6.78315,6.78315,1390.9,1390.9,-27063.1,-34850.9,335.673,6.7564e-05,0.881708,0.722143,0,0,163,162,-34850.9,1,1,0,12.2626,12.2626,666.804,666.804,-73911.6,-81109.6,290.917,3.59535e-05,0.880626,0.800242,0,0,77,76,-81109.6,1,1,0,3.72346,3.72346,1689.24,1689.24,2441.72,-5319.81,223.684,0.0312791,0.878474,0.598906,0,0,252,251,-5319.81,1,1,0,3.72346,3.72346,1689.24,1689.24,2441.72,-5319.81,223.684,0.0312791,0.878474,0.598906,0,0,252,251,-5319.81,1,1,0
594,0.302194,18.8011,0.0133192,6881.49,14996.6,2723.02,0.998661,0.344661,11.3222,0.546561,62.1538,2.05348e+06,7525.48,0.626281,0.69023,0.695939,16.9529,11.0791,0.0974334,2.26852,1.23551,94.2986,971.219,100.052,9.7143,-262996,-269882,335.673,2.01098e-05,0.977996,0.958993,0,0,26,1,-261298,1,0,0,103.188,inf,79.241,-3.12128,-257301,-263767,290.917,1.97412e-05,0.977846,0.961226,0,0,21,1,-255184,1,0,0,8.67165,16.5432,725.33,380.206,-26235.9,-38272.4,223.684,0.506263,0.977518,0.316003,0,0,180,148,-29688.9,1,0,0,8.67165,16.5432,725.33,380.206,-26235.9,-38377.1,223.684,0.5,0.977518,0.316003,0,0,180,148,-29688.5,1,0,0
595,0.383407,12.1118,0.299303,6091.97,10443.6,6794.84,0.996946,6.52849,12.4729,1.0711,31.7422,1.86552e+06,7542.33,0.60754,0.638354,0.948795,15.087,8.79601,0.0632761,0.482262,0.0530907,3.24386,3.24386,2908.49,2908.49,28551,20550.7,335.673,0.674484,0.845884,0.520053,9,1,221,220,20550.7,1,1,0,2.88169,2.88169,2837.48,2837.48,30400,22240.3,290.917,0.6,0.84467,0.492484,0,0,230,229,22240.3,1,1,0,2.32487,2.32487,2705.45,2705.45,30995,23137.8,223.684,0.670091,0.842218,0.44913,9,1,260,256,23137.8,1,1,0,2.37997,2.37997,2642.82,2642.82,31074.3,23322.5,223.684,0.560875,0.842218,0.453634,0,1,247,243,23322.5,1,1,0
596,0.51091,8.46775,0.260837,6332.43,9710.82,2887.26,0.936272,0.414985,14.5688,1.69019,31.7713,1.21969e+06,7764.29,0.727052,0.763471,0.944103,14.926,11.9908,0.0720906,0.193744,0.992421,6.0441,6.0441,1560.98,1560.98,-3049.24,-6417.94,335.673,0.0920372,0.898607,0.712717,0,0,174,171,-6417.94,1,1,0,7.34724,7.34724,1112.9,1112.9,-14686.7,-17949.7,290.917,0.000486277,0.897457,0.750002,0,0,124,123,-17949.7,1,1,0,4.42948,4.42948,1419.99,1419.99,7780.05,4272.94,223.684,0.715488,0.895216,0.650061,12,1,182,163,4272.94,1,1,0,4.6741,4.6741,1345.67,1345.67,5820.5,2401.84,223.684,0.59992,0.895216,0.662021,0,1,170,151,2401.84,1,1,0
597,0.490131,13.9352,0.264854,6249.89,9871.68,5144.98,0.969183,5.3784,9.22352,0.890844,47.4684,1.53215e+06,8033.18,0.643466,0.664413,0.750614,15.9545,4.60056,0.0947394,1.171,0.305629,4.71968,4.71968,1999.02,1999.02,8982.77,2466.63,335.673,0.640371,0.94994,0.503684,5,1,167,125,2466.63,1,1,0,3.70786,3.70786,2205.25,2205.25,19118.2,12384.6,290.917,0.6,0.949521,0.493065,0,0,196,161,12384.6,1,1,0,3.18222,3.18222,1976.55,1976.55,20362.6,14123.4,223.684,0.647702,0.948655,0.491112,5,1,207,157,14123.4,1,1,0,3.30252,3.30252,1904.55,1904.55,19328.4,13194.2,223.684,0.538835,0.948655,0.491466,0,1,196,146,13194.2,1,1,0
598,0.594542,9.48726,0.285384,6581.48,8653.42,4760.6,1.04542,1.25377,11.4828,1.88746,64.4269,2.0402e+06,7695.98,0.617688,0.728706,0.864173,12.4131,8.93306,0.0703148,2.90067,1.34464,7.50782,13.4984,1256.65,698.952,-14854.9,-34284.5,335.673,0.369327,0.98895,0.594542,0,0,158,114,-20587,1,0,0,7.90498,14.5995,1034.38,560.071,-19189.7,-38432.2,290.917,0.273178,0.98881,0.594543,0,0,130,92,-24734.8,1,0,0,4.42717,9.30907,1420.73,675.665,5413.12,-14117.4,223.684,0.6,0.988532,0.594542,0,0,224,178,-419.97,1,0,0,4.42717,9.30907,1420.73,675.665,5413.12,-14424.2,223.684,0.5,0.988532,0.594542,0,0,224,178,-332.353,1,0,0
599,0.486107,10.8616,0.131495,6642.42,10758.3,7157.77,1.00819,3.46056,8.92664,1.29352,63.3279,2.20219e+06,8130.24,0.653126,0.854017,0.777316,11.027,1.94503,0.097741,0.92478,1.85782,4.6768,6.45257,2017.34,1462.16,1388.72,-15881.2,335.673,0.00263538,0.898931,0.669834,0,0,189,187,-6314.74,1,0,0,4.81467,6.71988,1698.3,1216.8,-1967.63,-19208.8,290.917,0.00100509,0.897992,0.677996,0,0,160,159,-9642.36,1,0,0,3.58064,5.27177,1756.62,1193.11,10082.8,-7207.76,223.684,0.684077,0.896117,0.609865,2,1,196,178,2358.71,1,0,0,3.6019,5.29501,1746.25,1187.87,9857.75,-7494.74,223.684,0.571671,0.896117,0.611281,0,1,194,176,2161.28,1,0,0
600,0.443252,16.9653,0.0860507,6105.71,8121.98,3495.25,1.00586,6.87273,12.3783,0.638672,43.9132,1.17162e+06,9244.44,0.611593,0.645555,0.703979,9.59983,1.12288,0.0600204,2.17271,0.177565,3.72666,3.72666,2531.68,2531.68,14962,10045.3,335.673,0.60189,0.981467,0.443252,1,1,162,115,10045.3,1,1,0,2.78172,2.78172,2939.46,2939.46,30713.9,25522.4,290.917,0.60129,0.981328,0.443252,1,1,196,155,25522.4,1,1,0,2.5186,2.5186,2497.34,2497.34,29852.5,25174.4,223.684,0.600355,0.981031,0.443252,1,1,193,144,25174.4,1,1,0,2.62381,2.62381,2397.21,2397.21,28330.2,23758.9,223.684,0.503187,0.981031,0.443252,0,1,183,134,23758.9,1,1,0
601,0.52843,9.56902,0.0390075,5622.69,8800.77,3398.41,0.939049,0.755356,14.1199,0.862506,40.8034,1.72584e+06,7923.21,0.746829,0.65917,0.877293,6.49428,12.3711,0.0862011,0.431883,1.55548,5.25895,8.0613,1794.03,1170.37,-18192.9,-35957.9,335.673,0.744366,0.888347,0.674323,12,1,177,176,-22482.4,1,0,0,4.79606,7.52627,1704.89,1086.43,-12856,-30705.5,290.917,0.6,0.887248,0.657124,0,0,175,174,-17230,1,0,0,3.5272,5.84342,1783.23,1076.39,1147.58,-16609.8,223.684,0.730659,0.885086,0.600751,12,1,208,189,-3134.26,1,0,0,3.66585,6.03321,1715.78,1042.53,-522.48,-18242.8,223.684,0.60846,0.885086,0.60763,1,1,197,178,-4690.83,1,0,0
602,0.570998,17.6833,0.150363,5134.19,9901.87,6243.57,1.03807,5.33721,14.1923,1.85945,64.1563,2.04037e+06,7736.8,0.647251,0.846362,0.916037,13.4324,4.82912,0.0799753,1.86344,1.66114,6.56847,9.39318,1436.36,1004.42,-32833.7,-46873.9,335.673,1,0.965321,0.606912,5,1,136,93,-39776.5,1,0,0,5.35092,7.72605,1528.1,1058.34,-19456.1,-33687.3,290.917,0.653018,0.965083,0.583895,5,1,150,113,-26589.9,1,0,0,4.80323,7.44212,1309.5,845.164,-13879.5,-27943.2,223.684,0.653856,0.96457,0.578162,5,1,152,101,-20845.8,1,0,0,5.09026,5.09026,1235.66,1235.66,-17027.6,-23850.1,223.684,0.540782,0.96457,0.581281,0,1,142,91,-23850.1,1,1,0
603,0.516209,19.2429,0.0660145,6197.65,9119.04,6128.6,0.978407,4.90095,6.57088,1.98719,31.3556,2.23225e+06,8729.55,0.73996,0.643238,0.921153,12.0878,6.79034,0.0673092,1.7435,0.352413,3.26384,3.26384,2890.68,2890.68,15342.7,7895.19,335.673,0.665787,0.949429,0.516992,7,1,232,191,7895.19,1,1,0,3.08564,3.08564,2649.94,2649.94,16424.3,8934.25,290.917,0.6,0.949116,0.516704,0,0,219,184,8934.25,1,1,0,2.52227,2.52227,2493.71,2493.71,19158.6,12016.8,223.684,0.654548,0.948432,0.516283,7,1,260,211,12016.8,1,1,0,2.57907,2.57907,2438.79,2438.79,18750.2,11703.5,223.684,0.549112,0.948432,0.516303,0,1,248,199,11703.5,1,1,0
604,0.588963,15.2784,0.280665,6577.06,13125.1,5995.91,0.936551,6.94024,7.04097,1.79452,57.8392,856078,8381.76,0.702409,0.675745,0.702227,6.78354,4.01313,0.0858896,2.71252,1.84528,6.09458,8.6472,1548.05,1091.07,1426.83,-13752.4,335.673,0.635758,0.987064,0.588963,4,1,183,123,-5779.78,1,0,0,5.58739,7.97449,1463.43,1025.36,4714.75,-10531.6,290.917,0.6,0.986957,0.588963,0,0,174,122,-2559.03,1,0,0,4.18605,6.43338,1502.56,977.683,12519.2,-2424.6,223.684,0.633765,0.986732,0.588963,4,1,218,155,5548.01,1,0,0,4.34888,6.65355,1446.3,945.331,11507,-3425.59,223.684,0.529831,0.986732,0.588963,0,1,207,144,4635.43,1,0,0
605,0.534602,16.5243,0.00120095,5903.09,8739.23,2630.64,1.08876,1.38188,12.5493,0.981015,51.2049,1.50543e+06,7494.51,0.684916,0.820325,0.829402,9.02405,12.3985,0.0512105,2.14967,1.24184,8.60271,15.5612,1096.71,606.299,-44959.8,-63212,335.673,0.757057,0.987757,0.534743,12,1,142,101,-49016,1,0,0,8.65831,16.1834,944.382,505.255,-45118.8,-63187.7,290.917,0.6,0.987662,0.534759,0,0,124,89,-48991.7,1,0,0,5.42336,10.7587,1159.76,584.623,-15247.5,-33152,223.684,0.745975,0.98746,0.534602,12,1,175,132,-18956,1,0,0,5.68557,11.288,1106.28,557.211,-17650.3,-35486.4,223.684,0.630651,0.98746,0.534602,3,1,166,123,-21218.6,1,0,0
606,0.56004,16.563,0.042959,5389.28,14062,3799.8,1.00136,6.3983,11.3101,1.65323,41.9543,2.0605e+06,8975.61,0.671325,0.736747,0.658365,16.808,5.99894,0.0615435,0.362354,1.06987,4.03944,4.03944,2335.65,2335.65,-6096.01,-10533.4,335.673,0.700754,0.898237,0.651032,2,0,217,216,-10533.4,1,1,0,4.15269,4.15269,1969.03,1969.03,-8821.32,-13133.6,290.917,0.206283,0.897617,0.657039,0,0,184,183,-13133.6,1,1,0,3.74957,3.74957,1677.47,1677.47,-5315.32,-9609,223.684,1,0.896303,0.64019,6,1,170,151,-9609,1,1,0,3.7656,3.7656,1670.33,1670.33,-5543.99,-9815.84,223.684,1,0.896303,0.640947,5,1,169,150,-9815.84,1,1,0
607,0.334231,19.9137,0.0739428,5611.06,9547.8,6699.48,1.00561,3.60097,14.0511,0.833341,56.0149,754737,8830.69,0.703107,0.873554,0.681559,8.83406,3.32854,0.0630648,1.2144,1.34283,6.57699,9.85922,1434.5,956.943,-28793.3,-47016.5,335.673,0.628257,0.94714,0.570945,3,1,124,87,-36394.2,1,0,0,4.15602,6.27684,1967.45,1302.69,1016.78,-17740.7,290.917,0.6,0.946814,0.391364,0,0,183,152,-7118.44,1,0,0,3.57787,5.83686,1757.98,1077.6,6364.82,-12086.1,223.684,0.620663,0.946096,0.36325,3,1,192,145,-1463.81,1,0,0,3.78274,6.1269,1662.77,1026.59,4144.89,-14228.1,223.684,0.517956,0.946096,0.372846,0,1,178,131,-3496.19,1,0,0
608,0.519724,12.0985,0.059687,6009.96,8760.13,5504.29,1.09627,3.42915,8.13801,1.07678,40.8584,1.40585e+06,9354.6,0.702941,0.688265,0.678368,11.3858,8.90391,0.0558735,0.0016691,0.576218,4.01103,4.01103,2352.19,2352.19,5220.74,-1597.85,335.673,0.725502,0.886621,0.624818,9,1,152,151,-1597.85,1,1,0,3.14284,3.14284,2601.71,2601.71,19104.2,12052.4,290.917,0.701045,0.88571,0.580428,9,1,183,182,12052.4,1,1,0,2.78089,2.78089,2261.8,2261.8,22230.9,15537,223.684,0.712026,0.88387,0.56388,9,1,172,162,15537,1,1,0,2.87171,2.87171,2190.26,2190.26,20879.4,14304.9,223.684,0.603143,0.88387,0.568474,1,1,164,154,14304.9,1,1,0
609,0.432027,9.95428,0.0677335,6597.22,8070.75,5510.97,0.973281,2.89427,13.4802,1.54575,58.2161,1.6263e+06,9276.61,0.601578,0.691611,0.670017,7.41961,3.67102,0.0516981,0.722991,0.0508217,3.71738,3.71738,2538,2538,18253.8,11938.7,335.673,1,0.86967,0.574555,4,1,161,149,11938.7,1,1,0,3.1566,3.1566,2590.37,2590.37,26411.7,19932.9,290.917,0.64197,0.868418,0.536849,4,1,175,167,19932.9,1,1,0,2.74695,2.74695,2289.74,2289.74,29070.5,22625.9,223.684,0.632799,0.865944,0.509879,4,1,173,140,22625.9,1,1,0,2.85358,2.85358,2204.18,2204.18,27446.7,21125.5,223.684,0.538505,0.865944,0.517833,0,1,164,131,21125.5,1,1,0
610,0.465931,14.23,0.196814,5401.94,13006.4,3979.58,1.0886,3.08459,11.8378,1.95335,37.4487,1.53974e+06,8568.5,0.736168,0.517171,0.766819,7.5477,4.38897,0.0676474,2.91398,0.884102,5.75515,5.75515,1639.35,1639.35,-12776.9,-18062.7,335.673,0.641337,0.978436,0.465933,4,1,190,168,-18062.7,1,1,0,6.1985,6.1985,1319.15,1319.15,-17343.8,-22331.5,290.917,0.434863,0.978247,0.465939,0,0,155,136,-22331.5,1,1,0,3.91387,3.91387,1607.05,1607.05,1774.19,-3236.81,223.684,0.638619,0.977855,0.465931,4,1,217,192,-3236.81,1,1,0,4.06009,4.06009,1549.18,1549.18,489.297,-4405.69,223.684,0.536615,0.977855,0.465931,0,1,207,182,-4405.69,1,1,0
611,0.496231,14.399,0.0982536,6193.6,9796.32,3800.87,1.03899,4.15968,6.95456,1.1588,50.2846,1.84916e+06,8772.04,0.655195,0.578921,0.775188,16.3452,9.74634,0.0609137,1.36722,1.48669,3.87211,5.36836,2436.58,1757.47,8704.31,-11319.9,335.673,0.69725,0.943832,0.499329,10,1,195,172,3373.9,1,0,0,3.35179,4.74612,2439.52,1722.83,14783.7,-5353.2,290.917,0.6,0.943382,0.497302,0,0,207,188,9340.57,1,0,0,2.7517,4.15368,2285.79,1514.27,18954.8,-677.045,223.684,0.689399,0.942448,0.496435,10,1,229,199,14016.7,1,0,0,2.83006,4.23673,2222.5,1484.59,18191.8,-1447.75,223.684,0.583457,0.942448,0.496499,0,1,218,188,13364.3,1,0,0
612,0.590945,10.1349,0.184507,6447.46,11566.5,7232.77,1.02662,0.854399,6.26494,1.24375,55.5213,848283,8219.01,0.652991,0.716,0.894255,6.00011,13.4699,0.0566433,2.60273,1.8373,13.5189,26.0991,697.888,361.495,-47604.8,-63165.5,335.673,0.211448,0.988527,0.592558,0,0,112,68,-55284.6,1,0,0,54.6287,inf,149.679,-13.5238,-131481,-145318,290.917,1.72307e-05,0.988389,0.921557,0,0,40,2,-137437,1,0,0,5.39233,10.7426,1166.44,585.499,-614.575,-16733.1,223.684,0.710332,0.988116,0.590945,11,0,217,171,-8852.23,1,0,0,5.55881,10.9903,1131.5,572.306,-1615.63,-17747.8,223.684,0.615769,0.988116,0.590945,2,1,208,162,-9739.2,1,0,0
613,0.595373,15.3573,0.267077,6775.84,8781.31,6138.78,0.946884,3.40053,12.0272,0.830253,31.5851,1.92813e+06,9176.93,0.660989,0.574844,0.765458,9.27539,10.8125,0.0578655,0.0711871,0.860208,3.39917,3.39917,2775.6,2775.6,34250.6,27093,335.673,1,0.888111,0.630214,11,1,198,177,27093,1,1,0,3.02337,3.02337,2704.51,2704.51,36704.1,29551.6,290.917,0.739678,0.887424,0.619526,11,1,203,186,29551.6,1,1,0,2.74108,2.74108,2294.65,2294.65,34598.6,27593.3,223.684,0.733925,0.885988,0.612978,11,1,194,151,27593.3,1,1,0,2.82565,2.82565,2225.97,2225.97,33694.2,26778.4,223.684,0.625606,0.885988,0.615141,3,1,186,143,26778.4,1,1,0
614,0.386468,8.1695,0.180767,5302.99,14897.1,3134.33,0.910351,5.21585,6.58462,1.10483,60.5359,1.17476e+06,8505.62,0.702792,0.681433,0.699139,19.7127,2.61385,0.0913133,2.64017,0.527295,8.1124,8.1124,1163,1163,-28237.1,-32327.7,335.673,0.483022,0.982661,0.387068,0,0,161,100,-32327.7,1,1,0,8.53452,8.53452,958.08,958.08,-31359.2,-35228.6,290.917,0.339046,0.982412,0.387575,0,0,133,80,-35228.6,1,1,0,4.72228,4.72228,1331.94,1331.94,-3840.95,-7873.55,223.684,0.6,0.981924,0.386469,0,0,228,163,-7873.55,1,1,0,4.8349,4.8349,1300.92,1300.92,-4646.07,-8577.1,223.684,0.515223,0.981924,0.386469,0,1,220,155,-8577.1,1,1,0
615,0.520126,19.132,0.20836,6758.48,8877.69,7188.53,0.987557,3.98554,12.9433,0.594528,67.5158,1.98634e+06,8051.1,0.656403,0.613327,0.981406,12.1384,5.06324,0.0547451,2.66819,0.262591,5.07102,5.07102,1860.52,1860.52,3108.4,-5456.87,335.673,0.648768,0.983009,0.520126,5,1,184,139,-5456.87,1,1,0,4.23764,4.23764,1929.55,1929.55,10935.3,2184.44,290.917,0.6,0.982895,0.520126,0,0,197,158,2184.44,1,1,0,3.42217,3.42217,1837.96,1837.96,15540.8,7258.71,223.684,0.640321,0.982646,0.520126,5,1,223,176,7258.71,1,1,0,3.57375,3.57375,1760,1760,14143.7,5978.71,223.684,0.53608,0.982646,0.520126,0,1,210,163,5978.71,1,1,0
616,0.524995,11.1749,0.109651,6174.4,10883.5,5411.85,0.902034,1.32664,10.571,1.78788,77.8037,1.37923e+06,7418.98,0.656075,0.508325,0.956417,14.0932,11.3527,0.0862428,1.9603,1.87099,9.04604,13.9477,1042.97,676.437,-38621.1,-52686.2,335.673,0.13455,0.942491,0.622014,0,0,132,105,-44259.1,1,0,0,22.5334,42.7499,362.872,191.27,-119917,-132602,290.917,2.93421e-05,0.94192,0.838433,0,0,47,25,-124175,1,0,0,3.95013,6.72526,1592.3,935.252,3538.88,-11219,223.684,0.678838,0.940774,0.526922,11,1,262,225,-2791.92,1,0,0,4.11816,6.93396,1527.33,907.103,2255.78,-12488.4,223.684,0.565766,0.940774,0.527606,0,1,246,209,-3958.6,1,0,0
617,0.403948,8.47472,0.0479215,6471.42,13961.5,4166.81,0.914201,2.90441,9.76867,0.535002,40.1563,814378,8572.9,0.60952,0.690044,0.693479,14.6118,4.57692,0.0526977,0.348753,0.46189,5.36216,5.36216,1759.5,1759.5,-6188.79,-10748.2,335.673,0.000101151,0.866217,0.653764,0,0,196,195,-10748.2,1,1,0,6.18079,6.18079,1322.93,1322.93,-14938.5,-19433.3,290.917,7.91144e-05,0.864734,0.685285,0,0,148,147,-19433.3,1,1,0,3.92088,3.92088,1604.18,1604.18,7118.51,2543.64,223.684,1,0.861846,0.581154,5,1,203,202,2543.64,1,1,0,3.93495,3.93495,1598.45,1598.45,6984.89,2423.9,223.684,0.992083,0.861846,0.582079,4,1,202,201,2423.9,1,1,0
618,0.337161,9.29899,0.0961752,5189.87,9714.21,4485.7,1.01907,3.54369,7.75529,1.52529,40.4348,2.19587e+06,8450.87,0.662496,0.758508,0.776973,7.94208,10.6209,0.0520316,2.62805,1.82214,4.90144,7.46684,1924.89,1263.55,-15963,-31744,335.673,0.62964,0.98269,0.337164,3,0,196,148,-21675.4,1,0,0,4.79241,7.33301,1706.19,1115.06,-15968.5,-31584.3,290.917,0.505992,0.982467,0.337164,0,0,172,130,-21515.7,1,0,0,3.35423,5.793,1875.18,1085.76,-82.9976,-15612.1,223.684,0.6,0.982025,0.337161,0,0,243,192,-5543.45,1,0,0,3.35423,5.793,1875.18,1085.76,-82.9976,-15751.2,223.684,0.578787,0.982025,0.337161,0,0,243,192,-5444.08,1,0,0
619,0.312284,10.883,0.289285,6003.05,9868.8,6127.02,1.04489,5.351,14.8385,0.909833,45.2415,1.92082e+06,9023.75,0.622422,0.635293,0.70883,10.5401,7.1333,0.0721122,2.69959,0.367512,3.9555,3.9555,2385.22,2385.22,16624.3,8986.07,335.673,0.675559,0.978081,0.312284,7,1,183,146,8986.07,1,1,0,3.18205,3.18205,2569.65,2569.65,24412.9,16619.2,290.917,0.6,0.977835,0.312284,0,0,210,178,16619.2,1,1,0,2.66597,2.66597,2359.3,2359.3,25448.6,18182.6,223.684,0.659559,0.977342,0.312284,7,1,225,185,18182.6,1,1,0,2.74636,2.74636,2290.23,2290.23,24879.4,17721.6,223.684,0.556125,0.977342,0.312284,0,1,214,174,17721.6,1,1,0
620,0.533203,11.2869,0.186543,6212.44,13659.5,4381.36,0.93359,7.20613,12.2217,1.21416,74.5382,1.27172e+06,7774.01,0.728338,0.810611,0.985689,11.0106,12.4973,0.0690927,0.60314,0.0362655,5.07144,5.07144,1860.36,1860.36,383.474,-4792.19,335.673,1,0.903807,0.691995,11,0,176,153,-4792.19,1,1,0,5.21936,5.21936,1566.62,1566.62,-2212.39,-7218.54,290.917,0.6,0.902953,0.699219,0,0,148,131,-7218.54,1,1,0,4.23004,4.23004,1486.94,1486.94,6138.71,1116.36,223.684,0.716353,0.901241,0.656924,12,1,167,122,1116.36,1,1,0,4.46083,4.46083,1410.01,1410.01,3861.3,-1071.37,223.684,0.59703,0.901241,0.66834,0,1,155,110,-1071.37,1,1,0
621,0.44691,8.39372,0.0832533,5644.76,9913.38,5393.72,1.0465,4.403,12.7806,0.922338,50.3429,1.15504e+06,9030.8,0.650177,0.558422,0.774592,8.46025,5.66894,0.0772874,2.82049,0.448441,5.32446,5.32446,1771.96,1771.96,-15884.8,-22643.7,335.673,0.668285,0.98094,0.44691,6,1,141,107,-22643.7,1,1,0,3.83302,3.83302,2133.24,2133.24,4435.5,-2589.81,290.917,0.661094,0.980674,0.44691,6,1,180,151,-2589.81,1,1,0,3.25109,3.25109,1934.68,1934.68,10117.8,3598.41,223.684,0.660058,0.980152,0.44691,6,1,185,149,3598.41,1,1,0,3.38309,3.38309,1859.19,1859.19,8472.75,2075.73,223.684,0.554694,0.980152,0.44691,0,1,175,139,2075.73,1,1,0
622,0.595662,11.3523,0.135275,5869.13,8020.1,6052.5,1.08995,5.41095,12.6871,1.10011,45.0897,1.63345e+06,7430.57,0.74413,0.536517,0.684341,8.50976,13.1494,0.0851322,2.64312,0.985579,4.98626,4.98626,1892.14,1892.14,-8248.16,-15959,335.673,0.783697,0.984728,0.595662,13,1,141,111,-15959,1,1,0,3.71039,3.71039,2203.75,2203.75,9453.34,1631.1,290.917,0.769549,0.984565,0.595662,13,1,174,148,1631.1,1,1,0,3.24544,3.24544,1938.04,1938.04,12838.2,5556.13,223.684,0.772288,0.984234,0.595662,13,1,173,141,5556.13,1,1,0,3.37533,3.37533,1863.46,1863.46,11110.8,3955.57,223.684,0.64684,0.984234,0.595662,4,1,164,132,3955.57,1,1,0
623,0.439492,10.3153,0.250654,6089.61,10995.4,3476.87,1.04864,0.617517,10.8402,1.32017,67.059,2.23094e+06,8574.63,0.702679,0.873937,0.904395,14.118,6.29665,0.0654905,0.614629,0.69741,6.58319,6.58319,1433.15,1433.15,-15120.3,-19032.3,335.673,8.6897e-05,0.892554,0.738379,0,0,166,165,-19032.3,1,1,0,9.31015,9.31015,878.262,878.262,-39449.2,-43119.1,290.917,5.68545e-05,0.891503,0.790732,0,0,101,100,-43119.1,1,1,0,4.63237,4.63237,1357.8,1357.8,-1141.12,-5090.45,223.684,0.832646,0.889417,0.665642,6,1,178,177,-5090.45,1,1,0,4.65276,4.65276,1351.85,1351.85,-1328.45,-5259.11,223.684,0.823501,0.889417,0.666712,5,1,177,176,-5259.11,1,1,0
624,0.593375,12.5435,0.200533,6086.46,8087.75,7221.21,1.05694,7.63574,14.397,1.46134,31.8995,1.18525e+06,8193.7,0.713423,0.868663,0.899101,6.62713,10.4411,0.0597204,1.18146,1.81544,4.98665,6.95061,1891.99,1357.39,1930.09,-20301.9,335.673,0.769777,0.969164,0.597489,10,1,128,74,-6856.58,1,0,0,3.76907,5.27131,2169.44,1551.18,18615.2,-3759.56,290.917,0.745473,0.968874,0.59381,10,1,152,106,9685.72,1,0,0,3.3814,5.07812,1860.12,1238.61,19223.4,-2653.34,223.684,0.761057,0.968281,0.593548,10,1,157,98,10791.9,1,0,0,3.51839,5.26906,1787.7,1193.73,17549.9,-4285.35,223.684,0.627703,0.968281,0.593632,2,1,149,90,9231.69,1,0,0
625,0.423473,12.622,0.168196,5168.45,14368.5,4280.86,1.04014,2.52167,10.8382,1.91043,57.4407,2.17241e+06,8063.04,0.742163,0.662618,0.734362,6.93718,3.53753,0.0911058,1.01004,1.09017,15.2586,22.4814,618.322,419.668,-91168.4,-100458,335.673,4.66891e-05,0.94396,0.800724,0,0,77,72,-95137,1,0,0,64.9239,182.336,125.944,44.8445,-254238,-258240,290.917,2.01279e-05,0.943447,0.922847,0,0,15,12,-252919,1,0,0,4.98661,7.44328,1261.34,845.032,-11995.1,-22520.2,223.684,0.628069,0.9424,0.464391,4,1,195,180,-17199.3,1,0,0,5.23443,7.78273,1201.62,808.176,-14197.3,-24659.8,223.684,0.530581,0.9424,0.473916,0,1,183,168,-19271.1,1,0,0
626,0.538105,12.0681,0.265549,5883.21,12492.7,4596.87,0.944947,2.83433,10.2005,0.998301,52.5095,1.24558e+06,8266.59,0.63584,0.667973,0.762512,13.5995,7.90026,0.0582653,1.49468,0.235539,7.41518,7.41518,1272.35,1272.35,-16792,-22057.4,335.673,0.984454,0.955695,0.597767,8,1,151,114,-22057.4,1,1,0,7.80586,7.80586,1047.52,1047.52,-20126.1,-25137,290.917,0.376936,0.955273,0.611215,0,0,126,95,-25137,1,1,0,4.89886,4.89886,1283.93,1283.93,813.231,-4569.98,223.684,0.678517,0.954415,0.547186,8,1,182,135,-4569.98,1,1,0,5.16893,5.16893,1216.85,1216.85,-1180.07,-6411.4,223.684,0.563917,0.954415,0.550545,0,1,171,124,-6411.4,1,1,0
627,0.325446,11.9351,0.201732,5477.56,12081.1,5992.57,0.972178,1.78274,7.7371,1.37729,61.2429,1.80615e+06,7847.18,0.685094,0.840414,0.795257,11.7401,5.03176,0.0899226,2.667,1.25066,14.654,27.6154,643.83,341.647,-60886.5,-72583,335.673,0.314342,0.983384,0.487088,0,0,110,55,-67227.4,1,0,0,42.2181,325.445,193.679,25.1248,-124750,-135099,290.917,2.06133e-05,0.983211,0.924246,0,0,49,1,-129744,1,0,0,5.45771,10.352,1152.46,607.592,-8798.23,-21023.6,223.684,0.6,0.98286,0.32552,0,0,224,164,-15668,1,0,0,5.45771,10.352,1152.46,607.592,-8798.23,-21167.2,223.684,0.5,0.98286,0.32552,0,0,224,164,-15603.5,1,0,0
628,0.466639,9.07678,0.192819,6741.05,9411.13,5543.93,1.08985,0.677361,7.81736,1.85258,66.555,1.3226e+06,7766.85,0.606109,0.712208,0.743695,14.179,1.16545,0.0793573,2.62304,0.777894,9.06804,9.06804,1040.44,1040.44,-27866.6,-34698.6,335.673,0.607542,0.985258,0.467114,1,1,133,99,-34698.6,1,1,0,10.463,10.463,781.492,781.492,-37888.1,-44235.3,290.917,0.364744,0.985064,0.468751,0,0,101,72,-44235.3,1,1,0,5.2251,5.2251,1203.77,1203.77,204.901,-6473.48,223.684,0.608201,0.984681,0.466639,1,1,183,147,-6473.48,1,1,0,5.48628,5.48628,1146.46,1146.46,-1769.51,-8311.79,223.684,0.507306,0.984681,0.466639,0,1,172,136,-8311.79,1,1,0
629,0.540618,8.30246,0.0569304,6848.7,12899.6,4700.6,1.03224,6.32037,12.3688,0.935348,46.2494,877578,9010.21,0.615114,0.546846,0.751111,5.40439,6.68456,0.0644685,0.527018,1.35788,3.71723,4.74465,2538.1,1988.49,20371.2,3595.65,335.673,0.224918,0.877497,0.597991,0,0,203,202,14997,1,0,0,3.66677,4.70761,2229.96,1736.92,20130,3365.08,290.917,0.207816,0.876191,0.597354,0,0,179,178,14766.5,1,0,0,3.1492,4.13511,1997.27,1521.07,24758.2,7957.11,223.684,0.676058,0.873658,0.579364,7,1,176,166,19358.5,1,0,0,3.18121,4.17058,1977.17,1508.14,24434.1,7603.64,223.684,0.637586,0.873658,0.580589,4,1,173,163,19069.2,1,0,0
630,0.577411,10.4254,0.0319166,5631.85,12740.8,5748.71,1.0578,1.92392,8.34767,1.79757,61.8209,2.15428e+06,7855.52,0.654988,0.545949,0.930557,15.5737,3.24245,0.065713,1.6534,1.57235,9.99519,14.5909,943.926,646.615,-63613.9,-75173.9,335.673,0.0019926,0.952454,0.66238,0,0,115,104,-69457.4,1,0,0,25.3825,44.1697,322.142,185.121,-168331,-177776,290.917,2.50237e-05,0.951947,0.862841,0,0,38,30,-172059,1,0,0,4.7207,7.32199,1332.39,859.03,-12176.4,-24564.7,223.684,0.628583,0.950938,0.580068,3,1,203,185,-18848.2,1,0,0,4.92721,7.59395,1276.55,828.266,-14333.7,-26665.3,223.684,0.51787,0.950938,0.580985,0,1,191,173,-20866.2,1,0,0
631,0.546775,17.0798,0.289543,5408.11,8423.25,7014.14,1.09374,2.2615,12.2871,1.93633,56.2164,995892,8873.94,0.702375,0.552452,0.913148,17.7483,13.4616,0.0685315,1.6021,1.9711,4.38349,6.60525,2152.33,1428.37,8631.33,-12188,335.673,0.739991,0.946366,0.550182,13,1,174,159,-106.614,1,0,0,3.44106,5.34813,2376.23,1528.9,17599.3,-3306.54,290.917,0.666688,0.946001,0.547313,7,0,208,195,8774.8,1,0,0,3.01076,4.94968,2089.11,1270.75,19253.4,-1095.09,223.684,0.72743,0.945222,0.546947,13,1,204,182,10986.3,1,0,0,3.12728,5.10338,2011.27,1232.48,18282.8,-2033.97,223.684,0.610956,0.945222,0.547023,2,1,193,171,10140.6,1,0,0
632,0.311091,19.8897,0.179658,5487.78,14165.9,6501.42,0.946287,1.45437,14.5271,1.77124,36.6984,2.16704e+06,8822.72,0.724754,0.812306,0.89242,12.8621,11.5117,0.079554,1.35119,1.15329,103.804,1785.79,90.8893,5.28323,-304626,-308629,335.673,2.18356e-05,0.941535,0.931673,0,0,13,1,-303860,1,0,0,117.784,inf,69.4214,-10.4393,-292827,-296547,290.917,2.17907e-05,0.941176,0.932788,0,0,10,1,-291778,1,0,0,4.56111,7.74171,1379.01,812.458,-5496.33,-17742.2,223.684,0.685279,0.940386,0.408529,12,1,243,214,-12972.7,1,0,0,4.80638,8.08224,1308.64,778.226,-7426.26,-19579.4,223.684,0.56574,0.940386,0.427799,0,1,226,197,-14696.5,1,0,0
633,0.411811,19.1423,0.124705,5952.01,12055.9,6621.3,0.964337,7.79908,9.39307,1.35479,74.0863,904960,7466.8,0.638461,0.740759,0.890371,17.6126,10.6138,0.0989813,2.14413,0.733501,5.64868,5.64868,1670.25,1670.25,-8762.82,-16551.9,335.673,0.569925,0.98265,0.411829,0,0,196,140,-16551.9,1,1,0,5.93304,5.93304,1378.17,1378.17,-11781.6,-19385.5,290.917,0.438727,0.982533,0.411848,0,0,162,114,-19385.5,1,1,0,3.99559,3.99559,1574.19,1574.19,4361.99,-3248.09,223.684,0.6,0.982277,0.411811,0,0,240,181,-3248.09,1,1,0,3.99559,3.99559,1574.19,1574.19,4361.99,-3143.31,223.684,0.575499,0.982277,0.411811,0,0,240,181,-3143.31,1,1,0
634,0.31461,14.0506,0.176706,6665.21,13547.3,3792.04,1.02896,6.24828,5.97326,1.58317,67.7295,1.15042e+06,9162.14,0.712362,0.619906,0.832659,10.9949,6.89332,0.0659137,1.93791,0.867201,3.7206,3.7206,2535.81,2535.81,21231.3,16184.1,335.673,0.425925,0.928311,0.33856,0,0,229,216,16184.1,1,1,0,3.78622,3.78622,2159.61,2159.61,19361.2,14439.3,290.917,0.335064,0.927719,0.341755,0,0,195,184,14439.3,1,1,0,2.72696,2.72696,2306.53,2306.53,25260.1,20401.4,223.684,0.6,0.926495,0.31852,0,0,268,245,20401.4,1,1,0,2.72696,2.72696,2306.53,2306.53,25260.1,20479.5,223.684,0.5,0.926495,0.31852,0,0,268,245,20479.5,1,1,0
635,0.332785,14.3819,0.0185436,5992.07,9840.4,4597.02,0.904871,7.4392,11.6655,1.2216,76.0827,2.13139e+06,8978.71,0.633644,0.564829,0.772822,6.18386,4.36836,0.0970934,0.825323,0.805243,2.87982,2.87982,3276.14,3276.14,23638.1,17753.3,335.673,0.622336,0.814253,0.460436,4,1,193,182,17753.3,1,1,0,2.21848,2.21848,3685.75,3685.75,33553.2,27370.5,290.917,0.6,0.813046,0.402879,0,0,250,243,27370.5,1,1,0,1.89984,1.89984,3310.71,3310.71,32811.2,27078.9,223.684,0.61892,0.81055,0.378196,4,1,267,232,27078.9,1,1,0,1.9629,1.9629,3204.34,3204.34,32639,27019.9,223.684,0.516041,0.81055,0.383284,0,1,249,214,27019.9,1,1,0
636,0.502592,11.775,0.246638,5192.77,8854.33,5269.1,1.01424,6.89379,5.09523,1.39588,66.0202,1.73781e+06,8992.13,0.600908,0.549385,0.902191,10.6632,5.21672,0.0602573,1.04451,0.901075,2.91078,2.91078,3241.3,3241.3,23768.4,17044.2,335.673,0.642544,0.943356,0.502767,5,1,211,177,17044.2,1,1,0,2.67164,2.67164,3060.57,3060.57,25415.3,18605.8,290.917,0.6,0.942815,0.502669,0,0,208,179,18605.8,1,1,0,2.15344,2.15344,2920.82,2920.82,25146.7,18752.3,223.684,0.630143,0.941721,0.502599,5,1,261,221,18752.3,1,1,0,2.19769,2.19769,2862.01,2862.01,25319.8,19032.9,223.684,0.531225,0.941721,0.502601,0,1,247,207,19032.9,1,1,0
637,0.513977,17.2873,0.0649937,5164.9,12917.1,2720.95,1.06174,7.25037,12.87,1.96171,42.2403,1.03423e+06,9018.38,0.608162,0.796555,0.690729,11.6955,3.65673,0.0556479,2.6651,0.0601173,8.66613,8.66613,1088.69,1088.69,-51300.9,-55059.5,335.673,0.654877,0.986778,0.514216,4,1,113,67,-55059.5,1,1,0,5.89493,5.89493,1387.08,1387.08,-24395.2,-28560.4,290.917,0.6447,0.98668,0.513979,4,1,139,99,-28560.4,1,1,0,5.32168,5.32168,1181.92,1181.92,-17123.7,-20814.8,223.684,0.648423,0.98647,0.513978,4,1,138,90,-20814.8,1,1,0,5.63244,5.63244,1116.71,1116.71,-20098.6,-23650.3,223.684,0.545288,0.98647,0.513978,0,1,131,83,-23650.3,1,1,0
638,0.532116,17.1771,0.241364,5501.96,13557.2,6348.96,1.02209,3.83227,10.2565,0.876681,51.5263,1.63814e+06,8565.11,0.687834,0.854345,0.699375,17.9831,8.17455,0.0766057,0.977316,0.494656,5.56053,5.56053,1696.73,1696.73,-8468.24,-15304.3,335.673,0.000157343,0.903292,0.721903,0,0,189,188,-15304.3,1,1,0,6.61536,6.61536,1236.03,1236.03,-18766.6,-25522.4,290.917,7.01609e-05,0.902704,0.754249,0,0,138,137,-25522.4,1,1,0,3.9669,3.9669,1585.57,1585.57,3203.3,-3670.67,223.684,1,0.901449,0.653495,8,1,209,207,-3670.67,1,1,0,3.97882,3.97882,1580.82,1580.82,3103.84,-3747.75,223.684,1,0.901449,0.65414,7,1,208,206,-3747.75,1,1,0
639,0.559637,18.1313,0.160314,6608.17,10702.2,4117.32,0.959079,1.36433,9.89732,1.68882,49.3434,1.02059e+06,9386.76,0.674572,0.712431,0.694193,10.0207,11.5466,0.098824,1.33226,1.97552,6.65921,10.3641,1416.79,910.328,-11723.4,-30206.7,335.673,0.745764,0.958243,0.597884,12,1,161,121,-16757.3,1,0,0,6.03497,9.52567,1354.9,858.391,-6534.39,-25104.4,290.917,0.6,0.957968,0.584667,0,0,157,123,-11655,1,0,0,4.49798,7.60851,1398.36,826.68,5665.11,-12784.2,223.684,0.732611,0.957371,0.56461,12,1,189,139,665.214,1,0,0,4.69502,4.69502,1339.68,1339.68,4001.98,-879.809,223.684,0.622679,0.957371,0.566214,3,1,180,130,-879.809,1,1,0
640,0.521829,18.7461,0.0829716,6210.37,8165.85,3912.98,1.04482,2.61504,10.6944,1.25935,31.7911,2.06166e+06,7758.3,0.640564,0.809084,0.906451,9.72651,3.43634,0.0742432,2.91869,1.85603,5.72648,9.55804,1647.56,987.097,-16338.8,-37144.2,335.673,0.63192,0.987081,0.52183,3,1,178,129,-21519.9,1,0,0,4.99494,8.437,1637.01,969.154,-9046.34,-30014.7,290.917,0.6,0.986992,0.521829,0,0,180,138,-14390.5,1,0,0,3.97775,7.46313,1581.25,842.784,393.625,-20169.9,223.684,0.632804,0.986798,0.521829,3,1,206,155,-4545.66,1,0,0,4.13183,7.70817,1522.28,815.993,-1264.24,-21837.5,223.684,0.527997,0.986798,0.521829,0,1,196,145,-6091.39,1,0,0
641,0.540261,13.2122,0.00906298,6105.17,13727.8,3796.46,0.929206,2.33961,10.1641,0.76531,50.5274,824743,7544.67,0.600982,0.613251,0.857039,18.3203,1.05912,0.0899958,2.57184,0.0965779,56.19,56.19,167.907,167.907,-160416,-162702,335.673,2.32828e-05,0.984398,0.922238,0,0,50,1,-162702,1,1,0,56.9859,56.9859,143.487,143.487,-154181,-156325,290.917,2.29129e-05,0.984251,0.924649,0,0,43,1,-156325,1,1,0,5.71998,5.71998,1099.62,1099.62,-9970.16,-14590.4,223.684,0.601169,0.983949,0.540262,1,1,218,165,-14590.4,1,1,0,5.98803,5.98803,1050.4,1050.4,-11757.4,-16269.2,223.684,0.50232,0.983949,0.540262,0,1,207,154,-16269.2,1,1,0
642,0.314689,17.2025,0.24475,5666.58,9442.66,3916.9,1.07895,5.73707,8.23777,1.4653,47.2785,1.54467e+06,8808.33,0.685202,0.734266,0.807556,8.76449,2.63288,0.0736273,2.09689,1.95916,3.43748,4.87542,2744.66,1935.16,17888.1,-665.288,335.673,0.621138,0.979833,0.314689,3,1,227,189,12545.5,1,0,0,3.29835,4.72895,2479.05,1729.09,18285,-258.707,290.917,0.6,0.979683,0.314689,0,0,208,175,12952.1,1,0,0,2.57683,4.14019,2440.91,1519.21,20696.7,2455.27,223.684,0.609712,0.979361,0.314689,2,0,266,225,15666.1,1,0,0,2.63257,4.16845,2389.23,1508.91,20610.2,2212.33,223.684,0.514091,0.979361,0.314689,0,1,253,212,15689.8,1,0,0
643,0.370361,17.6768,0.052938,6763.94,10373.2,4190.07,0.920183,0.205381,7.81509,1.68864,30.1962,845210,7987.87,0.722641,0.675216,0.816681,14.6367,6.99212,0.0925001,0.912068,1.58391,18.9881,35.7881,496.874,263.627,-106141,-122261,335.673,2.28992e-05,0.843526,0.796146,0,0,62,61,-109491,1,0,0,88.931,inf,91.9449,-8.82496,-280119,-289971,290.917,1.46807e-05,0.842648,0.833923,0,0,11,10,-277201,1,0,0,3.06592,5.55106,2051.52,1133.08,14582.8,-3348.91,223.684,0.629221,0.840766,0.517621,7,1,328,327,9421.06,1,0,0,3.21902,5.75466,1953.95,1092.99,13550.4,-4451.63,223.684,0.529026,0.840766,0.530212,0,1,306,305,8525.64,1,0,0
644,0.486569,11.7015,0.0155415,5688.53,12397.6,5524.12,1.0727,1.13634,9.15297,1.35313,72.3562,1.79253e+06,8616.47,0.610282,0.535078,0.939646,9.89951,1.24175,0.090637,1.88625,0.00549425,8.34471,8.34471,1130.62,1130.62,-46965.1,-52714.8,335.673,0.0210303,0.940202,0.596452,0,0,138,137,-52714.8,1,1,0,27.5367,27.5367,296.94,296.94,-175583,-178792,290.917,2.5478e-05,0.939629,0.865603,0,0,35,34,-178792,1,1,0,3.97507,3.97507,1582.31,1582.31,-3900.43,-10430.5,223.684,0.60188,0.938472,0.490711,1,1,240,231,-10430.5,1,1,0,4.13816,4.13816,1519.95,1519.95,-5547.56,-11940.3,223.684,0.501379,0.938472,0.491977,0,1,226,217,-11940.3,1,1,0
645,0.557438,19.1509,0.226763,6594.1,8699.68,5417.83,0.999562,5.46308,13.9491,1.75615,37.1937,2.1537e+06,8183.4,0.710471,0.694947,0.692588,19.2718,6.24248,0.0843096,1.92606,1.82693,6.77084,6.77084,1393.43,1393.43,-19728.2,-26191,335.673,0.678183,0.956864,0.598713,6,1,109,65,-26191,1,1,0,4.62533,4.62533,1767.82,1767.82,6647.07,-213.987,290.917,0.66569,0.956593,0.563001,6,1,138,100,-213.987,1,1,0,4.18247,4.18247,1503.85,1503.85,8078.73,1616.74,223.684,0.678281,0.956003,0.560425,6,1,138,87,1616.74,1,1,0,4.44707,4.44707,1414.37,1414.37,4633.81,-1684.43,223.684,0.567963,0.956003,0.562027,0,1,130,79,-1684.43,1,1,0
646,0.30135,9.1321,0.105013,6703.68,8503.97,3778.56,0.985729,0.987539,6.3537,1.0488,55.0476,1.9966e+06,8067.05,0.695181,0.838715,0.784135,7.84437,2.44505,0.0807705,1.23469,1.92074,5.41775,8.75937,1741.44,1077.1,-7569.25,-29183.7,335.673,0.592059,0.947916,0.437497,0,0,179,144,-12701.2,1,0,0,5.57407,9.13578,1466.93,895.025,-10741.1,-32100.9,290.917,0.470356,0.947267,0.454295,0,0,150,121,-15618.5,1,0,0,3.44759,6.62135,1824.41,949.929,10163.7,-11214.4,223.684,0.6,0.945989,0.321953,0,0,248,203,5268.09,1,0,0,3.44759,6.62135,1824.41,949.929,10163.7,-11513,223.684,0.5,0.945989,0.321953,0,0,248,203,5361.95,1,0,0
647,0.454389,19.9312,0.1168,5962.04,8179.93,3532.12,1.00013,0.386335,8.24765,1.87065,69.2339,1.30759e+06,9186.5,0.671903,0.520713,0.916058,15.8591,2.40096,0.0759071,0.108355,1.25752,3.69684,6.26399,2552.1,1506.18,10413.4,-12953.4,335.673,0.606657,0.834846,0.565725,2,1,245,244,5662.54,1,0,0,3.32931,5.81938,2455.99,1405.09,13683.3,-9873.93,290.917,0.6,0.834077,0.54639,0,0,246,245,8742.01,1,0,0,2.34223,4.57948,2685.39,1373.48,21488.7,-1807.47,223.684,0.605883,0.83239,0.492525,2,1,318,317,16808.5,1,0,0,2.4601,4.70438,2556.73,1337.01,20694.6,-2675.36,223.684,0.504079,0.83239,0.498753,0,1,294,293,16155.3,1,0,0
648,0.503186,17.2411,0.0741203,6700.77,14416.5,6631.79,0.940041,0.873721,6.923,1.47248,60.2241,1.10536e+06,7684.09,0.607251,0.690842,0.880244,13.251,10.2639,0.0978379,1.09959,1.57666,101.059,616.454,93.3588,15.3048,-286222,-291647,335.673,1.04889e-05,0.951798,0.93965,0,0,16,1,-286572,1,0,0,118.387,inf,69.0682,-2.30658,-277753,-282712,290.917,1.03319e-05,0.951465,0.941502,0,0,12,1,-277638,1,0,0,6.13719,10.61,1024.87,592.816,-8303.53,-20388.2,223.684,0.6,0.950753,0.555686,0,0,216,189,-15313.9,1,0,0,6.13719,10.61,1024.87,592.816,-8303.53,-20476.3,223.684,0.5,0.950753,0.555686,0,0,216,189,-15293.7,1,0,0
649,0.308882,9.11925,0.257754,5590.78,10179.7,2963.62,0.991537,5.52539,9.27137,1.70474,38.4676,931541,7777.97,0.738536,0.849305,0.802301,19.6806,13.9935,0.077869,1.5244,0.665063,4.65002,4.65002,2028.96,2028.96,5346.48,537.694,335.673,0.717971,0.949085,0.382934,14,1,179,135,537.694,1,1,0,4.45856,4.45856,1833.95,1833.95,6624.17,1991.09,290.917,0.6,0.94845,0.373321,0,0,162,124,1991.09,1,1,0,3.27945,3.27945,1917.94,1917.94,14481.3,10349.6,223.684,0.6,0.947198,0.322921,0,0,225,172,10349.6,1,1,0,3.27945,3.27945,1917.94,1917.94,14481.3,10451.9,223.684,0.545159,0.947198,0.322921,0,0,225,172,10451.9,1,1,0
650,0.420407,15.8748,0.0891989,6276.8,12624.6,5064.11,1.06994,1.1146,6.33498,0.909478,60.9106,2.06044e+06,8735.68,0.671616,0.816029,0.728519,19.9108,3.52826,0.0668569,2.85043,1.14464,21.7645,47.9397,433.491,196.804,-108483,-122471,335.673,4.20188e-05,0.984744,0.707104,0,0,73,36,-113183,1,0,0,57.0644,25496.7,143.29,0.320699,-185785,-197762,290.917,1.53589e-05,0.984622,0.946481,0,0,33,1,-188474,1,0,0,5.33266,10.3214,1179.49,609.397,-9452.64,-24854.5,223.684,0.631698,0.984363,0.420415,4,1,218,177,-15565.8,1,0,0,5.53919,10.6357,1135.51,591.385,-11108.4,-26521.1,223.684,0.530712,0.984363,0.42042,0,1,207,166,-17100.1,1,0,0
651,0.56869,8.41015,0.0630578,5251.32,14924.6,5102.8,1.06019,1.17043,12.608,1.16919,67.8798,871664,8965.2,0.659941,0.69738,0.981254,16.9055,3.98466,0.0941109,2.18249,1.4631,44.2631,155.326,213.151,60.7414,-157090,-166269,335.673,4.37672e-05,0.988011,0.87791,0,0,47,11,-160809,1,0,0,68.6725,inf,119.069,-3.1692,-178195,-186432,290.917,3.21631e-05,0.987843,0.945164,0,0,32,1,-180971,1,0,0,7.75225,14.0044,811.353,449.131,-25331.7,-36801.9,223.684,0.650259,0.987513,0.568694,4,1,153,114,-31341.3,1,0,0,8.20557,8.20557,766.529,766.529,-28114.4,-33977.5,223.684,0.540249,0.987513,0.5687,0,1,144,105,-33977.5,1,1,0
652,0.501484,17.2422,0.0927749,5945.14,12686.2,5370.68,0.93261,1.8424,6.03467,1.86443,72.7382,1.69324e+06,9064.43,0.729221,0.568538,0.792772,6.55184,4.85344,0.0830017,0.32378,1.12252,5.51926,8.24296,1709.42,1144.58,-12660.4,-27319.5,335.673,0.299956,0.859694,0.667545,0,0,204,203,-18566.8,1,0,0,9.9697,15.8487,820.16,515.925,-54092.7,-68179.6,290.917,0.000109688,0.858925,0.755453,0,0,97,96,-59426.9,1,0,0,3.18884,5.21223,1972.45,1206.74,7829.01,-7194.63,223.684,0.628976,0.857283,0.569062,5,1,290,289,1558.13,1,0,0,3.31312,5.35635,1898.46,1174.27,6790.9,-8231.32,223.684,0.523259,0.857283,0.57539,0,1,273,272,632.041,1,0,0
653,0.371298,17.5907,0.0609449,5483.88,11675.7,6928.25,1.03468,6.00729,11.6526,0.576343,45.9327,1.3009e+06,7862.3,0.726837,0.83941,0.957242,12.0351,11.2064,0.0779087,0.904267,0.60921,4.59454,4.59454,2053.46,2053.46,-8843.73,-16816.8,335.673,0.681818,0.867954,0.650315,11,1,180,179,-16816.8,1,1,0,3.77706,3.77706,2164.85,2164.85,1558.77,-6717.22,290.917,0.6,0.867172,0.600251,0,0,203,202,-6717.22,1,1,0,2.99192,2.99192,2102.27,2102.27,9518.23,1488.5,223.684,0.68505,0.865494,0.536413,11,1,227,226,1488.5,1,1,0,3.10564,3.10564,2025.29,2025.29,8291.58,405.72,223.684,0.57403,0.865494,0.547116,0,1,213,212,405.72,1,1,0
654,0.555834,15.2289,0.0952966,5206.02,11646.4,5619.57,1.07137,1.60282,7.6771,1.10597,31.6961,2.24367e+06,9164.23,0.709089,0.561254,0.922241,17.8177,7.57662,0.0841085,1.56505,1.2984,4.86655,7.34794,1938.68,1284,-14463.1,-29343.5,335.673,0.64984,0.948777,0.561462,5,0,216,207,-21341.7,1,0,0,5.56653,8.57671,1468.91,953.367,-23277.2,-37725.6,290.917,0.341563,0.948389,0.568665,0,0,164,157,-29723.8,1,0,0,3.46466,5.68569,1815.42,1106.25,-1363.8,-15979.8,223.684,0.682883,0.947576,0.556338,8,1,240,222,-7978.01,1,0,0,3.57259,5.81847,1760.57,1081.01,-2558.73,-17170.2,223.684,0.568152,0.947576,0.556491,0,1,229,211,-9062.18,1,0,0
655,0.404409,18.2823,0.0248809,5099.9,10638.4,7368.17,1.06395,0.283003,9.7219,1.67048,60.3974,1.51323e+06,8619.1,0.724404,0.610728,0.951536,14.5772,8.4188,0.0674436,1.35335,1.67684,9.09256,15.6387,1037.63,603.294,-54125.7,-67940.1,335.673,0.259112,0.935094,0.646783,0,0,130,129,-61843.8,1,0,0,57.489,427.016,142.232,19.1486,-261504,-269467,290.917,1.91393e-05,0.934675,0.909841,0,0,17,16,-263371,1,0,0,3.47857,6.69439,1808.16,939.564,-1422.94,-16017.2,223.684,0.648692,0.933768,0.412406,8,0,291,284,-9920.92,1,0,0,3.61169,6.83774,1741.51,919.867,-2650.82,-17291.6,223.684,0.543253,0.933768,0.414495,0,1,274,267,-11016.8,1,0,0
656,0.556003,9.1746,0.047559,5676.97,12198.5,6856.77,0.985126,7.24691,6.99988,1.61572,41.2884,1.57319e+06,9046.44,0.618649,0.54971,0.655923,18.1845,8.10459,0.0710426,0.0153681,1.67202,3.30238,3.30238,2856.94,2856.94,11399.6,3694.96,335.673,0.838706,0.880313,0.593461,6,0,210,199,3694.96,1,1,0,3.23845,3.23845,2524.9,2524.9,11300,3641.11,290.917,0.6,0.879145,0.592245,0,0,186,178,3641.11,1,1,0,2.92775,2.92775,2148.34,2148.34,13527,6005.08,223.684,1,0.876859,0.583548,8,1,174,145,6005.08,1,1,0,2.94834,2.94834,2133.34,2133.34,13228.1,5742.45,223.684,0.885112,0.876859,0.584225,6,1,172,143,5742.45,1,1,0
657,0.389683,11.3111,0.125116,6152.94,14711.5,3573.7,0.909619,7.01055,12.3022,1.77743,69.0448,2.12683e+06,7537.04,0.714137,0.683604,0.817087,16.9905,13.1858,0.0597797,2.8053,0.264342,7.40281,7.40281,1274.48,1274.48,-26284.5,-30911.4,335.673,0.553351,0.98177,0.390072,0,0,174,113,-30911.4,1,1,0,8.11855,8.11855,1007.17,1007.17,-32886.1,-37233.9,290.917,0.368578,0.981573,0.390766,0,0,139,86,-37233.9,1,1,0,4.53309,4.53309,1387.53,1387.53,-3489.4,-7974.06,223.684,0.690684,0.981174,0.389684,11,0,237,172,-7974.06,1,1,0,4.66473,4.66473,1348.37,1348.37,-4594.83,-8976.3,223.684,0.600264,0.981174,0.389684,1,1,227,162,-8976.3,1,1,0
658,0.477096,12.9701,0.26384,5911.52,13516.3,3705.92,1.08623,1.47855,14.4828,1.60909,63.9941,2.20446e+06,8113.79,0.649205,0.751679,0.740802,9.69441,1.45309,0.092751,2.71212,0.890842,64.0584,64.0584,147.283,147.283,-175408,-176984,335.673,3.46451e-05,0.985468,0.948111,0,0,34,2,-176984,1,1,0,65.7349,65.7349,124.39,124.39,-170522,-171891,290.917,3.41139e-05,0.985328,0.950172,0,0,29,1,-171891,1,1,0,7.65993,7.65993,821.132,821.132,-20325.1,-25039.3,223.684,0.602334,0.985041,0.477245,1,1,150,114,-25039.3,1,1,0,8.13804,8.13804,772.89,772.89,-23188,-27749.5,223.684,0.500153,0.985041,0.477394,0,1,141,105,-27749.5,1,1,0
659,0.419082,8.5095,0.0171872,5635.66,10969.6,4223.87,0.979177,2.12274,7.21745,1.92064,68.6593,1.62545e+06,8449.73,0.730124,0.830847,0.745907,7.92598,3.0529,0.0832796,2.77123,0.0774784,9.1951,9.1951,1026.06,1026.06,-47188.1,-52520.4,335.673,0.625433,0.986354,0.420601,3,0,147,88,-52520.4,1,1,0,9.90288,9.90288,825.695,825.695,-52628.7,-57612,290.917,0.429284,0.986163,0.422371,0,0,119,68,-57612,1,1,0,5.30955,5.30955,1184.62,1184.62,-13985.8,-19169.5,223.684,0.62566,0.985789,0.419084,3,1,204,142,-19169.5,1,1,0,5.55826,5.55826,1131.61,1131.61,-16160.8,-21220.3,223.684,0.52188,0.985789,0.419086,0,1,192,130,-21220.3,1,1,0
660,0.382448,13.3786,0.0638024,6874.98,10327.1,4457.57,0.972195,1.50846,14.5315,1.24739,78.3766,1.94427e+06,8553.91,0.655535,0.684535,0.744444,9.83846,5.96747,0.0912131,1.28566,1.26553,7.74119,12.0871,1218.77,780.561,-34443.8,-54037,335.673,0.703777,0.941275,0.591922,6,1,128,105,-39417.9,1,0,0,5.99268,9.44041,1364.46,866.144,-15638.4,-35670.2,290.917,0.6,0.940763,0.494917,0,0,149,130,-21051.2,1,0,0,3.87161,6.55238,1624.6,959.927,5952.62,-14223.8,223.684,0.644926,0.939711,0.400854,6,1,212,177,395.226,1,0,0,4.08993,6.87005,1537.88,915.54,3643.39,-16405.3,223.684,0.537192,0.939711,0.407184,0,1,197,162,-1696.23,1,0,0
661,0.565967,11.1826,0.272504,6782.09,14184.7,5264.98,1.0519,5.75628,8.25274,1.43643,59.2274,1.70215e+06,7598.14,0.608146,0.888288,0.78626,15.4392,7.3444,0.0658695,2.50013,0.484324,13.3149,13.3149,708.583,708.583,-44546.8,-50538.2,335.673,0.686573,0.989972,0.569493,7,1,109,57,-50538.2,1,1,0,12.3392,12.3392,662.663,662.663,-40135.9,-46176.5,290.917,0.6,0.989861,0.567833,0,0,101,56,-46176.5,1,1,0,7.48318,7.48318,840.527,840.527,-12374.2,-18546,223.684,0.693978,0.989638,0.565973,7,1,146,92,-18546,1,1,0,7.9178,7.9178,794.388,794.388,-14940.4,-20970.1,223.684,0.578083,0.989638,0.56598,0,1,138,84,-20970.1,1,1,0
662,0.356278,12.7128,0.267004,5319.07,8950.5,3662.56,0.952794,2.00007,10.5785,1.77156,75.2157,1.3911e+06,8477.32,0.662157,0.738343,0.793747,12.216,2.48118,0.0997719,2.12561,1.86071,5.39523,9.31877,1748.71,1012.44,-5667.06,-23467.5,335.673,0.61105,0.981847,0.356298,2,1,201,144,-10601.3,1,0,0,5.21185,9.12426,1568.88,896.155,-4904.75,-22643.6,290.917,0.57265,0.981669,0.356291,0,0,181,131,-9777.49,1,0,0,3.46306,6.99973,1816.26,898.578,7548.61,-9993.35,223.684,0.611988,0.981305,0.356278,2,1,261,200,2872.76,1,0,0,3.61109,7.18234,1741.81,875.732,6519.71,-11089.7,223.684,0.508419,0.981305,0.356278,0,1,245,184,1956.53,1,0,0
663,0.325443,13.1012,0.203835,5839.4,13947.1,3611.73,1.06695,7.4516,12.0159,1.55254,62.0947,835973,8730.97,0.713517,0.741764,0.871914,5.65772,12.6112,0.0678605,1.53523,1.23651,4.56681,5.80437,2065.93,1625.45,6024.8,-7727.74,335.673,0.705821,0.940524,0.390948,13,1,179,161,681.835,1,0,0,4.28982,5.50924,1906.08,1484.19,8320.09,-5404.25,290.917,0.6,0.939992,0.376924,0,0,170,155,3005.33,1,0,0,3.14,4.29662,2003.13,1463.9,16711.8,3467.31,223.684,0.725581,0.938901,0.335706,13,1,229,202,11876.9,1,0,0,3.21949,4.36774,1953.67,1440.06,16343.2,3086.81,223.684,0.606667,0.938901,0.337461,1,1,217,190,11625.8,1,0,0
664,0.402578,18.5529,0.0721421,6259.57,9785.54,4406.95,0.91521,6.62113,6.99269,0.653085,39.0872,1.82662e+06,8123.19,0.67514,0.570115,0.755128,16.1372,9.81217,0.0676857,0.231397,0.801235,2.74218,2.74218,3440.59,3440.59,29197,23348.7,335.673,0.663938,0.83125,0.487689,10,1,250,249,23348.7,1,1,0,2.48457,2.48457,3291.01,3291.01,30836.2,24888.2,290.917,0.6,0.830386,0.469756,0,0,255,254,24888.2,1,1,0,2.024,2.024,3107.61,3107.61,30880,25386.2,223.684,0.666737,0.828517,0.439759,10,1,297,274,25386.2,1,1,0,2.07481,2.07481,3031.52,3031.52,31040.8,25647.1,223.684,0.555516,0.828517,0.442993,0,1,280,257,25647.1,1,1,0
665,0.515292,11.2441,0.125943,6411.72,13009.4,5860.12,1.04814,4.70721,9.44764,1.05049,69.9654,1.80039e+06,8401.48,0.714545,0.576046,0.745472,5.67045,13.1192,0.0980318,0.503556,1.46293,4.64522,6.10785,2031.06,1544.69,1151.42,-13747.8,335.673,0.736092,0.870383,0.635664,13,1,194,193,-5805.55,1,0,0,4.51348,6.01332,1811.63,1359.77,1511.38,-13349.3,290.917,0.6,0.869319,0.63128,0,0,178,177,-5407.02,1,0,0,3.24643,4.51401,1937.46,1393.4,13438.8,-1383.94,223.684,0.723122,0.86719,0.575075,13,1,224,223,6558.34,1,0,0,3.35411,4.63312,1875.26,1357.58,12425.9,-2352.57,223.684,0.605576,0.86719,0.580231,1,1,212,211,5669.2,1,0,0
666,0.542229,18.7249,0.0633663,5751.79,13643.5,5940.63,1.09316,0.0715058,5.67827,1.32889,64.6849,925053,7985.13,0.605291,0.73065,0.776213,11.1396,13.2304,0.0827532,0.714699,0.414783,719.949,719.949,13.1047,13.1047,-445823,-436578,335.673,9.40488e-06,0.892352,0.891792,0,0,2,1,-436578,1,1,0,666.034,666.034,12.2768,12.2768,-386491,-379404,290.917,9.76079e-06,0.89177,0.891166,0,0,2,1,-379404,1,1,0,5.23678,5.23678,1201.08,1201.08,-6760.74,-12967.5,223.684,4.69843e-05,0.890506,0.69823,0,0,251,250,-12967.5,1,1,0,5.23678,5.23678,1201.08,1201.08,-6760.74,-12967.5,223.684,4.69843e-05,0.890506,0.69823,0,0,251,250,-12967.5,1,1,0
667,0.599623,13.1117,0.0385766,6434.72,11339,7380.58,1.09915,7.06936,11.9705,1.63208,78.897,1.0951e+06,9141,0.626575,0.788352,0.89028,11.9343,7.66293,0.0966721,2.68773,0.182864,5.02102,7.1999,1879.04,1310.4,-5207.44,-22823.5,335.673,0.391724,0.989361,0.599623,0,0,179,136,-13782.7,1,0,0,4.95015,7.13654,1651.82,1145.76,-5052.33,-22576.8,290.917,0.340829,0.98926,0.599623,0,0,156,119,-13535.9,1,0,0,3.68652,5.92032,1706.16,1062.41,7929.8,-9530.05,223.684,0.6,0.989051,0.599623,0,0,210,165,-489.179,1,0,0,3.68652,5.92032,1706.16,1062.41,7929.8,-9502.99,223.684,0.5,0.989051,0.599623,0,0,210,165,-462.118,1,0,0
668,0.388909,11.9337,0.114,5316.37,9345.99,3512.08,1.08476,5.82209,9.16616,1.31535,42.1716,1.84819e+06,8598.41,0.684541,0.581883,0.65006,12.5454,12.0891,0.0811571,1.9961,0.174763,3.32072,3.32072,2841.16,2841.16,10072.2,4834.4,335.673,0.723465,0.933754,0.39314,12,1,186,168,4834.4,1,1,0,2.72716,2.72716,2998.27,2998.27,18369.1,13055.1,290.917,0.6,0.933125,0.389877,0,0,216,201,13055.1,1,1,0,2.3428,2.3428,2684.74,2684.74,20513.3,15790.3,223.684,0.718169,0.93185,0.389187,12,1,222,197,15790.3,1,1,0,2.40574,2.40574,2614.5,2614.5,19880.6,15270.4,223.684,0.601775,0.93185,0.389268,1,1,211,186,15270.4,1,1,0
669,0.422383,14.0301,0.172746,5689.67,13913.4,4464.3,1.07415,6.30326,13.9164,1.66632,46.6563,974568,8502.55,0.657797,0.693607,0.911425,7.08636,10.5778,0.0623237,2.94909,1.16561,5.55445,7.44555,1698.59,1267.16,-8199.94,-21210,335.673,0.729665,0.982461,0.422389,11,1,180,145,-14130,1,0,0,5.32485,7.20572,1535.58,1134.76,-6445.17,-19393.2,290.917,0.6,0.982304,0.422386,0,0,165,135,-12313.2,1,0,0,3.86755,5.52624,1626.3,1138.17,5827.32,-6791.72,223.684,0.72057,0.981979,0.422383,11,1,211,173,288.29,1,0,0,3.99056,5.67235,1576.17,1108.85,4811.86,-7776.22,223.684,0.603526,0.981979,0.422383,1,1,201,163,-612.783,1,0,0
670,0.341046,13.0129,0.10798,6381.06,10572.6,7323.39,0.955776,0.574602,7.73992,1.75641,71.0746,1.7864e+06,9288.71,0.702026,0.64248,0.768639,16.2169,5.68661,0.0695368,1.6993,1.77774,5.16585,8.38685,1826.36,1124.94,-5710.01,-25538.5,335.673,0.507273,0.93388,0.424519,0,0,206,189,-14406.5,1,0,0,6.09036,10.1494,1342.57,805.638,-16449.1,-35896.8,290.917,0.405909,0.933293,0.484571,0,0,151,138,-24764.9,1,0,0,3.05746,5.81625,2057.2,1081.42,11997.4,-7572.04,223.684,0.6,0.932091,0.347425,0,0,301,271,3559.9,1,0,0,3.12835,5.87348,2010.58,1070.88,11504.6,-8164.38,223.684,0.528856,0.932091,0.348476,0,1,289,259,3179.87,1,0,0
671,0.472462,11.0885,0.183247,6217.93,10244.8,5950.04,1.09333,5.66848,14.236,0.897692,33.1445,1.82697e+06,8729.86,0.744383,0.675506,0.851684,17.7406,9.54554,0.0929456,0.254114,0.445516,4.57188,4.57188,2063.64,2063.64,4801.49,-2619.27,335.673,0.682968,0.874985,0.635049,10,1,131,130,-2619.27,1,1,0,3.14395,3.14395,2600.79,2600.79,25938,18158.3,290.917,0.694347,0.873903,0.55428,10,1,184,183,18158.3,1,1,0,2.71534,2.71534,2316.4,2316.4,28515.4,21191.9,223.684,0.714114,0.871738,0.529993,10,1,179,174,21191.9,1,1,0,2.81732,2.81732,2232.55,2232.55,27281.9,20093.9,223.684,0.596054,0.871738,0.53634,0,1,169,164,20093.9,1,1,0
672,0.599274,14.0322,0.0888764,6598.17,11570.1,5461.39,1.08558,6.43672,6.4104,1.42415,61.66,1.28002e+06,7959.65,0.698979,0.588852,0.916533,15.4685,13.3857,0.0744731,1.43329,1.5201,4.78211,6.25695,1972.92,1507.88,1532.79,-15086,335.673,0.753946,0.956124,0.601392,13,1,172,150,-5522.57,1,0,0,4.44258,5.8876,1840.54,1388.81,4959.04,-11655.4,290.917,0.6,0.955764,0.600541,0,0,166,147,-2092.01,1,0,0,3.41917,4.80645,1839.57,1308.62,14297.7,-1904.85,223.684,0.74698,0.955018,0.599413,13,1,204,176,7658.57,1,0,0,3.52422,4.916,1784.74,1279.46,13348.7,-2834.96,223.684,0.62018,0.955018,0.599461,2,1,193,165,6830.36,1,0,0
673,0.510264,9.82162,0.103755,5177.43,11045.6,5198.23,1.00687,7.65308,11.0697,1.33567,56.7738,1.13727e+06,8683.51,0.662604,0.556289,0.828792,19.2661,10.9321,0.085449,0.335353,0.0752471,4.21129,4.21129,2240.34,2240.34,-4868.14,-11018.6,335.673,0.857295,0.867906,0.609457,11,1,135,128,-11018.6,1,1,0,3.15687,3.15687,2590.14,2590.14,12529.8,6095.05,290.917,0.706085,0.86669,0.561696,11,1,175,171,6095.05,1,1,0,2.71919,2.71919,2313.12,2313.12,16845.1,10546.4,223.684,0.710427,0.864294,0.544497,11,1,176,153,10546.4,1,1,0,2.81583,2.81583,2233.73,2233.73,15558.4,9401.7,223.684,0.60162,0.864294,0.54862,1,1,166,143,9401.7,1,1,0
674,0.478564,12.2232,0.237202,5406.69,12781.4,2877.55,0.980416,4.64376,8.07808,0.840976,38.4411,1.30956e+06,9323.25,0.681355,0.6282,0.876503,8.86251,10.2224,0.0583264,2.70409,0.70668,4.66192,4.66192,2023.78,2023.78,251.939,-3900.68,335.673,0.711705,0.982898,0.478564,10,1,212,166,-3900.68,1,1,0,4.48093,4.48093,1824.79,1824.79,1186.11,-2905.16,290.917,0.6,0.982726,0.478564,0,0,193,153,-2905.16,1,1,0,3.2976,3.2976,1907.39,1907.39,9737.14,5904.23,223.684,0.700184,0.982374,0.478564,10,1,247,199,5904.23,1,1,0,3.38828,3.38828,1856.34,1856.34,9083.84,5349.45,223.684,0.588424,0.982374,0.478564,0,1,236,188,5349.45,1,1,0
675,0.417711,14.7895,0.263494,5180.37,8960.38,6966.87,0.921853,4.06433,6.81782,1.23482,38.2561,1.28879e+06,7447.12,0.736924,0.847567,0.971979,7.41095,3.88433,0.0699884,0.835303,1.30743,3.59326,4.92713,2625.67,1914.85,12172.4,-2549.98,335.673,0.624935,0.880573,0.593934,4,1,226,209,4001.07,1,0,0,3.50872,4.87382,2330.41,1677.69,11977,-2706.16,290.917,0.589467,0.879739,0.588768,0,0,205,194,3844.89,1,0,0,2.62937,4.02482,2392.14,1562.76,16788.5,2260.15,223.684,0.6,0.878003,0.516176,0,0,272,231,8811.2,1,0,0,2.65051,4.03787,2373.06,1557.71,16737,2011.71,223.684,0.520766,0.878003,0.518111,0,1,267,226,8861.76,1,0,0
676,0.57459,12.9609,0.0966102,5438.54,11049.8,5627.53,1.01813,3.40317,5.93937,1.32285,70.5099,1.66053e+06,8653.18,0.700948,0.82209,0.660453,6.00943,11.8047,0.0919729,0.59181,1.6525,4.74167,6.66776,1989.75,1414.97,-10154.8,-24694.2,335.673,0.018533,0.911857,0.691416,0,0,188,182,-16306.2,1,0,0,4.92003,6.99385,1661.93,1169.13,-13331.1,-27832.2,290.917,0.00645229,0.911166,0.69977,0,0,157,154,-19444.2,1,0,0,3.45735,5.34355,1819.26,1177.08,2835.3,-11860.2,223.684,0.715495,0.909755,0.636195,12,1,217,192,-3472.17,1,0,0,3.55027,5.42767,1771.64,1158.84,1838.62,-12915.3,223.684,0.603858,0.909755,0.640611,1,1,206,181,-4386.44,1,0,0
677,0.449075,17.8869,0.171455,5100.9,14241.9,5358.34,1.04011,5.6103,11.5564,1.72601,30.7723,1.86577e+06,7713.67,0.720477,0.540662,0.772335,15.8228,6.06564,0.0970505,1.53489,1.88638,4.98482,6.47253,1892.69,1457.66,-11041.6,-21573.5,335.673,0.645242,0.93326,0.476667,6,1,210,204,-17808.3,1,0,0,5.89923,7.76396,1386.07,1053.17,-21081.8,-31154.9,290.917,0.367107,0.932827,0.506278,0,0,154,150,-27389.7,1,0,0,3.54869,4.83727,1772.43,1300.28,961.387,-9207.33,223.684,0.653322,0.931892,0.453441,6,1,234,220,-5442.12,1,0,0,3.66384,3.66384,1716.72,1716.72,-152.905,-6446.47,223.684,0.545713,0.931892,0.454475,0,1,223,209,-6446.47,1,1,0
678,0.34031,11.0807,0.0834487,5999.57,8252.44,5197.5,0.980799,7.36657,7.33168,1.19148,67.3421,2.04263e+06,9032.92,0.645228,0.535123,0.974399,7.43161,9.11301,0.066215,2.42126,1.26514,2.39982,3.33749,3931.42,2826.89,34126.4,11606.3,335.673,0.646497,0.975115,0.34031,7,0,268,226,27524.3,1,0,0,2.31812,3.22695,3527.32,2533.89,34590.5,12160.6,290.917,0.569555,0.974843,0.34031,0,0,238,202,28078.6,1,0,0,1.83634,2.88346,3425.2,2181.34,32706.1,10517.6,223.684,0.6,0.974294,0.34031,0,0,309,265,26435.7,1,0,0,1.83634,2.88346,3425.2,2181.34,32706.1,10230.1,223.684,0.5,0.974294,0.34031,0,0,309,265,26537.9,1,0,0
679,0.409614,19.6373,0.0160004,6042.9,11201.4,4459.57,0.981206,4.79804,10.7281,0.621374,66.6334,794988,8681.37,0.711648,0.69718,0.9431,19.0727,9.81045,0.0586286,1.53104,0.925348,4.32166,4.32166,2183.12,2183.12,209.802,-5756.74,335.673,0.677306,0.942493,0.436795,10,1,208,178,-5756.74,1,1,0,4.31218,4.31218,1896.2,1896.2,-182.59,-6056.3,290.917,0.6,0.942141,0.4371,0,0,183,158,-6056.3,1,1,0,3.09337,3.09337,2033.32,2033.32,11845.4,6279.84,223.684,0.672489,0.941368,0.41351,10,1,253,212,6279.84,1,1,0,3.18798,3.18798,1972.97,1972.97,11085.2,5632.74,223.684,0.566121,0.941368,0.414436,0,1,239,198,5632.74,1,1,0
680,0.32015,17.4167,0.221357,6275.83,12623.7,3773.32,1.01466,1.81827,14.7942,1.23094,62.484,1.83983e+06,9273.98,0.620915,0.610953,0.86589,13.9753,7.69814,0.051171,0.11465,0.121273,4.65667,4.65667,2026.06,2026.06,4194.12,-218.658,335.673,1,0.818247,0.591738,8,1,237,236,-218.658,1,1,0,6.43427,6.43427,1270.81,1270.81,-13287.3,-17385.7,290.917,0.000121413,0.81724,0.657685,0,0,149,148,-17385.7,1,1,0,3.24629,3.24629,1937.54,1937.54,13576.9,9007.29,223.684,0.637577,0.815087,0.502676,8,1,258,257,9007.29,1,1,0,3.47058,3.47058,1812.32,1812.32,11647.5,7248.71,223.684,0.533576,0.815087,0.520422,0,1,237,236,7248.71,1,1,0
681,0.360594,19.6111,0.051301,5785.12,14214,6276.61,0.905557,0.140592,8.15962,1.75693,50.4759,1.22128e+06,8739.16,0.712466,0.82937,0.730256,17.062,3.15261,0.0563692,2.22887,0.551295,48.2756,48.2756,195.435,195.435,-131433,-136862,335.673,1.93589e-05,0.983062,0.935843,0,0,65,1,-136862,1,1,0,48.7064,48.7064,167.878,167.878,-127992,-133285,290.917,1.91709e-05,0.98295,0.936908,0,0,56,1,-133285,1,1,0,7.06446,7.06446,890.345,890.345,-16242.1,-23368.8,223.684,0.6,0.982703,0.36187,0,0,224,154,-23368.8,1,1,0,7.06446,7.06446,890.345,890.345,-16242.1,-23307.6,223.684,0.5,0.982703,0.36187,0,0,224,154,-23307.6,1,1,0
682,0.305301,18.0576,0.127714,5098.97,12156.5,5047.84,1.09157,4.9529,5.34944,1.35688,31.416,2.00796e+06,7434.44,0.732234,0.694472,0.765687,11.5205,10.0669,0.0917834,0.102214,1.84622,3.7977,5.00531,2484.33,1884.94,-991.529,-11736.3,335.673,0.646567,0.83069,0.557613,10,1,263,262,-7303.66,1,0,0,4.14362,5.52217,1973.34,1480.71,-6031.24,-16450.5,290.917,0.443826,0.829752,0.581568,0,0,211,210,-12017.9,1,0,0,2.61903,3.71229,2401.58,1694.32,8618.24,-2013.73,223.684,0.6,0.827734,0.454486,0,0,319,318,2418.91,1,0,0,2.63566,3.72745,2386.43,1687.43,8491.45,-2308.82,223.684,0.542658,0.827734,0.456283,0,1,315,314,2434.4,1,0,0
683,0.435984,9.70525,0.146114,6304.59,13771.4,2669.7,0.957981,6.91678,6.42823,0.978298,70.0888,863575,8420.71,0.735035,0.841083,0.950285,16.0227,4.21415,0.0727842,1.81314,1.16579,6.07614,8.15657,1552.75,1156.7,-9455.19,-23273.2,335.673,0.625042,0.957616,0.51608,4,0,163,110,-13460.3,1,0,0,6.08297,8.21444,1344.2,995.412,-10059.9,-23689.8,290.917,0.502913,0.957116,0.519081,0,0,140,95,-13876.9,1,0,0,4.17097,6.15479,1508,1021.94,6464.99,-7074.5,223.684,0.6,0.956124,0.45097,0,0,210,148,2738.45,1,0,0,4.17097,6.15479,1508,1021.94,6464.99,-7163.23,223.684,0.5,0.956124,0.45097,0,0,210,148,2835.99,1,0,0
684,0.490362,14.3175,0.0553415,5190.79,9558.84,4495.47,0.928178,0.527802,6.19322,1.88146,36.2854,1.57676e+06,9207.34,0.617489,0.54328,0.894395,11.6548,4.44974,0.0645811,1.8508,0.685355,4.00881,4.00881,2353.5,2353.5,-4334.4,-9765.88,335.673,0.489947,0.939929,0.494522,0,0,254,227,-9765.88,1,1,0,4.3129,4.3129,1895.88,1895.88,-8678.1,-13902,290.917,0.316496,0.939449,0.497343,0,0,205,182,-13902,1,1,0,2.733,2.733,2301.43,2301.43,7361.61,1983.98,223.684,0.626839,0.938453,0.490575,4,1,313,275,1983.98,1,1,0,2.81491,2.81491,2234.46,2234.46,6642.26,1362.52,223.684,0.520307,0.938453,0.490645,0,1,297,259,1362.52,1,1,0
685,0.402988,10.0397,0.0283666,6650.23,10469.7,7143.02,0.901098,3.18057,9.63284,0.733477,44.0394,1.57301e+06,7864.61,0.724482,0.888031,0.749978,13.0815,2.64829,0.088783,0.625558,0.497634,5.10941,5.10941,1846.54,1846.54,-7533.77,-15294.8,335.673,0.886021,0.887464,0.682229,3,1,171,155,-15294.8,1,1,0,4.5671,4.5671,1790.36,1790.36,-1172.73,-9035.42,290.917,0.6,0.886333,0.655626,0,0,173,163,-9035.42,1,1,0,3.93878,3.93878,1596.89,1596.89,4689.46,-3143.45,223.684,0.629113,0.884094,0.619043,3,1,174,131,-3143.45,1,1,0,4.10724,4.10724,1531.4,1531.4,2591.6,-5129.46,223.684,0.525374,0.884094,0.63053,0,1,165,122,-5129.46,1,1,0
686,0.426115,17.8187,0.104404,5133.92,14594.9,4369.47,1.07138,7.52038,12.4465,0.990316,77.3391,1.23977e+06,7565.79,0.61649,0.806841,0.696286,16.6037,9.05925,0.0896723,1.33973,0.227314,6.69883,6.69883,1408.41,1408.41,-29772.2,-34784,335.673,1,0.951493,0.566058,9,1,150,132,-34784,1,1,0,7.28607,7.28607,1122.24,1122.24,-35605.5,-40327.7,290.917,0.0921922,0.951163,0.600181,0,0,120,106,-40327.7,1,1,0,6.27703,6.27703,1002.04,1002.04,-24978.2,-29728.8,223.684,0.714461,0.950453,0.547875,9,1,121,94,-29728.8,1,1,0,6.3229,6.3229,994.767,994.767,-25415.3,-30145.2,223.684,0.714461,0.950453,0.550477,8,1,120,93,-30145.2,1,1,0
687,0.587763,15.0099,0.285686,6046.78,14201.8,4566.17,1.07264,4.01342,7.96444,1.1557,45.0931,2.20546e+06,8839.78,0.67176,0.792751,0.92327,8.5723,2.52627,0.068108,0.0185757,1.50321,5.43893,7.39893,1734.66,1275.15,-3160.12,-16280.7,335.673,7.67059e-05,0.910738,0.719846,0,0,189,188,-8269.96,1,0,0,6.15634,8.50396,1328.18,961.523,-11324.9,-24387.2,290.917,6.3239e-05,0.910132,0.742851,0,0,145,144,-16376.4,1,0,0,3.72307,5.44566,1689.41,1155.01,8130.05,-4888.35,223.684,0.262008,0.908868,0.654203,0,0,228,227,3122.42,1,0,0,3.72307,5.44566,1689.41,1155.01,8130.05,-4960.58,223.684,0.262008,0.908868,0.654203,0,0,228,227,3122.42,1,0,0
688,0.525589,11.1614,0.184541,6701.9,11905.7,5619.81,0.919061,1.76527,6.45843,1.60697,42.757,910385,8405.02,0.702378,0.876086,0.851679,18.2676,5.48782,0.0950684,0.851038,0.824752,6.13951,6.13951,1536.72,1536.72,-4217.55,-10314.5,335.673,0.000163277,0.908263,0.738425,0,0,174,164,-10314.5,1,1,0,7.55982,7.55982,1081.61,1081.61,-17031.7,-23031.6,290.917,3.62221e-05,0.907428,0.775484,0,0,122,116,-23031.6,1,1,0,4.10696,4.10696,1531.5,1531.5,10853.4,4714.15,223.684,0.883215,0.905754,0.655562,5,1,211,176,4714.15,1,1,0,4.13302,4.13302,1521.84,1521.84,10667.6,4553.34,223.684,0.735567,0.905754,0.656989,3,1,209,174,4553.34,1,1,0
689,0.462257,19.1552,0.114423,6122.31,11328.4,6508.37,0.930448,2.82925,11.4077,1.75362,78.6685,954596,7495.19,0.672637,0.688121,0.987203,15.7445,12.5638,0.0731556,1.85805,1.8731,7.92055,11.8024,1191.17,799.393,-27400.1,-41151,335.673,0.447041,0.947117,0.614796,0,0,148,116,-34408.2,1,0,0,13.8502,22.5045,590.37,363.339,-69322.1,-82409.7,290.917,4.65855e-05,0.946786,0.788722,0,0,74,47,-75666.8,1,0,0,4.1028,6.8409,1533.05,919.442,3750.11,-10490.7,223.684,0.645032,0.946063,0.474327,7,0,251,207,-3747.87,1,0,0,4.20886,6.9642,1494.42,903.163,2994.87,-11244.8,223.684,0.576694,0.946063,0.476242,0,1,241,197,-4378.78,1,0,0
690,0.385362,9.38223,0.0116732,6186.89,11157.5,5842.31,0.98958,3.26512,8.0118,0.587841,34.2966,1.71639e+06,7959.83,0.650986,0.559556,0.792272,16.1981,6.88986,0.0630616,0.852508,0.908783,4.3461,4.3461,2170.85,2170.85,-2988.39,-9834.25,335.673,0.639115,0.835943,0.572286,7,1,204,203,-9834.25,1,1,0,3.75797,3.75797,2175.84,2175.84,4124.91,-2974.37,290.917,0.6,0.834366,0.538558,0,0,215,214,-2974.37,1,1,0,2.63971,2.63971,2382.77,2382.77,15634,8724.85,223.684,0.644567,0.831274,0.461942,7,1,282,281,8724.85,1,1,0,2.73137,2.73137,2302.81,2302.81,14837.8,8056.23,223.684,0.537951,0.831274,0.468805,0,1,265,264,8056.23,1,1,0
691,0.569099,14.7663,0.180082,6318.46,8411.53,6750.27,0.937141,0.938316,10.7517,1.68805,38.0345,1.52145e+06,8053.5,0.702573,0.69876,0.772159,8.57245,12.6286,0.0949878,0.142893,1.63675,4.13557,6.51392,2281.36,1448.39,10201.1,-10910.9,335.673,1,0.897303,0.653611,13,1,229,219,2593.27,1,0,0,4.33952,6.9466,1884.25,1177.09,6773.16,-14102.9,290.917,0.452612,0.896615,0.663091,0,0,190,184,-598.726,1,0,0,3.36754,5.77429,1867.78,1089.28,14353.8,-6615.16,223.684,0.737098,0.895185,0.622975,13,1,216,186,6889.03,1,0,0,3.48402,5.48264,1805.33,1147.22,13255.3,-5281.36,223.684,0.622763,0.895185,0.628058,3,1,206,176,5880.14,1,0,0
692,0.370529,16.6525,0.0276773,5313.24,14246.6,3069.85,1.04716,5.28634,14.3379,1.58079,51.9159,1.1467e+06,8735.72,0.699132,0.82609,0.751765,6.35191,7.40532,0.0576476,2.02279,0.260475,7.21848,7.21848,1307.02,1307.02,-34379.6,-38791,335.673,0.679582,0.983539,0.371391,7,1,160,116,-38791,1,1,0,7.28063,7.28063,1123.08,1123.08,-34755,-39009.4,290.917,0.587469,0.983413,0.371504,0,0,139,101,-39009.4,1,1,0,4.86178,4.86178,1293.72,1293.72,-11258.1,-15346.3,223.684,0.679235,0.983143,0.370536,7,1,191,143,-15346.3,1,1,0,5.07024,5.07024,1240.54,1240.54,-13199.9,-17166.7,223.684,0.563526,0.983143,0.370543,0,1,181,133,-17166.7,1,1,0
693,0.397603,8.70618,0.162763,6306.45,13727,7122.96,0.911608,4.73731,7.91347,1.84198,69.3837,1.20641e+06,8343.2,0.687434,0.843817,0.818658,6.09285,3.32484,0.0997972,2.22719,0.301815,10.2951,10.2951,916.43,916.43,-33661.4,-41639.4,335.673,0.473496,0.985998,0.404124,0,0,150,73,-41639.4,1,1,0,10.9905,10.9905,743.985,743.985,-37576,-45329.3,290.917,0.342519,0.985807,0.40934,0,0,123,57,-45329.3,1,1,0,5.72377,5.72377,1098.89,1098.89,-5379.01,-13390.5,223.684,0.6,0.98543,0.397616,0,0,215,135,-13390.5,1,1,0,5.76342,5.76342,1091.33,1091.33,-5627.12,-13540.6,223.684,0.522552,0.98543,0.397617,0,1,213,133,-13540.6,1,1,0
694,0.572719,15.1743,0.225585,6675.73,11193.8,7019.61,1.00994,5.18178,10.1249,1.85066,74.2179,985535,8374.38,0.679264,0.695418,0.762955,14.7052,10.8659,0.0806626,2.58896,0.546424,8.6543,8.6543,1090.18,1090.18,-22951.5,-31350.7,335.673,0.74198,0.986932,0.57275,11,1,123,75,-31350.7,1,1,0,5.78512,5.78512,1413.41,1413.41,151.19,-8468.28,290.917,0.728043,0.986823,0.572719,11,1,156,114,-8468.28,1,1,0,5.13749,5.13749,1224.3,1224.3,3963.94,-4158.35,223.684,0.73056,0.986595,0.572719,11,1,157,107,-4158.35,1,1,0,5.41282,5.41282,1162.02,1162.02,1724.95,-6265.17,223.684,0.624926,0.986595,0.572719,3,1,149,99,-6265.17,1,1,0
695,0.458863,17.7908,0.127076,6844.46,9956.08,5095.74,0.976558,4.88633,13.0681,1.66629,67.7818,2.05165e+06,9013.21,0.705861,0.792921,0.675617,7.25004,5.59482,0.0957674,2.62664,0.382469,7.34602,7.34602,1284.33,1284.33,-25818.9,-32122.3,335.673,0.663147,0.985169,0.45901,6,1,137,77,-32122.3,1,1,0,4.91493,4.91493,1663.66,1663.66,-798.689,-7415.01,290.917,0.658646,0.985061,0.458863,6,1,172,120,-7415.01,1,1,0,4.45655,4.45655,1411.36,1411.36,1578.65,-4546.91,223.684,0.656135,0.98483,0.458863,6,1,173,110,-4546.91,1,1,0,4.73338,4.73338,1328.82,1328.82,-1381.67,-7377.24,223.684,0.549423,0.98483,0.458863,0,1,163,100,-7377.24,1,1,0
696,0.522695,8.81033,0.0898234,5889.63,10400.4,5623.71,0.992989,0.133377,11.9172,0.785304,78.8088,1.60428e+06,7956.83,0.660456,0.598781,0.759245,19.9879,13.5633,0.0589418,1.48895,1.95348,10.7424,18.0734,878.266,522.022,-57631.5,-72820.3,335.673,0.000695229,0.951909,0.677694,0,0,110,92,-63362.9,1,0,0,32.572,84.78,251.036,96.4467,-171165,-183876,290.917,2.95379e-05,0.951309,0.893402,0,0,32,18,-174419,1,0,0,5.83727,10.4608,1077.53,601.272,-15721,-31424.8,223.684,0.712553,0.950132,0.544333,14,1,160,133,-21967.4,1,0,0,6.39776,6.39776,983.127,983.127,-20570.5,-26640.8,223.684,0.581939,0.950132,0.556038,0,1,144,117,-26640.8,1,1,0
697,0.477223,14.1469,0.0142153,5712.48,8862.12,3564.07,0.984951,1.3957,12.5148,0.970807,30.8423,1.11725e+06,8745.15,0.610315,0.592219,0.72661,19.4157,4.40768,0.0694556,1.22208,1.61628,4.81378,7.45516,1959.94,1265.53,-11164.7,-31337.1,335.673,0.633155,0.942996,0.49347,4,1,179,153,-15931.6,1,0,0,3.65199,5.77598,2238.99,1415.65,3907.26,-16537.2,290.917,0.61094,0.942531,0.480192,2,0,217,196,-1131.71,1,0,0,3.2058,5.37979,1962.01,1169.15,7876.75,-12105.5,223.684,0.631999,0.941567,0.478437,4,1,212,177,3300.06,1,0,0,3.33059,5.56962,1888.5,1129.31,6357.12,-13584.3,223.684,0.530582,0.941567,0.47887,0,1,202,167,1888.33,1,0,0
698,0.496032,11.1027,0.00743336,6447.35,13052.5,4739.74,0.930632,1.32458,12.7257,1.90448,60.9753,1.34013e+06,8135.11,0.680618,0.734504,0.935385,5.43765,11.6879,0.0936625,1.7576,0.696824,21.0054,21.0054,449.157,449.157,-118131,-122167,335.673,3.91512e-05,0.95618,0.865402,0,0,66,31,-122167,1,1,0,45.1646,45.1646,181.044,181.044,-193890,-195719,290.917,2.51277e-05,0.955726,0.924705,0,0,30,1,-195719,1,1,0,5.25946,5.25946,1195.9,1195.9,-8300.34,-13801.4,223.684,0.704017,0.954813,0.521178,12,1,210,163,-13801.4,1,1,0,5.52472,5.52472,1138.48,1138.48,-10478.3,-15850.2,223.684,0.587201,0.954813,0.528,0,1,197,150,-15850.2,1,1,0
699,0.389815,15.9551,0.129008,6069.07,11896.7,3513.52,0.944056,0.783612,10.3992,1.39726,35.8173,2.11003e+06,8236.74,0.708518,0.6687,0.732457,15.8759,7.42018,0.091855,2.37801,1.03965,51.3154,1043.09,183.857,9.04495,-162744,-175054,335.673,2.31699e-05,0.980502,0.927187,0,0,47,1,-164644,1,0,0,50.5611,24744.9,161.72,0.330442,-156899,-169080,290.917,2.32445e-05,0.980347,0.926235,0,0,41,1,-158670,1,0,0,4.4795,8.67501,1404.13,725.049,-3032.23,-17836.2,223.684,0.657784,0.980019,0.389816,7,1,265,214,-7426.09,1,0,0,4.65577,8.95365,1350.97,702.486,-4351.15,-19155.8,223.684,0.546461,0.980019,0.389817,0,1,252,201,-8643.8,1,0,0
700,0.372412,9.42413,0.265004,5555.73,9638.72,2609.88,0.912962,5.88381,10.3606,1.30814,75.5181,2.08026e+06,8511.8,0.644874,0.564421,0.810605,8.91158,11.9477,0.0935926,1.426,1.0665,3.56309,4.83277,2647.91,1952.24,14796.9,-2813.77,335.673,0.699739,0.932547,0.37895,12,1,204,159,10713.1,1,0,0,3.19881,4.397,2556.18,1859.62,17901.5,258.379,290.917,0.6,0.93176,0.375703,0,0,204,165,13785.3,1,0,0,2.43334,3.70876,2584.85,1695.94,20828.1,3641.43,223.684,0.680319,0.930204,0.372809,12,1,272,218,17168.3,1,0,0,2.50657,3.76286,2509.33,1671.55,20592.1,3346.49,223.684,0.567899,0.930204,0.372935,0,1,255,201,17038,1,0,0
701,0.396748,19.2446,0.0732188,5402.67,12361,7404.52,0.923057,0.961098,12.1889,1.87356,76.7654,853660,8791.29,0.621113,0.804545,0.885458,10.1135,3.37947,0.064023,2.9855,1.21442,43.726,inf,215.769,-5.74649,-125381,-137323,335.673,3.08003e-05,0.98357,0.923191,0,0,64,1,-132015,1,0,0,42.7417,inf,191.306,-11.5144,-119897,-131751,290.917,3.10063e-05,0.983459,0.921048,0,0,56,1,-126443,1,0,0,5.56051,12.6694,1131.16,496.456,-9567.6,-23183.4,223.684,0.620176,0.983217,0.396782,3,1,238,170,-17875.1,1,0,0,5.85708,13.2932,1073.88,473.159,-11366.2,-24979.5,223.684,0.516882,0.983217,0.396816,0,1,224,156,-19558,1,0,0
702,0.346632,18.7367,0.172217,5399.21,14854.6,3795.73,1.09558,5.34555,11.9765,1.8113,45.1514,1.73115e+06,9290.39,0.736776,0.712859,0.702229,8.60466,9.23769,0.0808809,1.91255,0.207233,6.00118,6.00118,1572.14,1572.14,-20029.3,-25110.7,335.673,0.71205,0.937889,0.501337,9,1,155,152,-25110.7,1,1,0,4.98148,4.98148,1641.43,1641.43,-9521.25,-14837.2,290.917,0.6,0.937491,0.434864,0,0,170,169,-14837.2,1,1,0,3.63584,3.63584,1729.94,1729.94,2980.06,-2055.12,223.684,0.678602,0.936624,0.369312,9,1,208,194,-2055.12,1,1,0,3.76723,3.76723,1669.61,1669.61,1645.45,-3222.23,223.684,0.573258,0.936624,0.373988,0,1,197,183,-3222.23,1,1,0
703,0.562294,10.2317,0.205292,5918.62,8856.77,5465.54,0.955957,1.42712,11.7006,1.59124,71.3854,979457,7938.02,0.729562,0.708157,0.835949,17.4582,2.47141,0.0694799,0.92432,0.69796,5.56477,5.56477,1695.44,1695.44,-4979.86,-11080.4,335.673,0.721988,0.901008,0.702153,2,1,158,146,-11080.4,1,1,0,5.32326,5.32326,1536.04,1536.04,-3061.2,-9188.48,290.917,0.826454,0.900075,0.694855,2,1,147,139,-9188.48,1,1,0,5.00483,5.00483,1256.75,1256.75,-1209.62,-7181.29,223.684,0.619721,0.898227,0.685518,2,1,132,102,-7181.29,1,1,0,5.21276,5.21276,1206.62,1206.62,-3256.26,-9173.06,223.684,0.543505,0.898227,0.693259,0,1,126,96,-9173.06,1,1,0
704,0.384974,11.8792,0.018249,5399.02,11209.4,4001.25,0.961405,0.946481,8.82135,1.82338,61.5138,1.06633e+06,7607.49,0.692765,0.575724,0.946515,18.4063,11.4717,0.0660387,2.38113,0.17186,16.3745,16.3745,576.183,576.183,-88376.3,-92214.6,335.673,0.0913501,0.978147,0.501263,0,0,90,53,-92214.6,1,1,0,54.6334,54.6334,149.666,149.666,-183584,-185074,290.917,1.90562e-05,0.977922,0.923008,0,0,33,1,-185074,1,1,0,4.25574,4.25574,1477.96,1477.96,-4463.02,-9318.53,223.684,0.6,0.977464,0.384974,0,0,268,227,-9318.53,1,1,0,4.25574,4.25574,1477.96,1477.96,-4463.02,-9245.08,223.684,0.5,0.977464,0.384974,0,0,268,227,-9245.08,1,1,0
705,0.468447,15.0516,0.0459301,5128.65,11459.1,4353.11,0.925421,1.30024,13.2854,0.670752,35.0244,2.04631e+06,8257.58,0.717991,0.596456,0.854428,5.60602,4.0635,0.0760064,0.452299,1.83813,5.36653,8.10221,1758.07,1164.46,-20733.9,-33545.7,335.673,0.372174,0.857164,0.657113,0,0,215,214,-25618.6,1,0,0,26.4412,54.1359,309.243,151.041,-170474,-180429,290.917,3.27558e-05,0.856261,0.821,0,0,37,36,-172502,1,0,0,3.33686,5.37275,1884.95,1170.69,-1230.16,-14314.2,223.684,0.633561,0.85438,0.562625,4,1,268,267,-6387.05,1,0,0,3.46162,5.54361,1817.01,1134.61,-2543.25,-15602.6,223.684,0.528497,0.85438,0.569886,0,1,255,254,-7597.65,1,0,0
706,0.537592,16.6167,0.099383,5186.83,9167.58,4488.81,1.05103,4.06723,7.36203,1.63632,60.1384,2.09279e+06,8493.43,0.745321,0.777083,0.818835,9.05057,6.55848,0.0857526,2.80736,0.806908,5.86569,5.86569,1608.46,1608.46,-27267.5,-33130.6,335.673,0.673559,0.98717,0.537593,7,1,159,112,-33130.6,1,1,0,4.68402,4.68402,1745.67,1745.67,-13917.9,-19990.7,290.917,0.6,0.987071,0.537592,0,0,177,136,-19990.7,1,1,0,3.87909,3.87909,1621.46,1621.46,-5580.41,-11150.6,223.684,0.669856,0.986861,0.537592,7,1,195,146,-11150.6,1,1,0,4.0514,4.0514,1552.5,1552.5,-7609.74,-13052.5,223.684,0.55706,0.986861,0.537592,0,1,184,135,-13052.5,1,1,0
707,0.535147,13.3119,0.201028,6764.76,11721.1,4175.23,1.08483,5.16386,6.55732,1.94846,78.8029,874038,7856.01,0.685389,0.840761,0.943608,11.7305,9.52768,0.0759259,1.02106,1.45403,6.49081,8.92039,1453.55,1057.66,-6160.62,-22368.1,335.673,0.680259,0.963385,0.581463,10,1,147,117,-11681.1,1,0,0,6.45325,8.97167,1267.07,911.397,-6377.08,-22460.6,290.917,0.597447,0.963059,0.581567,0,0,129,103,-11773.6,1,0,0,4.25751,6.45686,1477.34,974.128,11058.4,-4992.32,223.684,0.693907,0.962388,0.540207,10,1,198,160,5694.71,1,0,0,4.39047,6.59047,1432.61,954.38,10194.6,-5868.25,223.684,0.581906,0.962388,0.541379,0,1,187,149,4962.16,1,0,0
708,0.431516,9.8755,0.131711,5224.36,12241.8,5687,1.05795,6.4954,8.45162,0.573465,45.4047,2.06088e+06,9180.99,0.636627,0.570885,0.981538,12.8273,7.21679,0.0615249,2.05514,1.84165,3.96736,5.27094,2378.08,1789.95,-2335.56,-16485.4,335.673,0.668785,0.980232,0.431516,7,1,202,169,-9361.7,1,0,0,3.70011,4.95805,2209.87,1649.19,187.861,-13960.7,290.917,0.6,0.979992,0.431516,0,0,191,163,-6836.97,1,0,0,2.79929,4.03678,2246.93,1558.13,9034.68,-4812.16,223.684,0.655821,0.979514,0.431516,7,1,245,210,2311.58,1,0,0,2.86403,4.08929,2196.14,1538.12,8420.5,-5485.9,223.684,0.549043,0.979514,0.431516,0,1,233,198,1807.74,1,0,0
709,0.442877,9.24982,0.220259,5224.75,9101.41,7304.68,1.02252,1.0285,7.53831,0.834568,30.057,1.84274e+06,8997.69,0.695822,0.824938,0.937345,6.3147,11.1257,0.0903746,1.87592,0.618875,4.95912,4.95912,1902.5,1902.5,-7876.33,-16584,335.673,0.713043,0.95773,0.471869,11,1,188,152,-16584,1,1,0,4.92345,4.92345,1660.78,1660.78,-8636.96,-17134.7,290.917,0.555565,0.95721,0.472238,0,0,164,133,-17134.7,1,1,0,3.3835,3.3835,1858.97,1858.97,5199.71,-3134.52,223.684,0.715779,0.956184,0.44596,11,0,237,192,-3134.52,1,1,0,3.46453,3.46453,1815.49,1815.49,4515.75,-3713.61,223.684,0.598786,0.956184,0.446562,0,1,226,181,-3713.61,1,1,0
710,0.598411,19.9972,0.260279,5904.26,9083.07,4643.17,1.06265,4.92949,11.6318,1.69095,78.8396,1.91357e+06,8387.33,0.737189,0.815238,0.792943,17.4504,9.94622,0.0988894,0.287619,0.175698,4.51332,4.51332,2090.42,2090.42,6253.1,552.231,335.673,1,0.912802,0.69386,10,1,157,144,552.231,1,1,0,4.28829,4.28829,1906.76,1906.76,7443.36,1794.22,290.917,1,0.912347,0.685414,10,1,148,138,1794.22,1,1,0,4.13184,4.13184,1522.28,1522.28,5825.92,437.347,223.684,1,0.911347,0.680456,10,1,130,101,437.347,1,1,0,4.1564,4.1564,1513.28,1513.28,5513.81,154.417,223.684,1,0.911347,0.681484,9,1,129,100,154.417,1,1,0
711,0.502379,13.4642,0.227512,5533.79,13994.4,7366.63,0.980846,6.19072,7.31018,1.28007,50.6992,1.93772e+06,8300.13,0.703522,0.825965,0.864093,19.0097,2.69527,0.0681439,2.16486,0.672432,7.15155,7.15155,1319.25,1319.25,-21626.9,-30169,335.673,0.632089,0.987318,0.502404,3,1,174,114,-30169,1,1,0,7.42717,7.42717,1100.92,1100.92,-24610,-32934.7,290.917,0.474046,0.9872,0.502423,0,0,146,94,-32934.7,1,1,0,4.85779,4.85779,1294.79,1294.79,-5300.66,-13603.4,223.684,0.628293,0.986956,0.502379,3,1,210,147,-13603.4,1,1,0,5.03142,5.03142,1250.11,1250.11,-6650.09,-14847.9,223.684,0.526259,0.986956,0.502379,0,1,200,137,-14847.9,1,1,0
712,0.544392,18.4704,0.297674,6823.74,10179.7,5838.99,1.0719,2.49924,11.5649,0.629928,51.5466,1.51085e+06,7481.48,0.603936,0.732698,0.834325,11.043,11.055,0.0924626,0.935456,1.34198,5.24338,7.66947,1799.36,1230.17,8559.98,-8689.53,335.673,0.000116266,0.893205,0.697265,0,0,202,201,2165.35,1,0,0,6.34,9.49365,1289.71,861.286,-2031.85,-19226.1,290.917,8.8607e-05,0.892619,0.732269,0,0,145,144,-8371.19,1,0,0,3.36921,5.45488,1866.85,1153.06,18690,1607.09,223.684,0.00781998,0.891351,0.615445,0,0,264,263,12462,1,0,0,3.36921,3.36921,1866.85,1866.85,18690,12462,223.684,0.00781998,0.891351,0.615445,0,0,264,263,12462,1,1,0
713,0.570766,13.7885,0.226308,6730.79,12412.3,5535.68,1.0597,0.637725,10.1322,0.901937,65.6306,2.17036e+06,8473.78,0.73757,0.640737,0.756158,17.8585,6.50527,0.0931931,1.14354,0.999595,37.4335,37.4335,252.039,252.039,-171807,-175066,335.673,2.3749e-05,0.956513,0.910632,0,0,33,24,-175066,1,1,0,159.587,159.587,51.237,51.237,-305057,-302018,290.917,1.5938e-05,0.956147,0.948864,0,0,7,1,-302018,1,1,0,6.72897,6.72897,934.736,934.736,-13938.1,-20241.8,223.684,0.650655,0.955391,0.601801,7,1,146,128,-20241.8,1,1,0,7.27782,7.27782,864.244,864.244,-18038.2,-24160.2,223.684,0.561429,0.955391,0.613806,0,1,134,116,-24160.2,1,1,0
714,0.536277,19.0683,0.255654,5820.77,12387.4,3685.52,0.900345,1.24757,6.5245,0.986089,60.2193,1.05054e+06,8591.49,0.713051,0.808408,0.802362,15.1453,8.77085,0.0630261,0.289573,0.149907,14.7884,14.7884,637.983,637.983,-62252.3,-65811.9,335.673,1.98704e-05,0.899016,0.839467,0,0,81,80,-65811.9,1,1,0,501.08,501.08,16.3183,16.3183,-316826,-309844,290.917,9.08559e-06,0.898466,0.897706,0,0,2,1,-309844,1,1,0,4.48767,4.48767,1401.58,1401.58,3687.52,-438.227,223.684,0.871026,0.897268,0.676592,9,1,217,201,-438.227,1,1,0,4.5188,4.5188,1391.92,1391.92,3481.93,-624.161,223.684,0.844969,0.897268,0.678016,7,1,215,199,-624.161,1,1,0
715,0.355554,9.05311,0.24971,5899.84,13874.2,2814.6,0.997559,0.732469,7.58396,0.981594,45.0993,1.50745e+06,9183.26,0.660275,0.691978,0.940243,13.8762,3.81545,0.0852654,2.43025,0.140392,18.2874,18.2874,515.914,515.914,-70810.1,-73624,335.673,0.115118,0.98169,0.566836,0,0,85,46,-73624,1,1,0,54.4927,54.4927,150.052,150.052,-142643,-143767,290.917,1.82063e-05,0.981449,0.934034,0,0,35,1,-143767,1,1,0,5.02211,5.02211,1252.42,1252.42,-1548.46,-5229.57,223.684,0.6,0.980973,0.355559,0,0,231,187,-5229.57,1,1,0,5.02211,5.02211,1252.42,1252.42,-1548.46,-5161.07,223.684,0.5,0.980973,0.355559,0,0,231,187,-5161.07,1,1,0
716,0.468651,9.36823,0.21908,5767.5,13179.3,6759.67,0.952923,7.0977,10.2173,1.81651,34.9989,1.22783e+06,8402.2,0.748124,0.588746,0.755168,17.2858,6.50019,0.0969209,2.58082,1.39912,5.47051,7.2766,1724.65,1296.58,-5506.16,-19016.4,335.673,0.68047,0.982233,0.468651,7,1,170,122,-13501.6,1,0,0,4.45308,5.947,1836.2,1374.94,4108.91,-9552.68,290.917,0.6,0.982006,0.468651,0,0,185,143,-4037.91,1,0,0,3.58995,5.03311,1752.06,1249.69,10181,-3057.03,223.684,0.676824,0.981559,0.468651,7,1,208,157,2457.74,1,0,0,3.71863,5.19494,1691.43,1210.76,9056.87,-4147.34,223.684,0.563991,0.981559,0.468651,0,1,198,147,1432.58,1,0,0
717,0.330568,19.1556,0.240541,5161.27,13884,5369.91,0.917247,3.01361,12.3311,1.49305,71.3681,1.98365e+06,7714.75,0.708252,0.660955,0.961345,12.0954,11.6231,0.0869928,0.402802,1.47309,22.9011,35.6367,411.976,264.747,-121493,-129492,335.673,3.39494e-05,0.829899,0.791264,0,0,51,50,-125630,1,0,0,140.842,inf,58.0561,-6.96673,-296231,-296999,290.917,2.28435e-05,0.82902,0.823833,0,0,7,6,-293137,1,0,0,3.6159,5.42616,1739.49,1159.16,2092.38,-8008.95,223.684,0.656557,0.827105,0.54657,12,1,285,284,-4146.59,1,0,0,3.82686,5.69392,1643.6,1104.65,520.126,-9566.35,223.684,0.550509,0.827105,0.561388,0,1,263,262,-5565.56,1,0,0
718,0.495877,19.3699,0.280405,5619.62,12376.5,4572.07,1.06924,4.18679,8.98252,1.60238,54.1689,874051,7760.11,0.723816,0.683087,0.997,13.2157,13.0414,0.0515011,2.43784,0.219016,7.17398,7.17398,1315.13,1315.13,-13074,-18649.3,335.673,0.373367,0.983896,0.495923,0,0,166,132,-18649.3,1,1,0,9.04977,9.04977,903.532,903.532,-25410.7,-30635,290.917,0.182664,0.983789,0.496548,0,0,116,87,-30635,1,1,0,4.35217,4.35217,1445.21,1445.21,4851.67,-785.975,223.684,0.660307,0.983554,0.495877,7,0,231,194,-785.975,1,1,0,4.42237,4.42237,1422.27,1422.27,4448.48,-1077.64,223.684,0.604359,0.983554,0.495877,1,1,225,188,-1077.64,1,1,0
719,0.586605,11.7766,0.142562,5313.72,11146.2,6559.84,0.90159,6.14951,7.32833,0.520355,63.6237,1.40052e+06,7719.73,0.741475,0.702138,0.757369,9.11999,13.203,0.080226,2.694,1.58944,7.11659,10.9003,1325.74,865.544,-26199.3,-39551.3,335.673,0.758528,0.987894,0.586605,13,1,169,97,-33933.2,1,0,0,6.00812,9.13225,1360.95,895.371,-17685.9,-31102.6,290.917,0.6,0.987768,0.586605,0,0,171,109,-25484.5,1,0,0,4.52702,7.51301,1389.39,837.189,-5065.32,-18139,223.684,0.736243,0.98751,0.586605,13,1,212,138,-12520.9,1,0,0,4.73069,7.83132,1329.58,803.161,-6736.72,-19775.4,223.684,0.619087,0.98751,0.586605,2,1,201,127,-14082.9,1,0,0
720,0.45382,12.262,0.191486,5277.22,10755,4052.9,1.04603,2.97199,7.95078,1.14127,73.0252,1.91022e+06,9277.07,0.605937,0.859025,0.692958,15.6828,10.1012,0.0889226,0.291883,0.691118,4.03002,4.03002,2341.11,2341.11,1251.76,-3346.93,335.673,0.00121819,0.891431,0.63001,0,0,212,211,-3346.93,1,1,0,4.10325,4.10325,1992.75,1992.75,-902.323,-5481.14,290.917,0.000550754,0.890527,0.636002,0,0,181,180,-5481.14,1,1,0,3.08198,3.08198,2040.83,2040.83,8618.07,3980.27,223.684,1,0.888695,0.56622,10,1,221,214,3980.27,1,1,0,3.0965,3.0965,2031.26,2031.26,8480.35,3873.11,223.684,1,0.888695,0.567368,8,1,219,212,3873.11,1,1,0
721,0.429892,13.4294,0.154482,6101.4,10653.2,6418.09,1.09764,5.19282,5.95117,0.976731,30.8861,1.21851e+06,8986.78,0.716163,0.664466,0.985011,7.38593,2.02584,0.0809068,2.99228,0.136418,3.54921,3.54921,2658.26,2658.26,16998.3,9287.75,335.673,0.58382,0.982057,0.429892,0,0,232,199,9287.75,1,1,0,3.49575,3.49575,2339.06,2339.06,16729.6,9139.96,290.917,0.478252,0.98189,0.429892,0,0,204,175,9139.96,1,1,0,2.70736,2.70736,2323.23,2323.23,21133.2,13670.5,223.684,0.6,0.981547,0.429892,0,0,256,221,13670.5,1,1,0,2.71172,2.71172,2319.49,2319.49,21127.3,13757.3,223.684,0.508147,0.981547,0.429892,0,1,255,220,13757.3,1,1,0
722,0.310753,12.9939,0.255311,5270.74,10928.8,4139.82,0.996404,0.613439,5.2515,1.77789,72.9693,1.11071e+06,9049.53,0.657952,0.613924,0.709873,8.64742,6.75423,0.051437,0.013651,0.667722,4.50512,4.50512,2094.22,2094.22,2170.39,-2808.41,335.673,0.495046,0.821274,0.579431,0,0,242,241,-2808.41,1,1,0,5.96422,5.96422,1370.97,1370.97,-10748.4,-15234.3,290.917,0.0401638,0.819968,0.641889,0,0,158,157,-15234.3,1,1,0,2.64523,2.64523,2377.79,2377.79,14250.8,9109.7,223.684,0.621377,0.817306,0.440407,7,1,342,341,9109.7,1,1,0,2.81883,2.81883,2231.35,2231.35,13341.2,8344.86,223.684,0.518055,0.817306,0.457347,0,1,309,308,8344.86,1,1,0
723,0.587932,10.2805,0.129408,5278.23,8905.16,7104.41,0.974248,3.84725,14.7313,1.9308,67.5898,1.14382e+06,9080.87,0.730361,0.884939,0.920012,12.1988,3.50993,0.0560085,2.52722,1.46095,12.3629,26.8489,763.148,351.4,-60334.9,-77083.6,335.673,0.648427,0.99,0.588674,4,1,107,36,-68251.4,1,0,0,6.76519,11.7169,1208.65,697.861,-25564.8,-42837.3,290.917,0.649292,0.99,0.587933,4,1,139,77,-34005.1,1,0,0,5.84343,11.491,1076.39,547.367,-15990.6,-32842.9,223.684,0.647398,0.99,0.587932,4,1,149,76,-24010.6,1,0,0,6.32816,10.9182,993.94,576.087,-19554.1,-33635.4,223.684,0.538282,0.99,0.587932,0,1,140,67,-27431.7,1,0,0
724,0.330901,18.7805,0.245918,5956.97,10967.7,3839.83,1.02117,0.772152,5.9641,1.13501,77.3411,1.82039e+06,7591.27,0.731834,0.596779,0.66369,10.7797,10.069,0.0900811,1.67487,1.31156,44.3009,109.77,212.969,85.9502,-187999,-198130,335.673,1.23608e-05,0.925384,0.891039,0,0,27,26,-188777,1,0,0,520.723,inf,15.7027,-53.4997,-347531,-349031,290.917,8.78532e-06,0.924916,0.923623,0,0,2,1,-339678,1,0,0,3.91287,7.02962,1607.47,894.759,4775.2,-9656.71,223.684,0.6,0.923897,0.363606,0,0,281,278,-303.735,1,0,0,3.91287,7.02962,1607.47,894.759,4775.2,-9718.88,223.684,0.5,0.923897,0.363606,0,0,281,278,-146.409,1,0,0
725,0.312324,11.0397,0.239806,5888.25,10726.1,3187.77,1.06094,1.98627,6.24887,1.95959,41.6795,1.18017e+06,8804.35,0.724293,0.504447,0.732448,8.59368,3.09782,0.0744027,2.87185,0.962942,4.14449,4.14449,2276.45,2276.45,10157.8,5986.55,335.673,0.375172,0.972561,0.312324,0,0,238,215,5986.55,1,1,0,4.2997,4.2997,1901.7,1901.7,7757.22,3735.97,290.917,0.26076,0.97226,0.312325,0,0,199,180,3735.97,1,1,0,2.74251,2.74251,2293.45,2293.45,18275.5,14091.3,223.684,0.6,0.971655,0.312324,0,0,304,278,14091.3,1,1,0,2.74251,2.74251,2293.45,2293.45,18275.5,14186.1,223.684,0.5,0.971655,0.312324,0,0,304,278,14186.1,1,1,0
726,0.37382,16.4633,0.288566,5340.61,8242,5990.48,0.94805,2.34673,13.7096,0.521539,46.1211,1.35403e+06,8808.67,0.71688,0.839928,0.741054,7.87833,13.7085,0.0978988,1.0143,0.559305,5.21443,5.21443,1809.35,1809.35,-3322.13,-10596.9,335.673,0.647042,0.949397,0.46675,14,1,160,107,-10596.9,1,1,0,3.7039,3.7039,2207.6,2207.6,11603,3972.1,290.917,0.6,0.949026,0.393396,0,0,206,161,3972.1,1,1,0,3.03644,3.03644,2071.44,2071.44,14599.1,7474.88,223.684,0.725674,0.948237,0.379832,14,1,235,172,7474.88,1,1,0,3.15475,3.15475,1993.76,1993.76,13678.5,6673.73,223.684,0.606482,0.948237,0.381636,1,1,222,159,6673.73,1,1,0
727,0.319659,8.80587,0.0746762,5101.2,9925.92,3314.24,0.95014,5.74067,11.6351,0.988579,63.0739,1.5685e+06,7849.64,0.719142,0.881778,0.754032,17.9135,3.52896,0.0707491,1.08254,0.835862,8.68885,8.68885,1085.84,1085.84,-60515.7,-64170,335.673,1,0.9519,0.668165,4,1,100,41,-64170,1,1,0,4.96239,4.96239,1647.74,1647.74,-17869.8,-22313.7,290.917,0.6,0.95128,0.413119,0,0,154,104,-22313.7,1,1,0,3.69133,3.69133,1703.94,1703.94,-2653.3,-7121.83,223.684,0.631054,0.950061,0.345328,4,1,209,142,-7121.83,1,1,0,3.85438,3.85438,1631.86,1631.86,-4535.34,-8733.95,223.684,0.519902,0.950061,0.352133,0,1,194,127,-8733.95,1,1,0
728,0.436535,8.46502,0.212886,5440.09,13263.3,7246.82,1.02144,5.39283,9.36073,1.6624,76.2896,2.16114e+06,8381.33,0.644483,0.772853,0.971756,13.8629,1.68528,0.0910854,2.52113,0.763221,8.17563,8.17563,1154,1154,-34033,-42443.9,335.673,0.618673,0.98581,0.436803,2,1,143,94,-42443.9,1,1,0,8.17445,8.17445,1000.28,1000.28,-35302,-43497.6,290.917,0.487461,0.985612,0.436827,0,0,123,81,-43497.6,1,1,0,4.97561,4.97561,1264.13,1264.13,-8540.96,-16793.2,223.684,0.618112,0.985222,0.436536,2,1,196,145,-16793.2,1,1,0,5.17969,5.17969,1214.32,1214.32,-10349.3,-18475.8,223.684,0.510567,0.985222,0.436536,0,1,184,133,-18475.8,1,1,0
729,0.454826,15.8448,0.227076,5517.24,12045.6,5777.78,1.08798,5.97664,11.4902,1.04015,79.6335,1.94152e+06,8724.86,0.660979,0.66306,0.711358,10.6609,11.9661,0.0517746,2.13206,0.780045,6.34719,6.34719,1486.44,1486.44,-20565.1,-27956.4,335.673,0.739985,0.98245,0.454844,12,1,141,108,-27956.4,1,1,0,4.71118,4.71118,1735.61,1735.61,-3887.67,-11418.5,290.917,0.655562,0.98231,0.454826,6,0,172,143,-11418.5,1,1,0,4.05749,4.05749,1550.17,1550.17,743.893,-6219.17,223.684,0.731084,0.982013,0.454826,12,1,176,140,-6219.17,1,1,0,4.24864,4.24864,1480.43,1480.43,-1257.83,-8082.18,223.684,0.613873,0.982013,0.454826,2,1,166,130,-8082.18,1,1,0
730,0.393771,12.0682,0.280884,6531.73,13643.2,3654.3,0.959688,0.49404,14.3498,1.88144,50.8369,1.02792e+06,9194.67,0.617258,0.717502,0.710774,17.6867,3.62953,0.0920507,1.80156,0.979386,59.7062,59.7062,158.019,158.019,-186865,-187142,335.673,2.53907e-05,0.945504,0.923853,0,0,22,8,-187142,1,1,0,107.3,107.3,76.2044,76.2044,-222297,-220459,290.917,2.22902e-05,0.94498,0.934379,0,0,11,1,-220459,1,1,0,5.9831,5.9831,1051.26,1051.26,-917.971,-5072.19,223.684,0.611869,0.943918,0.503567,4,1,168,140,-5072.19,1,1,0,6.99812,6.99812,898.785,898.785,-7116.89,-11129.8,223.684,0.579717,0.943918,0.562259,0,1,142,114,-11129.8,1,1,0
731,0.315288,15.8655,0.272071,6738.79,11798.8,3544.09,0.975351,7.95131,5.99377,0.827697,56.9615,2.07463e+06,7620.85,0.724589,0.832801,0.892086,17.3774,1.31217,0.0929529,1.93315,0.910568,4.33286,4.33286,2177.48,2177.48,15109.5,10388,335.673,0.373516,0.944452,0.383871,0,0,203,162,10388,1,1,0,4.39557,4.39557,1860.23,1860.23,12748.7,8130.64,290.917,0.306313,0.944031,0.38974,0,0,173,139,8130.64,1,1,0,3.25553,3.25553,1932.04,1932.04,18646.8,14137,223.684,0.6,0.943142,0.333178,0,0,238,187,14137,1,1,0,3.25553,3.25553,1932.04,1932.04,18646.8,14172.1,223.684,0.5,0.943142,0.333178,0,0,238,187,14172.1,1,1,0
732,0.33348,9.12825,0.172058,5822.93,13978.6,7119.38,1.09867,0.43536,7.43711,1.6935,38.5276,2.01715e+06,9184.39,0.696901,0.854136,0.983311,6.66331,8.12501,0.0681038,2.04791,0.204938,62.3579,62.3579,151.299,151.299,-191239,-195995,335.673,1.89407e-05,0.984551,0.953544,0,0,34,1,-195995,1,1,0,63.5999,63.5999,128.566,128.566,-184876,-189427,290.917,1.85622e-05,0.984348,0.954821,0,0,29,1,-189427,1,1,0,6.11224,6.11224,1029.05,1029.05,-13618.7,-21630.6,223.684,0.6,0.983947,0.333647,0,0,194,156,-21630.6,1,1,0,6.11224,6.11224,1029.05,1029.05,-13618.7,-21568.7,223.684,0.5,0.983947,0.333647,0,0,194,156,-21568.7,1,1,0
733,0.415351,19.3982,0.173746,5821.28,13572.5,5539.29,0.935244,6.60598,13.603,0.802553,64.6988,1.86784e+06,9244.83,0.691908,0.54101,0.78625,13.5093,13.6,0.0654726,0.143525,0.580339,4.75948,4.75948,1982.3,1982.3,-3682.61,-10298.7,335.673,0.768501,0.828034,0.607073,14,1,163,162,-10298.7,1,1,0,3.23616,3.23616,2526.68,2526.68,15141.2,8240.44,290.917,0.687658,0.827202,0.525153,14,1,228,227,8240.44,1,1,0,2.83363,2.83363,2219.7,2219.7,17230.6,10593.7,223.684,0.699012,0.825389,0.500122,14,1,218,217,10593.7,1,1,0,2.98842,2.98842,2104.72,2104.72,15477.5,9000.74,223.684,0.583578,0.825389,0.510549,0,1,202,201,9000.74,1,1,0
734,0.318159,16.9822,0.0501874,6373.96,8687.99,6968.68,0.915394,5.92215,12.8064,0.795657,71.8685,1.52536e+06,9247.22,0.636912,0.847199,0.920595,9.58419,4.47747,0.0954954,0.35335,0.258219,3.4105,3.4105,2766.38,2766.38,22011.7,14028.6,335.673,0.620581,0.85827,0.560031,4,1,164,129,14028.6,1,1,0,2.46299,2.46299,3319.84,3319.84,36552.9,28113.3,290.917,0.6,0.8574,0.459926,0,0,228,200,28113.3,1,1,0,2.14843,2.14843,2927.63,2927.63,34234.9,26136,223.684,0.624117,0.855547,0.423682,4,1,246,185,26136,1,1,0,2.23338,2.23338,2816.27,2816.27,33861.4,25892.6,223.684,0.519473,0.855547,0.434383,0,1,228,167,25892.6,1,1,0
735,0.509457,18.5152,0.292489,6220.16,14839,3051.13,1.01795,4.73409,14.9426,1.16862,69.9325,854722,7409.67,0.692255,0.74694,0.660863,13.1125,6.3134,0.0888852,0.54377,1.20419,10.8668,10.8668,868.216,868.216,-32269.8,-35557.7,335.673,6.57004e-05,0.886681,0.799666,0,0,108,107,-35557.7,1,1,0,60.8482,60.8482,134.379,134.379,-181209,-180357,290.917,2.95628e-05,0.886057,0.873366,0,0,16,15,-180357,1,1,0,4.35383,4.35383,1444.66,1444.66,8948.31,5387.45,223.684,0.955236,0.884708,0.654933,6,1,225,224,5387.45,1,1,0,4.37945,4.37945,1436.21,1436.21,8807.08,5274.12,223.684,0.803213,0.884708,0.656169,4,1,223,222,5274.12,1,1,0
736,0.362106,9.63765,0.0765052,5424.21,8103.23,7126.96,0.904853,3.51086,8.13909,1.91741,47.2922,1.81726e+06,7842,0.668183,0.512911,0.938422,15.77,4.08317,0.0798974,0.530361,0.84563,2.6502,2.6502,3560,3560,19860.5,11438.9,335.673,0.61931,0.818004,0.439465,4,1,271,266,11438.9,1,1,0,2.58933,2.58933,3157.87,3157.87,19542,11219.1,290.917,0.545529,0.816338,0.436519,0,0,243,242,11219.1,1,1,0,1.94791,1.94791,3229,3229,23081.4,14950.1,223.684,0.6,0.813063,0.394583,0,0,323,301,14950.1,1,1,0,1.94791,1.94791,3229,3229,23081.4,15051.3,223.684,0.5,0.813063,0.394583,0,0,323,301,15051.3,1,1,0
737,0.390621,11.8419,0.217421,5286.78,12177.9,5100.25,0.936087,6.05706,14.4489,1.37818,78.1632,1.52751e+06,8782.49,0.74929,0.543394,0.903189,5.12761,8.2538,0.0718172,2.52872,1.34385,4.57295,6.26341,2063.16,1506.32,-1956.12,-15884.3,335.673,0.668151,0.977119,0.390622,8,1,199,153,-8336.88,1,0,0,4.0235,5.56333,2032.25,1469.76,3099.44,-10929,290.917,0.6,0.976882,0.390622,0,0,201,161,-3381.56,1,0,0,3.04622,4.51953,2064.79,1391.7,10437.6,-3199.03,223.684,0.658625,0.976403,0.390621,8,1,250,201,4348.42,1,0,0,3.15695,4.6463,1992.37,1353.72,9521.69,-4107.89,223.684,0.55278,0.976403,0.390621,0,1,236,187,3541.54,1,0,0
738,0.418238,12.4201,0.238739,5879.85,13547.6,5842.11,1.02444,5.91886,8.43689,1.45255,36.0173,1.21466e+06,8043.48,0.72946,0.518214,0.963815,12.7035,5.19626,0.0956043,1.18353,0.175206,3.99091,3.99091,2364.05,2364.05,12175.9,5233.84,335.673,0.458804,0.929746,0.42746,0,0,231,220,5233.84,1,1,0,4.1324,4.1324,1978.69,1978.69,9704.13,2925.66,290.917,0.324737,0.929111,0.430076,0,0,194,186,2925.66,1,1,0,2.86318,2.86318,2196.79,2196.79,18180.4,11355.8,223.684,0.6,0.927818,0.419258,0,0,271,252,11355.8,1,1,0,2.86318,2.86318,2196.79,2196.79,18180.4,11447.1,223.684,0.521119,0.927818,0.419258,0,0,271,252,11447.1,1,1,0
739,0.424983,14.4461,0.132365,6108.54,10323.3,4364.38,1.0319,1.09743,12.1509,0.514599,54.6985,764907,7522.17,0.678897,0.879423,0.873109,9.37599,8.68773,0.0873611,1.46827,0.689818,10.1189,10.1189,932.387,932.387,-41293.2,-45982.4,335.673,8.72856e-05,0.956107,0.730253,0,0,118,99,-45982.4,1,1,0,61.2955,61.2955,133.399,133.399,-210608,-210804,290.917,2.26436e-05,0.955742,0.938218,0,0,18,3,-210804,1,1,0,4.92216,4.92216,1277.86,1277.86,-959.968,-6223.52,223.684,0.667502,0.954984,0.477118,9,1,201,170,-6223.52,1,1,0,5.18848,5.18848,1212.26,1212.26,-2936.51,-8010.28,223.684,0.557945,0.954984,0.490046,0,1,187,156,-8010.28,1,1,0
740,0.300498,11.5624,0.0633581,5342.54,12190,2795.7,1.00209,6.34106,13.8274,0.584923,57.7299,1.09657e+06,8925.88,0.721268,0.670607,0.979468,13.0102,7.21427,0.0708418,0.26819,0.360703,3.63777,3.63777,2593.54,2593.54,4585.99,337.152,335.673,0.645178,0.832459,0.531573,7,1,193,192,337.152,1,1,0,2.93655,2.93655,2784.48,2784.48,14169.2,9683.01,290.917,0.6,0.831065,0.469925,0,0,227,226,9683.01,1,1,0,2.36731,2.36731,2656.94,2656.94,19112.3,15139.8,223.684,0.645528,0.828264,0.412658,7,1,253,252,15139.8,1,1,0,2.44112,2.44112,2576.6,2576.6,18565.2,14715.1,223.684,0.542269,0.828264,0.420857,0,1,238,237,14715.1,1,1,0
741,0.333621,8.72757,0.0566881,5620.39,10534.9,7289.86,0.97675,0.628456,6.70782,0.600401,56.8257,1.65854e+06,7457.18,0.624676,0.786246,0.78645,6.64763,13.0759,0.074836,2.61178,0.184175,17.147,17.147,550.227,550.227,-85087.8,-92333.1,335.673,0.188734,0.983398,0.547756,0,0,96,45,-92333.1,1,1,0,47.7909,47.7909,171.094,171.094,-155259,-160993,290.917,1.77158e-05,0.983171,0.930635,0,0,44,1,-160993,1,1,0,5.60992,5.60992,1121.19,1121.19,-13493.3,-21604.3,223.684,0.6,0.982725,0.333668,0,0,218,163,-21604.3,1,1,0,5.60992,5.60992,1121.19,1121.19,-13493.3,-21551.2,223.684,0.5,0.982725,0.333668,0,0,218,163,-21551.2,1,1,0
742,0.558829,12.4265,0.256949,5643.16,8424.3,7472.99,1.01524,4.00437,7.05639,1.72946,67.8945,918460,8292.04,0.61521,0.500687,0.906386,17.2635,9.71023,0.0549216,0.0307906,1.54689,3.06717,4.24701,3076.04,2221.5,27984.2,8670.78,335.673,1,0.868098,0.588582,10,1,228,226,19542.5,1,0,0,2.93225,4.12293,2788.56,1983.24,28119.6,8835.94,290.917,0.6,0.867149,0.585033,0,0,213,212,19707.7,1,0,0,2.42964,3.62154,2588.78,1736.78,29492.7,10229.5,223.684,0.6764,0.865229,0.572427,10,1,231,215,21101.3,1,0,0,2.50127,3.68653,2514.65,1706.16,29347.4,10056.3,223.684,0.571607,0.865229,0.574144,0,1,218,202,21078.9,1,0,0
743,0.30037,11.0546,0.153227,5562.91,8059.23,4322.73,1.02868,5.16065,10.8096,0.855278,60.4804,1.73313e+06,9295.15,0.694598,0.817269,0.903947,13.155,9.87372,0.0905372,0.249888,0.261873,3.04547,3.04547,3097.95,3097.95,25220.1,19157.8,335.673,0.667727,0.857145,0.504974,10,1,167,160,19157.8,1,1,0,2.37413,2.37413,3444.1,3444.1,33874,27616.8,290.917,0.6,0.85585,0.427688,0,0,216,212,27616.8,1,1,0,1.98131,1.98131,3174.57,3174.57,33441.4,27779.1,223.684,0.673352,0.853261,0.382296,10,1,242,216,27779.1,1,1,0,2.03567,2.03567,3089.81,3089.81,33697,28155.7,223.684,0.558253,0.853261,0.389029,0,1,226,200,28155.7,1,1,0
744,0.45245,12.6311,0.0270411,5921.46,8664.03,7219.34,1.0607,6.57351,13.4382,0.993257,33.8565,1.97951e+06,8280.47,0.709018,0.692814,0.744013,8.16595,7.32407,0.0920851,2.43633,0.34983,4.29814,4.29814,2195.07,2195.07,-6499.52,-15174.5,335.673,0.686691,0.98359,0.45245,7,1,157,115,-15174.5,1,1,0,3.25858,3.25858,2509.3,2509.3,10657.7,1778.8,290.917,0.682522,0.983428,0.45245,7,1,189,153,1778.8,1,1,0,2.89052,2.89052,2176.01,2176.01,13155.5,4798.94,223.684,0.679616,0.983098,0.45245,7,1,188,145,4798.94,1,1,0,2.99383,2.99383,2100.93,2100.93,11536.7,3292.75,223.684,0.568713,0.983098,0.45245,0,1,179,136,3292.75,1,1,0
745,0.446851,10.3635,0.215106,6267.15,8688.87,3338.63,1.05855,3.70488,5.7895,1.41493,38.9926,1.22727e+06,9223.77,0.607958,0.869441,0.972203,16.5453,4.94089,0.0677821,0.391791,0.733555,3.2971,3.2971,2861.52,2861.52,30848.2,26561.5,335.673,0.856507,0.893452,0.572858,5,1,196,188,26561.5,1,1,0,3.06954,3.06954,2663.83,2663.83,32003.9,27590.4,290.917,0.6,0.892416,0.556487,0,0,190,186,27590.4,1,1,0,2.46153,2.46153,2555.24,2555.24,32825.5,28394.9,223.684,0.645736,0.890357,0.510346,5,1,228,202,28394.9,1,1,0,2.5132,2.5132,2502.71,2502.71,33096.6,28781.7,223.684,0.539394,0.890357,0.514466,0,1,216,190,28781.7,1,1,0
746,0.399928,11.1428,0.0750513,6008.88,12276.2,3273.42,1.03296,1.89486,13.5088,1.37593,56.612,872978,8218.01,0.630145,0.708359,0.922712,5.56674,5.08152,0.0654827,2.38007,0.585526,9.33586,9.33586,1010.59,1010.59,-38771,-42825.8,335.673,0.341883,0.982725,0.40319,0,0,139,101,-42825.8,1,1,0,15.9108,15.9108,513.913,513.913,-76481.5,-79702.4,290.917,0.157201,0.982535,0.506655,0,0,76,43,-79702.4,1,1,0,4.80592,4.80592,1308.76,1308.76,-3091.47,-7368.35,223.684,0.641833,0.982152,0.399929,5,1,218,177,-7368.35,1,1,0,4.98901,4.98901,1260.73,1260.73,-4497.12,-8656.4,223.684,0.539806,0.982152,0.39993,0,1,207,166,-8656.4,1,1,0
747,0.429398,15.5234,0.262918,5455.34,11681.1,2865.56,1.07885,3.92528,8.43121,1.11579,64.7274,959548,8093.37,0.68059,0.81552,0.953223,13.8924,7.55189,0.0626117,1.05125,1.83964,5.72437,8.01622,1648.17,1176.95,-6111.81,-19761.7,335.673,0.625833,0.952923,0.510443,4,0,173,154,-10387.5,1,0,0,6.20829,8.81584,1317.07,927.507,-10882.2,-24196.2,290.917,0.467744,0.952559,0.538076,0,0,138,123,-14822,1,0,0,3.84455,5.95618,1636.03,1056.01,7338.95,-6076.7,223.684,0.619592,0.951794,0.442514,3,0,223,195,3297.51,1,0,0,3.90933,6.01681,1608.92,1045.37,6934.23,-6529.27,223.684,0.560397,0.951794,0.443887,0,1,216,188,3017.07,1,0,0
748,0.534174,12.6578,0.0928715,5278.24,11188.2,4456.35,1.06761,2.00166,9.06227,0.50645,55.7087,1.28686e+06,7614.77,0.609422,0.751787,0.776907,12.5264,3.49485,0.0586729,2.32829,1.97729,10.1169,16.7389,932.574,563.641,-48647.5,-61596.8,335.673,0.612742,0.9871,0.534749,2,0,133,94,-54142.6,1,0,0,18.9351,39.023,431.83,209.537,-92848.8,-104455,290.917,0.0214093,0.986973,0.598271,0,0,69,36,-97000.8,1,0,0,6.05333,10.6371,1039.07,591.306,-17508.7,-30401,223.684,0.630414,0.986713,0.534175,3,1,171,130,-22946.8,1,0,0,6.35744,6.35744,989.363,989.363,-19784.5,-25088,223.684,0.529446,0.986713,0.534176,0,1,162,121,-25088,1,1,0
749,0.552361,12.1446,0.0600812,6570.59,12843.5,2761.51,0.926649,4.2298,8.39861,1.1744,47.7754,1.97015e+06,8116.18,0.663608,0.708215,0.944439,5.59468,2.72155,0.0973893,0.151066,0.844801,4.91099,4.91099,1921.14,1921.14,-5092.8,-8311.68,335.673,0.00188068,0.896569,0.678239,0,0,198,190,-8311.68,1,1,0,5.25784,5.25784,1555.16,1555.16,-10525.6,-13703.1,290.917,0.000418488,0.895736,0.692509,0,0,161,157,-13703.1,1,1,0,3.43927,3.43927,1828.82,1828.82,8392.44,5091.97,223.684,0.68813,0.894051,0.615867,3,1,238,209,5091.97,1,1,0,3.47001,3.47001,1812.62,1812.62,8108.26,4843.86,223.684,0.559005,0.894051,0.617326,0,1,234,205,4843.86,1,1,0
750,0.378105,14.4069,0.0254575,5954.8,8117.78,4473.29,1.09134,3.70007,14.1148,1.60832,32.5567,1.70142e+06,8073.97,0.672312,0.879298,0.760242,8.74558,5.84075,0.0879517,1.02379,0.40227,4.72479,4.72479,1996.85,1996.85,-11573.9,-17602.4,335.673,0.639136,0.952537,0.437969,6,1,150,120,-17602.4,1,1,0,3.58018,3.58018,2283.89,2283.89,6085.86,-236.723,290.917,0.6,0.952143,0.392733,0,0,187,162,-236.723,1,1,0,3.07712,3.07712,2044.06,2044.06,10670.8,4952.79,223.684,0.664184,0.951321,0.384011,6,1,195,157,4952.79,1,1,0,3.17833,3.17833,1978.97,1978.97,9317.18,3718.48,223.684,0.551246,0.951321,0.385504,0,1,185,147,3718.48,1,1,0
751,0.396747,17.2623,0.153459,5204.9,9896.88,3191.95,1.07835,6.24404,6.30794,0.852859,69.294,2.05183e+06,9093.1,0.738271,0.69824,0.98754,6.15711,2.69618,0.0716703,1.44382,0.996223,3.13742,3.13742,3007.16,3007.16,11616.1,6923.1,335.673,0.620233,0.942025,0.400884,3,0,230,206,6923.1,1,1,0,3.12334,3.12334,2617.95,2617.95,10449.5,5886.47,290.917,0.529128,0.941624,0.400896,0,0,200,180,5886.47,1,1,0,2.45037,2.45037,2566.88,2566.88,15077.5,10737.9,223.684,0.6,0.940767,0.397387,0,0,258,226,10737.9,1,1,0,2.45037,2.45037,2566.88,2566.88,15077.5,10849.4,223.684,0.5,0.940767,0.397387,0,0,258,226,10849.4,1,1,0
752,0.372745,12.5464,0.135221,5557.2,13441.7,6152.64,0.964185,1.92072,10.7427,1.56254,54.8597,2.24164e+06,9239.83,0.647351,0.856955,0.658381,15.9858,3.9999,0.0555085,1.87711,0.991337,7.62434,7.62434,1237.45,1237.45,-34874.2,-41478.6,335.673,1,0.951832,0.615855,4,1,152,120,-41478.6,1,1,0,10.7717,10.7717,759.097,759.097,-61611.7,-67817.7,290.917,6.18752e-05,0.951378,0.751369,0,0,94,68,-67817.7,1,1,0,6.30724,6.30724,997.236,997.236,-23752.8,-30305.4,223.684,0.648221,0.950453,0.541094,4,1,143,98,-30305.4,1,1,0,6.6739,6.6739,942.448,942.448,-26892.1,-33350.2,223.684,0.54196,0.950453,0.565753,0,1,135,90,-33350.2,1,1,0
753,0.443959,15.0502,0.225394,6538.53,14369.8,6666.81,0.904037,1.59988,6.48108,0.522729,56.9395,1.05385e+06,7443.86,0.6253,0.514431,0.866716,15.5866,7.95531,0.0569719,2.50866,0.932077,65.5212,65.5212,143.995,143.995,-150649,-155521,335.673,1.23038e-05,0.977278,0.929889,0,0,39,1,-155521,1,1,0,68.039,68.039,120.177,120.177,-145928,-150629,290.917,1.21097e-05,0.97709,0.933066,0,0,33,1,-150629,1,1,0,5.30315,5.30315,1186.05,1186.05,805.837,-6529.81,223.684,0.586484,0.976694,0.443961,0,0,255,212,-6529.81,1,1,0,5.30315,5.30315,1186.05,1186.05,805.837,-6516.62,223.684,0.5,0.976694,0.443961,0,0,255,212,-6516.62,1,1,0
754,0.504978,19.5944,0.139381,6444.5,11068.4,5939.08,1.0208,3.79348,14.2859,1.86201,53.4479,1.79223e+06,7596.51,0.601126,0.762968,0.689284,6.33947,11.2712,0.0854894,0.733406,0.0406725,4.82094,4.82094,1957.03,1957.03,85.3194,-6354.18,335.673,0.000151819,0.887007,0.675881,0,0,207,206,-6354.18,1,1,0,5.46758,5.46758,1495.5,1495.5,-8205.36,-14594.7,290.917,0.00012372,0.886415,0.70193,0,0,158,157,-14594.7,1,1,0,3.30268,3.30268,1904.46,1904.46,11834.5,5529.87,223.684,0.0388445,0.885119,0.597848,0,0,255,254,5529.87,1,1,0,3.30268,3.30268,1904.46,1904.46,11834.5,5529.87,223.684,0.0388445,0.885119,0.597848,0,0,255,254,5529.87,1,1,0
755,0.368476,14.2638,0.103145,6667.57,8570.39,3502.47,0.987684,0.404035,12.9793,1.92506,43.2673,1.44978e+06,8686.46,0.618241,0.864665,0.901557,6.63811,3.92203,0.0601541,1.97667,0.256754,5.69286,5.69286,1657.29,1657.29,-8260.57,-12817.4,335.673,0.621338,0.951109,0.495537,4,1,174,139,-12817.4,1,1,0,5.20264,5.20264,1571.65,1571.65,-3705.7,-8396.61,290.917,0.6,0.950699,0.46449,0,0,169,140,-8396.61,1,1,0,3.47335,3.47335,1810.88,1810.88,11902.4,7328.55,223.684,0.627293,0.949847,0.383297,4,1,240,194,7328.55,1,1,0,3.60259,3.60259,1745.91,1745.91,10786.5,6331.79,223.684,0.524294,0.949847,0.386887,0,1,227,181,6331.79,1,1,0
756,0.399221,18.9176,0.0784965,6175.51,13591.1,6334.24,1.04991,1.83473,7.33819,0.503692,43.8187,1.49022e+06,8369.49,0.71263,0.85971,0.777291,18.2042,11.2916,0.0673937,0.455311,0.282017,88.273,88.273,106.881,106.881,-307774,-306870,335.673,1.42354e-05,0.875435,0.86754,0,0,14,13,-306870,1,1,0,550.874,550.874,14.8432,14.8432,-399777,-392634,290.917,1.27191e-05,0.874743,0.874077,0,0,2,1,-392634,1,1,0,4.7567,4.7567,1322.31,1322.31,-4508.51,-11272.8,223.684,0.726071,0.873237,0.669289,11,1,206,205,-11272.8,1,1,0,4.77618,4.77618,1316.91,1316.91,-4674.76,-11422.1,223.684,0.713811,0.873237,0.670219,10,1,205,204,-11422.1,1,1,0
757,0.579115,17.5241,0.083444,5853.42,14196.2,3747.5,1.00492,2.82964,7.97778,1.18673,33.175,1.23837e+06,7993.76,0.666738,0.694021,0.954724,8.01271,1.20204,0.0978505,2.3855,0.703522,40.8789,40.8789,230.797,230.797,-141887,-144566,335.673,2.45966e-05,0.986893,0.872891,0,0,54,11,-144566,1,1,0,61.3096,61.3096,133.368,133.368,-161475,-163383,290.917,1.87229e-05,0.986797,0.938059,0,0,38,1,-163383,1,1,0,5.45089,5.45089,1153.91,1153.91,-8896.67,-13523.4,223.684,0.609966,0.986591,0.579115,1,1,219,172,-13523.4,1,1,0,5.65723,5.65723,1111.82,1111.82,-10345.1,-14867.7,223.684,0.507586,0.986591,0.579115,0,1,209,162,-14867.7,1,1,0
758,0.314571,8.70462,0.278354,5860.12,10895.6,6297.44,0.915298,3.90104,8.81515,1.12073,65.38,1.26377e+06,7919.81,0.629809,0.688839,0.955446,9.55492,13.9613,0.0790599,2.79966,1.16158,6.33211,9.73451,1489.98,969.203,-7553.46,-21969.9,335.673,0.356609,0.980586,0.314739,0,0,184,123,-14703.1,1,0,0,6.42798,9.97691,1272.06,819.567,-9080.79,-23376.6,290.917,0.271844,0.980322,0.314792,0,0,156,103,-16109.8,1,0,0,3.89432,6.73771,1615.12,933.523,7863.02,-6585.83,223.684,0.6,0.979802,0.314571,0,0,253,189,680.975,1,0,0,3.89432,6.73771,1615.12,933.523,7863.02,-6774.73,223.684,0.5,0.979802,0.314571,0,0,253,189,751.006,1,0,0
759,0.438231,13.1492,0.0495236,5441.93,9703.49,5336.99,0.948937,2.15549,9.05418,1.76283,43.5936,1.76442e+06,7849.35,0.739954,0.824205,0.778831,15.2642,7.72021,0.0904174,0.141838,1.75569,5.28409,7.59688,1785.49,1241.92,-20152.3,-35287,335.673,0.827095,0.883653,0.688117,8,1,171,170,-26157.3,1,0,0,4.52544,6.63538,1806.84,1232.3,-10878.6,-26185.7,290.917,0.6,0.882752,0.653286,0,0,182,181,-17056,1,0,0,3.76494,5.72337,1670.63,1098.97,-2993.68,-18247.4,223.684,0.665799,0.88091,0.609633,8,1,185,167,-9117.69,1,0,0,3.9312,5.95777,1599.97,1055.73,-5091.88,-20351.7,223.684,0.575116,0.88091,0.620668,0,1,175,157,-11094.4,1,0,0
760,0.513467,16.3798,0.296453,6263.08,8307.8,4333.56,1.0765,4.48509,13.1734,1.31108,44.9281,1.6812e+06,8450.9,0.718131,0.634006,0.933494,5.91085,7.18654,0.0551941,0.239574,0.446712,3.54282,3.54282,2663.05,2663.05,30802.7,24933,335.673,0.678518,0.874072,0.59683,7,1,174,173,24933,1,1,0,2.81394,2.81394,2905.8,2905.8,37479.4,31433.3,290.917,0.662801,0.873325,0.560066,7,1,210,209,31433.3,1,1,0,2.52104,2.52104,2494.93,2494.93,36723.9,31124.5,223.684,0.666879,0.871746,0.547464,7,1,197,187,31124.5,1,1,0,2.61027,2.61027,2409.64,2409.64,36099.5,30615.3,223.684,0.55991,0.871746,0.55162,0,1,186,176,30615.3,1,1,0
761,0.345136,19.8405,0.0980758,6144.92,12137.6,2917.46,0.907538,7.02732,10.6453,1.41705,79.675,1.22776e+06,7434.96,0.617155,0.874865,0.888398,19.2148,9.45723,0.0665193,2.36262,1.5424,7.54444,11.5378,1250.55,817.72,-23342.2,-36397.1,335.673,0.427593,0.983514,0.347729,0,0,182,102,-27156.2,1,0,0,8.29024,13.0344,986.31,627.322,-28835.9,-41700.6,290.917,0.316495,0.983406,0.351211,0,0,146,77,-32459.7,1,0,0,4.96182,8.60565,1267.64,730.893,-3792.54,-16850,223.684,0.6,0.983168,0.345162,0,0,236,153,-7609.06,1,0,0,4.96182,8.60565,1267.64,730.893,-3792.54,-16918.5,223.684,0.5,0.983168,0.345162,0,0,236,153,-7517.25,1,0,0
762,0.314212,13.5005,0.0265171,5371.58,14369.1,6637.55,1.04733,4.34982,9.27949,0.803759,49.2906,927871,8877.77,0.640344,0.600274,0.799298,5.34514,7.17729,0.0947804,2.64069,0.452416,5.28892,5.28892,1783.87,1783.87,-15468.6,-23030,335.673,0.390679,0.976172,0.31425,0,0,204,176,-23030,1,1,0,5.82903,5.82903,1402.76,1402.76,-21220.3,-28549.1,290.917,0.236932,0.975952,0.314348,0,0,161,137,-28549.1,1,1,0,3.42988,3.42988,1833.83,1833.83,2720.06,-4882.43,223.684,0.6,0.975499,0.314212,0,0,265,233,-4882.43,1,1,0,3.43691,3.43691,1830.08,1830.08,2659.27,-4842.06,223.684,0.547695,0.975499,0.314212,0,1,264,232,-4842.06,1,1,0
763,0.341462,9.11343,0.0746071,6685.27,12745.2,7198.26,0.958389,2.29472,12.1944,0.615597,55.5349,1.61736e+06,8000.78,0.727416,0.529759,0.770133,17.7371,6.30429,0.0905232,1.94465,0.0652334,6.65014,6.65014,1418.72,1418.72,-19480.9,-28107.1,335.673,0.599823,0.925539,0.478314,0,0,166,159,-28107.1,1,1,0,9.52774,9.52774,858.205,858.205,-46966.6,-54578.2,290.917,0.525436,0.924649,0.623762,0,0,100,96,-54578.2,1,1,0,3.59084,3.59084,1751.63,1751.63,8303.8,-35.0582,223.684,0.638899,0.922899,0.352637,6,1,261,243,-35.0582,1,1,0,3.72194,3.72194,1689.93,1689.93,7231.61,-991.086,223.684,0.536979,0.922899,0.35526,0,1,246,228,-991.086,1,1,0
764,0.575647,14.7441,0.0175243,5755.56,10220.7,5829.59,0.990528,0.495848,9.57865,1.5385,49.3237,1.85909e+06,8253.66,0.703865,0.80877,0.723607,10.4136,5.82278,0.0861725,1.38356,1.29972,8.9229,15.7026,1057.36,600.838,-49025.9,-64930.7,335.673,0.224003,0.964927,0.670854,0,0,139,102,-55176.7,1,0,0,20.1601,47.1562,405.591,173.397,-122176,-136941,290.917,3.14674e-05,0.964643,0.869979,0,0,57,25,-127187,1,0,0,5.66475,11.0196,1110.34,570.782,-18844.2,-35150.4,223.684,0.661661,0.964051,0.591586,6,1,173,126,-25396.4,1,0,0,5.94621,5.94621,1057.79,1057.79,-21375.3,-27792.3,223.684,0.554674,0.964051,0.596253,0,1,164,117,-27792.3,1,1,0
765,0.302778,9.51877,0.237009,5182.61,12500.2,7322.71,1.0062,1.09333,6.2824,1.43101,44.5096,1.58793e+06,8454.1,0.741832,0.66189,0.672123,7.2506,13.7118,0.0793702,2.3072,0.429266,10.5668,10.5668,892.86,892.86,-42919.7,-50691.7,335.673,0.122051,0.979125,0.327544,0,0,126,90,-50691.7,1,1,0,38.2916,38.2916,213.539,213.539,-133899,-139814,290.917,1.77904e-05,0.978862,0.890227,0,0,39,8,-139814,1,1,0,4.45766,4.45766,1411.01,1411.01,-2460.03,-10661.8,223.684,0.6,0.978341,0.302781,0,0,244,204,-10661.8,1,1,0,4.45766,4.45766,1411.01,1411.01,-2460.03,-10590.5,223.684,0.5,0.978341,0.302781,0,0,244,204,-10590.5,1,1,0
766,0.356497,17.0182,0.153766,5682.6,13824.5,7170.56,0.950016,4.48974,6.07489,1.74849,30.2925,755476,7822.72,0.611437,0.642311,0.831076,10.6624,12.1995,0.063447,0.899128,1.83931,4.38849,5.80955,2149.88,1624,3081.18,-7493.91,335.673,0.0570028,0.834513,0.594732,0,0,247,246,-4507.81,1,0,0,5.85125,7.87892,1397.44,1037.8,-10815.9,-21309.3,290.917,5.0304e-05,0.833563,0.657426,0,0,160,159,-18323.2,1,0,0,2.81426,3.98529,2234.98,1578.26,14255.7,3235.85,223.684,0.6,0.83154,0.484496,0,0,319,318,6221.95,1,0,0,2.81426,3.98529,2234.98,1578.26,14255.7,3125.83,223.684,0.518376,0.83154,0.484496,0,0,319,318,6329.23,1,0,0
767,0.309385,14.0921,0.101096,6656.85,11330.8,3473.04,1.03039,5.46967,8.25957,1.76703,72.7443,1.17347e+06,9167.41,0.716312,0.628364,0.839014,19.5926,7.53134,0.079274,2.97526,1.86684,3.70582,5.18343,2545.92,1820.17,17200.4,-1781.85,335.673,0.606473,0.976913,0.309385,1,0,235,198,12358.4,1,0,0,3.70561,5.21289,2206.59,1568.56,16287.7,-2553.84,290.917,0.496553,0.976708,0.309385,0,0,203,171,11586.4,1,0,0,2.69882,4.21155,2330.58,1493.47,22632,3932.15,223.684,0.6,0.976282,0.309385,0,0,279,239,18072.4,1,0,0,2.69882,4.21155,2330.58,1493.47,22632,3806.7,223.684,0.543528,0.976282,0.309385,0,0,279,239,18183,1,0,0
768,0.333189,16.6812,0.198615,6741.52,13738.2,6156.06,1.03869,0.397344,11.0287,1.44655,53.6577,1.91787e+06,8764.19,0.611462,0.892177,0.805407,12.9347,11.8739,0.052538,2.54398,0.210064,57.1103,57.1103,165.202,165.202,-159085,-163657,335.673,2.61548e-05,0.98382,0.951239,0,0,42,1,-163657,1,1,0,58.0314,58.0314,140.902,140.902,-154772,-159158,290.917,2.58878e-05,0.983696,0.952303,0,0,36,1,-159158,1,1,0,6.50579,6.50579,966.803,966.803,-9156.9,-16321.7,223.684,0.6,0.98343,0.334005,0,0,207,161,-16321.7,1,1,0,6.50579,6.50579,966.803,966.803,-9156.9,-16220,223.684,0.513197,0.98343,0.334005,0,0,207,161,-16220,1,1,0
769,0.486045,18.4323,0.189194,5974.74,10743.4,4246.52,0.917012,1.4844,6.34841,1.30754,65.9945,1.86382e+06,9140.59,0.650499,0.728671,0.982709,5.8892,2.93816,0.0601147,2.6614,0.389437,6.71732,6.71732,1404.54,1404.54,-16189.1,-21215.7,335.673,0.337127,0.984653,0.486071,0,0,199,135,-21215.7,1,1,0,8.15566,8.15566,1002.59,1002.59,-27031.7,-31812.1,290.917,0.190216,0.984546,0.486337,0,0,147,91,-31812.1,1,1,0,3.9462,3.9462,1593.89,1593.89,2896.03,-2259.24,223.684,0.6,0.984313,0.486045,0,0,281,213,-2259.24,1,1,0,3.97457,3.97457,1582.51,1582.51,2698.76,-2357.35,223.684,0.511684,0.984313,0.486045,0,1,278,210,-2357.35,1,1,0
770,0.372492,15.5474,0.281962,6812.32,10439.5,4937.59,0.974785,2.55265,10.5013,1.87101,77.9328,765615,8350.9,0.7126,0.896766,0.654792,19.1231,7.88278,0.0759133,2.56465,0.420827,16.9283,16.9283,557.334,557.334,-49717.7,-55159.7,335.673,0.744958,0.984971,0.590894,8,1,94,30,-55159.7,1,1,0,8.39447,8.39447,974.064,974.064,-11855.9,-18248,290.917,0.6,0.984848,0.37625,0,0,137,82,-18248,1,1,0,5.11486,5.11486,1229.71,1229.71,7063.61,970.144,223.684,0.674912,0.984588,0.372507,8,1,205,138,970.144,1,1,0,5.38854,5.38854,1167.26,1167.26,5482.7,-471.066,223.684,0.56365,0.984588,0.372523,0,1,193,126,-471.066,1,1,0
771,0.470764,15.3493,0.288378,6666.53,12080.9,3284.83,1.04888,2.55818,7.6961,1.7019,30.1416,1.45544e+06,8264.92,0.706651,0.637432,0.947607,7.15342,6.85223,0.0500989,2.79866,1.82288,6.13184,9.19348,1538.64,1026.24,-584.6,-16423.3,335.673,0.301761,0.982367,0.470771,0,0,193,160,-4740.91,1,0,0,7.776,12.1014,1051.54,675.689,-13606.8,-29167,290.917,0.121777,0.982222,0.470937,0,0,134,106,-17484.6,1,0,0,3.78099,6.25021,1663.54,1006.34,13085.4,-2856.38,223.684,0.6,0.981917,0.470764,0,0,259,223,8826.05,1,0,0,3.82495,6.29707,1644.42,998.848,12861.1,-3140.32,223.684,0.550249,0.981917,0.470764,0,1,254,218,8697.09,1,0,0
772,0.477059,17.0548,0.204205,6576.63,11252.8,7373.9,1.04433,7.66726,11.9541,1.82364,63.752,1.40598e+06,7874.29,0.600318,0.665588,0.930288,5.82031,5.22347,0.0616113,0.193484,0.156048,3.33708,3.33708,2827.23,2827.23,28210.3,20001.6,335.673,0.909171,0.869019,0.573371,5,1,229,228,20001.6,1,1,0,3.35598,3.35598,2436.47,2436.47,26435,18309.7,290.917,0.58019,0.868262,0.575451,0,0,199,198,18309.7,1,1,0,2.91794,2.91794,2155.57,2155.57,27987.6,19881.6,223.684,0.643278,0.866649,0.550079,5,1,196,188,19881.6,1,1,0,3.0393,3.0393,2069.49,2069.49,27003.4,18975.7,223.684,0.534939,0.866649,0.557701,0,1,183,175,18975.7,1,1,0
773,0.554831,18.1095,0.245345,6638.61,14839.8,6130.69,1.00892,1.63016,5.28263,1.99376,35.932,1.72842e+06,8489.68,0.630291,0.584705,0.915563,5.68139,12.9397,0.0576124,2.72588,1.50234,74.1865,968.163,127.176,9.74497,-174697,-184889,335.673,1.08039e-05,0.983584,0.944724,0,0,33,1,-178525,1,0,0,72.3861,2979.84,112.96,2.74402,-165313,-175441,290.917,1.09404e-05,0.983469,0.943378,0,0,29,1,-169077,1,0,0,5.07417,8.77971,1239.58,716.403,709.978,-12650.5,223.684,0.6,0.983218,0.554831,0,0,245,209,-6286.63,1,0,0,5.07417,8.77971,1239.58,716.403,709.978,-12697.8,223.684,0.5,0.983218,0.554831,0,0,245,209,-6209.22,1,0,0
774,0.301422,18.4286,0.237728,5779.66,11614.7,3834.54,1.05553,0.500163,9.69023,1.10526,52.8983,937470,8586.33,0.716786,0.672146,0.83372,17.395,11.8224,0.0672756,0.745808,0.575409,25.4952,25.4952,370.059,370.059,-114159,-116796,335.673,2.97805e-05,0.825223,0.791072,0,0,47,46,-116796,1,1,0,508.655,508.655,16.0753,16.0753,-319765,-312823,290.917,1.95778e-05,0.824282,0.823457,0,0,2,1,-312823,1,1,0,3.34927,3.34927,1877.96,1877.96,11086,6119.17,223.684,0.650195,0.822247,0.519597,12,1,297,296,6119.17,1,1,0,3.59582,3.59582,1749.2,1749.2,9532.47,4755.34,223.684,0.544438,0.822247,0.539318,0,1,271,270,4755.34,1,1,0
775,0.556011,8.43716,0.147391,6453.03,10696.2,4357.36,0.921529,2.82412,5.52264,1.5754,72.3391,1.68212e+06,8239.85,0.618922,0.524802,0.716624,7.29529,12.7921,0.0929177,1.07752,1.16487,5.37755,7.85468,1754.46,1201.16,-5040.81,-22503.9,335.673,0.732288,0.950063,0.561846,13,0,184,145,-10424.3,1,0,0,5.53142,8.15457,1478.24,1002.72,-7841.09,-25074.5,290.917,0.541946,0.949426,0.563427,0,0,154,121,-12994.9,1,0,0,3.53263,5.78246,1780.49,1087.74,10161.1,-7202.35,223.684,0.698788,0.94818,0.556297,13,1,241,194,4877.25,1,0,0,3.65614,5.91003,1720.34,1064.26,9175.72,-8201.71,223.684,0.588117,0.94818,0.556404,0,1,227,180,4006.73,1,0,0
776,0.485736,14.6743,0.211337,6131.02,10764.5,4612.41,0.923642,1.07554,8.30508,1.5321,33.5748,2.17038e+06,7690.77,0.648957,0.500223,0.952008,7.68474,9.25782,0.097371,1.11171,0.354564,7.20827,7.20827,1308.87,1308.87,-21246.6,-26266.9,335.673,0.131077,0.934646,0.55879,0,0,164,147,-26266.9,1,1,0,32.6276,32.6276,250.608,250.608,-160008,-162301,290.917,1.80244e-05,0.934141,0.873767,0,0,31,18,-162301,1,1,0,3.311,3.311,1899.67,1899.67,8824.98,3355.62,223.684,0.6,0.933089,0.486957,0,0,304,277,3355.62,1,1,0,3.311,3.311,1899.67,1899.67,8824.98,3442.03,223.684,0.522553,0.933089,0.486957,0,0,304,277,3442.03,1,1,0
777,0.348823,10.5952,0.0234777,6386.9,11835.6,6237.67,1.0315,1.01266,5.15575,0.761214,79.4807,1.30762e+06,7946.21,0.627583,0.681229,0.910608,19.1617,5.89088,0.0582529,0.697302,1.61306,9.25869,14.1786,1019.01,665.42,-45723,-59223.5,335.673,3.02869e-05,0.847563,0.737446,0,0,128,127,-52092.8,1,0,0,110.094,inf,74.2707,-9.00353,-322028,-326736,290.917,1.06379e-05,0.846184,0.839127,0,0,9,8,-319606,1,0,0,3.39176,5.6389,1854.44,1115.43,7327.18,-6847.51,223.684,0.6,0.843442,0.530062,0,0,301,300,283.156,1,0,0,3.39176,5.6389,1854.44,1115.43,7327.18,-7045.83,223.684,0.5,0.843442,0.530062,0,0,301,300,433.014,1,0,0
778,0.531881,18.3242,0.227406,5412.79,10484.4,7128.49,1.03867,3.25961,9.69099,1.45482,59.0418,1.25603e+06,7428.5,0.616718,0.79841,0.941487,14.1742,10.8386,0.0615537,1.31528,1.34154,6.58623,9.65358,1432.49,977.328,-16894.2,-30044.7,335.673,0.619066,0.959943,0.587253,1,0,163,134,-24618.2,1,0,0,7.67474,11.5164,1065.41,710.009,-26372.9,-39333,290.917,0.00184686,0.959678,0.626993,0,0,121,97,-33906.4,1,0,0,4.42729,7.17658,1420.69,876.436,-118.537,-13573.8,223.684,0.700663,0.959104,0.539882,11,1,204,166,-8147.31,1,0,0,4.58981,7.37856,1370.39,852.444,-1388.05,-14807.2,223.684,0.591106,0.959104,0.541884,0,1,193,155,-9271.42,1,0,0
779,0.556647,15.7808,0.28855,6407.95,13060.3,4107.2,1.06291,2.45113,12.6702,1.14213,49.7497,792410,8038.28,0.725494,0.674826,0.732526,9.28129,2.41137,0.0923439,1.51656,0.0422935,10.0946,10.0946,934.627,934.627,-26044.3,-30580.5,335.673,0.150422,0.956465,0.690441,0,0,117,104,-30580.5,1,1,0,46.3181,46.3181,176.535,176.535,-152340,-153884,290.917,2.67324e-05,0.95614,0.923822,0,0,22,12,-153884,1,1,0,5.73645,5.73645,1096.46,1096.46,1549.02,-3518.5,223.684,0.620558,0.955453,0.57606,2,1,161,139,-3518.5,1,1,0,6.02751,6.02751,1043.52,1043.52,-315.219,-5250.78,223.684,0.513875,0.955453,0.581421,0,1,152,130,-5250.78,1,1,0
780,0.376279,13.0427,0.0254924,6814.57,10664.6,4862.5,0.936207,0.733814,6.0022,1.17595,30.9755,836093,8561.52,0.609201,0.707202,0.844031,13.7968,12.09,0.0586338,0.445992,0.474265,4.47657,4.47657,2107.58,2107.58,4798.92,-490.599,335.673,0.00248966,0.854566,0.61547,0,0,244,243,-490.599,1,1,0,5.91619,5.91619,1382.1,1382.1,-10807.2,-16018.9,290.917,4.75417e-05,0.85347,0.678049,0,0,160,159,-16018.9,1,1,0,2.75411,2.75411,2283.79,2283.79,18712.6,13023.7,223.684,0.62999,0.851231,0.492517,6,0,329,328,13023.7,1,1,0,2.81682,2.81682,2232.95,2232.95,18407.8,12840.5,223.684,0.55876,0.851231,0.498199,0,1,316,315,12840.5,1,1,0
781,0.575638,10.2573,0.250835,5637.27,10689,5466.04,1.00335,4.83443,12.3522,0.770207,59.3412,2.14736e+06,9311.42,0.680407,0.678246,0.795586,8.64639,1.37413,0.0870658,1.07856,0.932701,7.05894,7.05894,1336.56,1336.56,-29456.9,-35743.7,335.673,0.611489,0.960805,0.604397,1,1,110,67,-35743.7,1,1,0,4.89014,4.89014,1672.09,1672.09,-5217.87,-12014.6,290.917,0.605079,0.960372,0.579219,1,1,140,103,-12014.6,1,1,0,4.25063,4.25063,1479.74,1479.74,-420.826,-6864.36,223.684,0.606598,0.95951,0.57707,1,1,145,95,-6864.36,1,1,0,4.47612,4.47612,1405.19,1405.19,-3076.33,-9388.59,223.684,0.508135,0.95951,0.577778,0,1,137,87,-9388.59,1,1,0
782,0.436337,12.0683,0.279894,6865.92,12318.8,4466.72,1.03217,4.0136,10.842,1.61711,54.7445,2.21325e+06,7755.79,0.703901,0.710722,0.873885,12.414,11.6368,0.0542739,1.04444,1.06235,6.14018,8.35855,1536.55,1128.75,-3679.1,-19475.5,335.673,0.683572,0.948891,0.516114,12,1,164,143,-9680.34,1,0,0,6.50572,8.98299,1256.86,910.249,-8761.2,-24245.5,290.917,0.532238,0.9484,0.535618,0,0,135,118,-14450.2,1,0,0,3.88259,5.736,1620.01,1096.55,11810.3,-3627.47,223.684,0.719466,0.947405,0.445972,12,1,222,193,6167.73,1,0,0,4.00949,5.8736,1568.73,1070.86,10905.8,-4517.49,223.684,0.59999,0.947405,0.448074,0,1,210,181,5384.39,1,0,0
783,0.481027,16.4453,0.0678567,5773.37,8425.93,5020.91,0.94474,0.616797,10.0461,1.54691,40.7659,758463,7510.93,0.608639,0.810242,0.913413,10.0193,10.1512,0.0824153,2.02401,1.65454,7.58467,15.606,1243.92,604.557,-24965,-42654.2,335.673,0.416103,0.98619,0.481165,0,0,185,120,-30826.6,1,0,0,10.0861,23.8998,810.699,342.127,-40214.3,-57514.4,290.917,0.19151,0.986082,0.483761,0,0,128,72,-45686.8,1,0,0,4.36408,10.6006,1441.27,593.346,-828.542,-18589.7,223.684,0.683887,0.985854,0.481027,10,1,258,190,-6762.16,1,0,0,4.53781,10.8948,1386.09,577.322,-2059.67,-19867.5,223.684,0.572562,0.985854,0.481027,0,1,245,177,-7887.41,1,0,0
784,0.595395,10.4523,0.157443,5452.22,12587.5,3028.54,1.00339,6.90196,10.9948,1.29844,54.5224,2.10102e+06,7992.62,0.695014,0.821515,0.7108,14.3394,2.14999,0.063285,1.74235,0.773929,8.89557,8.89557,1060.61,1060.61,-50947,-54378.7,335.673,0.890524,0.968548,0.664466,2,1,109,58,-54378.7,1,1,0,7.27567,7.27567,1123.85,1123.85,-36286.9,-39951.5,290.917,0.6159,0.9682,0.62734,2,1,115,71,-39951.5,1,1,0,6.37357,6.37357,986.858,986.858,-26061.4,-29632.2,223.684,0.62503,0.967507,0.613511,2,1,122,64,-29632.2,1,1,0,6.7982,6.7982,925.217,925.217,-29832,-33268.7,223.684,0.520637,0.967507,0.620599,0,1,115,57,-33268.7,1,1,0
785,0.408461,9.123,0.278357,5295.05,11534.8,3338.37,1.02769,2.2777,8.35897,0.735079,30.6395,1.01094e+06,7713.6,0.65011,0.835223,0.710913,16.3821,2.91097,0.0874781,2.14833,1.85369,9.39455,15.1907,1004.28,621.086,-28223.5,-40857,335.673,0.467486,0.985987,0.411066,0,0,142,94,-32599.2,1,0,0,11.224,19.188,728.506,426.14,-37731.2,-49977.7,290.917,0.288448,0.985803,0.420794,0,0,106,64,-41719.9,1,0,0,5.41558,9.46546,1161.43,664.501,-4099.35,-16668.7,223.684,0.627531,0.985439,0.408465,3,1,196,144,-8410.82,1,0,0,5.6088,9.7537,1121.42,644.864,-5286.65,-17861.7,223.684,0.525071,0.985439,0.408469,0,1,187,135,-9493.05,1,0,0
786,0.543948,18.6563,0.288068,6504.25,11171.2,4505.51,0.94289,7.69105,12.1034,1.3353,79.9739,1.59204e+06,8791.04,0.725032,0.584972,0.665262,10.2276,6.88109,0.0759687,2.35183,0.387771,6.56385,6.56385,1437.38,1437.38,-7298.63,-13130.3,335.673,0.684269,0.98314,0.543949,7,1,135,83,-13130.3,1,1,0,4.47459,4.47459,1827.38,1827.38,13043.1,6968.87,290.917,0.674661,0.983025,0.543948,7,1,169,124,6968.87,1,1,0,4.08438,4.08438,1539.97,1539.97,13037.8,7456.09,223.684,0.671103,0.982773,0.543948,7,1,167,113,7456.09,1,1,0,4.34131,4.34131,1448.83,1448.83,10461.9,5003.46,223.684,0.560325,0.982773,0.543948,0,1,157,103,5003.46,1,1,0
787,0.39552,17.1705,0.0383647,6090.55,13034.8,7074.7,0.975113,7.45231,12.7967,0.6502,46.6057,1.76721e+06,7411.5,0.719649,0.683138,0.705015,7.1587,4.89837,0.0589448,2.00102,1.71543,5.90713,7.91729,1597.17,1191.66,-19532.6,-32190,335.673,0.650801,0.980926,0.395561,5,1,184,136,-27817.4,1,0,0,5.64815,7.63901,1447.69,1070.39,-17429.1,-30082.2,290.917,0.6,0.980784,0.395543,0,0,169,128,-25709.7,1,0,0,4.10644,5.85704,1531.69,1073.89,-2020.5,-14421,223.684,0.646056,0.98048,0.39552,5,1,215,164,-10048.4,1,0,0,4.26919,6.06767,1473.3,1036.61,-3688.7,-16046.9,223.684,0.538481,0.98048,0.39552,0,1,204,153,-11606.8,1,0,0
788,0.539764,10.3975,0.104701,5645.3,13307.8,4246.79,0.943268,3.47277,12.7822,1.00906,54.0111,1.28859e+06,9361.73,0.719086,0.832402,0.734061,10.3361,12.2748,0.0701115,0.723733,1.8086,5.0665,5.0665,1862.17,1862.17,-9519.52,-14347.4,335.673,0.574632,0.90815,0.694448,0,0,185,171,-14347.4,1,1,0,5.27713,5.27713,1549.47,1549.47,-12618.4,-17326.9,290.917,0.106358,0.907267,0.704373,0,0,154,144,-17326.9,1,1,0,4.45512,4.45512,1411.82,1411.82,-4436.52,-9187.21,223.684,0.811333,0.905512,0.670937,12,1,159,120,-9187.21,1,1,0,4.47726,4.47726,1404.84,1404.84,-4679.4,-9412.28,223.684,0.793921,0.905512,0.672005,11,1,158,119,-9412.28,1,1,0
789,0.48022,11.5077,0.209443,6186.95,13923.8,3748.96,1.08059,1.82854,7.6946,1.05854,69.2389,1.54348e+06,9111.33,0.6598,0.876752,0.675382,16.3723,3.50684,0.0757176,1.50636,1.25337,10.3197,10.3197,914.241,914.241,-41702,-45805.1,335.673,6.24236e-05,0.961391,0.722351,0,0,113,95,-45805.1,1,1,0,22.5445,22.5445,362.694,362.694,-110350,-113247,290.917,2.46654e-05,0.960998,0.890681,0,0,45,31,-113247,1,1,0,7.12354,7.12354,882.962,882.962,-18002.2,-22180,223.684,0.649102,0.960204,0.595532,4,1,127,99,-22180,1,1,0,7.50087,7.50087,838.544,838.544,-20814.8,-24920.2,223.684,0.54958,0.960204,0.613506,0,1,120,92,-24920.2,1,1,0
790,0.364907,19.6648,0.0664675,5690.19,10623.6,6214.31,0.94736,6.67882,11.5391,1.82514,65.6389,1.69131e+06,8381.34,0.723382,0.717193,0.774492,16.8062,6.42204,0.0997988,1.39972,1.93505,4.15601,5.6022,2270.14,1684.11,-2249.4,-18688.5,335.673,0.642054,0.939693,0.400356,6,1,191,148,-10077.4,1,0,0,3.64511,4.99316,2243.21,1637.59,4096.97,-12460.3,290.917,0.6,0.939324,0.383169,0,0,198,161,-3849.16,1,0,0,2.90926,4.34042,2162,1449.12,10601.8,-5374.25,223.684,0.644943,0.938512,0.369576,6,1,242,189,3236.92,1,0,0,3.01465,4.44881,2086.42,1413.82,9515.48,-6479.39,223.684,0.53387,0.938512,0.370891,0,1,227,174,2260.34,1,0,0
791,0.424208,16.4982,0.0974312,5899.17,10289.3,7245.65,0.924167,2.89029,6.48096,1.12334,74.428,1.04089e+06,9241.88,0.694497,0.6972,0.886308,16.7833,4.38612,0.0740181,0.222151,0.821175,3.94951,3.94951,2388.83,2388.83,7331.4,-1021.92,335.673,0.619429,0.861134,0.597824,4,1,209,208,-1021.92,1,1,0,3.47999,3.47999,2349.65,2349.65,12332.9,3764.73,290.917,0.6,0.860296,0.568002,0,0,217,216,3764.73,1,1,0,2.53208,2.53208,2484.05,2484.05,19788,11458.2,223.684,0.620907,0.858522,0.498444,4,1,284,265,11458.2,1,1,0,2.62901,2.62901,2392.47,2392.47,19283.7,11079.6,223.684,0.517176,0.858522,0.50602,0,1,264,245,11079.6,1,1,0
792,0.395291,15.3263,0.00698732,6643.93,13000.4,4795.62,0.907031,1.30841,9.9542,1.3977,77.0663,2.24138e+06,8656.12,0.656803,0.805838,0.927576,19.6186,2.65337,0.057562,2.68344,1.39857,40.8932,953.801,230.716,9.89171,-136801,-150576,335.673,2.6399e-05,0.983954,0.913636,0,0,70,2,-140781,1,0,0,41.8108,inf,195.566,-3.23154,-135639,-149242,290.917,2.57302e-05,0.983821,0.917416,0,0,60,1,-139448,1,0,0,5.54205,11.9213,1134.93,527.612,-11275.1,-26721.5,223.684,0.6,0.983541,0.395317,0,0,244,171,-16927.3,1,0,0,5.54205,11.9213,1134.93,527.612,-11275.1,-26771.1,223.684,0.5,0.983541,0.395317,0,0,244,171,-16835.1,1,0,0
793,0.323433,11.6915,0.0460565,6294.3,12072.6,2543.02,0.908991,4.41286,5.02629,1.81217,39.4589,1.05582e+06,9387.53,0.6121,0.896678,0.771036,17.3717,4.37664,0.0777614,0.274306,0.0201954,3.55511,3.55511,2653.84,2653.84,14576.4,11364.5,335.673,0.908399,0.870837,0.575124,4,1,226,216,11364.5,1,1,0,3.43943,3.43943,2377.36,2377.36,15126.4,11904.4,290.917,0.6,0.869704,0.566422,0,0,207,202,11904.4,1,1,0,2.65349,2.65349,2370.39,2370.39,21212.9,17823.6,223.684,0.62126,0.867422,0.486618,4,1,255,215,17823.6,1,1,0,2.73935,2.73935,2296.09,2296.09,20722.6,17471,223.684,0.517743,0.867422,0.496838,0,1,239,199,17471,1,1,0
794,0.30895,11.5895,0.168699,6463.69,12422.6,5940.75,0.938317,3.91522,6.93587,1.13864,49.52,765508,7956.61,0.610023,0.670373,0.679339,19.5286,12.1798,0.0610106,2.92933,0.549361,6.13667,6.13667,1537.43,1537.43,-5720.48,-12474,335.673,0.300905,0.978885,0.309179,0,0,194,143,-12474,1,1,0,6.75228,6.75228,1210.96,1210.96,-10961.6,-17555.4,290.917,0.188941,0.978661,0.309651,0,0,154,110,-17555.4,1,1,0,3.81149,3.81149,1650.22,1650.22,10366.4,3544.25,223.684,0.6,0.978208,0.308951,0,0,262,207,3544.25,1,1,0,3.81149,3.81149,1650.22,1650.22,10366.4,3616.62,223.684,0.5,0.978208,0.308951,0,0,262,207,3616.62,1,1,0
795,0.403944,8.47428,0.195927,6142.09,11888.7,4575.3,1.02164,6.80014,11.3173,1.82556,64.3408,2.16643e+06,9393.81,0.63771,0.56604,0.91578,14.4019,10.3015,0.0939783,0.0952376,1.13274,3.94773,4.95303,2389.91,1904.84,13587.6,-3744,335.673,0.681558,0.844553,0.553889,10,1,152,151,7842.13,1,0,0,2.95381,3.8036,2768.21,2149.74,26766.4,9057.92,290.917,0.6,0.842911,0.489329,0,0,201,200,20644.1,1,0,0,2.44848,3.2654,2568.87,1926.2,29122.3,11755.7,223.684,0.684126,0.839718,0.457701,10,1,214,208,23341.8,1,0,0,2.53069,3.34454,2485.41,1880.62,28650.9,11283.8,223.684,0.568545,0.839718,0.463241,0,1,200,194,22999.7,1,0,0
796,0.30571,16.7418,0.194674,6875.34,13408.9,5868.23,0.90353,5.83425,13.7436,0.704692,32.2512,1.39369e+06,7760.49,0.644938,0.833723,0.786914,8.44023,12.8851,0.0917034,2.18904,1.75187,6.57092,9.56428,1435.83,986.453,-7131.68,-21136.5,335.673,0.432606,0.981996,0.306763,0,0,202,127,-13918.1,1,0,0,7.3345,10.9432,1114.83,747.197,-13332.6,-27141.4,290.917,0.272026,0.981858,0.30886,0,0,160,96,-19923,1,0,0,4.36038,6.99991,1442.49,898.556,6471.55,-7476.46,223.684,0.6,0.981564,0.305718,0,0,254,175,-258.044,1,0,0,4.36038,6.99991,1442.49,898.556,6471.55,-7508.84,223.684,0.598987,0.981564,0.305718,0,0,254,175,-178.239,1,0,0
797,0.349646,8.5181,0.233508,5527.16,9330.29,3888.58,0.957349,7.00912,5.49028,1.04726,65.8472,1.34793e+06,8106.84,0.739129,0.78417,0.738,14.1229,6.26863,0.0564324,0.862724,1.90585,4.23511,5.36751,2227.74,1757.75,8506.94,-8085,335.673,0.669774,0.867884,0.602658,6,1,132,107,3289.63,1,0,0,3.12633,4.07637,2615.45,2005.89,23213,6306.85,290.917,0.6,0.866385,0.514162,0,0,179,160,17681.5,1,0,0,2.45627,3.47566,2560.72,1809.67,25228.9,8684.25,223.684,0.635137,0.863462,0.450429,6,1,231,187,20058.9,1,0,0,2.5381,3.53316,2478.15,1780.22,25219.5,8516.03,223.684,0.527418,0.863462,0.459069,0,1,213,169,20197.9,1,0,0
798,0.517555,8.05829,0.124584,5564.69,11890,2512.04,0.911633,5.87762,10.5855,0.642091,30.2442,1.16351e+06,9270.65,0.749991,0.55803,0.814742,7.96751,4.12536,0.0794188,2.71415,1.15887,5.43533,7.64902,1735.81,1233.45,-13295.6,-28982.3,335.673,0.652829,0.9835,0.517555,4,1,161,106,-16896.2,1,0,0,3.98335,5.59465,2052.73,1461.53,3348,-12574.2,290.917,0.642893,0.983262,0.517555,4,1,194,146,-488.181,1,0,0,3.43817,5.10117,1829.41,1233.01,7622.16,-7889.17,223.684,0.642213,0.982796,0.517555,4,1,200,142,4196.85,1,0,0,3.58088,5.29986,1756.5,1186.79,6071.71,-9407.81,223.684,0.532091,0.982796,0.517555,0,1,190,132,2743.51,1,0,0
799,0.512427,16.7539,0.0820472,5259.58,9106.71,4222.48,0.980732,5.1374,11.3678,1.34139,75.7044,788748,8141.08,0.621551,0.629404,0.989452,6.27989,1.34213,0.0848254,2.4721,1.71174,4.79952,7.10881,1965.76,1327.19,-9409.24,-26175.7,335.673,0.606207,0.98339,0.512427,1,1,183,135,-14889.8,1,0,0,3.96574,5.95203,2061.85,1373.78,320.097,-16688.4,290.917,0.6,0.983264,0.512427,0,0,199,157,-5402.53,1,0,0,3.22818,5.29617,1948.41,1187.61,7145.06,-9415.35,223.684,0.604419,0.982995,0.512427,1,1,227,177,1870.53,1,0,0,3.36927,5.47634,1866.82,1148.54,5747.73,-10823.8,223.684,0.501156,0.982995,0.512427,0,1,213,163,590.756,1,0,0
800,0.521574,19.3865,0.00467421,6089.11,10850.8,6023.96,0.909715,4.00142,14.3239,1.93592,65.9085,1.14685e+06,7819.67,0.741415,0.721289,0.780424,9.51987,7.43705,0.0625832,0.0750327,1.59846,5.64519,5.64519,1671.28,1671.28,-18479.2,-25123.7,335.673,0.800245,0.88608,0.704564,7,1,161,151,-25123.7,1,1,0,4.88437,4.88437,1674.07,1674.07,-9092.92,-15910.3,290.917,0.6,0.885485,0.67709,0,0,169,162,-15910.3,1,1,0,4.09365,4.09365,1536.48,1536.48,-578.984,-7355.03,223.684,0.671576,0.884185,0.642908,7,1,175,142,-7355.03,1,1,0,4.28865,4.28865,1466.62,1466.62,-2878.43,-9527.26,223.684,0.560626,0.884185,0.652358,0,1,165,132,-9527.26,1,1,0
801,0.395146,17.078,0.0619889,6195.77,12648,4465.57,1.02151,7.90043,11.5514,1.48543,58.275,1.33995e+06,7518.97,0.705981,0.792586,0.985809,10.4416,1.51647,0.0813188,0.065852,1.54735,4.81252,6.00098,1960.45,1572.2,-5016.71,-17733.7,335.673,0.61167,0.867442,0.656514,2,1,166,165,-10224.9,1,0,0,3.95513,5.00927,2067.38,1632.32,5879.5,-7278.24,290.917,0.6,0.866645,0.608944,0,0,189,188,230.533,1,0,0,3.12908,4.09762,2010.12,1534.99,13885.7,849.358,223.684,0.613092,0.864944,0.548534,2,1,213,212,8358.13,1,0,0,3.25495,4.23447,1932.38,1485.38,12589.1,-440.542,223.684,0.510485,0.864944,0.55915,0,1,199,198,7204.5,1,0,0
802,0.567006,13.6597,0.0937163,6398.19,11451.5,3595.87,1.03768,7.67332,6.03033,1.43911,51.445,1.53049e+06,7697.92,0.674791,0.812259,0.738609,15.6333,1.05557,0.0731344,1.80957,0.222917,7.1044,7.1044,1328.01,1328.01,-30544.2,-34921.9,335.673,0.601389,0.96468,0.612612,1,1,118,75,-34921.9,1,1,0,5.00678,5.00678,1633.14,1633.14,-5252.72,-10177.2,290.917,0.609711,0.964374,0.574554,1,1,152,115,-10177.2,1,1,0,4.45515,4.45515,1411.81,1411.81,-429.142,-5026.06,223.684,0.608971,0.963741,0.570786,1,1,155,105,-5026.06,1,1,0,4.67405,4.67405,1345.69,1345.69,-2962.47,-7416.27,223.684,0.505114,0.963741,0.57228,0,1,146,96,-7416.27,1,1,0
803,0.478149,13.8325,0.0534621,5696.2,10657.1,4820.03,1.04627,6.79082,6.46744,0.917238,79.4012,1.43647e+06,8110.45,0.743203,0.562293,0.686941,10.4462,8.86121,0.0741039,0.448775,0.957278,3.86288,3.86288,2442.4,2442.4,2955.44,-3293.88,335.673,0.689898,0.854788,0.586435,9,1,176,175,-3293.88,1,1,0,3.10561,3.10561,2632.9,2632.9,13808.6,7366.56,290.917,0.6,0.853811,0.546822,0,0,210,209,7366.56,1,1,0,2.70262,2.70262,2327.3,2327.3,17163.7,11181.6,223.684,0.683059,0.851801,0.526937,9,1,205,204,11181.6,1,1,0,2.79985,2.79985,2246.48,2246.48,15983.3,10124.2,223.684,0.569467,0.851801,0.532112,0,1,193,192,10124.2,1,1,0
804,0.337808,13.2336,0.00604334,5115.23,14194.8,6261.74,0.944869,6.20255,11.3576,1.89666,66.8256,2.06855e+06,8242.46,0.707054,0.5867,0.705013,5.04723,3.14274,0.0775645,0.0424759,0.972519,4.02983,4.02983,2341.22,2341.22,-10211.6,-17518.9,335.673,0.623381,0.822123,0.551983,3,1,225,224,-17518.9,1,1,0,3.88797,3.88797,2103.09,2103.09,-9041.61,-16357.1,290.917,0.6,0.820861,0.543949,0,0,208,207,-16357.1,1,1,0,2.84079,2.84079,2214.1,2214.1,3406.18,-3769.08,223.684,0.623042,0.818281,0.465721,3,1,255,254,-3769.08,1,1,0,2.94027,2.94027,2139.19,2139.19,2133.01,-4932.35,223.684,0.519449,0.818281,0.474376,0,1,241,240,-4932.35,1,1,0
805,0.343116,11.8957,0.0472343,6229.7,13409.8,3097.17,1.0737,4.62048,7.1562,1.2073,70.3646,2.11699e+06,8484.9,0.689048,0.797649,0.920824,18.7541,8.27713,0.0785069,2.90329,1.57492,7.07706,10.1258,1333.14,931.748,-31134.1,-44684.2,335.673,0.328567,0.982982,0.343833,0,0,159,120,-35131.4,1,0,0,7.56704,11.0023,1080.58,743.189,-36945.1,-50283,290.917,0.225884,0.982805,0.344615,0,0,129,96,-40730.2,1,0,0,4.42282,6.94238,1422.13,906.002,-5135.8,-18778.7,223.684,0.6,0.982445,0.343117,0,0,216,174,-9225.94,1,0,0,4.42282,6.94238,1422.13,906.002,-5135.8,-18921.2,223.684,0.5,0.982445,0.343117,0,0,216,174,-9141.01,1,0,0
806,0.507929,14.2606,0.19983,6888.46,11684,5958.76,1.03806,2.07803,14.2831,0.900503,71.2692,1.22573e+06,9027.18,0.631429,0.546445,0.838165,13.8411,8.4558,0.0854899,1.89859,1.17222,6.95152,10.3346,1357.22,912.925,-11466.4,-30300.3,335.673,0.647344,0.942322,0.564442,8,1,141,131,-18289.3,1,0,0,5.68048,8.56412,1439.45,954.768,-69.4077,-19289.4,290.917,0.6,0.94186,0.532953,0,0,156,148,-7278.41,1,0,0,4.01959,6.33338,1564.79,993.121,13279.6,-5789.59,223.684,0.678128,0.9409,0.511628,8,1,193,174,6221.36,1,0,0,4.22705,4.22705,1487.99,1487.99,11463.2,4548.43,223.684,0.560966,0.9409,0.513105,0,1,181,162,4548.43,1,1,0
807,0.351883,13.1738,0.188876,5622.68,14650.4,5836.72,0.91133,7.00351,14.2069,1.98155,31.0937,2.18933e+06,7426.83,0.636667,0.699264,0.853673,8.16137,10.4099,0.0726214,0.032498,1.63971,4.23029,5.25086,2230.27,1796.79,681.644,-9285.08,335.673,0.966073,0.847401,0.594099,10,1,226,225,-5819.77,1,0,0,4.31005,5.39901,1897.13,1514.49,-1545.59,-11364.1,290.917,0.6,0.846264,0.599915,0,0,196,195,-7898.75,1,0,0,3.11076,4.00821,2021.96,1569.23,9094.62,-960.988,223.684,0.679717,0.84394,0.514585,10,1,241,235,2504.32,1,0,0,3.23282,4.14662,1945.61,1516.85,7884.57,-2139.56,223.684,0.5667,0.84394,0.525198,0,1,227,221,1417.81,1,0,0
808,0.452188,15.178,0.280705,5423.84,10970.6,4353.69,0.988153,0.0865291,14.4866,1.13469,32.7342,2.0474e+06,9082.23,0.736725,0.718397,0.988698,8.78431,5.98067,0.0861318,1.47156,1.9129,7.33571,12.5716,1286.13,750.478,-21767,-37574.4,335.673,0.406491,0.949385,0.585535,0,0,162,144,-26953.9,1,0,0,48.6667,294.832,168.015,27.7336,-184466,-196162,290.917,2.78461e-05,0.948991,0.921401,0,0,22,8,-185542,1,0,0,3.98615,7.55858,1577.91,832.142,1889.21,-14090.9,223.684,0.65502,0.948163,0.463026,6,1,240,210,-3470.31,1,0,0,4.13937,7.78733,1519.51,807.698,715.172,-15259.4,223.684,0.543957,0.948163,0.46575,0,1,228,198,-4534.99,1,0,0
809,0.597532,18.7774,0.23945,5599.7,13516.5,7351.68,1.05355,1.81952,7.92953,1.05725,39.9182,2.14145e+06,8554.5,0.632256,0.635742,0.826693,6.8621,10.167,0.0742968,0.47261,1.10933,22.1719,37.6979,425.526,250.271,-115893,-126601,335.673,2.2588e-05,0.894895,0.85255,0,0,54,53,-122265,1,0,0,508.024,inf,16.0952,-47.6653,-361351,-360868,290.917,1.30677e-05,0.894347,0.893496,0,0,2,1,-356533,1,0,0,3.8232,6.21383,1645.17,1012.23,2430.72,-9568.01,223.684,0.000728472,0.893158,0.653667,0,0,270,269,-5232.2,1,0,0,3.8232,6.21383,1645.17,1012.23,2430.72,-9675.13,223.684,0.000728472,0.893158,0.653667,0,0,270,269,-5232.2,1,0,0
810,0.301202,19.9401,0.170327,5857.93,9175.55,6973.53,0.962179,3.22986,12.1695,0.552442,62.7609,1.8095e+06,8912.96,0.604846,0.818534,0.690957,18.5982,5.75755,0.0831408,2.41555,1.58342,5.03123,8.46422,1875.23,1114.66,-5415.19,-25637.3,335.673,0.646592,0.981221,0.30126,6,1,202,141,-13735,1,0,0,4.60316,7.85233,1776.34,1041.31,-1937,-22230.3,290.917,0.6,0.981098,0.30122,0,0,194,141,-10328,1,0,0,3.43494,6.7844,1831.13,927.099,7289,-12621,223.684,0.645239,0.980829,0.301202,6,1,249,184,-718.714,1,0,0,3.58393,6.98296,1755,900.737,5976.85,-13979.4,223.684,0.535655,0.980829,0.301203,0,1,234,169,-1917.78,1,0,0
811,0.304974,8.94492,0.0412669,5544.24,10000.5,4080.81,0.976312,4.68926,11.6301,0.767442,61.1975,1.04741e+06,8913.96,0.639934,0.522166,0.90148,8.45313,2.27123,0.0631555,0.0860463,1.12112,3.14172,4.12013,3003.04,2289.91,15308.4,-2273.32,335.673,0.607936,0.806215,0.451172,2,1,207,206,9807.14,1,0,0,2.59593,3.49675,3149.83,2338.39,22551.8,4723.92,290.917,0.6,0.804307,0.405217,0,0,239,238,16804.4,1,0,0,2.02952,2.91602,3099.16,2156.98,26312.6,8989.4,223.684,0.608781,0.800584,0.358629,2,1,286,285,21069.9,1,0,0,2.09217,2.96407,3006.36,2122.02,26262.2,8850.31,223.684,0.508249,0.800584,0.363905,0,1,267,266,21138.6,1,0,0
812,0.597925,12.6162,0.169222,5716.9,10366.6,2655.46,1.02592,4.48703,5.35604,1.71379,46.2582,1.04284e+06,9206.41,0.672083,0.810978,0.722748,19.1097,5.02987,0.0770851,1.11275,1.25141,6.9246,6.9246,1362.49,1362.49,-25152.6,-28588.5,335.673,0.670387,0.967491,0.623822,5,1,120,72,-28588.5,1,1,0,4.9731,4.9731,1644.2,1644.2,-3909.38,-7792.92,290.917,0.656752,0.967188,0.601706,5,1,147,106,-7792.92,1,1,0,4.39479,4.39479,1431.2,1431.2,1105.82,-2493.89,223.684,0.669202,0.966569,0.599602,5,1,151,96,-2493.89,1,1,0,4.61857,4.61857,1361.85,1361.85,-1235.84,-4706.54,223.684,0.556099,0.966569,0.600386,0,1,143,88,-4706.54,1,1,0
813,0.475392,10.1685,0.0184785,6240.44,8740.75,4041.52,0.911096,1.40653,7.65565,1.22404,78.6499,2.11298e+06,7586.76,0.657295,0.758413,0.853538,8.96467,1.09838,0.0733998,0.714085,0.952013,4.87985,4.87985,1933.4,1933.4,-10736.1,-15196.7,335.673,0.00470893,0.887626,0.662283,0,0,194,183,-15196.7,1,1,0,5.19094,5.19094,1575.2,1575.2,-16026.2,-20440.9,290.917,0.000555094,0.886545,0.677428,0,0,158,152,-20440.9,1,1,0,3.64942,3.64942,1723.51,1723.51,1902.02,-2652.97,223.684,0.600593,0.884403,0.598688,1,1,206,174,-2652.97,1,1,0,3.80246,3.80246,1654.14,1654.14,8.01106,-4473.28,223.684,0.506169,0.884403,0.608277,0,1,194,162,-4473.28,1,1,0
814,0.338073,12.2254,0.129265,5713.42,11512.6,3523.61,1.09339,0.838386,7.06767,1.93231,34.6553,1.51057e+06,8543.03,0.74037,0.702887,0.949033,16.9888,7.012,0.0651098,2.94262,1.91919,8.24165,13.5442,1144.76,696.587,-33454,-47491,335.673,0.116829,0.980529,0.341312,0,0,150,123,-37530.5,1,0,0,22.6098,50.9505,361.646,160.484,-113460,-126183,290.917,0.00840302,0.980332,0.72649,0,0,52,29,-116223,1,0,0,4.10927,7.47299,1530.64,841.673,-172.33,-14559.6,223.684,0.6,0.97993,0.338074,0,0,249,218,-4599.1,1,0,0,4.10927,7.47299,1530.64,841.673,-172.33,-14777.1,223.684,0.5,0.97993,0.338074,0,0,249,218,-4534.06,1,0,0
815,0.569191,11.4497,0.117078,5805.16,9345.82,5236.26,0.934896,1.77863,8.70809,0.625829,68.836,2.0857e+06,9218.06,0.662786,0.848949,0.816978,5.15678,10.624,0.0531156,0.234335,1.63515,4.36041,6.77077,2163.72,1393.45,-2661.02,-22290.4,335.673,0.00156721,0.914279,0.673653,0,0,201,165,-8424.14,1,0,0,4.4258,6.94432,1847.52,1177.47,-4874.66,-24482.1,290.917,0.000661706,0.913521,0.677968,0,0,171,142,-10615.9,1,0,0,3.3553,5.93589,1874.59,1059.62,5875.93,-13762.3,223.684,0.703045,0.911998,0.628721,11,1,218,159,103.876,1,0,0,3.41149,5.99604,1843.71,1048.99,5261.96,-14475.2,223.684,0.644072,0.911998,0.631491,5,1,212,153,-476.633,1,0,0
816,0.564114,10.0944,0.128344,5165.16,12439.3,7093.72,0.905334,2.78967,14.5305,1.42392,54.0439,1.83082e+06,8838.41,0.733358,0.580899,0.76,12.2491,11.2017,0.0755096,2.15967,1.50388,10.2405,10.2405,921.318,921.318,-51590.7,-59650.7,335.673,0.752534,0.985039,0.564259,11,1,129,73,-59650.7,1,1,0,6.90984,6.90984,1183.35,1183.35,-28319.9,-36621.5,290.917,0.665381,0.98486,0.564115,6,0,157,108,-36621.5,1,1,0,5.76059,5.76059,1091.87,1091.87,-18364.2,-26283.1,223.684,0.740542,0.984505,0.564114,11,1,167,108,-26283.1,1,1,0,6.13115,6.13115,1025.88,1025.88,-21168,-28961.2,223.684,0.620027,0.984505,0.564114,2,1,158,99,-28961.2,1,1,0
817,0.46086,17.1689,0.0839478,6743.29,9330.65,6851.69,0.901065,0.11243,13.456,1.57998,50.9417,1.06877e+06,7593.17,0.689199,0.82031,0.851441,10.5382,4.01726,0.0504878,1.43408,0.659167,13.6749,13.6749,689.927,689.927,-62166.6,-69080.3,335.673,5.63904e-05,0.955281,0.806209,0,0,101,53,-69080.3,1,1,0,34.2784,34.2784,238.54,238.54,-139461,-144762,290.917,2.83661e-05,0.954966,0.915934,0,0,41,1,-144762,1,1,0,4.95136,4.95136,1270.32,1270.32,-672.106,-8327.69,223.684,0.622949,0.954292,0.498472,4,1,220,159,-8327.69,1,1,0,5.28388,5.28388,1190.38,1190.38,-3099.51,-10579.1,223.684,0.520444,0.954292,0.51109,0,1,204,143,-10579.1,1,1,0
818,0.486538,13.9555,0.205749,5824.62,8864.54,4029.15,0.979911,5.53965,7.93425,1.43177,31.2782,1.32714e+06,8627.93,0.678619,0.57511,0.694433,10.0188,2.37336,0.0694915,2.44947,0.97083,3.76471,3.76471,2506.09,2506.09,15414.3,10081.4,335.673,0.622484,0.981327,0.486538,2,1,188,143,10081.4,1,1,0,2.92513,2.92513,2795.35,2795.35,25514.5,19963.6,290.917,0.617021,0.98116,0.486538,2,1,221,182,19963.6,1,1,0,2.62039,2.62039,2400.33,2400.33,25101.1,20016.4,223.684,0.620354,0.980814,0.486538,2,1,217,170,20016.4,1,1,0,2.72008,2.72008,2312.37,2312.37,24067.2,19078.8,223.684,0.510372,0.980814,0.486538,0,1,206,159,19078.8,1,1,0
819,0.381956,19.0309,0.252283,5683.07,14783.6,4642.99,1.07685,1.98182,10.3003,1.29482,66.39,2.20174e+06,8999.76,0.624029,0.896178,0.757647,19.8823,3.41059,0.0685327,0.642734,1.72582,46.8859,104.343,201.227,90.4206,-199755,-207821,335.673,2.32651e-05,0.875965,0.860634,0,0,26,25,-200968,1,0,0,530.519,inf,15.4127,-46.0902,-358665,-358076,290.917,1.82884e-05,0.875273,0.874598,0,0,2,1,-351223,1,0,0,3.86953,6.26139,1625.47,1004.54,2632.62,-9173.49,223.684,0.0507371,0.873767,0.621151,0,0,275,274,-2320.35,1,0,0,3.86953,6.26139,1625.47,1004.54,2632.62,-9265.37,223.684,0.0507371,0.873767,0.621151,0,0,275,274,-2320.35,1,0,0
820,0.315156,8.39111,0.230555,5248.66,12607.7,2682.71,1.06395,2.81124,6.92266,1.36745,68.5788,779374,7949.72,0.640655,0.513106,0.82645,15.813,13.7883,0.0816877,2.56589,1.87277,7.17117,10.1674,1315.64,927.941,-19580.5,-30694.2,335.673,0.217155,0.974395,0.315631,0,0,154,132,-22978.1,1,0,0,8.40813,12.2097,972.482,669.695,-28765.5,-39644.1,290.917,0.118512,0.974038,0.317604,0,0,114,95,-31928.1,1,0,0,3.87047,5.99809,1625.07,1048.64,4899.98,-6475.42,223.684,0.6,0.97334,0.315156,0,0,246,221,1240.62,1,0,0,3.87047,5.99809,1625.07,1048.64,4899.98,-6643.99,223.684,0.5,0.97334,0.315156,0,0,246,221,1315.67,1,0,0
821,0.47837,8.80374,0.188326,6233.21,14555.2,5220.82,1.08241,2.67921,7.77434,1.53432,45.9479,1.82188e+06,8664.99,0.730075,0.721279,0.738953,8.83667,5.05734,0.0993714,2.8511,1.9951,10.6525,16.1921,885.678,582.673,-43751.1,-57171.7,335.673,0.530433,0.985841,0.480181,0,0,122,88,-49991.2,1,0,0,15.5942,26.0311,524.347,314.115,-71963.7,-84514.6,290.917,0.226723,0.98565,0.512982,0,0,76,46,-77334.1,1,0,0,5.94692,9.48955,1057.66,662.814,-10422,-23843.8,223.684,0.660734,0.985273,0.478372,5,1,171,134,-16663.3,1,0,0,6.21296,9.89285,1012.37,635.794,-12460.3,-25824,223.684,0.548466,0.985273,0.478374,0,1,162,125,-18574.8,1,0,0
822,0.388427,12.8393,0.161503,6646.01,11429.2,2816.84,1.00676,4.09464,5.65003,1.7949,55.8481,2.21817e+06,9080.82,0.716994,0.567207,0.66374,16.2866,6.5807,0.0929001,0.639323,1.46886,4.04012,5.41475,2335.25,1742.41,12793.4,-5986.16,335.673,0.667225,0.832151,0.563328,7,1,191,190,8695.07,1,0,0,3.06383,4.19859,2668.81,1947.5,24188.1,5152.58,290.917,0.6,0.830937,0.499446,0,0,238,237,19833.8,1,0,0,2.46179,3.52386,2554.97,1784.92,27433.6,8734.34,223.684,0.641932,0.828467,0.456731,7,1,260,259,23415.6,1,0,0,2.57464,3.64723,2442.99,1724.54,26587.4,7893.55,223.684,0.533546,0.828467,0.465228,0,1,241,240,22733.4,1,0,0
823,0.499086,8.96333,0.00932525,5167.18,8233.82,7193.03,0.989749,6.8784,11.4261,1.00452,60.3221,906220,8447.73,0.667114,0.66319,0.854799,6.94353,1.98315,0.0987542,0.728234,1.46168,4.02883,5.19284,2341.8,1816.87,-8291.94,-26773.6,335.673,0.618871,0.883069,0.608625,2,1,123,91,-16321.1,1,0,0,3.05115,4.01775,2679.89,2035.16,11804.1,-7170.75,290.917,0.612313,0.881846,0.556609,2,1,157,131,3281.76,1,0,0,2.63886,3.65364,2383.53,1721.52,16579.8,-2126.63,223.684,0.615521,0.879456,0.537818,2,1,166,119,8325.88,1,0,0,2.76293,3.79727,2276.5,1656.4,14573.8,-4115.98,223.684,0.508866,0.879456,0.544121,0,1,154,107,6445.78,1,0,0
824,0.550874,11.1528,0.21688,5354.34,12020.6,6834.67,0.977172,1.19512,11.5692,1.18948,48.3823,1.15799e+06,7788.37,0.736353,0.559179,0.790437,18.8889,11.2613,0.0975469,2.891,0.187751,17.6973,17.6973,533.115,533.115,-71155.1,-78135.6,335.673,0.224554,0.983744,0.575068,0,0,88,50,-78135.6,1,1,0,63.9387,63.9387,127.884,127.884,-150927,-155813,290.917,2.54663e-05,0.983567,0.929723,0,0,33,1,-155813,1,1,0,5.56736,5.56736,1129.76,1129.76,-7551.18,-15339.7,223.684,0.71819,0.983209,0.550874,11,1,197,156,-15339.7,1,1,0,5.83863,5.83863,1077.27,1077.27,-9253.02,-16923.9,223.684,0.602963,0.983209,0.550874,1,1,187,146,-16923.9,1,1,0
825,0.305448,19.8324,0.163495,5356.35,11908.3,3570.94,0.909284,2.72582,13.385,1.45386,60.7791,1.57052e+06,8499.36,0.722877,0.57753,0.786714,11.3958,6.83037,0.0537056,1.30238,1.50308,4.98934,7.25976,1890.97,1299.59,-8004.01,-21913.7,335.673,0.540605,0.919878,0.402812,0,0,216,200,-12915.6,1,0,0,6.27654,9.33474,1302.75,875.949,-21139.3,-34609,290.917,0.39237,0.919402,0.491229,0,0,148,135,-25610.9,1,0,0,3.07209,4.98815,2047.4,1260.95,7444.4,-6199.58,223.684,0.6384,0.918355,0.316443,7,1,300,270,2798.57,1,0,0,3.18728,5.1107,1973.41,1230.71,6582.87,-7079.35,223.684,0.535945,0.918355,0.319132,0,1,282,252,2048.7,1,0,0
826,0.478714,10.5075,0.0812223,6175.85,8104.83,5996.84,1.0819,5.53623,13.7155,0.971324,51.7064,2.01565e+06,8576.01,0.616813,0.524392,0.998884,7.85994,2.13617,0.0640974,2.50573,0.693483,3.62598,3.62598,2601.98,2601.98,12992.1,5497.31,335.673,0.616586,0.980119,0.478714,2,1,168,138,5497.31,1,1,0,2.78034,2.78034,2940.92,2940.92,26016,18256.4,290.917,0.613423,0.979891,0.478714,2,1,210,184,18256.4,1,1,0,2.4273,2.4273,2591.27,2591.27,27114.6,19894.7,223.684,0.614804,0.979435,0.478714,2,1,210,179,19894.7,1,1,0,2.51058,2.51058,2505.32,2505.32,26182.9,19078.9,223.684,0.509508,0.979435,0.478714,0,1,198,167,19078.9,1,1,0
827,0.369384,10.3774,0.0983526,6749.2,14028.7,5340.1,0.999235,0.353851,6.60059,0.768174,73.9035,1.50977e+06,8205.71,0.69089,0.503201,0.689124,9.09231,7.14824,0.0648494,2.52729,1.72925,86.8348,1082.99,108.651,8.71175,-245407,-253962,335.673,1.21286e-05,0.975029,0.944856,0,0,23,1,-246349,1,0,0,92.4954,inf,88.4018,-4.17661,-235239,-243573,290.917,1.19235e-05,0.97474,0.947654,0,0,19,1,-235960,1,0,0,5.14904,9.14572,1221.55,687.733,-3009.92,-16877.5,223.684,0.6,0.974162,0.36939,0,0,245,218,-9264.86,1,0,0,5.14904,9.14572,1221.55,687.733,-3009.92,-16930.8,223.684,0.5,0.974162,0.36939,0,0,245,218,-9183.7,1,0,0
828,0.562167,14.8837,0.280682,5880.13,12339.8,6506.79,0.991013,6.63983,12.4304,1.94925,65.9257,839394,8759.23,0.719826,0.787722,0.703961,7.32723,10.2726,0.053551,0.932558,0.0225016,4.71986,4.71986,1998.94,1998.94,10189.9,2713.82,335.673,1,0.904801,0.685601,10,1,159,142,2713.82,1,1,0,4.05934,4.05934,2014.31,2014.31,16104.9,8599.84,290.917,0.728077,0.90415,0.656997,10,0,171,159,8599.84,1,1,0,3.64453,3.64453,1725.82,1725.82,17470.8,10071.3,223.684,0.734273,0.902795,0.63903,10,1,166,129,10071.3,1,1,0,3.78795,3.78795,1660.48,1660.48,16206.2,8928.57,223.684,0.611718,0.902795,0.646056,1,1,157,120,8928.57,1,1,0
829,0.376099,13.976,0.187309,5711.23,13212.8,4878.26,1.00303,7.6946,6.34708,0.792093,35.525,940776,8266.67,0.721252,0.681384,0.956692,18.9584,7.14949,0.0923325,0.536355,1.86877,3.09581,3.87914,3047.58,2432.17,21737,9076.01,335.673,0.633869,0.849253,0.515434,5,0,262,261,15516.5,1,0,0,3.13155,3.94701,2611.08,2071.63,20323.4,7821.22,290.917,0.503722,0.848196,0.519801,0,0,226,225,14261.7,1,0,0,2.42058,3.21049,2598.47,1959.14,23717.2,11355.3,223.684,0.6,0.846018,0.459916,0,0,277,276,17795.8,1,0,0,2.42058,3.21049,2598.47,1959.14,23717.2,11204.7,223.684,0.5,0.846018,0.459916,0,0,277,276,17889.6,1,0,0
830,0.483231,14.9653,0.142774,6469.88,11457.4,3458.86,1.05883,4.8611,8.73715,0.8491,69.9802,1.31392e+06,9154.81,0.613701,0.518237,0.695592,9.5884,13.5922,0.0947665,1.09959,0.967762,4.6294,4.6294,2038,2038,5856.61,927.376,335.673,0.756091,0.936191,0.494124,14,1,164,151,927.376,1,1,0,3.51668,3.51668,2325.14,2325.14,19111,14030.1,290.917,0.708275,0.935704,0.485065,12,0,204,193,14030.1,1,1,0,3.08232,3.08232,2040.61,2040.61,21308.6,16667.9,223.684,0.744636,0.934688,0.483934,14,1,199,178,16667.9,1,1,0,3.20505,3.20505,1962.47,1962.47,20020.4,15510.8,223.684,0.624727,0.934688,0.484206,3,1,188,167,15510.8,1,1,0
831,0.466062,12.5208,0.186277,6428.04,12328.8,5699.22,0.944894,7.65207,10.1554,1.42803,46.8753,1.23381e+06,8983.25,0.633692,0.875588,0.971168,7.14276,12.3316,0.0802487,1.77571,0.255912,4.86662,4.86662,1938.66,1938.66,4952.18,-2052.04,335.673,0.729855,0.959816,0.492449,12,1,179,112,-2052.04,1,1,0,4.3669,4.3669,1872.44,1872.44,9638.16,2577.91,290.917,0.6,0.959436,0.481048,0,0,176,118,2577.91,1,1,0,3.46628,3.46628,1814.57,1814.57,14767.6,8070.51,223.684,0.721778,0.958662,0.469629,12,1,223,148,8070.51,1,1,0,3.55504,3.55504,1769.26,1769.26,14158.1,7560.6,223.684,0.611396,0.958662,0.470359,2,1,213,138,7560.6,1,1,0
832,0.41885,17.9211,0.124123,5536.77,9802.29,2901.4,1.04198,3.30449,5.4947,0.616052,76.7784,1.07952e+06,9009.54,0.661956,0.766244,0.885186,17.1935,7.69249,0.0945495,1.49126,1.202,4.13102,6.16952,2283.87,1529.25,2400.32,-15385.1,335.673,0.569222,0.948478,0.439209,0,0,213,186,-1900.79,1,0,0,4.24915,6.41035,1924.33,1275.55,239.06,-17367.2,290.917,0.455258,0.948132,0.443159,0,0,179,157,-3882.91,1,0,0,2.99631,5.17669,2099.18,1215.03,11474.5,-6048.09,223.684,0.6,0.947384,0.421649,0,0,258,222,7436.24,1,0,0,2.99631,5.17669,2099.18,1215.03,11474.5,-6224.07,223.684,0.521445,0.947384,0.421649,0,0,258,222,7552.95,1,0,0
833,0.503286,9.66297,0.141055,5382.3,14816.3,5422.94,1.04215,3.32025,6.56764,0.551071,60.1686,2.01019e+06,8452.15,0.637745,0.605709,0.834857,8.19889,13.2266,0.0857185,2.21039,1.38407,9.3256,13.5835,1011.7,694.571,-45256.9,-56066.7,335.673,0.346628,0.98375,0.503552,0,0,136,103,-51382.4,1,0,0,14.0705,22.201,581.126,368.306,-75751.4,-85850,290.917,0.124877,0.983549,0.514599,0,0,82,54,-81165.7,1,0,0,4.757,7.40647,1322.22,849.231,-8562.08,-19651.9,223.684,0.726457,0.983149,0.503286,13,1,220,185,-14967.6,1,0,0,4.91816,7.6031,1278.89,827.269,-9976.2,-21041.5,223.684,0.61158,0.983149,0.503286,2,1,209,174,-16259.7,1,0,0
834,0.517731,13.1407,0.0870928,5736.4,10805,3563.52,1.06991,0.849991,7.71116,0.59602,31.3789,790323,7792.7,0.616341,0.675478,0.74744,6.41226,11.548,0.0720277,1.64643,1.5596,8.78488,13.9253,1073.97,677.525,-37736,-51700.9,335.673,0.000262719,0.953688,0.641393,0,0,135,127,-41624.7,1,0,0,113.508,inf,72.0369,-17.3024,-289750,-295772,290.917,1.29167e-05,0.953279,0.942799,0,0,9,4,-285696,1,0,0,4.17473,7.16787,1506.64,877.5,850.984,-13709,223.684,0.736425,0.952439,0.522577,12,1,234,216,-3632.81,1,0,0,4.31011,7.3389,1459.32,857.051,-216.6,-14764.5,223.684,0.610479,0.952439,0.523724,1,1,223,205,-4584.56,1,0,0
835,0.470081,16.2771,0.131956,6487.42,9136.29,5924.68,0.901737,0.283575,6.27542,0.684895,66.7181,1.99402e+06,8848.84,0.69432,0.695707,0.775816,15.0259,5.78751,0.0574932,2.41654,1.4037,6.29924,13.2277,1497.75,713.253,-13419.2,-35286.5,335.673,0.499839,0.983667,0.470095,0,0,210,145,-20342.6,1,0,0,7.63858,17.5158,1070.45,466.821,-24730.3,-46273.6,290.917,0.280344,0.98354,0.470252,0,0,155,99,-31329.7,1,0,0,3.77245,9.61951,1667.3,653.86,5117.86,-16683.6,223.684,0.633561,0.983269,0.470081,6,1,283,215,-1739.68,1,0,0,3.94333,9.91287,1595.05,634.51,3781.68,-18075.5,223.684,0.532603,0.983269,0.470081,0,1,267,199,-2967.81,1,0,0
836,0.527527,18.4188,0.205678,6342.65,8391.41,6640.22,0.934079,1.95603,14.341,1.1438,36.5367,2.13252e+06,7537.84,0.676121,0.727971,0.939084,5.11109,11.0283,0.0979248,0.311814,1.10675,3.90477,5.89032,2416.2,1601.73,12065.1,-7527.13,335.673,0.638827,0.888727,0.633211,1,0,241,236,4740.41,1,0,0,4.15756,6.36357,1966.72,1284.93,7616.4,-11824.9,290.917,0.139484,0.888115,0.646658,0,0,197,196,442.677,1,0,0,3.13904,5.14747,2003.74,1221.92,15336.6,-4269.08,223.684,0.704153,0.886794,0.594798,11,1,234,208,7998.46,1,0,0,3.23892,5.26992,1941.95,1193.53,14427.5,-5182.91,223.684,0.595303,0.886794,0.60026,0,1,223,197,7177.99,1,0,0
837,0.595025,12.4349,0.0119826,6290.14,12453.2,3047.62,0.994209,3.82503,7.88319,1.74389,73.8634,1.69517e+06,8435.15,0.623248,0.84298,0.670127,17.4863,7.57608,0.0846139,1.31728,0.163888,7.32234,7.32234,1288.48,1288.48,-33222.9,-36681.9,335.673,0.00566279,0.968464,0.631406,0,0,154,105,-36681.9,1,1,0,7.94286,7.94286,1029.45,1029.45,-39883.8,-43258,290.917,0.000699304,0.968165,0.647348,0,0,123,82,-43258,1,1,0,4.69165,4.69165,1340.64,1340.64,-6585.03,-10261.5,223.684,0.6,0.967556,0.598181,0,0,209,152,-10261.5,1,1,0,4.69165,4.69165,1340.64,1340.64,-6585.03,-10234.2,223.684,0.5,0.967556,0.598181,0,0,209,152,-10234.2,1,1,0
838,0.425782,14.8129,0.238508,6584.18,14883.7,4501.34,1.07011,4.06146,10.0117,1.01296,77.4165,1.68803e+06,7505.96,0.687957,0.73596,0.918992,13.4406,8.00845,0.0677092,0.0481883,1.7258,11.9741,16.4722,787.924,572.765,-48344.9,-59261.2,335.673,4.40829e-05,0.868439,0.790254,0,0,99,98,-52921.6,1,0,0,109.502,661.407,74.672,12.3627,-266485,-270202,290.917,1.99156e-05,0.86755,0.860869,0,0,9,8,-263863,1,0,0,4.61798,6.46667,1362.03,972.65,4008.21,-7313.47,223.684,0.651187,0.865699,0.643566,8,1,205,204,-973.875,1,0,0,4.70664,6.58264,1336.37,955.514,3339.13,-8055.7,223.684,0.617035,0.865699,0.647889,3,1,200,199,-1607.53,1,0,0
839,0.454375,8.82968,0.0848939,5591.37,14270.6,6167.61,1.09302,1.7406,14.9653,1.1413,64.7628,973527,8456.84,0.609302,0.89149,0.939737,8.70228,7.76807,0.05643,0.362421,1.96681,11.2211,16.382,840.799,575.919,-59537.8,-70639.3,335.673,7.60175e-05,0.899467,0.816622,0,0,104,103,-65780.7,1,0,0,57.4512,156.058,142.325,52.3957,-232519,-238624,290.917,3.26146e-05,0.898334,0.885521,0,0,17,16,-233765,1,0,0,4.49926,6.98444,1397.97,900.546,-3296.92,-14637.7,223.684,0.000156438,0.896116,0.660483,0,0,223,222,-9779.04,1,0,0,4.49926,6.98444,1397.97,900.546,-3296.92,-14708.1,223.684,0.000156438,0.896116,0.660483,0,0,223,222,-9779.04,1,0,0
840,0.303741,10.0438,0.204768,5703.82,12914.7,3318.52,1.01897,4.90245,10.6664,1.40038,56.6436,1.60248e+06,8771.84,0.657456,0.790724,0.897088,12.1039,11.4478,0.0899485,0.994522,1.55601,4.327,5.63408,2180.43,1674.58,3934.75,-9521.49,335.673,1,0.855938,0.605905,11,1,191,190,-221.903,1,0,0,3.90603,5.16044,2093.37,1584.51,7727.06,-5749.09,290.917,0.6,0.854524,0.578055,0,0,192,191,3550.49,1,0,0,3.00169,4.1206,2095.42,1526.43,15129.6,1544.14,223.684,0.676066,0.851726,0.499975,11,1,222,221,10843.7,1,0,0,3.12705,4.25795,2011.42,1477.19,14030.8,435.689,223.684,0.568121,0.851726,0.512997,0,1,207,206,9910.3,1,0,0
841,0.538809,8.82966,0.192818,5169.31,14934.2,5332.62,0.942427,1.44965,9.11496,0.953217,60.1032,1.31276e+06,8238.4,0.718878,0.895407,0.669077,8.93622,12.9415,0.0901007,2.70454,0.0694844,51.0558,51.0558,184.792,184.792,-106715,-111631,335.673,2.82586e-05,0.989857,0.930196,0,0,72,1,-111631,1,1,0,51.5516,51.5516,158.613,158.613,-104684,-109477,290.917,2.73027e-05,0.989719,0.932563,0,0,62,1,-109477,1,1,0,10.0344,10.0344,626.824,626.824,-25995.3,-32028.9,223.684,0.779244,0.989449,0.539264,13,1,163,89,-32028.9,1,1,0,10.7242,10.7242,586.504,586.504,-28501.5,-34399.4,223.684,0.649663,0.989449,0.53972,4,1,154,80,-34399.4,1,1,0
842,0.456069,16.7346,0.195788,6654.86,13059.8,5859.19,0.936917,2.60969,14.2979,1.14881,51.4428,1.09357e+06,8233.81,0.733507,0.7203,0.909929,12.9929,5.15373,0.0771505,1.14047,1.5114,8.33133,12.3619,1132.44,763.211,-21308.1,-36127.9,335.673,0.608628,0.949336,0.634365,3,0,145,115,-27998.6,1,0,0,27.1055,52.8544,301.664,154.703,-115921,-128726,290.917,3.41021e-05,0.948975,0.890041,0,0,41,16,-120597,1,0,0,4.52825,7.23601,1389.02,869.237,5900.33,-9137.65,223.684,0.63581,0.948206,0.478319,5,1,219,176,-1008.35,1,0,0,4.72493,7.51347,1331.2,837.138,4532.36,-10451,223.684,0.536441,0.948206,0.483685,0,1,207,164,-2246.01,1,0,0
843,0.422388,11.4567,0.182439,6140.18,10374.8,4273.97,1.02789,1.56568,7.22498,1.07947,34.1791,1.62499e+06,7645.59,0.636785,0.77138,0.903107,13.5747,9.34497,0.0999979,0.8204,0.539282,4.97334,4.97334,1897.06,1897.06,-987.675,-5732.51,335.673,0.000898236,0.875983,0.660649,0,0,213,212,-5732.51,1,1,0,5.98287,5.98287,1366.69,1366.69,-11768,-16445.8,290.917,6.08869e-05,0.874909,0.701213,0,0,154,153,-16445.8,1,1,0,3.24472,3.24472,1938.48,1938.48,11967.5,7076.5,223.684,0.663682,0.872751,0.557061,9,1,265,264,7076.5,1,1,0,3.36901,3.36901,1866.96,1866.96,11055.6,6250.58,223.684,0.553129,0.872751,0.566706,0,1,249,248,6250.58,1,1,0
844,0.328222,16.6849,0.287731,5629.1,12208.5,6659.91,0.942014,5.57331,6.79501,1.01283,76.4422,751786,8003.7,0.728926,0.795159,0.654583,16.5752,9.16932,0.069321,2.01237,1.9242,6.28613,9.31304,1500.88,1013.07,-5687.81,-18754.1,335.673,0.444712,0.981764,0.328635,0,0,192,129,-13478,1,0,0,6.792,10.2501,1203.88,797.72,-9481.53,-22372.1,290.917,0.319286,0.981624,0.329196,0,0,155,101,-17096,1,0,0,4.16108,6.9306,1511.58,907.542,6656.97,-6275.55,223.684,0.6,0.981326,0.328224,0,0,248,182,-999.445,1,0,0,4.16108,6.9306,1511.58,907.542,6656.97,-6349.01,223.684,0.5,0.981326,0.328224,0,0,248,182,-901.968,1,0,0
845,0.566897,8.79678,0.152503,5217.98,8558.37,5053.29,1.01062,4.13258,10.3536,1.08259,46.4593,1.16462e+06,8288.55,0.733764,0.801899,0.962299,11.9913,12.5375,0.0971032,2.11041,0.127015,6.79961,6.79961,1387.54,1387.54,-27097.7,-33549,335.673,0.789371,0.989399,0.566897,13,1,142,85,-33549,1,1,0,5.22222,5.22222,1565.76,1565.76,-11854.9,-18404.9,290.917,0.6,0.989255,0.566897,0,0,160,110,-18404.9,1,1,0,4.16963,4.16963,1508.48,1508.48,-1833.51,-7938.05,223.684,0.749732,0.988972,0.566897,13,1,185,126,-7938.05,1,1,0,4.32586,4.32586,1454,1454,-3348.66,-9335.31,223.684,0.637276,0.988972,0.566897,4,1,176,117,-9335.31,1,1,0
846,0.418502,18.3506,0.219696,6393.6,9551.78,5634.97,1.06696,5.88881,9.27302,0.516677,45.6424,1.73406e+06,9127.12,0.691032,0.509772,0.696269,16.7996,6.81375,0.0815131,1.44399,0.184517,3.06536,3.06536,3077.85,3077.85,35403.7,28079.9,335.673,0.667751,0.925658,0.420438,7,1,204,190,28079.9,1,1,0,2.48636,2.48636,3288.65,3288.65,40234.9,32780.7,290.917,0.634853,0.92519,0.418844,5,0,242,230,32780.7,1,1,0,2.23839,2.23839,2809.97,2809.97,38288.2,31400,223.684,0.661474,0.924177,0.418637,7,1,231,209,31400,1,1,0,2.30708,2.30708,2726.3,2726.3,37975.7,31195.2,223.684,0.553713,0.924177,0.418686,0,1,219,197,31195.2,1,1,0
847,0.504774,18.0264,0.211635,6439.13,10922.8,3204.36,0.977964,0.457985,12.9699,1.82939,39.5662,1.43256e+06,9195.96,0.747327,0.55099,0.986274,6.03866,3.47209,0.0868211,0.865556,0.362741,4.84652,4.84652,1946.7,1946.7,4628.37,416.77,335.673,0.587117,0.856972,0.641785,0,0,235,234,416.77,1,1,0,11.7729,11.7729,694.539,694.539,-50511.9,-53659,290.917,0.000277167,0.856227,0.769491,0,0,83,82,-53659,1,1,0,3.28444,3.28444,1915.03,1915.03,15028.9,10868.1,223.684,0.618513,0.854624,0.57423,3,1,264,263,10868.1,1,1,0,3.44705,3.44705,1824.69,1824.69,13767.4,9723.31,223.684,0.515173,0.854624,0.582209,0,1,248,247,9723.31,1,1,0
848,0.344812,9.06714,0.0708803,6290.72,9412.73,2615.8,0.975694,3.4029,5.4201,1.96602,79.6204,968461,9307.16,0.636926,0.591089,0.67477,18.8201,3.64012,0.0958539,0.905431,1.50632,4.47675,6.12099,2107.49,1541.37,3786.7,-17365.4,335.673,0.641394,0.832871,0.575104,4,1,140,139,384.13,1,0,0,2.84432,4.03445,2874.77,2026.73,28092.4,6187.24,290.917,0.6,0.831191,0.458021,0,0,223,222,23936.7,1,0,0,2.19858,3.36811,2860.85,1867.46,31652.1,9982.99,223.684,0.616432,0.827903,0.405521,4,1,270,263,27732.5,1,0,0,2.28284,3.43154,2755.25,1832.94,31653.7,9866.83,223.684,0.51724,0.827903,0.412639,0,1,249,242,27885.9,1,0,0
849,0.588465,8.28508,0.0849918,5459.52,14674.5,2753.74,0.907228,7.73567,11.1773,1.79374,77.1282,751977,7600.53,0.610346,0.608598,0.733317,7.78263,1.66659,0.0915576,0.556638,1.30281,5.6244,6.98248,1677.46,1351.2,-16604.5,-25891.2,335.673,9.88839e-05,0.898683,0.694358,0,0,159,133,-19760.8,1,0,0,5.75743,7.19016,1420.21,1137.22,-18371,-27622.7,290.917,9.14266e-05,0.89757,0.699724,0,0,134,114,-21492.3,1,0,0,3.85699,5.1335,1630.76,1225.25,2167.01,-7036.18,223.684,0.000770933,0.89541,0.638463,0,0,208,164,-905.784,1,0,0,3.85699,5.1335,1630.76,1225.25,2167.01,-7036.18,223.684,0.000770933,0.89541,0.638463,0,0,208,164,-905.784,1,0,0
850,0.353533,8.67547,0.127205,6734.8,14969.2,7019.6,0.950817,0.428956,12.1068,0.508613,47.4716,1.15566e+06,7992.42,0.726516,0.862147,0.891585,17.5487,2.30947,0.0644334,1.08777,1.45447,95.8779,518.424,98.4034,18.1988,-264516,-270713,335.673,1.96486e-05,0.953458,0.942627,0,0,17,1,-265917,1,0,0,118.94,inf,68.747,-2.93771,-264083,-269506,290.917,1.89306e-05,0.952852,0.944547,0,0,12,1,-264710,1,0,0,8.59029,14.6096,732.2,430.527,-21285.8,-33413.6,223.684,0.603725,0.95166,0.664501,2,1,143,111,-28617.7,1,0,0,9.19011,15.691,684.411,400.855,-24724.1,-36886.3,223.684,0.57285,0.95166,0.692069,0,1,133,101,-31979.2,1,0,0
851,0.359863,18.2436,0.0833094,6447.08,10596.6,6913.21,1.03964,3.34703,14.7192,1.62633,43.0003,1.57359e+06,8325.83,0.67364,0.789041,0.698034,12.4195,4.91585,0.0933617,0.50476,0.707768,4.43154,4.43154,2128.99,2128.99,2879.2,-4757.13,335.673,1,0.858436,0.630114,5,1,199,198,-4757.13,1,1,0,4.14157,4.14157,1974.31,1974.31,5447.46,-2208.81,290.917,0.654825,0.857636,0.613748,5,1,191,190,-2208.81,1,1,0,3.72644,3.72644,1687.89,1687.89,8401.65,841.983,223.684,0.654342,0.85591,0.587591,5,1,173,172,841.983,1,1,0,3.89605,3.89605,1614.41,1614.41,6267.13,-1201.27,223.684,0.548383,0.85591,0.599502,0,1,164,163,-1201.27,1,1,0
852,0.557695,10.8164,0.110023,6275.58,12964.6,6537.96,0.972078,0.323186,6.45763,1.35965,70.2685,1.55182e+06,8683.49,0.651968,0.557313,0.714739,6.57076,2.33332,0.0769854,1.92877,1.75915,52.9731,160.689,178.104,58.7142,-226300,-236391,335.673,1.23564e-05,0.950866,0.918351,0,0,25,10,-228960,1,0,0,92.3614,inf,88.53,-4.12987,-269804,-277436,290.917,1.05809e-05,0.950359,0.934284,0,0,13,1,-270006,1,0,0,4.68931,8.35163,1341.31,753.124,-2248.06,-17074.2,223.684,0.610846,0.949343,0.561593,2,1,234,209,-9643.94,1,0,0,4.88584,8.6296,1287.35,728.865,-3758.47,-18565.6,223.684,0.509599,0.949343,0.562804,0,1,221,196,-11034.5,1,0,0
853,0.573775,14.5793,0.117288,6263.34,10854.4,3498.06,0.93166,1.17323,7.46243,0.641262,51.1305,946608,8805.6,0.608285,0.670542,0.65391,10.397,12.3242,0.0522414,2.68407,0.892512,7.55538,7.55538,1248.74,1248.74,-20373.8,-25013.5,335.673,0.737314,0.986562,0.57378,12,1,180,122,-25013.5,1,1,0,9.08861,9.08861,899.67,899.67,-30401.5,-34583.4,290.917,0.414996,0.986446,0.573836,0,0,135,85,-34583.4,1,1,0,4.85544,4.85544,1295.41,1295.41,-899.572,-5300.74,223.684,0.725755,0.986204,0.573775,12,1,216,155,-5300.74,1,1,0,5.09764,5.09764,1233.87,1233.87,-2637.43,-6927.18,223.684,0.607533,0.986204,0.573775,1,1,205,144,-6927.18,1,1,0
854,0.363644,13.1149,0.181159,6718.87,8976.56,5127.29,0.921154,3.70021,14.3244,1.89929,78.3894,1.67055e+06,8972.03,0.609694,0.597249,0.939268,18.775,5.70624,0.0836909,0.762759,0.268229,3.43661,3.43661,2745.35,2745.35,29777.2,23526.7,335.673,0.634859,0.831438,0.521731,6,1,192,191,23526.7,1,1,0,2.62691,2.62691,3112.69,3112.69,38207.3,31613.1,290.917,0.6,0.830226,0.457808,0,0,244,243,31613.1,1,1,0,2.16564,2.16564,2904.36,2904.36,38245.3,31993.8,223.684,0.631247,0.827752,0.42175,6,1,265,244,31993.8,1,1,0,2.24844,2.24844,2797.41,2797.41,38133.2,32001.3,223.684,0.52858,0.827752,0.428507,0,1,247,226,32001.3,1,1,0
855,0.44094,17.5463,0.065967,6761.92,10358.5,6480.59,0.919011,1.26011,11.3063,1.66433,75.0608,2.24839e+06,8391.75,0.613607,0.831945,0.663166,17.5207,5.79008,0.0749849,0.726645,1.53495,5.4348,8.46269,1735.98,1114.86,-9947.9,-28764.5,335.673,9.30858e-05,0.881776,0.698407,0,0,198,197,-16833.5,1,0,0,7.12687,11.4703,1147.31,712.863,-29691.5,-48360.4,290.917,6.42024e-05,0.881075,0.74767,0,0,130,129,-36429.3,1,0,0,3.33105,5.81471,1888.24,1081.71,9292.82,-9558.98,223.684,0.965314,0.879573,0.584371,6,1,269,256,2372.07,1,0,0,3.34572,5.82959,1879.96,1078.95,9163.72,-9728.33,223.684,0.805556,0.879573,0.585482,4,1,267,254,2263.86,1,0,0
856,0.520048,13.8668,0.241288,6163.92,9633.6,5873.35,1.03183,4.15004,5.38049,0.717944,67.9726,1.6273e+06,8513.17,0.627546,0.867119,0.871401,15.8347,10.8476,0.0768312,2.69446,1.05908,5.7704,9.35894,1635.02,1008.1,-5163.69,-24521.6,335.673,0.711754,0.98829,0.520049,11,1,181,125,-12504.2,1,0,0,5.55598,9.10483,1471.7,898.068,-4259.53,-23539.6,290.917,0.6,0.988183,0.520049,0,0,163,115,-11522.2,1,0,0,3.92562,7.4158,1602.25,848.164,7631.53,-11353.7,223.684,0.701725,0.987962,0.520048,11,1,227,169,663.674,1,0,0,4.05242,7.54035,1552.11,834.153,6716.07,-12341.1,223.684,0.589758,0.987962,0.520048,0,1,215,157,-135.145,1,0,0
857,0.56351,14.0079,0.131261,5842.2,10296.5,3077.61,1.02252,7.38185,5.77344,1.94606,34.4962,1.54146e+06,9321.14,0.74556,0.565716,0.853808,10.6977,4.91739,0.0705763,1.7041,1.18682,3.25421,4.23851,2899.23,2225.95,20782.4,1694.39,335.673,0.660013,0.950485,0.563672,5,1,190,156,16267.6,1,0,0,2.7644,3.68042,2957.87,2221.69,26591.9,7347.9,290.917,0.6,0.95008,0.563539,0,0,210,181,21921.1,1,0,0,2.43985,3.42054,2577.95,1838.83,26334.2,7569.44,223.684,0.649058,0.949241,0.563517,5,1,215,174,22142.6,1,0,0,2.49402,3.47363,2521.95,1810.73,25939.8,7145.56,223.684,0.549821,0.949241,0.56352,0,1,206,165,21842.4,1,0,0
858,0.413716,19.8691,0.211873,5747.05,9505.15,6977.71,1.0037,1.60326,12.8544,0.689298,65.1064,1.68395e+06,7880.06,0.642211,0.666628,0.828934,13.8319,10.2974,0.0532043,2.18933,0.770242,6.48415,6.48415,1455.04,1455.04,-15131.6,-23334.4,335.673,0.569788,0.980778,0.413824,0,0,186,146,-23334.4,1,1,0,8.20039,8.20039,997.118,997.118,-28901.3,-36635.7,290.917,0.292794,0.980653,0.415093,0,0,130,96,-36635.7,1,1,0,4.0776,4.0776,1542.53,1542.53,2249.05,-5774.73,223.684,0.677629,0.980378,0.413716,10,1,240,197,-5774.73,1,1,0,4.26287,4.26287,1475.49,1475.49,825.48,-7075.17,223.684,0.567394,0.980378,0.413716,0,1,226,183,-7075.17,1,1,0
859,0.455106,9.80155,0.0244327,6565.58,8786.42,3303.41,1.00007,0.857492,10.6747,1.18202,79.3627,2.06951e+06,9007.52,0.722557,0.881135,0.781305,8.48183,11.6915,0.0590107,2.6674,1.42144,9.37404,21.3678,1006.47,441.539,-48067.9,-71962.9,335.673,0.737556,0.987588,0.456286,12,1,134,74,-52671.4,1,0,0,7.33884,15.9338,1114.18,513.169,-31450.4,-55492.3,290.917,0.6,0.987434,0.455186,0,0,144,92,-36200.7,1,0,0,5.11436,12.7738,1229.83,492.399,-10276.2,-33915.2,223.684,0.719674,0.987129,0.455106,12,1,187,124,-14623.7,1,0,0,5.40357,13.5233,1164.01,465.11,-13022.6,-36634.9,223.684,0.606119,0.987129,0.455107,1,1,176,113,-17233.1,1,0,0
860,0.522515,17.9684,0.14099,6251.94,9522,3358.98,0.930627,6.60221,10.6542,0.738464,48.6646,2.169e+06,8823.64,0.602912,0.762836,0.754847,14.7177,5.68231,0.0878227,1.99492,0.0711359,5.48377,5.48377,1720.48,1720.48,-13029.1,-17159.4,335.673,0.640991,0.957485,0.548342,6,1,142,75,-17159.4,1,1,0,3.74178,3.74178,2185.26,2185.26,10262.4,5654.13,290.917,0.664845,0.9572,0.524959,6,1,183,125,5654.13,1,1,0,3.45797,3.45797,1818.93,1818.93,9731.82,5463.23,223.684,0.666762,0.956585,0.523955,6,1,185,110,5463.23,1,1,0,3.62939,3.62939,1733.02,1733.02,7505.27,3364.05,223.684,0.557205,0.956585,0.524629,0,1,175,100,3364.05,1,1,0
861,0.519341,8.621,0.00846586,5232.09,14340.3,7005.04,1.00012,3.68216,13.7987,0.725286,74.0785,811550,7680.18,0.648272,0.847239,0.984932,8.9141,7.21156,0.0617114,2.22738,0.982352,19.1357,19.1357,493.042,493.042,-88024.1,-95133,335.673,0.571865,0.988894,0.587274,0,0,95,39,-95133,1,1,0,40.4013,40.4013,202.388,202.388,-130777,-136867,290.917,4.82984e-05,0.98874,0.890286,0,0,54,6,-136867,1,1,0,8.12442,8.12442,774.186,774.186,-27835.5,-35680,223.684,0.683086,0.988439,0.519394,7,1,159,100,-35680,1,1,0,8.58583,8.58583,732.58,732.58,-30549.5,-38251.3,223.684,0.573021,0.988439,0.519448,0,1,150,91,-38251.3,1,1,0
862,0.534888,13.7318,0.202773,5348.79,8596.55,4923.08,0.911988,7.06089,7.41098,1.95171,50.4071,1.05749e+06,9252.98,0.735929,0.643077,0.924875,17.4351,5.18898,0.0813863,1.16084,0.854317,3.18845,3.18845,2959.03,2959.03,20694.4,14429.9,335.673,0.650504,0.953056,0.535183,5,1,204,136,14429.9,1,1,0,2.6999,2.6999,3028.54,3028.54,26033.2,19620.1,290.917,0.6,0.952659,0.534944,0,0,222,164,19620.1,1,1,0,2.3476,2.3476,2679.25,2679.25,24422.3,18470.2,223.684,0.636545,0.95184,0.5349,5,1,248,172,18470.2,1,1,0,2.41423,2.41423,2605.3,2605.3,24119.3,18259.3,223.684,0.531476,0.95184,0.534906,0,1,235,159,18259.3,1,1,0
863,0.47098,18.636,0.103113,6711.37,10273.3,4364.46,1.08517,2.44899,6.60431,1.35818,78.5662,923646,9110.71,0.627756,0.583881,0.972956,15.5675,6.50113,0.077093,2.8145,1.49296,4.55751,7.14545,2070.15,1320.38,6963.12,-13968.5,335.673,0.569262,0.98041,0.47098,0,0,220,192,1242.71,1,0,0,4.85224,7.72266,1685.15,1058.8,3072.59,-17624.2,290.917,0.41126,0.980275,0.47098,0,0,179,155,-2412.96,1,0,0,3.10314,5.63748,2026.92,1115.71,17293.6,-3434.02,223.684,0.639492,0.979983,0.47098,7,1,277,247,11777.2,1,0,0,3.20508,5.71928,1962.45,1099.76,16743.4,-4080.05,223.684,0.538115,0.979983,0.47098,0,1,261,231,11354.1,1,0,0
864,0.331385,15.9826,0.284776,6683.17,11699.1,5268.28,0.911606,5.02026,11.1381,0.888762,62.6796,1.90853e+06,8959.01,0.642604,0.776521,0.906864,10.7913,8.54971,0.0610699,2.1117,0.531738,4.91203,4.91203,1920.73,1920.73,7740.51,1280.88,335.673,0.614798,0.981516,0.3314,2,0,226,155,1280.88,1,1,0,5.03079,5.03079,1625.34,1625.34,5401.81,-907.148,290.917,0.484574,0.981369,0.331407,0,0,191,130,-907.148,1,1,0,3.47235,3.47235,1811.4,1811.4,14172.1,7959.39,223.684,0.604044,0.981057,0.331385,1,0,275,201,7959.39,1,1,0,3.52498,3.52498,1784.35,1784.35,13891.4,7775.59,223.684,0.5558,0.981057,0.331385,0,1,268,194,7775.59,1,1,0
865,0.571192,16.2226,0.0972373,6804.21,10481.6,7406.99,0.984706,7.38651,13.8242,1.6646,34.825,818344,7653.55,0.723977,0.554971,0.940153,14.8922,5.54532,0.0640286,0.215084,0.467423,4.02163,4.02163,2346,2346,19844.5,11095.7,335.673,0.654609,0.877812,0.636879,6,1,166,156,11095.7,1,1,0,3.12573,3.12573,2615.95,2615.95,30932,21949.7,290.917,0.660827,0.877106,0.605196,6,1,205,200,21949.7,1,1,0,2.82243,2.82243,2228.51,2228.51,31386.9,22820.3,223.684,0.667193,0.875619,0.596408,6,1,194,170,22820.3,1,1,0,2.91888,2.91888,2154.87,2154.87,30480.5,22019.6,223.684,0.555874,0.875619,0.599471,0,1,184,160,22019.6,1,1,0
866,0.559672,11.1598,0.169142,5862.3,11623.2,3098.15,0.900114,1.37357,7.65251,1.81287,53.9523,2.10395e+06,7679.34,0.618209,0.835961,0.987461,9.87704,7.03373,0.0691784,1.78565,0.639665,14.0712,14.0712,670.496,670.496,-64048.2,-67240.9,335.673,3.68149e-05,0.965975,0.798926,0,0,108,46,-67240.9,1,1,0,29.8986,29.8986,273.483,273.483,-118373,-120553,290.917,1.90794e-05,0.96562,0.913991,0,0,54,1,-120553,1,1,0,5.38463,5.38463,1168.1,1168.1,-8905.06,-12486,223.684,0.6,0.964906,0.573305,0,0,225,152,-12486,1,1,0,5.4931,5.4931,1145.04,1145.04,-9686.16,-13207.7,223.684,0.546704,0.964906,0.574939,0,1,219,146,-13207.7,1,1,0
867,0.539429,13.0229,0.0772163,6502.63,8303.94,6284.74,1.05723,6.40583,11.8129,1.87641,32.4864,780833,8766.4,0.607977,0.801935,0.808776,7.33479,7.45091,0.0940093,0.28397,0.961087,2.77374,2.77374,3401.44,3401.44,40779.8,33476.3,335.673,0.495012,0.902628,0.579531,0,0,213,188,33476.3,1,1,0,2.71088,2.71088,3016.27,3016.27,40807.8,33483.4,290.917,0.546144,0.901872,0.57736,0,0,189,169,33483.4,1,1,0,2.41028,2.41028,2609.57,2609.57,39492.1,32294.4,223.684,0.80279,0.900328,0.565383,7,1,192,151,32294.4,1,1,0,2.43357,2.43357,2584.61,2584.61,39471.3,32322.4,223.684,0.671758,0.900328,0.566371,3,1,188,147,32322.4,1,1,0
868,0.329959,12.399,0.186034,6582.02,12540,4171.63,0.933234,5.05213,6.52379,1.89948,49.7538,1.65382e+06,7614.54,0.744897,0.621963,0.967414,8.52776,1.31855,0.0970653,1.56636,0.419755,4.69832,4.69832,2008.1,2008.1,5709.81,721.593,335.673,0.24047,0.931212,0.38948,0,0,210,183,721.593,1,1,0,5.01451,5.01451,1630.62,1630.62,1151.67,-3723.22,290.917,0.170011,0.930576,0.408926,0,0,170,148,-3723.22,1,1,0,3.16855,3.16855,1985.08,1985.08,15797.9,10838.8,223.684,0.589177,0.929282,0.338482,0,0,269,232,10838.8,1,1,0,3.16855,3.16855,1985.08,1985.08,15797.9,10853,223.684,0.5,0.929282,0.338482,0,0,269,232,10853,1,1,0
869,0.361319,14.2573,0.140113,5660.7,11944.4,3085.25,1.08498,6.50357,6.71909,1.85837,75.7691,1.16336e+06,7626.63,0.660719,0.699485,0.665076,9.07532,3.12744,0.0693378,0.265462,1.36841,4.33296,5.50244,2177.43,1714.64,1742.58,-10858,335.673,0.621918,0.848426,0.603475,3,1,187,186,-2238.26,1,0,0,3.80049,4.90026,2151.5,1668.64,7474.78,-5421.09,290.917,0.6,0.847376,0.570505,0,0,196,195,3198.66,1,0,0,3.02799,4.03214,2077.22,1559.92,14273.7,1537.85,223.684,0.620163,0.845206,0.511712,3,1,216,215,10157.6,1,0,0,3.1362,4.15399,2005.55,1514.16,13238.7,483.01,223.684,0.520249,0.845206,0.521172,0,1,204,203,9253.67,1,0,0
870,0.52308,13.5467,0.111188,5354.46,12766.8,4609.67,0.908796,1.36555,14.0151,1.4584,41.6101,1.45585e+06,8200.56,0.698681,0.819678,0.687755,8.39925,8.03787,0.0523075,1.88172,0.663223,21.3879,21.3879,441.124,441.124,-103229,-107382,335.673,4.16087e-05,0.961461,0.87918,0,0,73,22,-107382,1,1,0,34.5344,34.5344,236.771,236.771,-139648,-142814,290.917,3.08765e-05,0.961124,0.920275,0,0,44,1,-142814,1,1,0,6.14284,6.14284,1023.92,1023.92,-16572.4,-21792.2,223.684,0.69105,0.960429,0.569044,8,1,183,120,-21792.2,1,1,0,6.4473,6.4473,975.572,975.572,-18648.9,-23749.9,223.684,0.577835,0.960429,0.57908,0,1,174,111,-23749.9,1,1,0
871,0.306942,11.9228,0.0611068,6885.45,11970.8,5243.76,1.06416,3.47269,6.17965,1.0137,77.5284,1.41283e+06,7410.76,0.619067,0.873964,0.821631,15.1753,1.03446,0.0800449,1.3691,0.843054,7.74273,7.74273,1218.53,1218.53,-29429.3,-35085.8,335.673,0.00195342,0.948104,0.63103,0,0,137,123,-35085.8,1,1,0,9.43111,9.43111,866.998,866.998,-45759.6,-51232.8,290.917,4.6438e-05,0.947592,0.715152,0,0,97,87,-51232.8,1,1,0,4.44734,4.44734,1414.29,1414.29,2046.54,-4315.82,223.684,0.6,0.946554,0.389637,0,0,209,185,-4315.82,1,1,0,4.44734,4.44734,1414.29,1414.29,2046.54,-4184.87,223.684,0.5,0.946554,0.389637,0,0,209,185,-4184.87,1,1,0
872,0.593767,11.6658,0.0334564,5147.52,11065.3,3529.81,1.03133,1.0307,5.24346,1.88835,34.9962,1.87334e+06,8842.97,0.633027,0.640864,0.808891,16.0949,10.1545,0.0708788,1.65924,1.11519,6.01109,9.42169,1569.55,1001.38,-28577.3,-42823.7,335.673,0.347286,0.95974,0.603866,0,0,181,158,-32639.4,1,0,0,6.99414,11.269,1169.09,725.596,-39410.2,-53424.2,290.917,0.0378158,0.959345,0.617048,0,0,135,116,-43239.8,1,0,0,4.14092,7.11008,1518.94,884.632,-9231.29,-23687.5,223.684,0.715759,0.958549,0.59465,10,1,209,178,-13503.1,1,0,0,4.28931,7.31912,1466.39,859.367,-10869.1,-25300.1,223.684,0.594845,0.958549,0.594944,0,1,199,168,-15029,1,0,0
873,0.413143,11.0102,0.0359637,6166.97,10451,4526.35,0.949947,7.68066,12.7494,0.683745,63.2406,1.49496e+06,8480.41,0.668997,0.815997,0.803375,11.8571,12.771,0.0746158,1.94685,0.753751,6.88691,6.88691,1369.95,1369.95,-36937.2,-42213,335.673,0.650375,0.953725,0.558607,13,1,113,52,-42213,1,1,0,3.92151,3.92151,2085.11,2085.11,4297.49,-1863.04,290.917,0.6,0.953237,0.426026,0,0,178,125,-1863.04,1,1,0,3.27379,3.27379,1921.26,1921.26,10029.1,4380.21,223.684,0.728642,0.952258,0.417459,13,1,206,137,4380.21,1,1,0,3.38579,3.38579,1857.71,1857.71,8734.36,3205.03,223.684,0.615034,0.952258,0.418637,2,1,195,126,3205.03,1,1,0
874,0.515794,12.3806,0.299712,6262.02,9585.05,5678.38,0.940484,0.501534,8.6251,0.7532,78.2843,1.38183e+06,7556.35,0.701273,0.577787,0.838017,19.8169,10.8094,0.0720975,0.751044,1.40245,6.61879,10.5486,1425.44,894.404,-6272.3,-22958.9,335.673,0.00639645,0.869388,0.702649,0,0,172,171,-12343.5,1,0,0,17.6044,33.4514,464.473,244.437,-74656,-90421.5,290.917,2.59952e-05,0.868406,0.811296,0,0,55,54,-79806.1,1,0,0,3.91121,6.68736,1608.15,940.552,11351.6,-5644.35,223.684,0.661362,0.866418,0.608638,11,1,227,226,4971.05,1,0,0,4.19992,7.12081,1497.6,883.3,9324.53,-7646.71,223.684,0.550848,0.866418,0.621754,0,1,207,206,3077.41,1,0,0
875,0.566271,9.7993,0.123693,6318.78,11500.5,5382.24,0.971536,0.523867,8.96659,1.15074,62.7077,1.84542e+06,8487.17,0.643987,0.861416,0.83843,18.3653,5.08397,0.0827287,0.958563,1.31239,8.85172,13.9647,1065.86,675.612,-39588.1,-55493.4,335.673,4.97367e-05,0.916498,0.801327,0,0,128,127,-45248.4,1,0,0,21.8252,41.9809,374.648,194.773,-127660,-141972,290.917,2.38751e-05,0.915646,0.876528,0,0,44,43,-131727,1,0,0,4.33137,7.60051,1452.15,827.551,9.80247,-15943.7,223.684,0.000397066,0.913962,0.67389,0,0,225,209,-5698.79,1,0,0,4.33137,7.60051,1452.15,827.551,9.80247,-16009.8,223.684,0.000397066,0.913962,0.67389,0,0,225,209,-5698.79,1,0,0
876,0.418389,18.4653,0.000578912,5552.72,8182.37,6115.8,1.06568,7.18525,12.9986,0.925497,74.9502,2.13871e+06,7508.18,0.732695,0.7745,0.954698,6.30575,6.84793,0.065222,1.4462,1.51367,4.00572,5.4012,2355.31,1746.78,-8204.63,-26517.5,335.673,0.663262,0.948792,0.43577,7,1,169,136,-16000.3,1,0,0,3.44594,4.7539,2372.87,1720.01,799.759,-17671.5,290.917,0.6,0.948457,0.425441,0,0,183,155,-7154.35,1,0,0,2.84523,4.26645,2210.65,1474.25,7521.2,-10352.3,223.684,0.651239,0.94773,0.420263,7,1,214,174,164.866,1,0,0,2.93601,4.34919,2142.3,1446.2,6260.6,-11650.7,223.684,0.544956,0.94773,0.42079,0,1,201,161,-967.503,1,0,0
877,0.39574,15.2254,0.285879,6390.31,10297.7,6682.02,1.07239,2.4061,6.79936,1.4236,79.5515,1.94088e+06,7541.39,0.717172,0.561096,0.771069,11.9068,9.45932,0.0946316,1.69893,1.04601,5.3299,7.71786,1770.15,1222.45,1858.58,-14641.9,335.673,0.437677,0.930299,0.454082,0,0,194,192,-6175.23,1,0,0,6.42963,9.51411,1271.73,859.434,-9547.78,-25659.3,290.917,0.313219,0.929771,0.507642,0,0,139,138,-17192.7,1,0,0,3.20971,5.19466,1959.62,1210.82,15289.3,-1083.39,223.684,0.6,0.928664,0.400068,0,0,279,269,7383.26,1,0,0,3.21588,5.20016,1955.86,1209.54,15260.3,-1177.39,223.684,0.547362,0.928664,0.400126,0,1,278,268,7483.4,1,0,0
878,0.482622,9.60544,0.00599398,5482.2,12745.1,4545.7,0.935057,4.77616,11.5033,1.85795,62.0922,1.85508e+06,8370.93,0.682734,0.795932,0.760684,18.6272,9.84568,0.0710625,2.77094,0.734844,10.4619,10.4619,901.817,901.817,-58924.7,-64491.3,335.673,0.718282,0.987032,0.484341,14,1,133,64,-64491.3,1,1,1,8.14379,8.14379,1004.05,1004.05,-42736.9,-48470.3,290.917,0.6,0.986869,0.482747,0,0,141,82,-48470.3,1,1,0,5.86005,5.86005,1073.34,1073.34,-21360.6,-26772.3,223.684,0.711735,0.986546,0.482624,10,1,178,107,-26772.3,1,1,0,6.17004,6.17004,1019.41,1019.41,-23908,-29196,223.684,0.603662,0.986546,0.482626,1,1,169,98,-29196,1,1,0
879,0.474297,16.3263,0.125576,6583.48,8761.02,4614.84,0.97069,2.2998,8.13528,1.23655,69.1132,1.48158e+06,8399.65,0.668882,0.789623,0.895663,8.30396,13.7075,0.0670831,1.05571,0.402255,4.75819,4.75819,1982.84,1982.84,2659.98,-3427.65,335.673,0.714387,0.955081,0.496876,14,1,199,154,-3427.65,1,1,0,4.70476,4.70476,1737.97,1737.97,2222.69,-3763.57,290.917,0.6,0.954751,0.496177,0,0,176,137,-3763.57,1,1,0,3.26175,3.26175,1928.36,1928.36,14109.4,8399.77,223.684,0.709696,0.95405,0.476481,14,1,254,199,8399.77,1,1,0,3.37675,3.37675,1862.68,1862.68,13265.4,7672.01,223.684,0.592148,0.95405,0.477146,0,1,239,184,7672.01,1,1,0
880,0.422742,18.172,0.215243,5487.08,8440.24,4983.46,0.947498,5.19007,6.04268,1.33081,31.5993,2.10032e+06,8077.99,0.692931,0.796919,0.876967,10.6759,7.40875,0.0961472,1.77519,0.873772,3.27027,3.27027,2885,2885,14257.8,8065.25,335.673,0.58417,0.950558,0.427358,0,0,246,189,8065.25,1,1,0,3.26362,3.26362,2505.43,2505.43,12991.2,6902.52,290.917,0.488036,0.950229,0.427446,0,0,213,164,6902.52,1,1,0,2.60067,2.60067,2418.54,2418.54,15593,9655.61,223.684,0.6,0.949516,0.423585,0,0,273,207,9655.61,1,1,0,2.60067,2.60067,2418.54,2418.54,15593,9739.03,223.684,0.5,0.949516,0.423585,0,0,273,207,9739.03,1,1,0
881,0.480532,10.8504,0.27438,6345.6,12565.3,5331.77,0.924529,1.53975,11.875,1.1347,51.3655,1.47947e+06,8643.54,0.709749,0.637951,0.940446,19.2042,4.24395,0.0679071,2.76764,1.74603,9.05625,15.476,1041.79,609.635,-21686.7,-37017.2,335.673,0.354341,0.983518,0.480975,0,0,157,104,-27797.7,1,0,0,17.9033,40.4583,456.719,202.103,-60176.5,-74774.4,290.917,0.146733,0.983333,0.554794,0,0,81,35,-65555,1,0,0,4.69029,8.58783,1341.03,732.41,3722.22,-11738.9,223.684,0.634189,0.982961,0.480532,4,1,236,179,-2519.47,1,0,0,4.89035,8.91296,1286.17,705.693,2491.25,-12958.8,223.684,0.530867,0.982961,0.480533,0,1,224,167,-3647.92,1,0,0
882,0.580614,9.80721,0.213866,6501.46,10784.4,3041.61,1.02929,3.67096,8.18664,1.56135,44.4133,2.14543e+06,8174.72,0.620243,0.79592,0.758247,16.6409,5.70849,0.0541536,2.15348,0.242052,10.6372,10.6372,886.953,886.953,-44834.9,-48844.7,335.673,0.691068,0.989449,0.580776,6,1,113,61,-48844.7,1,1,0,6.97332,6.97332,1172.58,1172.58,-18223.1,-22628.5,290.917,0.682432,0.989319,0.580615,6,1,142,97,-22628.5,1,1,0,5.99108,5.99108,1049.86,1049.86,-11106,-15100.5,223.684,0.67737,0.98906,0.580614,6,1,148,94,-15100.5,1,1,0,6.35084,6.35084,990.39,990.39,-14032,-17891.9,223.684,0.563236,0.98906,0.580614,0,1,140,86,-17891.9,1,1,0
883,0.440292,8.10341,0.139088,5432.85,13612.8,4063.18,0.969174,4.26794,13.666,0.651033,71.2093,1.95438e+06,8573.92,0.727896,0.830628,0.652238,17.4849,12.9918,0.0577668,0.985026,0.430804,5.64113,5.64113,1672.49,1672.49,-19196,-23922.1,335.673,1,0.892332,0.696855,12,0,165,164,-23922.1,1,1,0,5.8698,5.8698,1393.02,1393.02,-22783.7,-27307.3,290.917,0.6,0.891041,0.706791,0,0,138,137,-27307.3,1,1,0,5.18686,5.18686,1212.64,1212.64,-16932.8,-21430.5,223.684,1,0.888532,0.681707,13,1,129,112,-21430.5,1,1,0,5.18686,5.18686,1212.64,1212.64,-16932.8,-21420.5,223.684,1,0.888532,0.681707,13,1,129,112,-21420.5,1,1,0
884,0.359023,8.567,0.292333,5521,14561.2,3359.46,0.945077,2.66914,14.1904,0.572885,63.8789,975390,8099.57,0.67341,0.638852,0.980422,18.1923,9.22522,0.0857147,1.24412,1.33049,10.244,14.4651,920.995,652.242,-33773,-44080.6,335.673,0.00675898,0.939393,0.675073,0,0,115,99,-37383.9,1,0,0,43.2616,89.2713,189.007,91.5944,-150855,-158390,290.917,2.89642e-05,0.938614,0.903432,0,0,24,12,-151693,1,0,0,4.48619,6.78571,1402.04,926.92,3383.01,-7688.11,223.684,0.624724,0.937088,0.394807,4,0,228,199,-991.415,1,0,0,4.60043,6.91867,1367.22,909.106,2713.2,-8331.98,223.684,0.559222,0.937088,0.399308,0,1,219,190,-1528.15,1,0,0
885,0.413162,17.147,0.0117958,6493.72,14699.3,4429.26,1.0732,2.0136,13.4905,1.46201,60.7207,820488,8829.93,0.740302,0.583183,0.665479,7.56764,12.2353,0.0781163,2.63635,1.1499,47.8479,47.8479,197.182,197.182,-201468,-203201,335.673,3.31832e-05,0.978429,0.908264,0,0,33,11,-203201,1,1,0,77.5328,77.5328,105.462,105.462,-233708,-233760,290.917,2.68126e-05,0.978269,0.947668,0,0,20,1,-233760,1,1,0,5.33941,5.33941,1178,1178,-6505.91,-12004.1,223.684,0.722436,0.977926,0.41317,12,1,198,172,-12004.1,1,1,0,5.58064,5.58064,1127.08,1127.08,-8385.69,-13751.5,223.684,0.611591,0.977926,0.413176,2,1,188,162,-13751.5,1,1,0
886,0.418232,19.8462,0.296068,5247.79,10979.1,7366.77,1.04966,1.12165,8.22352,1.30232,76.5779,1.86128e+06,8558.57,0.743331,0.855152,0.888005,15.4891,10.4131,0.0767309,1.31306,1.83237,9.00725,14.8569,1047.46,635.039,-33694.8,-47630.3,335.673,0.788801,0.95291,0.692948,6,0,128,113,-41666.5,1,0,0,20.9365,42.4794,390.55,192.488,-101507,-114092,290.917,2.51722e-05,0.952619,0.880261,0,0,47,35,-108128,1,0,0,4.39947,8.22976,1429.67,764.276,-982.687,-15549.3,223.684,0.66794,0.951979,0.454326,10,1,227,200,-9585.52,1,0,0,4.61025,8.48359,1364.31,741.409,-2518.98,-17047.3,223.684,0.556854,0.951979,0.463167,0,1,211,184,-10908.5,1,0,0
887,0.339333,8.53856,0.254817,5436.11,9850.29,5413.65,1.05475,5.64915,7.36583,1.11104,34.4434,1.77876e+06,7720.09,0.604608,0.748278,0.762641,17.042,13.5506,0.0540996,0.756131,0.0580665,3.79808,3.79808,2484.08,2484.08,11793.3,5367.97,335.673,1,0.860655,0.562019,14,1,175,174,5367.97,1,1,0,3.21831,3.21831,2540.69,2540.69,17729.4,11208.2,290.917,0.6,0.859092,0.514425,0,0,195,194,11208.2,1,1,0,2.54632,2.54632,2470.16,2470.16,21626.9,15079.1,223.684,0.718194,0.856047,0.451424,14,1,228,224,15079.1,1,1,0,2.61737,2.61737,2403.1,2403.1,21365.7,14968.1,223.684,0.599315,0.856047,0.458917,0,1,214,210,14968.1,1,1,0
888,0.348861,16.9769,0.278679,5912.06,12260.3,4646.91,0.907839,1.34626,13.928,1.00099,77.6921,1.65313e+06,8772.54,0.657672,0.684155,0.798237,8.39719,7.51599,0.0582038,1.56921,1.75703,8.70093,13.8576,1084.33,680.833,-26142.1,-40520.5,335.673,0.0305557,0.936367,0.647898,0,0,138,115,-31099.4,1,0,0,41.9713,127.693,194.818,64.0345,-158773,-170270,290.917,2.60694e-05,0.935921,0.902864,0,0,26,7,-160849,1,0,0,4.03551,7.04122,1558.62,893.284,5633.38,-9425.64,223.684,0.64709,0.93497,0.384364,8,1,249,211,-4.52139,1,0,0,4.27567,7.38131,1471.07,852.126,4007.57,-10958.8,223.684,0.535879,0.93497,0.395243,0,1,230,192,-1434.18,1,0,0
889,0.505369,8.86235,0.0764317,6765.3,12397.4,5329.68,1.08303,2.33701,9.52947,0.577711,35.0382,2.21436e+06,8967.87,0.678934,0.851898,0.943311,5.6504,13.3488,0.0698107,0.557995,1.45098,5.33024,7.53039,1770.03,1252.89,-8784,-25642.8,335.673,0.000764368,0.905381,0.698847,0,0,182,181,-14633.7,1,0,0,5.60468,8.03503,1458.91,1017.64,-13453.7,-30267.1,290.917,0.000133158,0.904327,0.711246,0,0,151,150,-19258,1,0,0,3.896,5.84062,1614.43,1076.91,4547.04,-12375.6,223.684,0.768418,0.902264,0.630676,13,1,194,193,-1366.56,1,0,0,3.95863,5.91303,1588.88,1063.72,3837.5,-13150.5,223.684,0.696741,0.902264,0.634423,8,1,189,188,-2036.15,1,0,0
890,0.401843,15.1056,0.0427374,6103.23,12356.4,5845.38,1.01495,2.69527,12.0774,1.52083,47.3509,1.5681e+06,7531.75,0.680939,0.554402,0.796853,7.67534,12.5166,0.0724003,1.74614,1.55103,7.31296,10.3383,1290.14,912.597,-31309.7,-44178.3,335.673,0.367651,0.930327,0.549547,0,0,156,153,-37782.7,1,0,0,23.0995,38.4373,353.98,212.73,-145317,-155906,290.917,3.43298e-05,0.929796,0.844577,0,0,41,40,-149511,1,0,0,3.61972,5.51134,1737.65,1141.25,3577.59,-9726.17,223.684,0.699447,0.928685,0.410552,13,1,266,254,-3330.5,1,0,0,3.74552,5.65769,1679.29,1111.73,2462.52,-10812,223.684,0.586719,0.928685,0.412545,0,1,252,240,-4322.59,1,0,0
891,0.58647,17.0729,0.198995,5790.09,10252.5,4674.77,1.00076,3.63493,13.2716,1.1322,61.5137,1.27185e+06,8619.92,0.723359,0.824234,0.70053,16.121,11.9602,0.0688291,2.97451,0.757334,13.6422,13.6422,691.583,691.583,-57965.9,-63518.9,335.673,0.779489,0.989133,0.590184,12,1,100,41,-63518.9,1,1,0,7.94675,7.94675,1028.94,1028.94,-25878,-31817.4,290.917,0.767348,0.989051,0.586478,12,1,129,78,-31817.4,1,1,0,7.14564,7.14564,880.231,880.231,-18597.4,-24142.6,223.684,0.776474,0.988876,0.586471,12,1,132,71,-24142.6,1,1,0,7.68633,7.68633,818.311,818.311,-21910.3,-27298.8,223.684,0.662741,0.988876,0.586475,5,1,125,64,-27298.8,1,1,0
892,0.373079,12.3105,0.154758,6851.92,8446.26,4738.55,0.902117,5.62055,7.77687,1.1679,47.0738,1.59745e+06,8980.86,0.621166,0.696329,0.914052,15.4144,13.2082,0.0751372,2.90784,0.61465,3.06823,3.06823,3074.97,3074.97,30331.5,24294.4,335.673,0.699939,0.981372,0.373079,12,0,266,195,24294.4,1,1,0,2.97429,2.97429,2749.15,2749.15,30763.7,24813.2,290.917,0.6,0.981184,0.373079,0,0,235,174,24813.2,1,1,0,2.32939,2.32939,2700.19,2700.19,29940.4,24240,223.684,0.6,0.980802,0.373079,0,0,306,233,24240,1,1,0,2.32939,2.32939,2700.19,2700.19,29940.4,24332.2,223.684,0.540194,0.980802,0.373079,0,0,306,233,24332.2,1,1,0
893,0.329677,8.13122,0.15695,5926.77,9470.03,6007.01,1.07953,3.42356,6.19097,1.84017,64.1268,792618,7629.31,0.693372,0.51701,0.657074,18.3759,7.83199,0.0866774,1.8414,0.0287557,4.1168,4.1168,2291.76,2291.76,9726.9,1916.32,335.673,0.618983,0.924121,0.349455,3,0,201,192,1916.32,1,1,0,4.1137,4.1137,1987.69,1987.69,9069.64,1499.9,290.917,0.48719,0.923123,0.350574,0,0,174,168,1499.9,1,1,0,2.76235,2.76235,2276.97,2276.97,19797.9,12543.1,223.684,0.6,0.921178,0.331433,0,0,263,248,12543.1,1,1,0,2.76235,2.76235,2276.97,2276.97,19797.9,12671.5,223.684,0.540108,0.921178,0.331433,0,0,263,248,12671.5,1,1,0
894,0.526051,15.1423,0.277386,5872.88,9080.94,2804.31,1.00878,6.96875,11.2483,1.60632,68.7709,1.6189e+06,9203.3,0.74139,0.889045,0.746157,9.7543,10.6568,0.0817852,2.65884,1.57481,7.70355,13.1475,1224.72,717.606,-24054.2,-45554.2,335.673,0.749618,0.988589,0.526081,11,1,119,55,-28232,1,0,0,4.88031,7.71513,1675.46,1059.83,2049.29,-19692.3,290.917,0.731017,0.988493,0.526051,11,1,150,94,-2370.19,1,0,0,4.36422,7.68126,1441.22,818.852,4495.25,-16742.7,223.684,0.744592,0.988292,0.526051,11,1,156,90,579.475,1,0,0,4.64902,4.64902,1352.93,1352.93,1675.07,-2104.65,223.684,0.623453,0.988292,0.526051,2,1,147,81,-2104.65,1,1,0
895,0.564311,19.8949,0.186024,5833.17,8867.3,5200.4,1.06503,5.43829,10.9019,0.829165,71.4253,2.10365e+06,8229.6,0.749504,0.811227,0.838326,14.3262,8.21937,0.0805643,2.44546,0.323106,7.45029,7.45029,1266.36,1266.36,-32816.8,-39469.4,335.673,0.695547,0.988191,0.564319,8,1,124,76,-39469.4,1,1,0,5.09412,5.09412,1605.14,1605.14,-8679.5,-15597.1,290.917,0.69212,0.988114,0.564311,8,1,157,115,-15597.1,1,1,0,4.60766,4.60766,1365.08,1365.08,-5279.2,-11634.2,223.684,0.690639,0.987944,0.564311,8,1,157,107,-11634.2,1,1,0,4.86321,4.86321,1293.34,1293.34,-8011.78,-14224.6,223.684,0.582342,0.987944,0.564311,0,1,148,98,-14224.6,1,1,0
896,0.383434,11.0914,0.0933192,5654.37,14484,5236.64,1.0311,6.70789,7.702,1.48575,38.9672,756495,8875.68,0.601513,0.585902,0.803217,5.4019,11.0914,0.0778889,2.85201,0.452258,4.33337,4.33337,2177.22,2177.22,725.018,-5742.45,335.673,0.640807,0.978685,0.383434,4,0,217,183,-5742.45,1,1,0,4.33207,4.33207,1887.49,1887.49,257.178,-6037.37,290.917,0.494055,0.978451,0.383434,0,0,188,159,-6037.37,1,1,0,3.09932,3.09932,2029.41,2029.41,11302.4,5091.62,223.684,0.638385,0.977979,0.383434,5,0,255,218,5091.62,1,1,0,3.12893,3.12893,2010.21,2010.21,11111.3,4997.1,223.684,0.591902,0.977979,0.383434,0,1,250,213,4997.1,1,1,0
897,0.360626,10.2739,0.12002,5678.67,8096.93,6283.76,1.05934,5.73083,10.8471,0.698383,39.1038,2.01796e+06,9198.1,0.745885,0.869478,0.86708,19.0263,10.9288,0.0600464,2.61929,0.553123,4.00039,4.00039,2358.45,2358.45,1641.36,-6212.93,335.673,0.73471,0.985124,0.360626,11,1,176,124,-6212.93,1,1,0,3.39975,3.39975,2405.1,2405.1,9734.83,1808.2,290.917,0.6,0.984947,0.360626,0,0,186,140,1808.2,1,1,0,2.7636,2.7636,2275.95,2275.95,14628.9,7211.33,223.684,0.709315,0.984594,0.360626,11,1,220,166,7211.33,1,1,0,2.82563,2.82563,2225.99,2225.99,14037.7,6728.31,223.684,0.601449,0.984594,0.360626,1,1,210,156,6728.31,1,1,0
898,0.35573,9.48711,0.0400488,6329.66,12213,7413.22,1.03859,1.18905,12.9036,0.791096,32.6157,1.95289e+06,9379.27,0.618332,0.874138,0.783472,13.3174,10.8593,0.0802318,2.6995,1.73935,8.47565,14.702,1113.15,641.731,-39005.2,-56458.8,335.673,0.635313,0.985296,0.358464,3,0,152,104,-47603.1,1,0,0,9.81148,17.9374,833.386,455.849,-49928,-66897.6,290.917,0.341759,0.985109,0.36598,0,0,116,75,-58042,1,0,0,5.14091,9.85336,1223.48,638.341,-10094.9,-27335.8,223.684,0.73585,0.984738,0.35574,11,1,199,147,-18480.1,1,0,0,5.32431,10.1471,1181.34,619.865,-11777.6,-29012,223.684,0.616054,0.984738,0.355746,2,1,190,138,-20050.4,1,0,0
899,0.456604,14.6631,0.0576942,5166.61,14632.3,6478.77,1.08419,7.82342,8.50011,1.57122,54.5426,909155,8567.85,0.680543,0.820186,0.786705,16.2258,6.56984,0.0579228,0.688642,0.575801,4.42007,4.42007,2134.52,2134.52,-8036.79,-15254.1,335.673,1,0.885711,0.651024,7,1,186,185,-15254.1,1,1,0,4.30285,4.30285,1900.31,1900.31,-6813.75,-13977.8,290.917,0.781053,0.884912,0.64558,7,1,170,169,-13977.8,1,1,0,3.94585,3.94585,1594.03,1594.03,-3189.06,-10236.2,223.684,0.685443,0.883251,0.626674,7,1,151,150,-10236.2,1,1,0,4.11422,4.11422,1528.8,1528.8,-5379.42,-12349.1,223.684,0.580669,0.883251,0.636887,0,1,143,142,-12349.1,1,1,0
900,0.440525,15.1573,0.043005,6318.83,10520.4,5018.94,0.945097,6.29269,7.42318,0.688836,36.8767,2.02025e+06,8808.55,0.636955,0.550868,0.77203,9.25724,11.3517,0.0856457,0.474056,0.851366,2.87886,2.87886,3277.24,3277.24,26266.2,19951.6,335.673,0.678861,0.840661,0.512173,11,1,228,227,19951.6,1,1,0,2.4753,2.4753,3303.34,3303.34,30534.7,24058.6,290.917,0.6,0.839683,0.488551,0,0,250,249,24058.6,1,1,0,2.08932,2.08932,3010.46,3010.46,31085.3,25003.4,223.684,0.689115,0.837642,0.468965,11,1,267,248,25003.4,1,1,0,2.14229,2.14229,2936.02,2936.02,30957.6,24976.9,223.684,0.57405,0.837642,0.471645,0,1,253,234,24976.9,1,1,0
901,0.377832,17.5073,0.243087,5454.89,11689.7,3347.27,0.94042,4.58177,12.25,0.920291,45.9298,1.89532e+06,7903.4,0.690959,0.574553,0.960545,6.22932,12.3944,0.0726144,0.131915,1.49469,3.64742,4.88159,2586.68,1932.71,9555.08,-3689.46,335.673,0.675974,0.826005,0.541409,12,1,258,257,4973.73,1,0,0,3.69919,5.01206,2210.42,1631.41,7672.66,-5460.81,290.917,0.597987,0.825062,0.54566,0,0,225,224,3202.38,1,0,0,2.53277,3.64967,2483.37,1723.39,16101,3076.47,223.684,0.668797,0.823044,0.461294,12,1,308,307,11739.7,1,0,0,2.61713,3.73369,2403.33,1684.61,15631.2,2581.46,223.684,0.562405,0.823044,0.468042,0,1,290,289,11387,1,0,0
902,0.313552,17.0369,0.211462,5783.85,12870.5,5441.3,1.04251,1.32185,12.8587,1.84709,72.0217,1.48657e+06,7980.09,0.605554,0.801613,0.656054,5.94233,9.27132,0.079073,1.97792,1.78454,49.5713,114.401,190.326,82.4708,-204517,-212831,335.673,2.54467e-05,0.941893,0.917948,0,0,24,23,-206431,1,0,0,508.611,inf,16.0766,-46.1236,-348983,-349096,290.917,1.85124e-05,0.941482,0.940434,0,0,2,1,-342697,1,0,0,5.44119,8.97916,1155.96,700.49,-6471.56,-18885,223.684,0.686518,0.940603,0.473913,9,1,193,181,-12485.5,1,0,0,5.69537,9.35927,1104.37,672.041,-8278.63,-20677.3,223.684,0.574029,0.940603,0.494302,0,1,182,170,-14184.9,1,0,0
903,0.444447,18.7105,0.159104,5356.62,10220.2,6671.49,1.00028,1.38145,14.5429,1.60747,77.4329,1.11782e+06,9101.54,0.63575,0.865522,0.978875,17.2199,6.91049,0.0931397,2.80052,1.58237,7.93007,15.5335,1189.74,607.378,-27840.9,-45019.7,335.673,0.672097,0.985947,0.445091,7,1,164,108,-35787.8,1,0,0,8.71318,18.0662,938.435,452.6,-33023.3,-49900.6,290.917,0.497107,0.98585,0.446141,0,0,132,83,-40668.7,1,0,0,5.03564,11.3677,1249.06,553.305,-6412.71,-23332.5,223.684,0.657253,0.985638,0.444449,7,1,205,145,-14100.7,1,0,0,5.3061,11.9538,1185.39,526.175,-8352.22,-25256.8,223.684,0.550063,0.985638,0.444452,0,1,193,133,-15912.6,1,0,0
904,0.5878,17.6693,0.11231,6086.83,11343.6,7162.07,1.01983,4.91465,6.47586,1.89419,71.1038,1.18215e+06,8196.49,0.645086,0.586007,0.775378,7.27919,12.0922,0.0686549,2.98155,1.07083,5.45334,7.85284,1730.08,1201.44,-8359.12,-24334.9,335.673,0.719761,0.984871,0.5878,12,1,188,150,-16929.8,1,0,0,5.32688,7.77046,1535,1052.29,-7635.46,-23544.6,290.917,0.6,0.984762,0.5878,0,0,169,136,-16139.5,1,0,0,3.79499,5.9787,1657.4,1052.04,6040.24,-9594.11,223.684,0.707385,0.984527,0.5878,12,1,223,182,-2189,1,0,0,3.93503,6.15128,1598.42,1022.52,4813.13,-10805.2,223.684,0.594695,0.984527,0.5878,0,1,211,170,-3296.35,1,0,0
905,0.495756,10.9672,0.200548,6404.28,13719.7,6626.55,1.04171,3.32958,13.8926,1.82275,30.0324,1.66841e+06,9044.87,0.737341,0.684331,0.777709,17.36,11.1199,0.0549881,2.55703,0.0043584,7.49822,7.49822,1258.26,1258.26,-20432.5,-28468.6,335.673,0.755358,0.985027,0.495788,11,1,152,113,-28468.6,1,1,0,6.65244,6.65244,1229.14,1229.14,-14110.1,-22162.8,290.917,0.6,0.98486,0.495762,0,0,150,116,-22162.8,1,1,0,4.82135,4.82135,1304.57,1304.57,5.52114,-7649.85,223.684,0.754588,0.984525,0.495756,11,1,182,140,-7649.85,1,1,0,5.01543,5.01543,1254.09,1254.09,-1639.46,-9183,223.684,0.633161,0.984525,0.495756,3,1,174,132,-9183,1,1,0
906,0.448652,14.6705,0.243872,5730.73,13217.5,3444.84,1.00949,5.40688,12.651,0.968869,58.4012,1.11946e+06,7501.19,0.687544,0.561918,0.904062,8.97898,7.1048,0.0945699,2.49303,0.315685,5.92566,5.92566,1592.18,1592.18,-6829.22,-11461.6,335.673,0.564943,0.979367,0.448659,0,0,191,158,-11461.6,1,1,0,6.81482,6.81482,1199.85,1199.85,-14379,-18666,290.917,0.325778,0.979191,0.448702,0,0,145,116,-18666,1,1,0,3.90418,3.90418,1611.04,1611.04,6870.91,2414.82,223.684,0.659126,0.978823,0.448652,7,1,238,202,2414.82,1,1,0,4.03907,4.03907,1557.24,1557.24,5962.03,1617.9,223.684,0.554409,0.978823,0.448652,0,1,226,190,1617.9,1,1,0
907,0.333208,11.5689,0.26437,5386.96,13659.1,6062.88,1.05754,2.97942,12.019,1.44857,38.333,1.23803e+06,7836.51,0.706231,0.691203,0.785897,13.1191,8.5383,0.0682492,1.55665,0.507206,7.93879,7.93879,1188.43,1188.43,-24316.6,-31280.2,335.673,0.70556,0.938357,0.5996,9,1,141,137,-31280.2,1,1,0,18.2339,18.2339,448.436,448.436,-86841.4,-92351,290.917,4.21175e-05,0.937744,0.836695,0,0,52,51,-92351,1,1,0,3.9794,3.9794,1580.59,1580.59,4301.62,-2968.61,223.684,0.678491,0.936507,0.365576,9,1,239,227,-2968.61,1,1,0,4.11629,4.11629,1528.03,1528.03,3387.29,-3749.57,223.684,0.564571,0.936507,0.371404,0,1,226,214,-3749.57,1,1,0
908,0.375731,11.9574,0.164105,5500.37,14911.4,6900.77,0.963773,4.10276,8.13054,1.06804,48.7873,2.14626e+06,7740.19,0.701402,0.757012,0.865826,8.92875,9.91573,0.0703262,1.35587,0.827531,8.83441,8.83441,1067.95,1067.95,-42455,-49683.6,335.673,0.347238,0.946629,0.656903,0,0,133,110,-49683.6,1,1,0,22.8889,22.8889,357.237,357.237,-129561,-135206,290.917,2.21319e-05,0.94611,0.875778,0,0,45,27,-135206,1,1,0,4.45263,4.45263,1412.61,1412.61,-5476.58,-13354.5,223.684,0.6,0.945057,0.417725,0,0,227,192,-13354.5,1,1,0,4.45263,4.45263,1412.61,1412.61,-5476.58,-13256,223.684,0.5,0.945057,0.417725,0,0,227,192,-13256,1,1,0
909,0.388432,19.1833,0.245966,6563.84,10592.3,5905.08,1.0718,1.50366,5.22193,1.54566,51.3959,1.84399e+06,8454.13,0.658843,0.507422,0.966271,5.75126,9.94818,0.0648012,1.92095,0.724379,4.77592,4.77592,1975.48,1975.48,6581.52,-86.9515,335.673,0.182264,0.921188,0.427695,0,0,226,225,-86.9515,1,1,0,6.24597,6.24597,1309.12,1309.12,-8269.56,-14713.9,290.917,0.0926982,0.920713,0.493006,0,0,149,148,-14713.9,1,1,0,2.87507,2.87507,2187.71,2187.71,18291.6,11408.9,223.684,0.6,0.919674,0.390678,0,0,317,313,11408.9,1,1,0,2.87507,2.87507,2187.71,2187.71,18291.6,11470.1,223.684,0.5,0.919674,0.390678,0,0,317,313,11470.1,1,1,0
910,0.529441,16.1828,0.153392,5574.33,13229.6,5928.76,0.921535,1.24161,10.0755,1.02269,77.147,1.85411e+06,7561.06,0.602103,0.757171,0.946169,13.1342,5.04348,0.0710085,0.0681224,1.02881,636.7,inf,14.8182,-41.7337,-438469,-433996,335.673,1.40275e-05,0.893651,0.893024,0,0,2,1,-429462,1,0,0,585.699,inf,13.9607,-43.1656,-384487,-381989,290.917,1.45512e-05,0.892985,0.892306,0,0,2,1,-377455,1,0,0,4.7278,7.82434,1330.39,803.877,-5589.93,-16301.4,223.684,7.81407e-05,0.891578,0.677416,0,0,249,248,-11767.1,1,0,0,4.7278,7.82434,1330.39,803.877,-5589.93,-16386.4,223.684,7.81407e-05,0.891578,0.677416,0,0,249,248,-11767.1,1,0,0
911,0.563013,19.6951,0.142359,6485.81,12219.5,5000.81,1.0268,0.605158,7.85769,0.501976,61.6869,2.1839e+06,8087.74,0.616053,0.7559,0.830378,10.5068,4.80499,0.0760485,2.38297,0.824055,66.9371,66.9371,140.949,140.949,-176245,-179393,335.673,1.82639e-05,0.987326,0.94962,0,0,42,1,-179393,1,1,0,64.8313,64.8313,126.124,126.124,-168222,-171269,290.917,1.8505e-05,0.987243,0.947664,0,0,37,1,-171269,1,1,0,7.0218,7.0218,895.754,895.754,-16845.2,-22740.2,223.684,0.646831,0.98706,0.563019,5,1,188,143,-22740.2,1,1,0,7.38878,7.38878,851.265,851.265,-19124.3,-24885.8,223.684,0.54417,0.98706,0.563026,0,1,178,133,-24885.8,1,1,0
912,0.570493,13.003,0.25963,5688.56,12666.2,5684.88,1.07803,6.55711,7.89821,0.640907,43.3828,758691,9372.49,0.668821,0.682003,0.900828,11.5266,12.5355,0.0921656,1.97245,1.45213,4.71374,6.18864,2001.53,1524.52,7135.28,-8531.19,335.673,0.774139,0.959167,0.574138,13,1,161,132,-114.09,1,0,0,4.00072,5.33342,2043.82,1533.12,14038,-1691.74,290.917,0.6,0.958802,0.571593,0,0,174,150,6725.36,1,0,0,3.34481,4.68678,1880.47,1342.03,17716.2,2452.3,223.684,0.771718,0.958055,0.570745,13,1,189,154,10869.4,1,0,0,3.4316,4.78406,1832.91,1314.74,17083.3,1845.98,223.684,0.656373,0.958055,0.570815,5,1,181,146,10346,1,0,0
913,0.595371,14.4493,0.115912,5432.47,13179.1,3971.9,0.950539,4.44309,14.2714,1.65652,62.1397,1.11673e+06,8988.43,0.741194,0.858161,0.787352,14.0234,13.1811,0.086008,0.510147,0.104461,5.11863,5.11863,1843.21,1843.21,-10403.7,-14967.9,335.673,0.403991,0.918022,0.716639,0,0,185,161,-14967.9,1,1,0,5.39142,5.39142,1516.62,1516.62,-13960.6,-18415,290.917,0.0864747,0.917435,0.727336,0,0,152,134,-18415,1,1,0,4.42551,4.42551,1421.26,1421.26,-4162.47,-8709.93,223.684,1,0.916219,0.692152,13,1,167,119,-8709.93,1,1,0,4.44559,4.44559,1414.84,1414.84,-4369.53,-8893.66,223.684,1,0.916219,0.692995,12,1,166,118,-8893.66,1,1,0
914,0.59471,13.8454,0.118774,6400.61,13248.1,2944.05,0.965367,7.57713,6.52969,0.626008,77.5933,1.73696e+06,8921.18,0.637314,0.553928,0.921615,9.70491,6.22685,0.075664,1.90709,1.98946,4.74197,6.17967,1989.62,1526.73,-303.219,-15744,335.673,0.664746,0.953224,0.596749,6,1,174,135,-4303.73,1,0,0,4.16406,5.49298,1963.65,1488.58,6068.68,-9558.11,290.917,0.6,0.952838,0.595484,0,0,179,146,1882.2,1,0,0,3.34492,4.68211,1880.41,1343.37,12599.9,-2755.94,223.684,0.648932,0.95204,0.594827,6,1,210,164,8684.37,1,0,0,3.45523,4.8064,1820.37,1308.63,11490.9,-3844.55,223.684,0.545289,0.95204,0.594872,0,1,199,153,7686.63,1,0,0
915,0.5859,9.28744,0.0914734,5935.46,14200.2,6638.57,0.961088,5.99589,14.3423,1.39913,32.958,1.40741e+06,7670.23,0.704748,0.520525,0.709564,13.4571,12.8739,0.0881923,1.79841,1.68612,7.42791,7.42791,1270.17,1270.17,-33720.4,-41341,335.673,0.814749,0.95229,0.609323,13,1,130,100,-41341,1,1,0,5.67927,5.67927,1439.75,1439.75,-15274.4,-23082.1,290.917,0.704438,0.95173,0.591662,8,0,153,128,-23082.1,1,1,0,4.78522,4.78522,1314.42,1314.42,-6628.37,-14139.8,223.684,0.798007,0.950628,0.587965,13,1,159,121,-14139.8,1,1,0,4.97744,4.97744,1263.66,1263.66,-8620.68,-16015,223.684,0.67792,0.950628,0.588639,6,1,152,114,-16015,1,1,0
916,0.321547,10.8404,0.155611,5149.42,10445.3,7215.72,1.01285,6.15011,10.0381,1.78667,70.7994,919207,8129.12,0.723989,0.698332,0.665971,14.8666,7.119,0.0923896,2.364,0.669933,4.89423,4.89423,1927.72,1927.72,-7740.16,-16405.1,335.673,0.662194,0.980284,0.321553,7,1,179,134,-16405.1,1,1,0,4.34898,4.34898,1880.16,1880.16,-2057.63,-10796.8,290.917,0.6,0.980061,0.321548,0,0,178,139,-10796.8,1,1,0,3.2338,3.2338,1945.02,1945.02,7997.4,-306.791,223.684,0.654412,0.979615,0.321547,7,1,232,184,-306.791,1,1,0,3.33914,3.33914,1883.66,1883.66,7119.49,-1068.76,223.684,0.548654,0.979615,0.321547,0,1,219,171,-1068.76,1,1,0
917,0.341338,14.3316,0.163455,6818.79,12574.4,6784.11,0.982574,4.07247,13.3828,1.61165,40.8449,1.92185e+06,8761.18,0.736018,0.713214,0.839256,6.34317,3.17363,0.0529074,2.51243,0.793604,5.23661,5.23661,1801.68,1801.68,-571.206,-8583.17,335.673,0.624233,0.980481,0.341361,3,1,209,161,-8583.17,1,1,0,5.38977,5.38977,1517.09,1517.09,-3317.18,-11144,290.917,0.472608,0.98031,0.341375,0,0,177,136,-11144,1,1,0,3.66017,3.66017,1718.45,1718.45,10468.2,2716.53,223.684,0.625315,0.979953,0.341338,3,1,245,194,2716.53,1,1,0,3.78262,3.78262,1662.82,1662.82,9475.23,1823.75,223.684,0.519353,0.979953,0.341338,0,1,233,182,1823.75,1,1,0
918,0.39134,8.80849,0.198138,5358.8,9962.03,4169.57,0.921592,6.52363,7.83588,1.12016,37.6554,820609,7443.25,0.644023,0.606676,0.725369,10.2514,10.5274,0.0796114,0.760258,1.92741,3.68753,4.62338,2558.55,2040.65,13842.2,-270.954,335.673,0.729107,0.848378,0.54164,11,1,178,167,8532.19,1,0,0,3.04416,3.89503,2686.04,2099.28,20954.8,6663.69,290.917,0.6,0.846803,0.4966,0,0,205,199,15466.8,1,0,0,2.41914,3.26302,2600.01,1927.6,24130.2,10101.1,223.684,0.684649,0.843729,0.452299,11,1,243,213,18904.2,1,0,0,2.49102,3.32719,2524.99,1890.43,23970.1,9903.87,223.684,0.569981,0.843729,0.457695,0,1,228,198,18864.5,1,0,0
919,0.465869,19.1775,0.129151,5728.48,12162,2967.65,1.07826,7.53651,11.3392,0.812906,74.9433,1.56578e+06,8267.95,0.739692,0.884651,0.905054,6.34921,1.59651,0.0521634,2.44343,1.87161,7.37854,10.5497,1278.67,894.312,-31277.6,-45525.5,335.673,0.614589,0.986741,0.466036,2,1,139,92,-35600.8,1,0,0,6.17459,8.85859,1324.26,923.031,-19997.9,-34476.1,290.917,0.6,0.986652,0.465886,0,0,146,105,-24551.4,1,0,0,4.88104,7.53857,1288.62,834.351,-7499.73,-21505.9,223.684,0.61501,0.986455,0.46587,2,1,173,123,-11581.3,1,0,0,5.10658,7.85683,1231.71,800.553,-9661.46,-23632.9,223.684,0.512607,0.986455,0.46587,0,1,163,113,-13610.7,1,0,0
920,0.329093,9.48612,0.0653512,5784.91,13258.2,3900.69,0.940935,5.77392,10.5659,1.88381,30.0925,1.5937e+06,9257.18,0.691197,0.601491,0.685463,5.104,2.48091,0.0654058,0.546287,0.786347,3.41043,3.41043,2766.43,2766.43,11020.3,6024.26,335.673,0.611153,0.829988,0.501314,2,1,217,216,6024.26,1,1,0,2.91968,2.91968,2800.57,2800.57,16983.2,11789.7,290.917,0.6,0.828339,0.461076,0,0,235,234,11789.7,1,1,0,2.43839,2.43839,2579.49,2579.49,20840.3,16002.4,223.684,0.613847,0.8251,0.420164,2,1,242,238,16002.4,1,1,0,2.50372,2.50372,2512.19,2512.19,20208.8,15462.3,223.684,0.514376,0.8251,0.426321,0,1,231,227,15462.3,1,1,0
921,0.553739,10.3758,0.260053,5973,13537,6714.18,1.00682,0.844712,14.2417,1.3496,67.0543,1.70394e+06,7564.68,0.676261,0.608065,0.652973,5.76845,13.2331,0.0881208,1.18264,0.119232,116.042,116.042,81.3046,81.3046,-274467,-274522,335.673,2.26715e-05,0.954429,0.942783,0,0,12,1,-274522,1,1,0,153.884,153.884,53.1359,53.1359,-272918,-272202,290.917,2.19362e-05,0.953936,0.945815,0,0,8,1,-272202,1,1,0,6.07566,6.07566,1035.25,1035.25,-7962.81,-15403.2,223.684,0.74441,0.952953,0.573752,13,1,192,172,-15403.2,1,1,0,6.33698,6.33698,992.557,992.557,-9598.96,-16900.9,223.684,0.629127,0.952953,0.578301,3,1,182,162,-16900.9,1,1,0
922,0.485027,17.1839,0.1038,6505.11,10940.9,5779.07,1.01896,5.20816,6.79298,1.10813,34.3614,1.22344e+06,9212.52,0.716759,0.824395,0.886496,13.8832,7.72908,0.0895643,1.47794,1.97593,4.12735,5.77366,2285.9,1634.1,10654.5,-8983.93,335.673,0.682861,0.957476,0.494148,8,1,199,157,3409.15,1,0,0,3.89761,5.52559,2097.89,1479.8,12533,-7119.26,290.917,0.6,0.957177,0.491506,0,0,187,151,5273.82,1,0,0,3.10703,4.83882,2024.38,1299.86,17767.7,-1489.14,223.684,0.677504,0.956536,0.486312,8,1,228,177,10903.9,1,0,0,3.17875,4.90245,1978.7,1282.99,17271,-2049.25,223.684,0.569741,0.956536,0.486579,0,1,218,167,10504.4,1,0,0
923,0.462709,9.16321,0.276883,5104.15,11561,7333.47,0.90815,0.963466,7.0457,1.91309,60.8998,785401,7789.04,0.635807,0.869129,0.82528,6.26458,4.46289,0.0941914,2.41479,1.30751,27.257,140.626,346.139,67.0906,-66735.9,-77957.7,335.673,3.64462e-05,0.987748,0.781502,0,0,95,17,-74128.6,1,0,0,42.6691,inf,191.632,-26.4751,-81124.9,-92025.3,290.917,2.14766e-05,0.987587,0.914458,0,0,68,1,-88196.2,1,0,0,6.79303,16.5828,925.921,379.297,-8831.11,-20834.6,223.684,0.6,0.987269,0.462741,0,0,216,135,-17005.4,1,0,0,6.79303,16.5828,925.921,379.297,-8831.11,-20878.7,223.684,0.527115,0.987269,0.462741,0,0,216,135,-16910.7,1,0,0
924,0.349593,18.8033,0.062206,6769.41,10336.9,4213.41,0.919142,0.617779,14.4896,0.822527,61.0448,2.08347e+06,7778.21,0.721887,0.714456,0.983205,18.0275,7.24532,0.0749119,2.70324,1.386,34.405,226.772,274.225,41.6044,-132885,-148733,335.673,4.05048e-05,0.980165,0.880228,0,0,64,9,-136224,1,0,0,45.0439,inf,181.529,-11.0704,-148240,-163541,290.917,3.36772e-05,0.980029,0.921022,0,0,48,1,-151032,1,0,0,4.56715,10.0797,1377.19,624.01,-2047.19,-19685,223.684,0.6,0.979733,0.349599,0,0,272,212,-7176.17,1,0,0,4.59228,10.1192,1369.65,621.571,-2235.61,-19924.4,223.684,0.538807,0.979733,0.3496,0,1,270,210,-7262.68,1,0,0
925,0.375977,16.7084,0.168017,6254.43,9183.25,5257.36,1.09434,5.5432,5.97965,1.16342,73.1388,2.14381e+06,7790.87,0.697494,0.507622,0.73662,16.3917,8.51631,0.0542069,0.0516499,0.549191,2.96397,2.96397,3183.14,3183.14,27404.2,20275.9,335.673,0.643764,0.810186,0.47957,9,1,241,240,20275.9,1,1,0,2.64058,2.64058,3096.57,3096.57,29452.2,22181.8,290.917,0.6,0.809148,0.45704,0,0,251,250,22181.8,1,1,0,2.01896,2.01896,3115.38,3115.38,30316.3,23689.6,223.684,0.642024,0.806949,0.415108,9,1,320,319,23689.6,1,1,0,2.08189,2.08189,3021.2,3021.2,30559.5,24072.4,223.684,0.53834,0.806949,0.419199,0,1,298,297,24072.4,1,1,0
926,0.348094,8.82345,0.160985,6802.09,9823.62,6450.19,1.0329,6.67828,11.3468,0.662969,71.1303,1.47298e+06,9262.51,0.719905,0.642174,0.69314,5.13227,9.3059,0.0563393,2.21173,1.63741,4.51298,6.25262,2090.57,1508.92,12374.9,-10721.9,335.673,0.697041,0.980183,0.348094,9,1,153,112,4325.44,1,0,0,3.43195,4.83767,2382.54,1690.23,26259.9,3003.13,290.917,0.6,0.979917,0.348094,0,0,187,151,18050.4,1,0,0,2.83795,4.26202,2216.32,1475.78,28823,6106.66,223.684,0.678098,0.979392,0.348094,9,1,206,163,21154,1,0,0,2.93848,4.37193,2140.5,1438.68,28038.5,5312.96,223.684,0.569668,0.979392,0.348094,0,1,194,151,20486.9,1,0,0
927,0.55558,16.3022,0.248594,6562.54,14385,3669.96,0.906713,1.27073,5.60564,0.68732,64.2582,780961,8607.49,0.728358,0.589576,0.658087,13.5987,5.52689,0.0622155,2.63256,1.11496,59.0208,42881.5,159.854,0.220019,-118562,-130772,335.673,1.21206e-05,0.983923,0.925285,0,0,51,1,-121252,1,0,0,59.4683,inf,137.498,-8.46597,-114086,-126186,290.917,1.20213e-05,0.983798,0.926721,0,0,44,1,-116667,1,0,0,6.01136,11.3586,1046.32,553.748,-823.137,-14895.4,223.684,0.653458,0.983533,0.55558,6,1,218,163,-5376.1,1,0,0,6.34423,6.34423,991.422,991.422,-2442.96,-6886.8,223.684,0.543569,0.983533,0.555581,0,1,206,151,-6886.8,1,1,0
928,0.475268,15.5795,0.0416554,6761.08,10162.8,7320.45,1.05884,0.593189,5.76991,1.09789,49.0274,1.62131e+06,8901.58,0.692602,0.704407,0.805487,5.15378,6.03624,0.0686091,2.86292,0.940485,6.58928,6.58928,1431.83,1431.83,-18955.9,-27215.7,335.673,0.381379,0.984101,0.475289,0,0,183,147,-27215.7,1,1,0,8.38956,8.38956,974.634,974.634,-35518.7,-43379.4,290.917,0.171921,0.983972,0.475678,0,0,127,96,-43379.4,1,1,0,3.90678,3.90678,1609.97,1609.97,4519.88,-3831.22,223.684,0.642827,0.983699,0.475268,6,1,254,215,-3831.22,1,1,0,4.03254,4.03254,1559.76,1559.76,3441.61,-4794.18,223.684,0.544283,0.983699,0.475268,0,1,242,203,-4794.18,1,1,0
929,0.520539,17.0882,0.272981,6173.56,14823.3,5461.99,1.00171,7.09218,10.9715,1.54949,38.3203,1.22389e+06,8132.82,0.60551,0.773029,0.685286,6.63792,8.14692,0.076328,0.803668,1.4824,4.45585,4.45585,2117.38,2117.38,11434.4,5416.35,335.673,0.000126196,0.892853,0.662939,0,0,212,211,5416.35,1,1,0,4.72487,4.72487,1730.58,1730.58,7742.96,1742.23,290.917,0.000112154,0.892212,0.676122,0,0,174,173,1742.23,1,1,0,3.30523,3.30523,1902.99,1902.99,17127,11266.3,223.684,0.0257957,0.890846,0.603821,0,0,237,227,11266.3,1,1,0,3.30523,3.30523,1902.99,1902.99,17127,11266.3,223.684,0.0257957,0.890846,0.603821,0,0,237,227,11266.3,1,1,0
930,0.38881,17.9384,0.159428,5735.5,9690.35,2539.49,0.91504,1.05767,10.5137,1.00834,61.7841,1.02373e+06,9146.5,0.644662,0.656975,0.921475,19.8237,9.14664,0.0822969,0.518881,0.743799,4.1962,4.1962,2248.4,2248.4,5205.45,2010.68,335.673,0.684831,0.844782,0.596253,9,1,228,227,2010.68,1,1,0,3.93169,3.93169,2079.7,2079.7,7206.55,3897.56,290.917,0.6,0.843929,0.581246,0,0,218,217,3897.56,1,1,0,2.6345,2.6345,2387.48,2387.48,17708.8,14230.9,223.684,0.64166,0.842096,0.485926,9,1,296,295,14230.9,1,1,0,2.76015,2.76015,2278.79,2278.79,16863.4,13526.5,223.684,0.538518,0.842096,0.496533,0,1,275,274,13526.5,1,1,0
931,0.411376,16.6202,0.175833,5889.38,13061.5,2625.77,1.03615,0.280689,10.7303,1.5344,54.8485,1.00343e+06,8563.87,0.731703,0.714944,0.675195,11.8553,12.9776,0.0581252,1.49683,0.85881,637.017,637.017,14.8108,14.8108,-398253,-387347,335.673,1.46787e-05,0.94484,0.943921,0,0,2,1,-387347,1,1,0,575.289,575.289,14.2133,14.2133,-345960,-336956,290.917,1.52226e-05,0.944445,0.943427,0,0,2,1,-336956,1,1,0,5.95132,5.95132,1056.88,1056.88,-8131.21,-11612.4,223.684,0.758101,0.943604,0.51484,13,1,183,173,-11612.4,1,1,0,6.24636,6.24636,1006.96,1006.96,-10050.8,-13392.2,223.684,0.633372,0.943604,0.531109,3,1,173,163,-13392.2,1,1,0
932,0.421456,15.0341,0.15305,6276.08,12017.3,6911.08,0.99987,5.76843,9.73652,1.70779,33.8971,1.01888e+06,8599.67,0.694043,0.803944,0.972264,5.40817,6.09959,0.0594484,2.70301,1.30465,4.84871,6.91352,1945.82,1364.68,2380.48,-13660.1,335.673,0.666377,0.984648,0.421457,6,1,211,156,-5797.62,1,0,0,4.8461,6.96658,1687.29,1173.71,1714.81,-14186.4,290.917,0.54207,0.984519,0.421457,0,0,183,136,-6323.97,1,0,0,3.56809,5.64004,1762.79,1115.21,11198.1,-4547.05,223.684,0.653915,0.984247,0.421456,6,1,242,184,3315.41,1,0,0,3.65216,5.72312,1722.22,1099.02,10637.4,-5165.6,223.684,0.553185,0.984247,0.421456,0,1,232,174,2850.08,1,0,0
933,0.528004,11.8696,0.0108075,5860.65,12878.1,5726.41,0.940984,6.78172,12.4236,1.81637,77.7781,1.24626e+06,8904.64,0.733508,0.598459,0.839299,17.7547,12.3709,0.0586495,0.946841,1.27917,5.8689,7.4609,1607.58,1264.55,-29376.9,-43751.7,335.673,0.899873,0.876505,0.688395,12,1,118,107,-35844.8,1,0,0,4.08464,5.2451,2001.83,1558.93,-1460.67,-16184.5,290.917,0.700416,0.87553,0.621367,12,1,160,153,-8277.66,1,0,0,3.43471,4.54546,1831.25,1383.76,6440.22,-8206.44,223.684,0.713694,0.873567,0.593589,12,1,166,135,-299.552,1,0,0,3.64874,3.64874,1723.83,1723.83,3330.35,-3226.1,223.684,0.590429,0.873567,0.603633,0,1,153,122,-3226.1,1,1,0
934,0.531706,16.3673,0.149127,6408.45,12507.7,6315.36,1.07554,4.11579,14.9219,0.567079,45.721,1.17093e+06,8947.29,0.657679,0.578387,0.89373,18.7602,13.9118,0.0877469,1.51518,1.94237,5.40608,5.40608,1745.2,1745.2,-3438.18,-11202,335.673,0.753149,0.947012,0.547534,14,1,167,155,-11202,1,1,0,4.56397,4.56397,1791.59,1791.59,5114.21,-2758.04,290.917,0.6,0.946635,0.537834,0,0,180,171,-2758.04,1,1,0,3.67817,3.67817,1710.04,1710.04,12343.2,4892.2,223.684,0.764421,0.945836,0.533161,14,1,194,174,4892.2,1,1,0,3.80759,3.80759,1651.91,1651.91,11083.4,3756.47,223.684,0.648068,0.945836,0.533603,5,1,185,165,3756.47,1,1,0
935,0.362044,19.4837,0.0790649,5258.31,12947.2,6420.08,0.958276,4.3194,7.75781,1.6606,30.107,2.00464e+06,8763.73,0.675709,0.822254,0.695821,13.2258,5.40705,0.0651044,2.98666,1.1257,5.92129,8.94605,1593.35,1054.62,-22315.1,-34953.9,335.673,0.485954,0.982968,0.362177,0,0,206,145,-29688,1,0,0,6.48788,10.0257,1260.31,815.582,-28154.4,-40570.2,290.917,0.31296,0.982855,0.362439,0,0,165,113,-35304.4,1,0,0,4.07938,6.91049,1541.85,910.182,-5865.03,-18420.7,223.684,0.645725,0.982606,0.362045,5,1,250,185,-13154.8,1,0,0,4.19977,7.05621,1497.65,891.387,-7000.46,-19591.2,223.684,0.540863,0.982606,0.362045,0,1,239,174,-14193.9,1,0,0
936,0.582462,15.0503,0.102806,6585.18,14338.8,4602.3,0.956911,2.69488,8.2344,0.720713,75.0845,1.49297e+06,7637.82,0.729389,0.514809,0.681327,15.5891,1.3547,0.0583356,1.3681,0.641971,85.9449,85.9449,109.776,109.776,-284573,-282947,335.673,1.3145e-05,0.948111,0.929454,0,0,16,2,-282947,1,1,0,111.052,111.052,73.63,73.63,-286572,-284014,290.917,1.26459e-05,0.947718,0.93423,0,0,11,1,-284014,1,1,0,6.02618,6.02618,1043.75,1043.75,-10855.4,-16288.6,223.684,0.605258,0.946895,0.595579,1,1,173,149,-16288.6,1,1,0,6.34931,6.34931,990.628,990.628,-13326.1,-18627,223.684,0.505945,0.946895,0.59955,0,1,163,139,-18627,1,1,0
937,0.336197,15.9721,0.19473,5460.25,11944.3,6493.06,0.954555,1.90771,8.2305,1.54739,58.8525,1.39147e+06,9133.45,0.714305,0.560239,0.773789,16.7018,8.85683,0.0715688,1.88475,0.574878,4.66507,4.66507,2022.42,2022.42,-1792.28,-9452.25,335.673,0.410018,0.922935,0.392158,0,0,227,218,-9452.25,1,1,0,5.55287,5.55287,1472.53,1472.53,-11009.6,-18388.6,290.917,0.268148,0.922376,0.442621,0,0,165,159,-18388.6,1,1,0,2.89461,2.89461,2172.94,2172.94,11178.5,3645.51,223.684,0.6,0.921196,0.340816,0,0,312,291,3645.51,1,1,0,2.90983,2.90983,2161.57,2161.57,11092.4,3665.67,223.684,0.543245,0.921196,0.340986,0,1,309,288,3665.67,1,1,0
938,0.568837,13.2455,0.149309,6790.04,8474.94,7187.66,1.05349,6.04186,12.6327,1.05749,66.653,968750,7921.8,0.656625,0.504943,0.832152,16.0201,12.7474,0.0623758,2.98679,1.06804,4.79933,6.61574,1965.84,1426.1,10066.9,-12952,335.673,0.767048,0.982351,0.568837,13,1,143,111,1136.88,1,0,0,3.51613,4.89421,2325.49,1670.7,27093.2,3976.15,290.917,0.744726,0.982187,0.568837,13,1,179,151,18065,1,0,0,3.10214,4.51865,2027.57,1391.97,28493.1,5920.13,223.684,0.744711,0.981849,0.568837,13,1,177,144,20009,1,0,0,3.22631,3.22631,1949.54,1949.54,27057.9,18696.9,223.684,0.635833,0.981849,0.568837,4,1,168,135,18696.9,1,1,0
939,0.330119,17.0734,0.0279655,5372.81,9895.78,3360.86,1.04122,6.79428,8.48016,1.56169,37.6333,2.06384e+06,9392.39,0.603395,0.722154,0.851426,12.4178,1.69406,0.068465,1.10178,0.239118,2.80631,2.80631,3361.97,3361.97,14775.4,10050.4,335.673,0.61049,0.937623,0.334617,2,1,231,201,10050.4,1,1,0,2.63774,2.63774,3099.91,3099.91,16236.8,11442,290.917,0.6,0.937187,0.333059,0,0,221,195,11442,1,1,0,2.17246,2.17246,2895.24,2895.24,18653.8,14226.5,223.684,0.615971,0.936254,0.330752,2,1,265,227,14226.5,1,1,0,2.21407,2.21407,2840.83,2840.83,18472.3,14145.8,223.684,0.512182,0.936254,0.330871,0,1,252,214,14145.8,1,1,0
940,0.379362,19.972,0.0219124,5325.39,12957.5,6320.68,1.08063,2.56996,11.7674,0.820736,50.2303,832233,8171.02,0.732051,0.740034,0.765426,17.4903,3.56295,0.0912007,0.81879,1.1762,7.21383,10.5061,1307.86,898.024,-32277.3,-43653,335.673,0.0231589,0.854763,0.7207,0,0,164,163,-38897.7,1,0,0,75.8104,390.622,107.858,20.9327,-275361,-279852,290.917,2.57972e-05,0.854022,0.84413,0,0,13,12,-275096,1,0,0,4.96676,7.49788,1266.38,838.879,-11421.9,-23045.2,223.684,0.637985,0.852391,0.652814,4,1,176,175,-18289.8,1,0,0,5.20565,7.8618,1208.27,800.047,-13597.4,-25211.2,223.684,0.539443,0.852391,0.66277,0,1,167,166,-20361.2,1,0,0
941,0.553944,9.92467,0.0556973,6552.63,11458.5,4038.96,0.945868,2.19055,9.45888,1.46749,62.2531,1.1093e+06,7639.99,0.717954,0.712412,0.745432,12.9099,9.78996,0.0666948,0.848219,0.78051,6.56499,6.56499,1437.13,1437.13,-19017.7,-23442.5,335.673,0.00130324,0.900005,0.73109,0,0,160,158,-23442.5,1,1,0,8.12848,8.12848,1005.94,1005.94,-34552.3,-38821.9,290.917,5.28711e-05,0.899036,0.766797,0,0,112,111,-38821.9,1,1,0,4.75,4.75,1324.17,1324.17,-1700.7,-6218.72,223.684,0.719709,0.89712,0.673036,10,1,171,154,-6218.72,1,1,0,4.83643,4.83643,1300.51,1300.51,-2554.86,-7039.05,223.684,0.667703,0.89712,0.676553,6,1,167,150,-7039.05,1,1,0
942,0.353848,10.4289,0.0572655,6564.9,11839.9,4107.47,1.05727,2.14233,11.078,0.688271,42.5482,1.68221e+06,8032.17,0.667374,0.665708,0.993494,8.89255,11.5255,0.058743,1.85104,0.703994,6.14033,6.14033,1536.52,1536.52,-17104.6,-22197.8,335.673,0.427169,0.939144,0.481821,0,0,174,170,-22197.8,1,1,0,7.47498,7.47498,1093.88,1093.88,-31573.9,-36196.8,290.917,0.262012,0.938482,0.565744,0,0,124,122,-36196.8,1,1,0,3.63209,3.63209,1731.74,1731.74,6640.4,1461.88,223.684,0.6,0.937163,0.368322,0,0,249,235,1461.88,1,1,0,3.63209,3.63209,1731.74,1731.74,6640.4,1571.14,223.684,0.553223,0.937163,0.368322,0,0,249,235,1571.14,1,1,0
943,0.42407,14.4733,0.18249,6421.19,12176.1,4563.77,1.01461,0.404763,13.2902,0.754618,65.0749,1.80347e+06,8547.07,0.681936,0.711612,0.745432,5.06101,2.12632,0.0616226,0.488111,0.384955,52.9852,52.9852,178.063,178.063,-221615,-222045,335.673,2.84075e-05,0.8649,0.849404,0,0,23,22,-222045,1,1,0,537.903,537.903,15.2012,15.2012,-370944,-363003,290.917,2.29636e-05,0.863974,0.863206,0,0,2,1,-363003,1,1,0,4.06527,4.06527,1547.21,1547.21,4770,-392.771,223.684,0.611865,0.862054,0.608613,2,1,249,248,-392.771,1,1,0,4.25443,4.25443,1478.42,1478.42,3313.99,-1739.16,223.684,0.508935,0.862054,0.619468,0,1,235,234,-1739.16,1,1,0
944,0.434958,13.7765,0.0533443,6819.85,10678.4,6818.6,0.961736,2.2486,10.1406,1.42169,41.6807,1.95173e+06,8182.89,0.630647,0.577575,0.698274,10.3788,5.72859,0.0517179,0.49356,0.990827,4.39808,4.39808,2145.19,2145.19,3255.73,-4171.39,335.673,0.763945,0.845855,0.600933,6,1,219,218,-4171.39,1,1,0,4.14851,4.14851,1971.01,1971.01,5092.72,-2413.32,290.917,0.6,0.844806,0.589084,0,0,208,207,-2413.32,1,1,0,3.17358,3.17358,1981.93,1981.93,14391.5,6777.99,223.684,0.65156,0.84265,0.533451,6,1,231,230,6777.99,1,1,0,3.30422,3.30422,1903.57,1903.57,12893.8,5396.07,223.684,0.541584,0.84265,0.541831,0,1,219,218,5396.07,1,1,0
945,0.373578,14.8588,0.264516,5579.52,13417.3,2610.28,0.907091,0.205207,9.75173,1.00516,40.4564,1.36544e+06,9057.36,0.661815,0.830497,0.775811,6.23879,4.1036,0.0950565,0.7804,0.0752659,639.207,639.207,14.76,14.76,-371864,-361809,335.673,1.43164e-05,0.86937,0.868776,0,0,2,1,-361809,1,1,0,574.793,574.793,14.2256,14.2256,-325021,-316676,290.917,1.48589e-05,0.868465,0.867807,0,0,2,1,-316676,1,1,0,3.93278,3.93278,1599.33,1599.33,4731.4,1724.48,223.684,0.630183,0.866581,0.610062,4,1,275,274,1724.48,1,1,0,3.97637,3.97637,1581.8,1581.8,4462.64,1479.78,223.684,0.597536,0.866581,0.613002,0,1,271,270,1479.78,1,1,0
946,0.513074,8.58889,0.0629282,6579.18,13064.7,4669.63,1.06379,6.30726,7.66975,1.55567,30.5812,1.27011e+06,8764.41,0.624479,0.892309,0.756355,5.94915,13.5434,0.0848484,1.62281,1.21437,6.25397,8.36395,1508.6,1128.02,-18782.1,-34581.7,335.673,0.856952,0.966111,0.553881,14,1,139,98,-24529.2,1,0,0,5.64011,7.60371,1449.75,1075.36,-11831.2,-27677.3,290.917,0.6,0.965664,0.538857,0,0,136,101,-17624.8,1,0,0,4.30333,6.20231,1461.62,1014.11,2621.85,-13086.2,223.684,0.827218,0.964787,0.518731,14,1,172,124,-3033.75,1,0,0,4.40511,6.3128,1427.84,996.358,1534.8,-14154.2,223.684,0.702769,0.964787,0.519718,7,1,165,117,-4008.76,1,0,0
947,0.5554,12.8513,0.0273394,5726.03,13000.1,5900.24,0.948214,2.04741,10.159,1.52774,44.0953,1.18283e+06,7826.9,0.631585,0.716249,0.797607,12.0384,9.87209,0.073168,2.53253,0.571098,21.5987,21.5987,436.819,436.819,-93640,-99328.4,335.673,0.00149126,0.987067,0.640937,0,0,90,34,-99328.4,1,1,0,52.2679,52.2679,156.439,156.439,-143786,-148398,290.917,2.5636e-05,0.986942,0.922786,0,0,49,1,-148398,1,1,0,6.30137,6.30137,998.166,998.166,-16555.5,-23288.5,223.684,0.710708,0.986685,0.555401,10,1,195,136,-23288.5,1,1,0,6.599,6.599,953.146,953.146,-18506.4,-25125.6,223.684,0.600736,0.986685,0.555402,1,1,186,127,-25125.6,1,1,0
948,0.562373,14.9957,0.262724,6059.23,13007.2,3052.08,1.02635,5.52124,7.62412,1.43245,42.3368,1.60214e+06,8477.71,0.726955,0.649742,0.8683,19.1551,7.1833,0.0780432,1.58781,1.81014,5.2259,6.96701,1805.38,1354.2,419.94,-14171.1,335.673,0.680668,0.955785,0.571238,7,1,176,148,-4064.81,1,0,0,4.84743,6.53867,1686.82,1250.52,3069.08,-11561.1,290.917,0.6,0.95544,0.568131,0,0,169,145,-1454.8,1,0,0,3.70266,5.26901,1698.73,1193.74,11149.2,-3091.13,223.684,0.682084,0.954718,0.563238,7,1,204,168,7015.17,1,0,0,3.82481,5.41439,1644.48,1161.68,10145.9,-4066.4,223.684,0.566395,0.954718,0.563504,0,1,194,158,6118.25,1,0,0
949,0.401797,15.0223,0.0885983,5894.21,14232.5,6461.27,1.00977,4.34551,13.4357,1.59581,68.2178,1.27295e+06,8975.06,0.654371,0.816713,0.861102,6.58272,12.2106,0.0627045,2.34792,1.05272,7.54027,11.3009,1251.24,834.866,-27747.8,-41487.8,335.673,0.704723,0.98437,0.402465,9,0,166,116,-35549.6,1,0,0,8.61221,13.311,949.437,614.286,-36159.1,-49475.4,290.917,0.439307,0.984238,0.404353,0,0,128,85,-43537.2,1,0,0,4.93111,8.05274,1275.54,781.077,-6022.22,-19434.3,223.684,0.724887,0.983961,0.4018,12,1,206,152,-13496.1,1,0,0,5.11945,8.3232,1228.61,755.696,-7563.57,-20940.6,223.684,0.614646,0.983961,0.401803,2,1,196,142,-14918.9,1,0,0
950,0.459255,15.888,0.127627,5103.72,12167.7,7209.51,0.90089,6.69971,8.88864,1.6909,58.4855,1.24214e+06,9182.47,0.722208,0.577229,0.894401,9.10625,7.98961,0.0701844,2.87267,1.56117,3.93937,5.47527,2394.98,1723.15,130.104,-13774.9,335.673,0.670084,0.980094,0.459255,8,1,233,175,-8254.46,1,0,0,3.67825,5.16223,2223,1583.96,2496.9,-11445.7,290.917,0.6,0.979936,0.459255,0,0,220,170,-5925.21,1,0,0,2.84636,4.37029,2209.77,1439.22,9212.33,-4431.37,223.684,0.655488,0.979601,0.459255,8,1,275,215,1089.11,1,0,0,2.9328,4.46014,2144.64,1410.23,8494.77,-5175.45,223.684,0.551714,0.979601,0.459255,0,1,261,201,470.218,1,0,0
951,0.374522,16.6426,0.287708,6125.85,14769.5,2954.67,1.09887,7.68303,6.29108,1.86713,38.8912,775336,8189.89,0.671085,0.628309,0.70484,17.4512,12.8473,0.0659918,2.22,1.70238,4.65798,5.98465,2025.5,1576.49,11354.1,-951.893,335.673,0.513912,0.978672,0.374524,0,0,211,184,7166.81,1,0,0,4.84686,6.27338,1687.02,1303.4,8946.8,-3178.4,290.917,0.36867,0.978509,0.374526,0,0,176,153,4940.29,1,0,0,3.36389,4.61837,1869.8,1361.91,17586.9,5451.47,223.684,0.6,0.978162,0.374522,0,0,246,216,13570.2,1,0,0,3.36389,4.61837,1869.8,1361.91,17586.9,5414.2,223.684,0.594893,0.978162,0.374522,0,0,246,216,13669.2,1,0,0
952,0.373439,15.6986,0.283311,6436.92,8834.35,3264.74,1.06287,2.93833,7.39968,0.620774,58.4064,2.17247e+06,9248.93,0.610617,0.875992,0.666081,11.0274,4.10451,0.0912272,1.92837,1.75797,5.58077,8.45075,1690.58,1116.43,-1783.97,-25333.9,335.673,0.64222,0.951538,0.492768,4,1,133,101,-6148.59,1,0,0,3.78829,5.86838,2158.43,1393.36,18472.1,-5779.93,290.917,0.6,0.951166,0.395971,0,0,186,159,13405.3,1,0,0,3.0814,5.25232,2041.22,1197.53,21207.5,-2530.07,223.684,0.627325,0.95038,0.380156,4,1,212,171,16655.2,1,0,0,3.18955,5.36992,1972,1171.3,20349,-3432.5,223.684,0.525987,0.95038,0.381933,0,1,200,159,15926,1,0,0
953,0.348376,17.4829,0.214475,5406.98,12423.7,7370.49,0.997294,0.706727,10.3458,1.35732,41.2722,840891,7471.94,0.654229,0.574518,0.926783,16.3821,1.3554,0.0871713,0.0245832,1.74126,626.984,inf,15.0478,-44.4127,-375557,-373170,335.673,1.94302e-05,0.81778,0.817054,0,0,2,1,-370132,1,0,0,582.002,inf,14.0494,-46.0151,-325830,-325252,290.917,2.01848e-05,0.81679,0.816012,0,0,2,1,-322214,1,0,0,3.43444,5.85284,1831.39,1074.66,6709.2,-4532.94,223.684,0.600723,0.814674,0.519081,1,0,349,348,-1494.62,1,0,0,3.62845,6.12134,1733.47,1027.52,5665.27,-5586.53,223.684,0.501898,0.814674,0.532659,0,1,324,323,-2380.55,1,0,0
954,0.582006,15.4971,0.0206817,6767.94,13018.5,3489.28,1.03607,5.99717,14.1629,1.62317,51.2751,1.15631e+06,8753.38,0.623741,0.544846,0.726003,13.135,6.5736,0.064194,1.34523,0.450937,5.80872,5.80872,1624.23,1624.23,-14492.2,-18828.8,335.673,1,0.950423,0.592198,7,1,143,121,-18828.8,1,1,0,4.94069,4.94069,1654.98,1654.98,-3414.98,-7842.82,290.917,0.693339,0.950054,0.585922,7,1,151,133,-7842.82,1,1,0,4.3936,4.3936,1431.58,1431.58,2036.34,-2227.75,223.684,0.699713,0.94928,0.583879,7,1,146,117,-2227.75,1,1,0,4.62018,4.62018,1361.38,1361.38,-822.385,-4963.83,223.684,0.583046,0.94928,0.584698,0,1,138,109,-4963.83,1,1,0
955,0.566397,14.4501,0.178002,6046.65,11340.5,2894.7,0.995319,0.170419,8.00561,0.825412,74.4104,2.13213e+06,8963.97,0.704036,0.718541,0.760483,14.059,3.6556,0.0881124,0.804148,0.606631,9.19504,9.19504,1026.07,1026.07,-40208.3,-43333.9,335.673,4.08223e-05,0.899055,0.788136,0,0,129,128,-43333.9,1,1,0,110.153,110.153,74.2309,74.2309,-298676,-293585,290.917,1.37059e-05,0.89836,0.891585,0,0,9,8,-293585,1,1,0,4.27179,4.27179,1472.41,1472.41,-424.143,-3790.08,223.684,0.819489,0.896921,0.663008,4,1,220,219,-3790.08,1,1,0,4.30085,4.30085,1462.46,1462.46,-677.784,-4016.21,223.684,0.687214,0.896921,0.664247,2,1,218,217,-4016.21,1,1,0
956,0.533208,15.2744,0.296723,5413.62,10017.5,7260.96,1.04892,1.78371,7.64386,0.895432,65.9628,1.85302e+06,8250.28,0.736709,0.734967,0.809488,7.41715,11.8645,0.0546967,1.53727,1.41588,6.14809,9.55137,1534.58,987.787,-12204,-28385.5,335.673,0.734924,0.957725,0.568653,12,1,168,144,-20847.7,1,0,0,6.58099,10.4607,1242.48,781.665,-16968.1,-32828.6,290.917,0.532522,0.957397,0.581674,0,0,137,118,-25290.8,1,0,0,4.15112,7.13994,1515.21,880.933,2078.2,-13797.1,223.684,0.722105,0.956708,0.537463,12,1,203,171,-6259.26,1,0,0,4.31527,7.36428,1457.57,854.097,730.186,-15116.1,223.684,0.605996,0.956708,0.538747,1,1,192,160,-7480.61,1,0,0
957,0.455298,9.21432,0.284075,6254.36,11850.3,6963.11,0.926866,0.426005,9.0656,0.900447,62.555,1.61721e+06,7421.95,0.714461,0.73886,0.900707,10.2842,7.92801,0.0601285,2.85325,1.07524,51.6792,63737.6,182.563,0.148024,-110936,-123016,335.673,2.37227e-05,0.985432,0.927904,0,0,59,1,-117208,1,0,0,51.6316,inf,158.367,-7.76086,-108460,-120415,290.917,2.32356e-05,0.985243,0.928646,0,0,51,1,-114607,1,0,0,6.65056,14.1808,945.756,443.543,-7141.03,-20798.7,223.684,0.6,0.984868,0.455325,0,0,214,152,-14991.4,1,0,0,6.65056,14.1808,945.756,443.543,-7141.03,-20839.9,223.684,0.5,0.984868,0.455325,0,0,214,152,-14902.8,1,0,0
958,0.447182,11.2779,0.0318007,5438.2,10553.2,5778.63,0.98927,7.18519,14.6775,1.3585,44.0742,1.74122e+06,8774.07,0.716766,0.565791,0.707255,14.3263,4.75263,0.055319,0.961342,1.21866,4.39108,5.49606,2148.61,1716.63,-14587.3,-30965,335.673,0.667422,0.850163,0.599116,5,1,125,122,-21525.1,1,0,0,3.19425,4.03813,2559.83,2024.88,8795.2,-7916.52,290.917,0.637026,0.848942,0.533064,5,1,161,160,1523.31,1,0,0,2.66335,3.44304,2361.62,1826.82,16027,-347.467,223.684,0.641474,0.846499,0.503151,5,1,165,145,9092.37,1,0,0,2.81601,2.81601,2233.59,2233.59,13155.9,6366.85,223.684,0.533314,0.846499,0.512402,0,1,153,133,6366.85,1,1,0
959,0.458924,14.3288,0.11879,5207.41,14363.9,5257.15,0.967107,0.0423767,13.4522,1.04926,36.2291,895590,8085.13,0.72928,0.788458,0.965841,5.40152,11.0565,0.0619123,0.482346,1.35546,742.638,inf,12.7043,-43.2416,-420504,-415843,335.673,2.02635e-05,0.882885,0.882357,0,0,2,1,-411435,1,0,0,682.473,inf,11.9811,-44.5331,-364647,-362018,290.917,2.10217e-05,0.882056,0.881484,0,0,2,1,-357610,1,0,0,4.78774,8.39871,1313.73,748.902,-4833.23,-14975.2,223.684,0.69314,0.880338,0.66757,11,1,272,271,-10566.8,1,0,0,4.96312,8.67064,1267.31,725.415,-5894.23,-16038.8,223.684,0.584835,0.880338,0.675481,0,1,260,259,-11550.2,1,0,0
960,0.46097,18.4758,0.094661,6325.12,10497.5,7096.16,0.991931,3.94194,6.49668,1.49914,67.6474,1.96297e+06,7703.63,0.7165,0.596912,0.762535,7.8249,7.84951,0.0613097,2.47769,0.228505,5.17217,5.17217,1824.13,1824.13,-7560.19,-15877.7,335.673,0.594464,0.980476,0.460971,0,0,210,170,-15877.7,1,1,0,5.65577,5.65577,1445.74,1445.74,-13766.9,-21809.5,290.917,0.405994,0.980341,0.460974,0,0,167,133,-21809.5,1,1,0,3.51441,3.51441,1789.72,1789.72,6301.08,-1816.42,223.684,0.655252,0.980047,0.46097,8,1,261,218,-1816.42,1,1,0,3.64373,3.64373,1726.2,1726.2,5156.86,-2842.98,223.684,0.548017,0.980047,0.46097,0,1,246,203,-2842.98,1,1,0
961,0.430369,16.1486,0.0389184,5292.19,9229.95,5777.6,0.990095,3.39199,11.1375,1.41536,58.3945,1.12516e+06,7714.22,0.685286,0.879241,0.993932,10.7974,7.53633,0.0950277,2.97175,0.336613,6.06386,6.06386,1555.89,1555.89,-22582.8,-29616.1,335.673,0.652503,0.986031,0.430398,6,0,193,131,-29616.1,1,1,0,6.35085,6.35085,1287.51,1287.51,-25535,-32335.7,290.917,0.490732,0.98592,0.430424,0,0,160,107,-32335.7,1,1,0,4.12545,4.12545,1524.64,1524.64,-4165.21,-10933.1,223.684,0.664446,0.985685,0.430369,8,1,240,176,-10933.1,1,1,0,4.2754,4.2754,1471.16,1471.16,-5516.4,-12169.4,223.684,0.555294,0.985685,0.430369,0,1,227,163,-12169.4,1,1,0
962,0.339526,9.0849,0.208439,5284.14,12034.7,5791.98,0.928619,5.22196,12.9186,1.48567,61.138,2.18432e+06,8938.33,0.707141,0.591183,0.749894,15.1189,3.35027,0.0663695,2.34021,1.27567,5.20694,7.35017,1811.95,1283.6,-12269.3,-26490.6,335.673,0.625515,0.978127,0.339533,3,1,181,130,-19258.7,1,0,0,4.44342,6.30984,1840.19,1295.87,-5007.16,-19367.2,290.917,0.6,0.977841,0.339527,0,0,187,143,-12135.3,1,0,0,3.30241,5.0469,1904.61,1246.27,4876.27,-9106.18,223.684,0.618468,0.977277,0.339526,3,1,236,182,-1874.27,1,0,0,3.42602,5.19591,1835.89,1210.53,3655.44,-10327.4,223.684,0.518975,0.977277,0.339526,0,1,223,169,-2987.58,1,0,0
963,0.337699,15.1073,0.0821545,6423.32,10771.9,6718.43,1.0953,2.31795,12.6801,0.878476,78.7557,1.09706e+06,7774.78,0.662393,0.506925,0.903979,12.6438,13.9378,0.0677609,0.415176,1.25074,4.68945,6.73868,2011.9,1400.08,1235.4,-15212.2,335.673,0.671068,0.800021,0.56795,14,1,223,222,-6777.3,1,0,0,5.25557,7.70938,1555.83,1060.62,-5386.9,-21430.3,290.917,0.509197,0.798819,0.592815,0,0,175,174,-12995.3,1,0,0,2.73084,4.26222,2303.25,1475.71,17842.5,1450.83,223.684,0.660297,0.796315,0.444474,14,1,315,314,9885.77,1,0,0,2.87549,4.43406,2187.39,1418.52,16834.6,454.461,223.684,0.554701,0.796315,0.456087,0,1,291,290,9048.24,1,0,0
964,0.585675,10.6609,0.10346,5192.43,8671.29,5766.23,0.903098,6.98956,9.88845,1.65106,47.416,1.68805e+06,8368.2,0.610618,0.727138,0.781834,15.781,9.56723,0.0549875,1.65208,1.63486,4.50961,6.60744,2092.13,1427.89,-10312,-27930.3,335.673,0.806125,0.963864,0.587329,10,1,175,95,-16988.6,1,0,0,3.64466,5.38242,2243.49,1519.16,958.637,-16809.4,290.917,0.724438,0.963476,0.585948,10,1,193,124,-5867.73,1,0,0,3.32255,5.44203,1893.07,1155.78,2882.95,-14590.5,223.684,0.708498,0.9627,0.585804,10,1,201,113,-3648.85,1,0,0,3.45431,5.53572,1820.86,1136.22,1261.94,-15727.6,223.684,0.594068,0.9627,0.585867,0,1,191,103,-5174.92,1,0,0
965,0.444609,16.8082,0.0271077,6548.84,11953.9,5018.38,0.902015,5.87477,12.3183,1.49605,70.0374,1.56799e+06,9340.78,0.705837,0.581139,0.942806,15.9029,12.1127,0.0532991,1.21557,1.38756,3.83199,5.20875,2462.09,1811.32,9687.55,-8832.14,335.673,0.700492,0.937253,0.451605,12,1,216,171,3285,1,0,0,3.48851,4.80881,2343.91,1700.37,13361.2,-5214.64,290.917,0.6,0.936817,0.448477,0,0,213,175,6902.5,1,0,0,2.75188,4.11849,2285.64,1527.21,18635,482.977,223.684,0.689865,0.935889,0.44527,12,1,260,205,12600.1,1,0,0,2.8406,4.21209,2214.25,1493.28,17865.4,-292.255,223.684,0.580845,0.935889,0.445479,0,1,246,191,11931.7,1,0,0
966,0.585962,17.9293,0.14939,6524.36,11764.9,4448.61,0.974688,3.45836,10.8359,0.695974,57.9478,964655,8917.64,0.708249,0.75143,0.811842,5.46582,10.8765,0.0609694,1.9003,0.415353,6.1782,6.1782,1527.1,1527.1,-8581.22,-14227.1,335.673,0.72604,0.962633,0.60577,11,1,169,124,-14227.1,1,1,0,6.00409,6.00409,1361.86,1361.86,-7409.26,-13013.7,290.917,0.6,0.962383,0.60347,0,0,153,115,-13013.7,1,1,0,4.30662,4.30662,1460.5,1460.5,6521.16,1093,223.684,0.718251,0.961842,0.588265,11,1,200,146,1093,1,1,0,4.47409,4.47409,1405.83,1405.83,5149.63,-165.354,223.684,0.605218,0.961842,0.589008,1,1,190,136,-165.354,1,1,0
967,0.349073,15.1215,0.0474504,5347.37,9212.38,5015.67,1.02408,2.86421,7.01445,0.800259,41.763,1.29439e+06,8494.39,0.633558,0.591685,0.954686,18.5257,7.53814,0.0567273,2.00584,0.140145,3.5412,3.5412,2664.27,2664.27,3501.43,-2502.4,335.673,0.423827,0.976737,0.349073,0,0,259,225,-2502.4,1,1,0,3.58343,3.58343,2281.82,2281.82,2202.96,-3686.39,290.917,0.332549,0.976543,0.349073,0,0,222,192,-3686.39,1,1,0,2.56783,2.56783,2449.46,2449.46,11755.1,5792.8,223.684,0.6,0.976137,0.349073,0,0,304,267,5792.8,1,1,0,2.56783,2.56783,2449.46,2449.46,11755.1,5876.56,223.684,0.5,0.976137,0.349073,0,0,304,267,5876.56,1,1,0
968,0.466325,15.0964,0.129627,6025.04,12183.5,5112.39,0.935931,6.52711,5.56054,0.951448,32.6444,1.92194e+06,8456.55,0.743091,0.671234,0.913879,17.3632,1.12651,0.0672305,2.42127,0.78205,4.17568,4.17568,2259.44,2259.44,2898.75,-3177.56,335.673,0.485499,0.983119,0.466325,0,0,239,181,-3177.56,1,1,0,4.19762,4.19762,1947.95,1947.95,1498.57,-4472.38,290.917,0.386838,0.982978,0.466325,0,0,206,156,-4472.38,1,1,0,3.13635,3.13635,2005.45,2005.45,9854.64,3885.18,223.684,0.6,0.982682,0.466325,0,0,270,209,3885.18,1,1,0,3.13635,3.13635,2005.45,2005.45,9854.64,3959.28,223.684,0.5,0.982682,0.466325,0,0,270,209,3959.28,1,1,0
969,0.362315,12.0631,0.0430027,5266.89,11971.5,4304.16,1.00664,6.05648,8.695,1.90406,60.8005,1.06888e+06,7734.65,0.607877,0.571806,0.85511,9.06602,9.66671,0.0593022,0.72026,0.742545,3.76234,3.76234,2507.67,2507.67,531.815,-4780.3,335.673,0.657099,0.827169,0.537194,10,1,217,216,-4780.3,1,1,0,3.44303,3.44303,2374.87,2374.87,4268.6,-1200.91,290.917,0.6,0.825842,0.516316,0,0,215,214,-1200.91,1,1,0,2.47622,2.47622,2540.08,2540.08,13869.6,8504.98,223.684,0.658905,0.823164,0.442453,10,1,288,287,8504.98,1,1,0,2.55225,2.55225,2464.42,2464.42,13360.7,8129.9,223.684,0.551572,0.823164,0.448736,0,1,270,269,8129.9,1,1,0
970,0.375955,13.355,0.286155,6230.31,13415.3,4740.59,1.04455,3.192,5.61939,0.989525,44.8808,2.19429e+06,8292.85,0.710394,0.671525,0.737496,12.2679,2.30968,0.0589086,2.89404,1.53483,7.20377,10.4928,1309.69,899.158,-15404.2,-28630.3,335.673,0.215407,0.980574,0.376441,0,0,168,135,-20898.4,1,0,0,9.95455,15.2439,821.408,536.394,-35969.4,-48864.6,290.917,0.0862837,0.980393,0.385486,0,0,108,80,-41132.8,1,0,0,4.11338,6.52068,1529.11,964.594,5095.49,-8325.52,223.684,0.6,0.980019,0.375956,0,0,245,208,-593.634,1,0,0,4.11338,6.52068,1529.11,964.594,5095.49,-8425.76,223.684,0.5,0.980019,0.375956,0,0,245,208,-511.331,1,0,0
971,0.309016,18.3693,0.0434948,5206.32,10531,6509.36,0.918812,2.73097,8.95013,0.529819,64.7739,1.19323e+06,7689.8,0.745272,0.554608,0.740954,9.62225,13.499,0.0823768,0.644067,1.34297,4.19073,6.00542,2251.33,1571.03,-5378.96,-18738.5,335.673,0.696753,0.801082,0.548514,13,1,248,247,-13069.9,1,0,0,4.69593,6.85014,1741.24,1193.66,-11472.9,-24512.4,290.917,0.459515,0.800062,0.575661,0,0,194,193,-18843.8,1,0,0,2.54754,4.01104,2468.98,1568.12,10075,-3153.2,223.684,0.645312,0.79786,0.425163,13,1,341,340,2515.39,1,0,0,2.68851,4.16453,2339.51,1510.33,8933.51,-4333.14,223.684,0.541476,0.79786,0.438349,0,1,312,311,1536.57,1,0,0
972,0.335686,16.6798,0.156566,6791,9741.32,4582.57,1.09688,0.311104,13.2888,0.712439,65.0364,1.69008e+06,7567.16,0.646372,0.635189,0.996998,18.5996,4.24044,0.0971053,0.372294,1.7444,11.7194,20.3801,805.051,462.937,-52659.1,-69863.7,335.673,6.62857e-05,0.82803,0.745551,0,0,103,102,-57257.4,1,0,0,506.004,inf,16.1595,-61.4905,-376419,-380917,290.917,2.76573e-05,0.827027,0.82617,0,0,2,1,-368311,1,0,0,3.25759,5.86009,1930.82,1073.33,13421.8,-4631.6,223.684,0.615462,0.824899,0.513412,4,1,303,302,7974.7,1,0,0,3.47357,6.17295,1810.76,1018.93,11825.4,-6231.32,223.684,0.512189,0.824899,0.530439,0,1,278,277,6562.37,1,0,0
973,0.575055,14.237,0.0590939,5466.62,14658.5,2627.8,0.96734,0.653658,13.4429,0.548258,52.773,1.6783e+06,7618.27,0.73687,0.579573,0.973886,10.7423,5.77533,0.0506241,2.48661,1.00852,80.1739,2006.97,117.678,4.70098,-202978,-209796,335.673,2.67958e-05,0.984621,0.948044,0,0,37,1,-203007,1,0,0,80.3186,inf,101.804,-2.90653,-193877,-200561,290.917,2.67375e-05,0.984486,0.948473,0,0,32,1,-193772,1,0,0,6.84383,12.6296,919.048,498.021,-18960.9,-29236.2,223.684,0.658268,0.984206,0.575056,6,1,216,176,-22447.5,1,0,0,7.17487,7.17487,876.644,876.644,-20896.5,-24266.8,223.684,0.549995,0.984206,0.575057,0,1,205,165,-24266.8,1,1,0
974,0.39646,12.4188,0.0229085,6320.77,11928.5,3915.1,1.02848,0.431348,5.34074,1.10426,56.8199,1.45617e+06,8613.22,0.723965,0.826441,0.698446,10.9408,8.17027,0.0852778,1.38975,0.577398,15.3344,15.3344,615.265,615.265,-93367,-97017.7,335.673,2.22338e-05,0.952144,0.830207,0,0,79,66,-97017.7,1,1,0,98.6536,98.6536,82.8835,82.8835,-307685,-303948,290.917,8.87332e-06,0.951691,0.941331,0,0,11,1,-303948,1,1,0,4.5787,4.5787,1373.71,1373.71,-3753.55,-8665.42,223.684,0.649176,0.950767,0.440163,8,1,229,204,-8665.42,1,1,0,4.80458,4.80458,1309.13,1309.13,-5741.82,-10492,223.684,0.543536,0.950767,0.450701,0,1,213,188,-10492,1,1,0
975,0.482439,8.60456,0.0606926,5323.82,8189.98,3658.71,0.922144,0.195324,5.69535,1.69573,61.3273,1.73304e+06,7787.11,0.711616,0.791742,0.721423,18.6787,7.53399,0.0829599,1.47069,1.0085,9.01928,17.1792,1046.06,549.194,-51878.3,-68929.5,335.673,0.769969,0.959745,0.648279,8,1,127,71,-55981.2,1,0,0,7.57859,14.3901,1078.93,568.22,-39378.5,-56666.9,290.917,0.6,0.95922,0.590279,0,0,131,84,-43718.6,1,0,0,4.32477,9.47787,1454.37,663.631,-7545.93,-25152.7,223.684,0.656231,0.95819,0.49112,8,1,222,157,-12204.4,1,0,0,4.55086,9.83263,1382.12,639.688,-9715.13,-27263.2,223.684,0.548078,0.95819,0.494373,0,1,207,142,-14163.6,1,0,0
976,0.439504,9.71609,0.0164322,5469.97,13745,6467.91,1.0419,1.22298,11.6987,1.17565,53.4302,1.86537e+06,7698.69,0.743069,0.566728,0.687385,14.0104,9.51692,0.0792527,0.956206,0.431004,75.5239,75.5239,124.924,124.924,-319962,-319252,335.673,2.5484e-05,0.851079,0.838901,0,0,16,15,-319252,1,1,0,538.684,538.684,15.1791,15.1791,-436840,-428573,290.917,2.19619e-05,0.849687,0.848803,0,0,2,1,-428573,1,1,0,5.12758,5.12758,1226.66,1226.66,-15192.4,-22399.5,223.684,0.705946,0.846949,0.631112,10,1,200,199,-22399.5,1,1,0,5.3847,5.3847,1168.09,1168.09,-17497.3,-24558.1,223.684,0.589137,0.846949,0.641135,0,1,189,188,-24558.1,1,1,0
977,0.420135,10.3163,0.0418192,5903.83,9377.31,4746.47,1.06809,6.85713,9.99999,1.75849,73.8685,1.6785e+06,9134.26,0.698109,0.533162,0.720468,7.06804,11.1848,0.0846149,0.13924,0.121061,3.24377,3.24377,2908.57,2908.57,18927.9,12551.3,335.673,0.723552,0.837682,0.515204,11,1,157,156,12551.3,1,1,0,2.51521,2.51521,3250.92,3250.92,31446.7,24925.4,290.917,0.699722,0.83627,0.470428,11,1,199,198,24925.4,1,1,0,2.18906,2.18906,2873.29,2873.29,33587.9,27545.1,223.684,0.692792,0.833475,0.453824,11,1,194,187,27545.1,1,1,0,2.27338,2.27338,2766.72,2766.72,32641.9,26721.8,223.684,0.581565,0.833475,0.45848,0,1,181,174,26721.8,1,1,0
978,0.459566,12.4806,0.148045,6123.4,13502.3,3901.55,0.921057,6.38527,6.49358,0.571294,33.7967,1.58999e+06,7644.03,0.674232,0.510298,0.751583,14.3903,10.8494,0.075435,0.580803,0.999366,4.06084,4.06084,2323.34,2323.34,7804.89,2873.58,335.673,0.674141,0.840493,0.578598,11,1,223,222,2873.58,1,1,0,3.74345,3.74345,2184.28,2184.28,10302,5273.92,290.917,0.6,0.839344,0.563666,0,0,218,217,5273.92,1,1,0,2.70977,2.70977,2321.16,2321.16,18483.4,13609.2,223.684,0.68058,0.837017,0.510094,11,1,275,274,13609.2,1,1,0,2.78804,2.78804,2256,2256,17988.6,13223.6,223.684,0.573205,0.837017,0.514269,0,1,261,260,13223.6,1,1,0
979,0.356172,19.3297,0.195545,6888.76,12936.1,6553.52,0.925173,6.76459,13.0553,1.20458,78.9909,1.65994e+06,8811.27,0.701352,0.590669,0.943169,16.9167,12.8051,0.0963459,2.2849,0.82721,4.26921,4.26921,2209.95,2209.95,13276.3,5380.12,335.673,0.705497,0.976338,0.356173,13,1,235,185,5380.12,1,1,0,4.41837,4.41837,1850.63,1850.63,10464.3,2741.73,290.917,0.560941,0.976181,0.356173,0,0,197,154,2741.73,1,1,0,3.0798,3.0798,2042.28,2042.28,18658.2,11106.3,223.684,0.68551,0.975837,0.356172,13,1,282,229,11106.3,1,1,0,3.18176,3.18176,1976.84,1976.84,18130.3,10685.8,223.684,0.577356,0.975837,0.356172,0,1,266,213,10685.8,1,1,0
980,0.596581,14.0618,0.0262019,5139.8,14781.7,2596.08,0.956209,4.9904,7.16496,1.68061,31.6725,1.35293e+06,8234,0.661774,0.692071,0.683314,10.0676,7.10891,0.0579112,0.673219,0.0644581,5.20272,5.20272,1813.42,1813.42,-18961.7,-21966.6,335.673,6.57637e-05,0.903612,0.702127,0,0,198,196,-21966.6,1,1,0,5.89059,5.89059,1388.1,1388.1,-26932.2,-29865.6,290.917,5.42035e-05,0.902938,0.724196,0,0,152,151,-29865.6,1,1,0,3.58025,3.58025,1756.81,1756.81,-1784.05,-4742.18,223.684,0.284182,0.901546,0.645405,0,0,239,219,-4742.18,1,1,0,3.58025,3.58025,1756.81,1756.81,-1784.05,-4742.18,223.684,0.284182,0.901546,0.645405,0,0,239,219,-4742.18,1,1,0
981,0.545492,10.8181,0.132306,5093.77,14759.1,3371.25,0.902387,4.9925,5.78149,1.51208,40.4048,856310,8558.16,0.648733,0.659953,0.958742,12.9051,7.94424,0.0736776,2.978,1.44255,6.8863,10.0285,1370.07,940.793,-22038.2,-32405,335.673,0.400019,0.986052,0.545494,0,0,190,126,-26163.5,1,0,0,7.45571,11.08,1096.71,737.972,-26066.8,-36247,290.917,0.256271,0.985895,0.545498,0,0,154,99,-30005.5,1,0,0,4.35707,6.90364,1443.59,911.086,-2826.71,-13245.4,223.684,0.6,0.985579,0.545492,0,0,246,179,-7003.94,1,0,0,4.35707,6.90364,1443.59,911.086,-2826.71,-13293.6,223.684,0.527137,0.985579,0.545492,0,0,246,179,-6924,1,0,0
982,0.522484,9.269,0.174374,5723.02,9920.87,6634.77,1.09721,0.991454,12.4951,1.77924,65.4154,989548,7446.71,0.612337,0.8886,0.990176,14.4026,12.363,0.0826519,2.35868,1.2887,13.7908,27.044,684.132,348.865,-56639.3,-71493.4,335.673,0.53916,0.989321,0.531651,0,0,105,62,-63997.4,1,0,0,19.7053,48.0472,414.953,170.182,-79463.5,-93504.1,290.917,0.0116607,0.989182,0.606943,0,0,69,32,-86008.1,1,0,0,6.72168,13.8893,935.749,452.852,-13394.5,-28576.1,223.684,0.740386,0.988908,0.522488,12,1,167,121,-21080.1,1,0,0,7.03466,14.4916,894.117,434.032,-15382.2,-30523.3,223.684,0.626277,0.988908,0.522492,3,1,158,112,-22923.8,1,0,0
983,0.440628,12.0597,0.0702677,5751.4,13365.1,5253.26,1.01968,5.59172,11.0813,0.910752,34.248,1.66006e+06,7400.04,0.656701,0.816898,0.748609,12.6563,4.6703,0.0954349,2.54577,0.147604,7.83379,7.83379,1204.36,1204.36,-34547,-40993,335.673,0.664376,0.985812,0.440954,5,1,159,109,-40993,1,1,0,8.33825,8.33825,980.632,980.632,-38914.5,-45057.4,290.917,0.457272,0.985666,0.441308,0,0,131,88,-45057.4,1,1,0,5.19653,5.19653,1210.39,1210.39,-11584.3,-17772.5,223.684,0.657518,0.985369,0.440629,5,1,191,138,-17772.5,1,1,0,5.3985,5.3985,1165.1,1165.1,-13367.6,-19445.9,223.684,0.546087,0.985369,0.440631,0,1,182,129,-19445.9,1,1,0
984,0.345863,17.7888,0.111624,6681.99,10218,6368.25,1.02152,2.24021,8.94443,1.25128,43.1086,2.14076e+06,9034.5,0.720479,0.531275,0.809682,19.9869,4.19696,0.0743718,2.61984,1.42005,3.72662,5.72307,2531.71,1648.54,12455.1,-8242.22,335.673,0.570551,0.973599,0.345863,0,0,265,236,4887.04,1,0,0,3.93037,6.10952,2080.41,1338.36,8581.04,-11909.5,290.917,0.401268,0.973411,0.345863,0,0,218,193,1219.77,1,0,0,2.643,4.61488,2379.8,1362.94,18872.8,-1637.95,223.684,0.619496,0.973004,0.345863,4,1,313,281,11491.3,1,0,0,2.71968,4.67923,2312.71,1344.2,18414.8,-2186.7,223.684,0.520627,0.973004,0.345863,0,1,297,265,11143.3,1,0,0
985,0.5762,12.6001,0.0215505,6733.66,12404.4,6690.88,1.09179,4.15403,11.9273,1.51532,37.6988,788611,8350.88,0.741815,0.563573,0.835265,12.6019,1.11861,0.0988498,2.15671,0.165645,7.00599,7.00599,1346.66,1346.66,-23626.3,-31584.4,335.673,0.604505,0.984498,0.5762,1,1,143,115,-31584.4,1,1,0,5.34507,5.34507,1529.77,1529.77,-5833.06,-14121.9,290.917,0.6,0.984346,0.5762,0,0,167,143,-14121.9,1,1,0,4.52028,4.52028,1391.46,1391.46,2071.94,-5707.69,223.684,0.605453,0.984036,0.5762,1,1,170,140,-5707.69,1,1,0,4.7155,4.7155,1333.86,1333.86,59.461,-7599.99,223.684,0.508553,0.984036,0.5762,0,1,162,132,-7599.99,1,1,0
986,0.402416,17.2701,0.0660393,6676.03,12184.2,7209.82,1.06641,7.63778,14.1138,0.752735,66.1786,1.56605e+06,7542.61,0.746273,0.51064,0.721991,14.6506,10.6002,0.0828241,1.39855,1.03531,4.61,5.81937,2046.57,1621.26,1862.04,-13765.5,335.673,0.681242,0.924145,0.430565,11,1,176,170,-7248.07,1,0,0,3.83854,4.91867,2130.17,1662.39,11221.1,-4527.17,290.917,0.6,0.92364,0.413446,0,0,196,193,1990.25,1,0,0,3.08177,4.08475,2040.98,1539.83,17816.3,2775.19,223.684,0.695221,0.922558,0.405262,11,1,216,202,9292.61,1,0,0,3.19382,4.21194,1969.37,1493.33,16649.6,1667.3,223.684,0.584878,0.922558,0.406083,0,1,204,190,8251.12,1,0,0
987,0.315032,17.6325,0.140026,5350.58,8381.8,2817.12,1.06285,6.96492,5.34182,1.72371,58.9467,1.12809e+06,8086.91,0.630979,0.555291,0.906052,16.9038,9.93861,0.0849606,2.75104,1.24449,2.5917,3.54706,3640.35,2659.87,25339.6,7969.78,335.673,0.403459,0.973528,0.315032,0,0,272,241,21408.7,1,0,0,2.5624,3.52297,3191.05,2320.99,24919.7,7615.29,290.917,0.350695,0.973337,0.315032,0,0,238,211,21054.2,1,0,0,2.03595,3.11434,3089.37,2019.63,25222.9,7964.79,223.684,0.6,0.972927,0.315032,0,0,303,270,21403.7,1,0,0,2.03595,3.11434,3089.37,2019.63,25222.9,8009.45,223.684,0.5,0.972927,0.315032,0,0,303,270,21459.4,1,0,0
988,0.402721,9.32985,0.297133,5834,8036.27,6496.17,0.9679,1.86555,11.2768,0.967205,33.2239,1.59261e+06,8412.71,0.685715,0.711767,0.853,7.04875,4.59736,0.0909104,1.27958,0.997971,4.30465,4.30465,2191.75,2191.75,11078.4,3180.94,335.673,0.641373,0.948026,0.421098,5,1,188,146,3180.94,1,1,0,3.7544,3.7544,2177.91,2177.91,15727.9,7725.26,290.917,0.6,0.947399,0.411201,0,0,194,159,7725.26,1,1,0,2.8776,2.8776,2185.78,2185.78,20119.3,12567.7,223.684,0.641356,0.946162,0.404086,5,1,240,190,12567.7,1,1,0,2.96196,2.96196,2123.53,2123.53,19633.4,12180.1,223.684,0.536682,0.946162,0.404455,0,1,228,178,12180.1,1,1,0
989,0.538337,15.3039,0.29888,6434,8404.35,6043.83,0.966973,5.8932,7.18167,0.639961,53.0067,1.87449e+06,7670.99,0.686362,0.530695,0.689262,5.65865,2.6889,0.0866959,0.287457,1.49481,3.01493,3.97791,3129.33,2371.77,38732.6,18110.8,335.673,0.624428,0.864869,0.576585,3,1,218,210,31358.7,1,0,0,2.74361,3.69563,2980.29,2212.55,39081.9,18325.3,290.917,0.6,0.864055,0.567115,0,0,221,216,31573.1,1,0,0,2.27003,3.26571,2770.8,1926.02,37025.1,16634.9,223.684,0.616347,0.862357,0.553122,3,1,250,222,29882.8,1,0,0,2.32515,3.30958,2705.12,1900.48,37251.3,16795.7,223.684,0.51846,0.862357,0.554649,0,1,237,209,30206.4,1,0,0
990,0.486813,19.5092,0.293887,5655.15,8895.59,3535.13,0.958348,0.832726,9.74138,1.64855,40.4251,1.85318e+06,8492.68,0.626407,0.523947,0.963594,19.5948,1.5529,0.0761313,1.78933,0.771133,4.07304,4.07304,2316.38,2316.38,8602.67,3930.05,335.673,0.580391,0.935597,0.492546,0,0,251,232,3930.05,1,1,0,4.53988,4.53988,1801.09,1801.09,2945.85,-1448.94,290.917,0.357555,0.935213,0.498112,0,0,195,180,-1448.94,1,1,0,2.87632,2.87632,2186.75,2186.75,14746.4,10242.9,223.684,0.607358,0.934371,0.48727,2,1,290,261,10242.9,1,1,0,2.97348,2.97348,2115.3,2115.3,14131.8,9733.21,223.684,0.510763,0.934371,0.487426,0,1,275,246,9733.21,1,1,0
991,0.525252,12.8257,0.126926,6285.44,9803.57,7158.51,0.969339,0.21394,9.23981,1.55753,78.3849,1.83733e+06,8457.5,0.687244,0.547265,0.755767,15.9839,7.34222,0.0886309,0.316694,0.425911,5.35955,5.35955,1760.36,1760.36,-7508.41,-15103.8,335.673,0.156226,0.866307,0.662874,0,0,204,203,-15103.8,1,1,0,7.63763,7.63763,1070.59,1070.59,-30779.5,-38158.9,290.917,0.000143834,0.865349,0.72229,0,0,123,122,-38158.9,1,1,0,4.27081,4.27081,1472.74,1472.74,563.053,-7108.61,223.684,0.663732,0.8634,0.624709,7,1,188,187,-7108.61,1,1,0,4.49372,4.49372,1399.69,1399.69,-1707.39,-9302.79,223.684,0.557178,0.8634,0.633764,0,1,177,176,-9302.79,1,1,0
992,0.538091,8.61133,0.0242041,5519.49,14348.7,4521.01,0.973902,0.225394,8.8998,1.82552,35.3959,1.91839e+06,8605.67,0.654414,0.767765,0.704687,10.8992,3.51527,0.0517866,1.96617,0.972816,60.1768,60.1768,156.783,156.783,-245039,-245628,335.673,1.74751e-05,0.963036,0.941047,0,0,28,1,-245628,1,1,0,63.7481,63.7481,128.267,128.267,-238523,-238778,290.917,1.70726e-05,0.962555,0.942352,0,0,23,1,-238778,1,1,0,7.17493,7.17493,876.638,876.638,-28244.7,-33121,223.684,0.651891,0.961613,0.594557,4,1,163,125,-33121,1,1,0,7.5062,7.5062,837.948,837.948,-30720.5,-35514.2,223.684,0.544956,0.961613,0.604932,0,1,155,117,-35514.2,1,1,0
993,0.363586,19.0796,0.097072,5674.58,11630.4,6938.05,0.928001,1.36197,6.90356,1.83811,59.9028,858916,9020.52,0.741361,0.507743,0.993649,5.26503,11.3142,0.0966384,2.99258,0.684474,6.10636,6.10636,1545.06,1545.06,-14991.9,-22447.8,335.673,0.139194,0.972987,0.363702,0,0,202,166,-22447.8,1,1,0,11.4106,11.4106,716.591,716.591,-52662.1,-59674.4,290.917,0.0343039,0.972807,0.390924,0,0,99,68,-59674.4,1,1,0,3.20473,3.20473,1962.66,1962.66,7872,99.9235,223.684,0.6,0.972413,0.363586,0,0,324,283,99.9235,1,1,0,3.20473,3.20473,1962.66,1962.66,7872,162.365,223.684,0.5,0.972413,0.363586,0,0,324,283,162.365,1,1,0
994,0.577135,18.604,0.0713143,6639.91,13578.2,5525.57,0.97119,5.55959,13.0265,0.917789,54.0924,1.51437e+06,8225.56,0.63828,0.88785,0.686018,7.496,13.3504,0.0911575,2.02562,0.302553,10.9171,10.9171,864.213,864.213,-45231.5,-51691.1,335.673,0.778571,0.989571,0.577878,13,1,138,70,-51691.1,1,1,0,9.99396,9.99396,818.169,818.169,-39738.5,-46195.8,290.917,0.6,0.989499,0.57743,0,0,129,70,-46195.8,1,1,0,6.8494,6.8494,918.301,918.301,-16707.2,-23047.4,223.684,0.780675,0.989341,0.577137,13,1,168,97,-23047.4,1,1,0,7.2768,7.2768,864.365,864.365,-19508.6,-25715.1,223.684,0.649033,0.989341,0.57714,4,1,159,88,-25715.1,1,1,0
995,0.431397,14.2657,0.00423797,5543.52,13868.2,5133.74,0.989349,2.90645,8.79521,1.46204,58.9042,1.14267e+06,9177.12,0.725244,0.652315,0.670894,5.14622,11.0992,0.0818831,0.631656,0.942167,4.69356,4.69356,2010.14,2010.14,-9852.25,-15859.1,335.673,0.532045,0.857732,0.62977,0,0,227,226,-15859.1,1,1,0,5.66895,5.66895,1442.38,1442.38,-20977.1,-26553.9,290.917,0.246613,0.856764,0.670314,0,0,163,162,-26553.9,1,1,0,3.1481,3.1481,1997.97,1997.97,5472.26,-586.805,223.684,0.686552,0.854763,0.540935,11,1,271,270,-586.805,1,1,0,3.25433,3.25433,1932.75,1932.75,4452.84,-1493.33,223.684,0.574429,0.854763,0.54839,0,1,257,256,-1493.33,1,1,0
996,0.491704,14.627,0.0285701,6826.67,13144.6,3297.62,0.961869,0.12754,13.872,1.99868,77.8246,2.13191e+06,8349.35,0.734528,0.634635,0.733144,10.9469,12.0707,0.0534377,0.413579,0.402861,644.237,644.237,14.6448,14.6448,-503088,-489238,335.673,2.15741e-05,0.86987,0.869188,0,0,2,1,-489238,1,1,0,583.276,583.276,14.0187,14.0187,-441106,-429523,290.917,2.23876e-05,0.869012,0.868261,0,0,2,1,-429523,1,1,0,5.4468,5.4468,1154.77,1154.77,-10472.3,-14233.1,223.684,0.710639,0.86723,0.675367,12,1,204,203,-14233.1,1,1,0,5.71693,5.71693,1100.21,1100.21,-12735.2,-16404.7,223.684,0.600302,0.86723,0.684432,1,1,193,192,-16404.7,1,1,0
997,0.300693,10.5409,0.135958,5643.73,10739.7,7071.64,0.933069,7.90418,8.54668,0.86571,47.0641,1.92432e+06,8314.3,0.710381,0.689925,0.761743,13.3228,13.8803,0.0647462,1.06916,0.940592,3.27466,3.27466,2881.12,2881.12,13683.8,5182.61,335.673,0.664678,0.936132,0.312353,8,0,229,180,5182.61,1,1,0,3.19451,3.19451,2559.62,2559.62,13669.2,5302.62,290.917,0.559476,0.935443,0.311214,0,0,202,160,5302.62,1,1,0,2.48627,2.48627,2529.81,2529.81,17773.3,9696.9,223.684,0.6,0.934065,0.30265,0,0,266,208,9696.9,1,1,0,2.48627,2.48627,2529.81,2529.81,17773.3,9787.99,223.684,0.510743,0.934065,0.30265,0,0,266,208,9787.99,1,1,0
998,0.598011,17.8334,0.101899,5135.49,14047,5283.31,0.974682,4.26703,13.3971,1.20932,67.4383,911317,8711.37,0.632202,0.707145,0.801831,7.40875,10.6305,0.0626814,0.437295,1.18506,5.61837,5.61837,1679.26,1679.26,-16839.9,-22548.4,335.673,0.000110521,0.903459,0.719984,0,0,185,184,-22548.4,1,1,0,6.57219,6.57219,1244.14,1244.14,-26225.4,-31848.1,290.917,8.88326e-05,0.902916,0.746394,0,0,137,136,-31848.1,1,1,0,3.69952,3.69952,1700.17,1700.17,1193.11,-4415.57,223.684,0.000657185,0.901749,0.653876,0,0,237,222,-4415.57,1,1,0,3.69952,3.69952,1700.17,1700.17,1193.11,-4415.57,223.684,0.000657185,0.901749,0.653876,0,0,237,222,-4415.57,1,1,0
999,0.384269,13.9832,0.0541061,5551.41,13194.3,2530.46,0.996182,3.15104,10.4447,1.86525,52.3733,1.11487e+06,8635.04,0.639055,0.668005,0.88981,14.5979,8.37521,0.0628512,1.70908,1.5644,5.58304,7.82874,1689.89,1205.14,-16662.8,-29651.7,335.673,0.523588,0.939815,0.469947,0,0,190,175,-20251.9,1,0,0,6.59644,9.42084,1239.57,867.943,-27305.4,-39857,290.917,0.344579,0.939313,0.529354,0,0,139,127,-30457.1,1,0,0,3.49073,5.3688,1801.86,1171.55,3474.37,-9479.57,223.684,0.663357,0.938273,0.394074,8,1,259,233,-79.7139,1,0,0,3.60183,5.48272,1746.28,1147.21,2502.86,-10467.5,223.684,0.550671,0.938273,0.396152,0,1,245,219,-936.963,1,0,0
1000,0.318619,8.40653,0.21483,5400.96,13202.1,2591.42,1.04415,4.1508,8.85625,0.654619,63.0381,1.43283e+06,7422.87,0.745668,0.69453,0.778,19.3136,11.5301,0.0836051,2.3493,1.70633,9.44475,13.434,998.937,702.304,-37938.6,-48526.9,335.673,0.399424,0.980986,0.326517,0,0,129,94,-41433.2,1,0,0,11.1373,16.3659,734.179,499.622,-49009.2,-59268.7,290.917,0.361204,0.980719,0.34651,0,0,96,66,-52175,1,0,0,5.02103,7.66278,1252.69,820.826,-5443.25,-16149.7,223.684,0.6,0.980196,0.31863,0,0,204,165,-9056.02,1,0,0,5.02103,7.66278,1252.69,820.826,-5443.25,-16220.3,223.684,0.5,0.980196,0.31863,0,0,204,165,-8960.78,1,0,0
1001,0.437479,16.1962,0.107135,6004.27,14311,6388.16,1.04225,4.15977,12.0403,1.89237,48.2829,2.19436e+06,9364.86,0.611374,0.635894,0.845767,19.8568,8.33007,0.0938069,1.97442,1.33633,5.36337,7.3252,1759.1,1287.98,-13555.9,-27899,335.673,0.659433,0.941572,0.485264,8,1,183,173,-21114.9,1,0,0,5.21817,7.22942,1566.98,1131.04,-12897.1,-27212.9,290.917,0.6,0.941148,0.481015,0,0,167,159,-20428.8,1,0,0,3.59485,5.2238,1749.67,1204.07,3482.94,-10728.1,223.684,0.678716,0.94025,0.443681,8,1,220,199,-3943.97,1,0,0,3.71928,5.37507,1691.14,1170.18,2130.41,-12035.1,223.684,0.569017,0.94025,0.445207,0,1,209,188,-5173.69,1,0,0
1002,0.338709,19.406,0.25556,5295.82,12190.6,3309.68,0.940539,3.76189,12.8665,1.23223,41.3561,914510,9285.39,0.617563,0.628803,0.652034,17.4975,6.6227,0.0840815,1.8516,1.78708,4.78572,6.72735,1971.43,1402.44,846.082,-14078,335.673,0.629369,0.929404,0.410374,7,1,191,167,-3885.72,1,0,0,4.02298,5.74354,2032.51,1423.64,7537.12,-7587.39,290.917,0.6,0.928972,0.373479,0,0,206,187,2604.86,1,0,0,3.06211,4.65392,2054.08,1351.51,13922,-691.666,223.684,0.657535,0.928025,0.346737,7,1,246,210,9500.58,1,0,0,3.1855,4.80711,1974.52,1308.44,13032.2,-1555.59,223.684,0.544113,0.928025,0.349012,0,1,232,196,8720.93,1,0,0
1003,0.345698,17.9498,0.0722931,6218.59,11700,5493.69,0.907331,4.90359,9.82691,1.83956,34.1808,1.60196e+06,7962.57,0.746785,0.510926,0.784715,11.6583,1.42256,0.069438,1.30682,1.11558,3.48823,4.67966,2704.73,2016.11,12028.8,-2851.71,335.673,0.484928,0.916684,0.357453,0,0,271,249,5484.88,1,0,0,3.67549,4.9671,2224.67,1646.18,8585.84,-6143.63,290.917,0.346326,0.916148,0.361965,0,0,223,205,2192.96,1,0,0,2.53358,3.71272,2482.58,1694.12,17850.5,3107.6,223.684,0.6,0.914993,0.347162,0,0,318,284,11444.2,1,0,0,2.57384,3.74754,2443.75,1678.38,17660,2855.22,223.684,0.500139,0.914993,0.347357,0,1,308,274,11344.1,1,0,0
1004,0.489685,11.3264,0.161518,6665.92,14231.1,5905.41,0.96076,7.08501,9.2542,1.43206,35.0876,1.26193e+06,8517.17,0.716534,0.76872,0.980739,13.2111,9.35875,0.0984618,0.518188,1.42086,4.64133,5.79333,2032.76,1628.55,8952.88,-5113.99,335.673,0.689956,0.890292,0.657567,9,1,171,162,2187.2,1,0,0,4.0245,5.08968,2031.74,1606.54,15235.1,914.65,290.917,0.6,0.889332,0.626043,0,0,181,176,8215.85,1,0,0,3.16078,4.16595,1989.96,1509.82,21283.4,7085.31,223.684,0.694051,0.887407,0.5754,9,1,212,183,14386.5,1,0,0,3.25296,4.26182,1933.57,1475.85,20649.1,6451.57,223.684,0.576133,0.887407,0.581402,0,1,201,172,13861,1,0,0
1005,0.417878,8.6399,0.0552418,5744.86,11181.2,3896.83,0.931427,2.41371,10.7742,1.50715,77.9715,1.71951e+06,8940.97,0.711958,0.746909,0.921196,12.5496,12.6677,0.0931291,1.91334,1.54073,8.42694,13.1023,1119.59,720.08,-49173.3,-64947.2,335.673,0.652175,0.952193,0.617338,13,1,119,71,-53642.5,1,0,0,6.23534,9.63998,1311.36,848.212,-26464.1,-42863.5,290.917,0.6,0.951574,0.507724,0,0,142,102,-31558.9,1,0,0,3.89663,6.78364,1614.17,927.203,-1384.23,-17642.1,223.684,0.698962,0.950361,0.427948,13,1,228,171,-6337.39,1,0,0,4.05024,6.95603,1552.95,904.224,-2953.13,-19217.4,223.684,0.588077,0.950361,0.430671,0,1,214,157,-7773.68,1,0,0
1006,0.576556,19.2842,0.14859,5396.08,13681,5346.57,0.979158,3.89575,10.8516,1.65948,69.4228,1.72306e+06,9240.94,0.624031,0.767528,0.90928,7.335,10.011,0.0842709,1.25804,1.64969,6.58219,9.65238,1433.37,977.449,-23808.2,-36503.1,335.673,0.0663189,0.962259,0.608746,0,0,170,129,-29596.2,1,0,0,7.54814,11.3341,1083.28,721.43,-33023.4,-45616.3,290.917,0.0033386,0.962022,0.633701,0,0,129,94,-38709.3,1,0,0,4.79455,7.70721,1311.87,816.094,-8261.42,-21107.2,223.684,0.836718,0.961503,0.582773,10,1,191,140,-14200.2,1,0,0,4.87095,4.87095,1291.29,1291.29,-8949.11,-14831.1,223.684,0.727272,0.961503,0.583435,6,1,187,136,-14831.1,1,1,0
1007,0.395747,19.2448,0.04574,5812.28,8376.92,3701.29,1.09587,0.029152,9.25479,0.600704,42.248,1.11089e+06,8571.81,0.673341,0.876422,0.756581,17.8162,6.2539,0.0698733,0.916384,1.5037,4.24919,7.40295,2220.36,1274.45,-668.131,-21046,335.673,1,0.876447,0.642523,6,1,244,243,-5075.13,1,0,0,4.83182,8.66101,1692.27,944.088,-7741.27,-27881.6,290.917,0.0105611,0.875769,0.674179,0,0,187,186,-11910.8,1,0,0,4.03265,7.52249,1559.72,836.134,-122.103,-20274,223.684,0.714467,0.874288,0.63158,6,1,184,183,-4303.12,1,0,0,4.05151,7.5566,1552.46,832.359,-328.068,-20631.4,223.684,0.701895,0.874288,0.632783,5,1,183,182,-4491.7,1,0,0
1008,0.517854,14.389,0.0484736,6506.05,8009.03,7231.58,0.936214,6.87851,12.5766,1.44165,56.4574,1.92871e+06,7437.88,0.726114,0.689234,0.820862,15.1369,9.01969,0.0841914,1.97786,1.80483,4.53527,6.30582,2080.3,1496.19,-1807.8,-23369.1,335.673,0.690052,0.95403,0.525361,9,1,159,99,-10514.7,1,0,0,3.35839,4.73358,2434.73,1727.39,15866.5,-5859.47,290.917,0.681838,0.953655,0.518691,9,1,198,147,6994.94,1,0,0,3.04274,4.62489,2067.15,1359.99,15871.1,-5325.26,223.684,0.68617,0.952876,0.518245,9,1,202,135,7529.16,1,0,0,3.16618,4.78715,1986.56,1313.89,14233,-6937.47,223.684,0.576091,0.952876,0.518416,0,1,191,124,6000.23,1,0,0
1009,0.43833,15.7078,0.183667,6156.46,11698,6800.85,0.963775,2.44723,8.99721,1.88591,65.7116,886894,8761.36,0.649331,0.852708,0.945583,14.569,11.5684,0.0703998,1.13561,0.94571,6.33099,6.33099,1490.24,1490.24,-9720.55,-17508.4,335.673,0.662618,0.955462,0.549331,11,0,175,134,-17508.4,1,1,0,7.27875,7.27875,1123.37,1123.37,-17968.3,-25306.2,290.917,0.494657,0.955121,0.603226,0,0,132,97,-25306.2,1,1,0,3.98724,3.98724,1577.48,1577.48,7554.78,-261.444,223.684,0.681929,0.954401,0.45379,10,0,242,189,-261.444,1,1,0,4.11021,4.11021,1530.29,1530.29,6763.16,-928.479,223.684,0.583829,0.954401,0.45674,0,1,230,177,-928.479,1,1,0
1010,0.497985,13.5512,0.0791358,5275.02,8515.28,3940.21,1.04502,2.17038,9.52998,1.93419,47.6269,1.97721e+06,7586.16,0.628915,0.677577,0.958054,8.30497,10.9351,0.0577594,0.504991,1.90696,3.72105,5.43349,2535.5,1736.4,-599.35,-16583.2,335.673,0.846469,0.878571,0.602183,4,0,238,237,-5211.02,1,0,0,3.84871,5.68215,2124.54,1439.02,-3466.42,-19294.7,290.917,0.190316,0.877696,0.610321,0,0,200,199,-7922.52,1,0,0,2.88261,4.55072,2181.98,1382.16,6926.58,-9172.36,223.684,0.685089,0.875901,0.557504,11,1,242,240,2199.79,1,0,0,2.98248,4.65474,2108.92,1351.27,5775.25,-10349.5,223.684,0.575558,0.875901,0.563245,0,1,228,226,1185.95,1,0,0
1011,0.479909,13.0372,0.0517102,6058.85,14835.8,5144.07,1.00184,7.9803,11.0532,1.95248,51.9994,1.06795e+06,8742.36,0.601642,0.691046,0.89869,7.29739,7.38532,0.0809417,1.45054,0.800573,5.18641,5.18641,1819.12,1819.12,-10175.6,-16452.2,335.673,0.66628,0.951125,0.505434,7,1,165,132,-16452.2,1,1,0,4.53796,4.53796,1801.86,1801.86,-2361.58,-8817.74,290.917,0.6,0.950689,0.492753,0,0,170,142,-8817.74,1,1,0,3.56845,3.56845,1762.62,1762.62,7489.64,1342.9,223.684,0.668964,0.949795,0.482809,7,1,202,160,1342.9,1,1,0,3.68105,3.68105,1708.7,1708.7,6315.85,280.641,223.684,0.559012,0.949795,0.483546,0,1,192,150,280.641,1,1,0
1012,0.441835,9.43338,0.27893,5934.63,8038.51,5003.16,0.908786,4.67514,14.8685,1.46875,65.9191,1.63437e+06,8574.86,0.693381,0.753181,0.80979,18.0954,5.7018,0.0849051,0.867548,0.140381,4.77863,4.77863,1974.36,1974.36,6973.65,1129.99,335.673,1,0.881067,0.648389,6,1,122,73,1129.99,1,1,0,3.7351,3.7351,2189.17,2189.17,20978.4,14963.2,290.917,0.633731,0.879844,0.588204,6,1,141,100,14963.2,1,1,0,3.04189,3.04189,2067.73,2067.73,24569,18657.7,223.684,0.635039,0.877441,0.541778,6,1,165,95,18657.7,1,1,0,3.30334,3.30334,1904.07,1904.07,21198,15433.3,223.684,0.532487,0.877441,0.561423,0,1,149,79,15433.3,1,1,0
1013,0.585018,9.16103,0.012901,5681.22,13027,7300.12,0.932338,0.984346,7.60686,1.44993,41.3727,1.27096e+06,8681.34,0.644072,0.586361,0.675608,7.69121,6.15923,0.0674652,2.20047,0.364231,12.9007,12.9007,731.335,731.335,-64094,-71651,335.673,0.228769,0.986126,0.585872,0,0,122,73,-71651,1,1,0,57.7798,57.7798,141.516,141.516,-161031,-166587,290.917,1.8637e-05,0.985946,0.91638,0,0,43,1,-166587,1,1,0,5.33019,5.33019,1180.04,1180.04,-11829.2,-19958.8,223.684,0.660004,0.985591,0.585018,6,1,216,164,-19958.8,1,1,0,5.57507,5.57507,1128.2,1128.2,-13695.4,-21716.4,223.684,0.548523,0.985591,0.585018,0,1,205,153,-21716.4,1,1,0
1014,0.402814,10.7928,0.169544,5291.22,9703.69,4470.14,1.08705,2.1242,7.31953,1.3287,56.3172,1.66467e+06,7778.52,0.729551,0.586942,0.691774,6.10578,12.8028,0.0964654,0.141201,1.11653,3.93527,5.62518,2397.47,1677.23,2268.48,-12970.1,335.673,0.708613,0.843266,0.562679,13,1,238,237,-3585.3,1,0,0,4.08344,5.91735,2002.42,1381.83,-445.227,-15425.1,290.917,0.53105,0.841923,0.572907,0,0,201,200,-6040.29,1,0,0,2.74283,4.26564,2293.18,1474.53,11728.2,-3212.44,223.684,0.689666,0.839249,0.485037,13,1,278,277,6172.33,1,0,0,2.83167,4.3579,2221.24,1443.31,11011.1,-3948.57,223.684,0.581218,0.839249,0.491583,0,1,263,262,5582.1,1,0,0
1015,0.353171,18.0397,0.164479,6856.85,14772.9,5311.14,0.920633,2.82581,6.76887,1.41133,40.5044,1.15113e+06,8387.22,0.642528,0.703933,0.650103,14.3841,3.2081,0.092713,2.55853,0.0291758,37.7967,37.7967,249.618,249.618,-115040,-119612,335.673,1.76308e-05,0.980071,0.895188,0,0,60,6,-119612,1,1,0,45.695,45.695,178.942,178.942,-122488,-126695,290.917,1.56006e-05,0.97993,0.921234,0,0,47,1,-126695,1,1,0,4.80016,4.80016,1310.33,1310.33,3040.04,-3122.3,223.684,0.6,0.979623,0.353181,0,0,256,197,-3122.3,1,1,0,4.80016,4.80016,1310.33,1310.33,3040.04,-3044.1,223.684,0.5,0.979623,0.353181,0,0,256,197,-3044.1,1,1,0
1016,0.503428,9.74999,0.0751827,5409.66,10670.8,7143.53,1.02702,7.88848,11.8944,1.41818,30.1539,1.60345e+06,8635.91,0.622736,0.527444,0.77572,15.5651,12.2187,0.0791426,1.38404,0.314788,3.77356,3.77356,2500.22,2500.22,1716.57,-6924.54,335.673,0.775163,0.942998,0.504754,12,1,158,129,-6924.54,1,1,0,2.97721,2.97721,2746.45,2746.45,14824.8,6089.84,290.917,0.760401,0.942357,0.503599,12,1,189,165,6089.84,1,1,0,2.6177,2.6177,2402.8,2402.8,17391.9,9136.55,223.684,0.766088,0.941087,0.503481,12,1,188,153,9136.55,1,1,0,2.69797,2.69797,2331.31,2331.31,16249.3,8100.1,223.684,0.636064,0.941087,0.503502,3,1,179,144,8100.1,1,1,0
1017,0.553802,10.7204,0.135832,5439.67,8190.98,3314.06,1.05847,3.44497,9.49095,0.563612,64.5132,762297,8000.59,0.744067,0.594663,0.658184,6.79434,3.53869,0.0530118,0.0478315,0.748155,4.31345,4.31345,2187.28,2187.28,1598.23,-3049.69,335.673,0.637006,0.884115,0.63855,4,1,156,155,-3049.69,1,1,0,3.34885,3.34885,2441.66,2441.66,14149.8,9212.71,290.917,0.6,0.883113,0.600308,0,0,194,193,9212.71,1,1,0,2.90401,2.90401,2165.91,2165.91,17932.8,13434.4,223.684,0.638465,0.881118,0.585089,4,1,189,178,13434.4,1,1,0,3.01091,3.01091,2089.01,2089.01,16830.4,12453.5,223.684,0.532398,0.881118,0.589046,0,1,178,167,12453.5,1,1,0
1018,0.312076,14.5834,0.0263213,5354.9,8188.55,5252.43,0.953088,1.84107,8.88606,0.633307,65.3632,1.31168e+06,7763.25,0.744717,0.817365,0.802258,8.10289,13.7516,0.0508608,0.400087,1.24859,4.07738,6.0913,2313.92,1548.88,-4803.02,-22269,335.673,0.724308,0.854998,0.602649,14,1,211,210,-11304.7,1,0,0,3.64151,5.57532,2245.43,1466.6,508.379,-17045,290.917,0.6,0.85398,0.571425,0,0,215,214,-6080.66,1,0,0,2.65,4.39508,2373.51,1431.1,11131,-6126.77,223.684,0.666333,0.851866,0.476377,14,1,270,268,4837.62,1,0,0,2.79149,4.54254,2253.21,1384.65,9690.58,-7717.28,223.684,0.558065,0.851866,0.49252,0,1,247,245,3532.99,1,0,0
1019,0.43489,10.5816,0.216381,6118.18,11873.6,3028.36,1.04502,4.55785,7.0409,1.42912,79.7861,1.98958e+06,7845.36,0.702754,0.685493,0.85914,16.8315,6.82846,0.0819943,2.83632,0.3311,6.61105,6.61105,1427.11,1427.11,-16165.2,-20374.4,335.673,0.503534,0.983345,0.434919,0,0,165,126,-20374.4,1,1,0,6.89195,6.89195,1186.42,1186.42,-19890,-23871.8,290.917,0.367984,0.983153,0.434944,0,0,137,104,-23871.8,1,1,0,4.1371,4.1371,1520.34,1520.34,3067.45,-1033.47,223.684,0.6,0.982769,0.43489,0,0,225,184,-1033.47,1,1,0,4.1683,4.1683,1508.96,1508.96,2820.34,-1164.63,223.684,0.547426,0.982769,0.43489,0,1,222,181,-1164.63,1,1,0
1020,0.567746,9.95848,0.0665091,5890.74,14907,5587.49,0.933979,3.23808,13.9114,0.971325,39.0508,1.44451e+06,9116.03,0.739258,0.510649,0.858558,18.9438,10.5346,0.0906903,1.61102,1.14973,7.03017,7.03017,1342.03,1342.03,-29304.1,-36054.9,335.673,0.713956,0.94877,0.59175,11,1,153,125,-36054.9,1,1,0,6.69473,6.69473,1221.37,1221.37,-26115.4,-32820.7,290.917,0.6,0.948206,0.587611,0,0,142,119,-32820.7,1,1,0,4.41585,4.41585,1424.37,1424.37,-4009.57,-10534.4,223.684,0.727784,0.947088,0.5695,11,1,192,155,-10534.4,1,1,0,4.59394,4.59394,1369.15,1369.15,-5767.88,-12182.6,223.684,0.612445,0.947088,0.57009,2,1,183,146,-12182.6,1,1,0
1021,0.524886,14.7598,0.0580156,5541.8,14858.4,4328.42,0.95695,0.439683,9.43173,0.952138,66.979,1.49889e+06,8329.09,0.624275,0.524297,0.844354,12.1473,10.4819,0.0750176,2.30564,1.32629,79.1098,2180.65,119.261,4.32656,-213580,-220891,335.673,1.78263e-05,0.980981,0.943252,0,0,33,1,-214882,1,0,0,81.7468,inf,100.025,-5.94119,-205056,-212180,290.917,1.76366e-05,0.98082,0.945507,0,0,28,1,-206171,1,0,0,5.82726,10.8676,1079.38,578.767,-12979.9,-24187,223.684,0.660241,0.980483,0.524886,7,0,239,203,-18178.2,1,0,0,6.04223,11.2431,1040.98,559.436,-14342.1,-25497.7,223.684,0.574771,0.980483,0.524887,0,1,229,193,-19426.7,1,0,0
1022,0.597542,12.4171,0.0944635,5865.13,10360.9,7338.18,0.962364,6.88736,11.0769,0.790161,77.3984,1.68237e+06,8722.15,0.669051,0.867806,0.72916,16.8801,11.0429,0.0511744,2.64833,1.52732,15.7574,15.7574,598.747,598.747,-77976.8,-85709.7,335.673,0.837102,0.99,0.604327,11,1,96,23,-85709.7,1,1,0,8.0929,8.0929,1010.36,1010.36,-37982.1,-46230,290.917,0.753171,0.99,0.597545,11,1,121,57,-46230,1,1,0,7.13627,7.13627,881.386,881.386,-26786.9,-34794.3,223.684,0.769284,0.99,0.597543,11,1,130,55,-34794.3,1,1,0,7.89705,7.89705,796.476,796.476,-31715.8,-39547.3,223.684,0.641822,0.99,0.597545,3,1,122,47,-39547.3,1,1,0
1023,0.459424,15.5139,0.270711,6303.92,11378.9,4577.05,1.09929,0.1255,6.1253,1.7016,62.229,1.40131e+06,8429.78,0.630624,0.882687,0.831716,9.791,11.2621,0.0572414,0.960916,1.32096,35.1798,83.0079,268.185,113.66,-147047,-160356,335.673,1.4905e-05,0.892153,0.870616,0,0,34,33,-149620,1,0,0,508.769,inf,16.0717,-58.4984,-323151,-327586,290.917,1.06078e-05,0.891427,0.89071,0,0,2,1,-316849,1,0,0,3.87185,7.21607,1624.5,871.64,9212.36,-6443.77,223.684,0.0107062,0.889903,0.632106,0,0,275,274,4292.75,1,0,0,3.87185,7.21607,1624.5,871.64,9212.36,-6611.6,223.684,0.0107062,0.889903,0.632106,0,0,275,274,4292.75,1,0,0
1024,0.497999,18.9465,0.23894,5599.58,8703.19,3180.94,0.942914,7.18787,6.07972,1.94649,78.157,2.05062e+06,9068.25,0.671817,0.756442,0.992943,15.5485,1.50797,0.0605622,1.64075,0.500166,3.38589,3.38589,2786.48,2786.48,16518.5,11981.5,335.673,0.613205,0.954733,0.499721,2,1,216,151,11981.5,1,1,0,3.16943,3.16943,2579.88,2579.88,17785.2,13177.9,290.917,0.6,0.954445,0.499031,0,0,205,149,13177.9,1,1,0,2.53608,2.53608,2480.13,2480.13,18457.3,14211.7,223.684,0.609477,0.953815,0.498139,2,0,274,202,14211.7,1,1,0,2.60798,2.60798,2411.75,2411.75,18210,14071.4,223.684,0.508216,0.953815,0.498186,0,1,257,185,14071.4,1,1,0
1025,0.390744,9.81192,0.284068,6738.45,11655.2,6670,0.925841,6.33487,5.67355,1.44164,79.722,1.35499e+06,8416.99,0.718677,0.573978,0.805616,13.3583,4.55335,0.0813878,1.95097,1.99472,3.93714,5.2179,2396.34,1808.14,24377.1,7278.89,335.673,0.522059,0.935062,0.401327,0,0,212,173,16392.9,1,0,0,3.90432,5.19425,2094.29,1574.19,23607.1,6631.36,290.917,0.429216,0.934329,0.401378,0,0,184,151,15745.4,1,0,0,2.79577,4.08294,2249.76,1540.51,27191.7,10363.3,223.684,0.6,0.932875,0.391854,0,0,265,217,19477.4,1,0,0,2.79577,4.08294,2249.76,1540.51,27191.7,10226.1,223.684,0.5,0.932875,0.391854,0,0,265,217,19568.1,1,0,0
1026,0.584261,18.9612,0.195589,5643.89,12197.9,6604.33,1.08514,0.606586,8.67346,1.91813,70.0812,2.16383e+06,7586.65,0.726739,0.647234,0.956072,17.6482,3.98622,0.074303,2.52476,1.7765,80.8726,inf,116.661,-1.67878,-209878,-218379,335.673,1.86647e-05,0.986037,0.953894,0,0,29,1,-213431,1,0,0,81.6683,inf,100.121,-10.4317,-200657,-209018,290.917,1.86742e-05,0.985943,0.954731,0,0,25,1,-204070,1,0,0,6.44202,12.5269,976.373,502.103,-15055.1,-27638.2,223.684,0.629196,0.985736,0.584261,4,1,202,171,-22690.7,1,0,0,6.74807,13.0778,932.09,480.954,-17001.3,-29535.1,223.684,0.529331,0.985736,0.584262,0,1,191,160,-24501.2,1,0,0
1027,0.409901,18.8299,0.198876,5449.45,9757.43,5974.3,0.932386,5.78889,9.72887,1.82583,79.9643,2.06541e+06,7795.97,0.600625,0.622187,0.783492,16.6385,10.0817,0.0551103,1.26027,0.747038,3.99103,3.99103,2363.98,2363.98,3245.86,-4131.12,335.673,0.674355,0.936578,0.425446,10,1,209,169,-4131.12,1,1,0,3.75243,3.75243,2179.06,2179.06,4882.07,-2526.25,290.917,0.6,0.936179,0.421072,0,0,198,164,-2526.25,1,1,0,2.8199,2.8199,2230.51,2230.51,11874.6,4846.84,223.684,0.665339,0.93531,0.411569,10,1,263,214,4846.84,1,1,0,2.916,2.916,2157,2157,11093.2,4179.86,223.684,0.558774,0.93531,0.412068,0,1,247,198,4179.86,1,1,0
1028,0.521553,17.9491,0.144009,6809.13,12284.8,6244.06,1.07586,6.16753,7.44578,0.82689,61.2912,1.38163e+06,7426.53,0.658426,0.814063,0.868066,9.26204,9.88313,0.0750837,2.85526,0.0583793,7.22007,7.22007,1306.73,1306.73,-17133.7,-24785.9,335.673,0.672227,0.987207,0.521578,7,0,162,119,-24785.9,1,1,0,7.92011,7.92011,1032.4,1032.4,-23536.2,-30843.5,290.917,0.458913,0.987115,0.521636,0,0,129,92,-30843.5,1,1,0,4.92495,4.92495,1277.13,1277.13,709.306,-6635.7,223.684,0.711357,0.986916,0.521553,10,1,198,153,-6635.7,1,1,0,5.11517,5.11517,1229.64,1229.64,-796.948,-8017.06,223.684,0.588782,0.986916,0.521553,0,1,187,142,-8017.06,1,1,0
1029,0.420942,15.5754,0.271556,6550.26,14297.8,3823.58,1.03009,4.81846,8.49678,0.730289,54.8528,1.2987e+06,9063.05,0.74911,0.714836,0.818644,7.24183,4.86144,0.0934746,1.82136,1.05742,5.42505,7.31366,1739.1,1290.01,4613.35,-10616.4,335.673,0.6291,0.946102,0.484365,5,1,180,162,-638.757,1,0,0,5.47482,7.47677,1493.52,1093.62,3060.5,-12034.6,290.917,0.550378,0.945692,0.488095,0,0,157,142,-2056.97,1,0,0,3.62933,5.27477,1733.05,1192.43,15941.6,992.122,223.684,0.642769,0.944829,0.429944,5,1,226,197,10969.7,1,0,0,3.74762,5.40485,1678.35,1163.73,15235.5,288.814,223.684,0.535334,0.944829,0.431931,0,1,214,185,10377.5,1,0,0
1030,0.468546,15.4418,0.153263,5710.02,8006.69,5710.27,1.01537,4.62137,5.0626,0.81738,75.8818,1.76494e+06,8726.55,0.688397,0.811863,0.891018,17.1149,11.316,0.0719558,2.62162,1.73038,3.95819,6.4432,2383.59,1464.29,4952.72,-16649.1,335.673,0.690033,0.985987,0.468546,11,1,220,164,-2240.35,1,0,0,3.87109,6.34588,2112.26,1288.51,4928.85,-16573.1,290.917,0.6,0.985872,0.468546,0,0,194,145,-2164.33,1,0,0,2.90723,5.74628,2163.51,1094.59,12243.8,-8976.88,223.684,0.6,0.985629,0.468546,0,0,264,206,5431.89,1,0,0,2.91744,5.74703,2155.93,1094.45,12177.8,-9249.78,223.684,0.562273,0.985629,0.468546,0,1,262,204,5480.72,1,0,0
1031,0.515935,15.6706,0.106518,6605.76,9602.54,2690.1,1.05027,0.397496,8.51088,0.644314,71.5478,1.88296e+06,8918.4,0.644429,0.644204,0.964082,5.49189,5.05107,0.0574881,0.250074,1.64389,4.60284,7.60823,2049.76,1240.07,1749.75,-19143.6,335.673,0.00395021,0.876666,0.649364,0,0,228,227,-1427.85,1,0,0,5.44995,9.25824,1500.33,883.186,-8728.06,-29564.2,290.917,7.9438e-05,0.8759,0.682916,0,0,167,166,-11848.4,1,0,0,3.21962,5.8774,1953.59,1070.17,12793.3,-8291.34,223.684,0.634648,0.874293,0.584562,5,1,255,254,9424.41,1,0,0,3.35611,6.05779,1874.14,1038.3,11525.2,-9602.39,223.684,0.528734,0.874293,0.591712,0,1,240,239,8266.26,1,0,0
1032,0.45268,16.2859,0.192113,6025.82,9469.44,3484.45,1.0452,0.475971,6.19171,1.37432,35.5056,1.02879e+06,8830.04,0.658349,0.847805,0.804315,15.1856,5.45816,0.0789004,1.39003,1.79511,5.54382,9.39777,1701.84,1003.93,-4178.31,-23975.4,335.673,0.626418,0.956198,0.514557,4,0,192,168,-8951.36,1,0,0,6.31827,11.0244,1294.14,741.699,-11687.9,-31065,290.917,0.430221,0.955873,0.553853,0,0,146,127,-16041,1,0,0,3.708,7.28058,1696.28,863.916,9354.01,-10248.8,223.684,0.637644,0.955185,0.460943,5,1,238,204,4775.21,1,0,0,3.81769,7.39812,1647.55,850.19,8589.36,-11092,223.684,0.53884,0.955185,0.462644,0,1,227,193,4123.65,1,0,0
1033,0.572126,8.19779,0.163842,5716.52,8867.2,7161.4,0.922105,5.81831,6.28384,0.923975,45.1361,1.11157e+06,9048.96,0.648385,0.671665,0.91509,12.1387,6.18506,0.0964693,0.537508,1.93903,3.28954,4.56903,2868.09,2064.93,20896.6,595.162,335.673,0.721611,0.90246,0.608134,5,0,203,143,12809.3,1,0,0,3.17773,4.42187,2573.14,1849.16,21803.7,1495.21,290.917,0.6,0.901353,0.605269,0,0,180,130,13709.3,1,0,0,2.72074,4.16193,2311.8,1511.27,22369,2232.2,223.684,0.651998,0.899204,0.592244,6,1,206,128,14446.3,1,0,0,2.8085,4.24732,2239.56,1480.89,21701.4,1480.26,223.684,0.543721,0.899204,0.594929,0,1,194,116,13849.3,1,0,0
1034,0.42579,19.4971,0.0372059,6602.49,9162.71,6196.18,1.09989,0.844521,5.04506,1.86938,43.0323,969379,9373.94,0.66714,0.66695,0.958889,6.12949,10.6797,0.0557955,2.73565,1.42606,4.49501,7.85434,2098.93,1201.21,3159.94,-19700.8,335.673,0.371682,0.981216,0.425791,0,0,229,200,-4059.83,1,0,0,4.78472,8.54152,1708.93,957.294,-736.937,-23436,290.917,0.258125,0.981092,0.425791,0,0,187,162,-7795.03,1,0,0,3.05416,6.44982,2059.42,975.192,14834.7,-8065.58,223.684,0.6,0.98082,0.42579,0,0,286,254,7575.4,1,0,0,3.05416,6.44982,2059.42,975.192,14834.7,-8339.81,223.684,0.5,0.98082,0.42579,0,0,286,254,7679.32,1,0,0
1035,0.494122,15.0272,0.117818,6445.29,12381.4,3653.36,1.08838,1.93475,11.9638,1.42011,72.7631,1.89104e+06,8706.94,0.666673,0.695639,0.926341,15.3284,1.15311,0.0578204,0.704962,0.324795,5.84577,5.84577,1613.94,1613.94,-11888.6,-15984.5,335.673,0.000110648,0.87882,0.698705,0,0,189,188,-15984.5,1,1,0,8.79894,8.79894,929.289,929.289,-40841.7,-44678.9,290.917,6.70591e-05,0.878022,0.764017,0,0,108,107,-44678.9,1,1,0,4.2913,4.2913,1465.71,1465.71,829.457,-3267.88,223.684,0.659069,0.876359,0.638161,1,1,193,192,-3267.88,1,1,0,4.30894,4.30894,1459.71,1459.71,653.034,-3425.96,223.684,0.564043,0.876359,0.639033,0,1,192,191,-3425.96,1,1,0
1036,0.402709,17.3776,0.0939976,5628.66,8718.86,3056.92,1.07932,3.99069,14.3128,1.03942,41.6623,1.8216e+06,7904.53,0.676029,0.736722,0.658595,12.2431,12.784,0.0783421,2.13894,0.0728263,5.345,5.345,1765.15,1765.15,-17292.4,-21942.4,335.673,0.75623,0.982461,0.402717,13,1,162,124,-21942.4,1,1,0,4.07275,4.07275,2007.67,2007.67,-1706.22,-6462.63,290.917,0.703256,0.982332,0.402709,10,0,193,160,-6462.63,1,1,0,3.58428,3.58428,1754.83,1754.83,2224.57,-1978.11,223.684,0.756495,0.982054,0.402709,13,1,193,152,-1978.11,1,1,0,3.73465,3.73465,1684.17,1684.17,397.596,-3677.96,223.684,0.633151,0.982054,0.402709,3,1,183,142,-3677.96,1,1,0
1037,0.422447,12.5274,0.25405,6183.77,13169.7,7244.6,1.02446,1.31331,11.2155,1.97696,45.2022,1.03358e+06,7602.78,0.669676,0.857645,0.650066,17.9015,9.99671,0.0669998,0.188608,0.302815,49.0857,49.0857,192.209,192.209,-183129,-187116,335.673,2.35738e-05,0.884755,0.869378,0,0,24,23,-187116,1,1,0,500.442,500.442,16.3391,16.3391,-316631,-313214,290.917,1.85614e-05,0.883814,0.883063,0,0,2,1,-313214,1,1,0,4.20572,4.20572,1495.54,1495.54,6971.66,-727.647,223.684,1,0.881903,0.638987,9,0,261,260,-727.647,1,1,0,4.21635,4.21635,1491.77,1491.77,6913.79,-766.895,223.684,1,0.881903,0.63963,8,1,260,259,-766.895,1,1,0
1038,0.432015,8.14877,0.113653,5757.22,14209.2,3060.94,1.00456,6.31872,5.96202,1.92979,55.9394,1.55531e+06,8579.5,0.677417,0.683102,0.959036,8.12948,8.62578,0.094778,0.602534,0.4022,4.62867,4.62867,2038.32,2038.32,-4639.45,-8475.91,335.673,0.733117,0.872326,0.622347,9,1,177,176,-8475.91,1,1,0,4.39911,4.39911,1858.73,1858.73,-2565.15,-6468.2,290.917,0.6,0.870863,0.611618,0,0,166,165,-6468.2,1,1,0,3.11569,3.11569,2018.75,2018.75,10598.7,6525.62,223.684,0.619291,0.868025,0.531391,3,0,228,221,6525.62,1,1,0,3.16446,3.16446,1987.64,1987.64,10209.8,6263.08,223.684,0.559379,0.868025,0.534936,0,1,220,213,6263.08,1,1,0
1039,0.337742,14.1168,0.246467,5095.09,14486.1,3785.35,1.00726,6.45902,14.8965,1.66792,33.806,1.89636e+06,8941.51,0.604198,0.872054,0.90526,5.03449,4.08531,0.0856382,0.959557,0.122781,3.59653,3.59653,2623.28,2623.28,7477.21,3134.87,335.673,0.214618,0.867857,0.58089,0,0,243,242,3134.87,1,1,0,3.68112,3.68112,2221.27,2221.27,5248.54,948.925,290.917,0.0740093,0.866888,0.589103,0,0,207,206,948.925,1,1,0,3.1321,3.1321,2008.18,2008.18,8940.8,4605.45,223.684,0.639743,0.864885,0.543018,4,1,205,204,4605.45,1,1,0,3.22746,3.22746,1948.84,1948.84,7925.49,3645.59,223.684,0.536027,0.864885,0.55226,0,1,196,195,3645.59,1,1,0
1040,0.327517,14.0863,0.132717,6822.16,12621.2,3413.17,0.902987,6.73715,14.7559,1.68753,78.0615,2.17054e+06,8523.14,0.608164,0.657467,0.985346,6.9573,11.2117,0.0573544,2.34562,0.906903,4.6134,4.6134,2045.07,2045.07,3558.33,-1113.12,335.673,0.695701,0.978483,0.327521,11,1,226,164,-1113.12,1,1,0,4.66914,4.66914,1751.23,1751.23,1567.78,-2944.18,290.917,0.563977,0.978292,0.327523,0,0,193,140,-2944.18,1,1,0,3.23523,3.23523,1944.16,1944.16,12736.7,8378.49,223.684,0.67378,0.977894,0.327517,11,0,279,214,8378.49,1,1,0,3.33716,3.33716,1884.78,1884.78,11989.6,7735.2,223.684,0.568785,0.977894,0.327517,0,1,264,199,7735.2,1,1,0
1041,0.500247,13.2439,0.22605,6081.21,9381.77,2537.32,0.999894,0.396545,9.68235,1.96591,54.5531,1.01778e+06,8007.11,0.655672,0.629829,0.752369,9.04415,12.3462,0.0935359,0.7535,1.56776,5.09032,8.13019,1853.46,1160.45,2271.3,-15509.2,335.673,0.00580848,0.872596,0.660349,0,0,212,211,-730.036,1,0,0,6.82686,11.2941,1197.73,723.987,-13234.3,-30918.8,290.917,6.72451e-05,0.871676,0.715159,0,0,136,135,-16139.7,1,0,0,3.56957,6.13697,1762.06,1024.91,12723.7,-5165.56,223.684,0.705062,0.869794,0.592238,12,1,231,230,9613.59,1,0,0,3.71446,6.34738,1693.33,990.929,11625.3,-6279.63,223.684,0.593772,0.869794,0.599932,0,1,219,218,8578.42,1,0,0
1042,0.496655,12.0766,0.0405846,6168.94,8597.08,4070.67,1.02475,3.42299,6.07869,1.40068,39.5217,1.20649e+06,8839.47,0.732741,0.618018,0.925789,14.7837,7.52011,0.0821146,2.45065,0.00850359,3.59235,3.59235,2626.33,2626.33,11715.4,6282.63,335.673,0.671545,0.983258,0.496655,8,1,226,185,6282.63,1,1,0,3.37251,3.37251,2424.53,2424.53,13899.1,8459.72,290.917,0.6,0.983087,0.496655,0,0,212,177,8459.72,1,1,0,2.5879,2.5879,2430.47,2430.47,19772.4,14651.2,223.684,0.667915,0.98274,0.496655,8,1,269,226,14651.2,1,1,0,2.65298,2.65298,2370.85,2370.85,19444.6,14427.4,223.684,0.552272,0.98274,0.496655,0,1,255,212,14427.4,1,1,0
1043,0.498873,10.9979,0.277395,6171.56,9624.17,7370.89,1.03174,6.77534,12.2074,1.82003,43.541,1.27251e+06,8295.94,0.718625,0.508461,0.930533,10.4396,4.80199,0.0746817,2.36583,1.60725,3.78938,5.01281,2489.78,1882.12,24362.7,5179.58,335.673,0.65114,0.980168,0.498873,5,1,180,146,15515.7,1,0,0,3.02182,4.07515,2705.9,2006.49,31857,12490,290.917,0.6,0.97995,0.498873,0,0,211,182,22826.1,1,0,0,2.61216,3.68749,2407.9,1705.72,31634.7,12773.5,223.684,0.640247,0.979511,0.498873,5,1,216,181,23109.6,1,0,0,2.68566,3.76831,2342,1669.13,31239.2,12375.1,223.684,0.543283,0.979511,0.498873,0,1,206,171,22816.9,1,0,0
1044,0.30593,14.3305,0.144168,6083.03,14733.7,4209.52,0.966428,2.90576,14.6147,0.597242,69.9042,1.68747e+06,7973.18,0.616523,0.839658,0.950064,6.7737,5.94719,0.0628273,2.97661,1.85061,46.1598,170.965,204.393,55.185,-139329,-149024,335.673,3.61928e-05,0.982451,0.933813,0,0,54,1,-142470,1,0,0,45.6108,192.983,179.272,42.3704,-134636,-144205,290.917,3.60726e-05,0.982296,0.933181,0,0,47,1,-137651,1,0,0,6.07041,10.4816,1036.14,600.082,-10745.1,-22422.1,223.684,0.6,0.981974,0.306427,0,0,214,155,-15868.3,1,0,0,6.07041,10.4816,1036.14,600.082,-10745.1,-22447.3,223.684,0.5,0.981974,0.306427,0,0,214,155,-15776.3,1,0,0
1045,0.397964,12.5033,0.0779395,5614.59,14736.4,5021.52,0.994256,5.56656,12.787,1.33109,61.7003,954628,9082.17,0.674225,0.531693,0.89221,19.7236,6.41126,0.0824855,2.03142,0.303972,4.91429,4.91429,1919.85,1919.85,-7551.4,-13829.8,335.673,0.657024,0.976734,0.397965,6,1,205,171,-13829.8,1,1,0,4.8518,4.8518,1685.3,1685.3,-7290.24,-13463.5,290.917,0.579096,0.976505,0.397965,0,0,182,153,-13463.5,1,1,0,3.36478,3.36478,1869.31,1869.31,6841.35,834.456,223.684,0.644842,0.976038,0.397964,6,1,245,208,834.456,1,1,0,3.47322,3.47322,1810.95,1810.95,5880.2,-17.255,223.684,0.544497,0.976038,0.397964,0,1,233,196,-17.255,1,1,0
1046,0.359343,19.6392,0.0724469,6839.71,10673.4,6229.68,1.02726,4.71397,11.242,1.25377,53.2313,1.04014e+06,8553.04,0.690688,0.633733,0.698408,6.62341,4.9769,0.0949243,1.91231,0.0426923,4.25255,4.25255,2218.6,2218.6,11481.2,3754.4,335.673,0.631263,0.932011,0.39641,5,1,191,174,3754.4,1,1,0,3.66828,3.66828,2229.05,2229.05,17937.9,10013.3,290.917,0.6,0.931599,0.377184,0,0,203,190,10013.3,1,1,0,2.90844,2.90844,2162.61,2162.61,23370.7,15949.9,223.684,0.639308,0.930695,0.363779,5,1,234,208,15949.9,1,1,0,3.00923,3.00923,2090.17,2090.17,22583.8,15280.5,223.684,0.535682,0.930695,0.364959,0,1,221,195,15280.5,1,1,0
1047,0.533445,10.0751,0.0795232,6210.71,10280.5,5255.4,0.985661,2.77767,11.1083,0.556586,46.5801,1.92066e+06,7966.9,0.672178,0.600183,0.88833,10.3268,10.2585,0.0519238,1.80461,0.95873,5.76035,5.76035,1637.87,1637.87,-17432.2,-23956,335.673,0.69948,0.952017,0.549946,10,1,163,134,-23956,1,1,0,5.11507,5.11507,1598.56,1598.56,-10512.8,-17124,290.917,0.6,0.951485,0.542294,0,0,164,139,-17124,1,1,0,3.72504,3.72504,1688.52,1688.52,3785.83,-2490.98,223.684,0.698774,0.950428,0.534513,10,1,207,169,-2490.98,1,1,0,3.85231,3.85231,1632.74,1632.74,2379.99,-3782.94,223.684,0.592153,0.950428,0.534846,0,1,197,159,-3782.94,1,1,0
1048,0.558189,11.836,0.110017,6299.25,11570.1,6217.96,1.09243,2.21124,14.7792,0.630428,75.0342,1.56308e+06,8057.21,0.704635,0.797775,0.861569,18.1491,5.44827,0.0687575,0.328857,1.73706,6.43224,6.43224,1466.78,1466.78,-18256.2,-24937.3,335.673,0.000123515,0.90725,0.742484,0,0,165,164,-24937.3,1,1,0,7.80333,7.80333,1047.85,1047.85,-32107.4,-38652.2,290.917,9.46842e-05,0.906465,0.775078,0,0,118,117,-38652.2,1,1,0,4.4702,4.4702,1407.05,1407.05,-687.951,-7427.57,223.684,1,0.90488,0.674755,5,1,184,183,-7427.57,1,1,0,4.48719,4.48719,1401.73,1401.73,-854.582,-7570.7,223.684,0.954585,0.90488,0.675516,4,1,183,182,-7570.7,1,1,0
1049,0.374004,11.5275,0.215256,5910.74,10041.8,5808.18,1.04109,5.22194,5.73119,0.532758,68.6282,990579,8543.33,0.749589,0.873035,0.766785,14.7892,11.6758,0.096783,1.53967,1.47366,4.49191,6.29156,2100.38,1499.58,7642.47,-10514.1,335.673,0.689428,0.953306,0.417625,12,1,180,142,-79.4285,1,0,0,4.32668,6.11362,1889.84,1337.46,8677.87,-9345.77,290.917,0.6,0.952832,0.411712,0,0,163,131,1088.92,1,0,0,3.19009,5.04991,1971.67,1245.53,16436.4,-1067.6,223.684,0.6,0.951873,0.380822,0,0,227,181,9367.08,1,0,0,3.19009,5.04991,1971.67,1245.53,16436.4,-1211.14,223.684,0.55293,0.951873,0.380822,0,0,227,181,9483.37,1,0,0
1050,0.500355,14.5197,0.284881,5610.66,14857.6,5542.82,0.900255,1.06899,6.49556,0.941023,65.9056,1.33265e+06,8245.85,0.614471,0.826684,0.723015,9.79697,7.02798,0.0691455,2.55445,0.0693982,50.1729,50.1729,188.044,188.044,-93196.6,-98397,335.673,1.66673e-05,0.987153,0.931428,0,0,73,1,-98397,1,1,0,50.4679,50.4679,162.019,162.019,-91563.6,-96656.3,290.917,1.63908e-05,0.987041,0.932703,0,0,63,1,-96656.3,1,1,0,7.70951,7.70951,815.85,815.85,-11614.1,-17937.9,223.684,0.667523,0.986807,0.500478,7,0,213,136,-17937.9,1,1,0,8.1338,8.1338,773.293,773.293,-13246.7,-19454.7,223.684,0.560184,0.986807,0.500585,0,1,202,125,-19454.7,1,1,0
1051,0.338809,13.9914,0.200711,5208.87,9548.55,5748.24,0.904656,6.88098,13.3081,0.580267,52.3,951741,7721.04,0.67733,0.627999,0.959785,19.5552,9.17648,0.0517935,0.0625704,1.34653,2.89177,3.69179,3262.61,2555.59,23370.2,8343.06,335.673,0.656399,0.830132,0.474677,9,1,231,226,16225.7,1,0,0,2.57685,3.35394,3173.15,2437.95,25727.7,10586.9,290.917,0.6,0.828967,0.446757,0,0,241,240,18469.6,1,0,0,2.06249,2.87026,3049.62,2191.38,26396.9,11700.5,223.684,0.65629,0.826566,0.400942,9,1,290,261,19583.1,1,0,0,2.11507,2.90911,2973.81,2162.11,26579.2,11803.1,223.684,0.549137,0.826566,0.405744,0,1,273,244,19867.6,1,0,0
1052,0.382546,15.7249,0.16415,5722.77,10584,6495.82,1.03806,4.61155,6.45113,1.13474,79.058,1.29404e+06,8620.94,0.676856,0.682303,0.699681,12.5165,13.3234,0.0550722,0.379965,1.63549,4.1462,5.56798,2275.51,1694.46,5949.34,-10524.5,335.673,0.733743,0.849273,0.595294,13,1,182,181,-1739.17,1,0,0,3.27441,4.50426,2497.17,1815.34,15971.5,-711.234,290.917,0.651324,0.848327,0.535761,6,0,218,217,8074.07,1,0,0,2.74377,3.91847,2292.4,1605.17,19614.2,3236.05,223.684,0.668348,0.846339,0.493774,13,1,224,223,12021.4,1,0,0,2.92852,4.1336,2147.78,1521.63,17849.8,1439.02,223.684,0.554699,0.846339,0.509767,0,1,202,201,10399.5,1,0,0
1053,0.341596,19.4,0.134579,5409.75,11005.6,6050.96,0.982529,0.892028,8.83296,1.71912,65.5035,1.3503e+06,8778.22,0.684357,0.598815,0.797769,5.12165,6.7987,0.084538,1.80165,0.542099,6.50734,6.50734,1449.86,1449.86,-21590.5,-28267.6,335.673,0.290813,0.926587,0.513293,0,0,176,173,-28267.6,1,1,0,19.2909,19.2909,423.866,423.866,-110614,-115705,290.917,2.72102e-05,0.92614,0.827725,0,0,50,49,-115705,1,1,0,3.22597,3.22597,1949.74,1949.74,5985.53,-1126.1,223.684,0.6,0.92516,0.352017,0,0,305,290,-1126.1,1,1,0,3.29081,3.29081,1911.33,1911.33,5519.59,-1466.32,223.684,0.531227,0.92516,0.353347,0,1,295,280,-1466.32,1,1,0
1054,0.385056,11.4227,0.248458,6283.37,8875.45,6458.87,1.06789,5.62822,7.81499,1.42074,51.1812,918166,7400.22,0.625045,0.869592,0.867979,5.09245,3.2145,0.085006,2.54105,1.30683,5.12572,7.53746,1840.66,1251.71,5839.82,-12418.3,335.673,0.621679,0.985446,0.38506,3,1,182,133,-2054.18,1,0,0,4.98048,7.35933,1641.76,1111.07,6525.55,-11612.2,290.917,0.53204,0.985288,0.385059,0,0,161,119,-1248.13,1,0,0,3.617,6.00168,1738.96,1048.01,15228.9,-2713.13,223.684,0.6,0.98497,0.385056,0,0,222,171,7650.99,1,0,0,3.6408,6.01847,1727.59,1045.08,15122.4,-2963.05,223.684,0.52312,0.98497,0.385056,0,1,219,168,7652.04,1,0,0
1055,0.502421,16.3133,0.254897,6673.3,10679.8,3227.99,0.934603,3.4489,7.43445,1.51068,78.0276,839750,8473.74,0.695754,0.547498,0.990129,19.1151,8.14899,0.0557523,0.921995,0.987898,3.8258,3.8258,2466.08,2466.08,24078,19577.9,335.673,0.650548,0.856771,0.595256,8,1,234,233,19577.9,1,1,0,3.84968,3.84968,2124.01,2124.01,22588.6,18180.5,290.917,0.583008,0.855952,0.597197,0,0,205,204,18180.5,1,1,0,2.63974,2.63974,2382.74,2382.74,28345.9,24039.5,223.684,0.646956,0.854222,0.540507,8,1,289,279,24039.5,1,1,0,2.73244,2.73244,2301.9,2301.9,28342.9,24151.1,223.684,0.538709,0.854222,0.544751,0,1,270,260,24151.1,1,1,0
1056,0.573098,8.30048,0.0879113,5637.43,13997.1,5888.37,0.902765,1.63265,5.25722,0.54726,74.7862,2.0724e+06,8554.32,0.606651,0.880782,0.884842,9.21771,7.45678,0.0609608,2.61443,0.411258,43.3325,43.3325,217.728,217.728,-108509,-114063,335.673,1.90021e-05,0.99,0.893728,0,0,87,3,-114063,1,1,0,47.5736,47.5736,171.876,171.876,-110711,-116088,290.917,1.70742e-05,0.99,0.914577,0,0,73,1,-116088,1,1,0,8.35527,8.35527,752.796,752.796,-24854,-31382.1,223.684,0.608745,0.99,0.573112,1,0,197,110,-31382.1,1,1,0,8.61861,8.61861,729.794,729.794,-26159.8,-32574,223.684,0.553869,0.99,0.573119,0,1,191,104,-32574,1,1,0
1057,0.360757,11.1487,0.286026,5691.59,8982.53,6185.11,0.977616,7.68855,10.6625,1.75929,66.9983,2.08147e+06,8064.13,0.711169,0.825463,0.756707,17.181,11.1736,0.0781936,1.01258,1.80302,4.26231,5.77549,2213.52,1633.58,8227.86,-10427.6,335.673,0.687809,0.950033,0.395962,15,1,163,108,170.237,1,0,1,3.52331,4.85253,2320.76,1685.05,16198.5,-2515.19,290.917,0.6,0.949512,0.373269,0,0,181,134,8082.67,1,0,0,2.83795,4.32049,2216.32,1455.81,18358.8,338.336,223.684,0.691998,0.948464,0.363875,11,1,226,164,10936.2,1,0,0,2.92099,4.39104,2153.31,1432.42,17849.4,-224.691,223.684,0.578982,0.948464,0.364641,0,1,213,151,10534.8,1,0,0
1058,0.462624,13.5646,0.118535,6298.25,12088.2,3999.83,1.04721,5.75718,9.0124,0.719286,68.3498,753868,8077.46,0.699474,0.784631,0.671232,5.6534,12.1826,0.0843266,1.39638,0.446017,5.66588,5.66588,1665.18,1665.18,-7166.26,-12547.1,335.673,0.742399,0.954792,0.515569,12,1,159,130,-12547.1,1,1,0,5.30191,5.30191,1542.23,1542.23,-3532.25,-8913.78,290.917,0.6,0.954398,0.50338,0,0,151,127,-8913.78,1,1,0,3.90436,3.90436,1610.97,1610.97,9292.7,4197.09,223.684,0.730096,0.953587,0.470865,12,1,195,158,4197.09,1,1,0,4.03125,4.03125,1560.26,1560.26,8201.41,3227.1,223.684,0.615761,0.953587,0.472718,2,1,185,148,3227.1,1,1,0
1059,0.510417,8.37194,0.240023,5361.53,10846.5,6872.89,1.09435,4.74395,10.5159,0.953976,51.1814,1.71181e+06,8035.32,0.649564,0.809597,0.761196,7.20376,10.2641,0.0578395,2.85909,1.68095,9.48405,14.4675,994.798,652.131,-43728.3,-58252.9,335.673,0.77448,0.988243,0.510642,10,1,109,67,-51898.2,1,0,0,6.87087,10.3003,1190.06,793.84,-22971.8,-37705.4,290.917,0.608578,0.988077,0.51042,1,0,130,93,-31350.7,1,0,0,5.46005,8.69727,1151.97,723.194,-11153.7,-25454.9,223.684,0.73695,0.987751,0.510417,10,1,147,103,-19100.2,1,0,0,5.72362,5.72362,1098.92,1098.92,-13467,-21272.7,223.684,0.61805,0.987751,0.510418,2,1,139,95,-21272.7,1,1,0
1060,0.585877,15.412,0.290046,6763.96,9193.76,4023.56,1.07673,6.79094,8.04508,1.27519,55.3675,890519,8290.66,0.748348,0.635739,0.752475,17.8517,13.6289,0.0728191,1.25278,1.40331,5.01949,5.01949,1879.62,1879.62,19011.5,13072.5,335.673,0.77853,0.957204,0.590258,14,1,127,96,13072.5,1,1,0,3.69944,3.69944,2210.27,2210.27,33973.2,27979.1,290.917,0.782534,0.956879,0.586293,14,1,160,133,27979.1,1,1,0,3.31244,3.31244,1898.85,1898.85,33328.8,27906.1,223.684,0.787375,0.956196,0.586039,14,1,158,121,27906.1,1,1,0,3.44281,3.44281,1826.94,1826.94,32055,26755,223.684,0.667462,0.956196,0.586113,6,1,150,113,26755,1,1,0
1061,0.483018,16.1397,0.211097,5747.25,8086.35,3719.16,0.996815,4.35096,14.4146,1.89499,39.5774,1.96521e+06,9023.88,0.724317,0.618355,0.936678,19.9114,4.49953,0.0781018,1.79844,0.441818,3.39392,3.39392,2779.89,2779.89,19188.5,14004.6,335.673,0.637664,0.944961,0.484671,4,1,188,151,14004.6,1,1,0,2.69316,2.69316,3036.12,3036.12,27554.2,22189.2,290.917,0.631514,0.944562,0.483241,4,1,224,192,22189.2,1,1,0,2.43098,2.43098,2587.35,2587.35,26118,21264.9,223.684,0.630107,0.943716,0.483106,4,1,219,174,21264.9,1,1,0,2.51109,2.51109,2504.82,2504.82,25306.5,20554.1,223.684,0.526925,0.943716,0.483142,0,1,208,163,20554.1,1,1,0
1062,0.376532,16.9608,0.0484652,5275.12,9913.4,6835.48,1.06256,3.53176,10.9135,1.99722,59.7698,2.06934e+06,8338.05,0.68093,0.652568,0.781805,5.77884,4.10954,0.0524852,2.8064,1.42265,4.71985,6.99588,1998.94,1348.61,-15315.9,-31265.7,335.673,0.636476,0.979463,0.376534,4,1,200,167,-23500.3,1,0,0,4.4427,6.68229,1840.49,1223.65,-12626.7,-28614,290.917,0.6,0.979308,0.376533,0,0,188,159,-20848.7,1,0,0,3.26492,5.35166,1926.48,1175.3,519.963,-15149.8,223.684,0.62684,0.978978,0.376532,4,1,239,203,-7384.37,1,0,0,3.38169,5.48858,1859.96,1145.98,-864.836,-16551.3,223.684,0.525443,0.978978,0.376532,0,1,226,190,-8645.37,1,0,0
1063,0.487643,14.1989,0.175841,5407.21,8432.8,3735.1,0.914066,1.51557,14.6121,1.67399,48.4958,1.67492e+06,9387.3,0.748577,0.572645,0.684457,7.51455,4.78673,0.0611878,0.793147,0.0520098,4.01427,4.01427,2350.29,2350.29,3318.79,-1603.6,335.673,0.651797,0.858945,0.599977,5,1,182,180,-1603.6,1,1,0,3.08281,3.08281,2652.37,2652.37,14959.8,9819.14,290.917,0.643373,0.858014,0.552347,5,1,221,220,9819.14,1,1,0,2.74356,2.74356,2292.57,2292.57,16613.3,11873.6,223.684,0.639884,0.856092,0.536323,5,1,208,181,11873.6,1,1,0,2.85955,2.85955,2199.58,2199.58,15155,10518.6,223.684,0.535384,0.856092,0.542382,0,1,197,170,10518.6,1,1,0
1064,0.396147,15.2473,0.0356331,6769.9,10637.4,4577.51,1.01445,1.22712,8.50006,1.59397,47.3719,1.66973e+06,8152.32,0.724514,0.798544,0.954492,15.8437,9.72179,0.0959448,0.275808,0.472543,5.23426,5.23426,1802.49,1802.49,-6640.31,-11831.8,335.673,0.66024,0.869793,0.675644,2,0,210,209,-11831.8,1,1,0,7.79928,7.79928,1048.4,1048.4,-34292.6,-39094.2,290.917,0.000476781,0.868921,0.74707,0,0,121,120,-39094.2,1,1,0,3.25272,3.25272,1933.71,1933.71,11359.5,5792.04,223.684,0.658986,0.867096,0.558712,10,1,273,272,5792.04,1,1,0,3.39898,3.39898,1850.5,1850.5,10066.4,4648.04,223.684,0.551035,0.867096,0.570616,0,1,255,254,4648.04,1,1,0
1065,0.592839,12.7528,0.236743,5537.42,13671.5,4339.61,1.08486,3.45575,5.0229,1.29152,77.4114,1.30722e+06,8798.52,0.620697,0.690018,0.656319,12.9425,4.02303,0.0939991,2.87409,0.57081,8.10886,12.1869,1163.51,774.168,-25203,-36865.9,335.673,0.138068,0.987733,0.592843,0,0,150,115,-30159.9,1,0,0,9.55571,14.8896,855.693,549.161,-35145,-46616,290.917,0.0854725,0.987613,0.592887,0,0,112,81,-39910,1,0,0,4.73851,7.80635,1327.38,805.73,-1435.87,-13173.4,223.684,0.365796,0.987368,0.592839,0,0,214,176,-6467.35,1,0,0,4.73851,7.80635,1327.38,805.73,-1435.87,-13173.4,223.684,0.365796,0.987368,0.592839,0,0,214,176,-6467.35,1,0,0
1066,0.419903,8.49504,0.0843946,6283.69,13037.8,6990.31,0.979277,3.6478,12.8127,1.49844,38.2392,1.1242e+06,8497.93,0.688659,0.854324,0.651053,11.0895,2.14943,0.0661242,1.67949,1.77838,8.83306,8.83306,1068.11,1068.11,-41198.1,-48610.4,335.673,0.960138,0.958048,0.653826,2,1,117,74,-48610.4,1,1,0,7.16355,7.16355,1141.44,1141.44,-25459.3,-33142.1,290.917,0.616415,0.957492,0.570147,2,1,127,91,-33142.1,1,1,0,6.13997,6.13997,1024.4,1024.4,-14975.1,-22618.9,223.684,0.619832,0.956401,0.519745,2,1,134,82,-22618.9,1,1,0,6.47231,6.47231,971.802,971.802,-17886.9,-25393.8,223.684,0.519339,0.956401,0.538513,0,1,127,75,-25393.8,1,1,0
1067,0.505628,9.19942,0.208564,5373.92,14631.7,4776.18,1.09202,5.8665,13.2738,0.716636,71.4987,1.49891e+06,8924.58,0.687129,0.851353,0.816164,7.91701,13.7104,0.0933989,2.89752,1.83077,12.4281,12.4281,759.144,759.144,-60121.5,-66044.4,335.673,0.788834,0.988488,0.51049,14,1,96,52,-66044.4,1,1,0,8.69212,8.69212,940.708,940.708,-35680,-41867.1,290.917,0.6,0.988337,0.505767,0,0,115,77,-41867.1,1,1,0,6.57389,6.57389,956.786,956.786,-18653.5,-24477.9,223.684,0.819486,0.98804,0.505632,14,1,137,91,-24477.9,1,1,0,6.90025,6.90025,911.533,911.533,-21104.2,-26777.3,223.684,0.698711,0.98804,0.505636,7,1,130,84,-26777.3,1,1,0
1068,0.306968,15.86,0.273027,5442.12,10989.1,5971.54,0.944137,3.53668,5.58703,0.903794,44.0734,950576,9176.73,0.697942,0.562342,0.674227,19.1815,5.08994,0.0816276,2.60023,0.541984,3.53484,3.53484,2669.06,2669.06,14925.9,8012.28,335.673,0.418943,0.973843,0.306968,0,0,272,229,8012.28,1,1,0,3.6114,3.6114,2264.15,2264.15,13451.8,6641.77,290.917,0.323159,0.973635,0.306968,0,0,231,194,6641.77,1,1,0,2.54655,2.54655,2469.94,2469.94,18611.4,11742,223.684,0.6,0.973196,0.306968,0,0,322,276,11742,1,1,0,2.54655,2.54655,2469.94,2469.94,18611.4,11822.4,223.684,0.5,0.973196,0.306968,0,0,322,276,11822.4,1,1,0
1069,0.420018,19.9467,0.054303,6673.72,12954.6,6470.19,0.921127,4.74527,11.2537,1.97696,31.4328,1.75834e+06,8423.37,0.741113,0.587527,0.711986,7.58403,3.89113,0.0990811,1.78388,0.949317,4.7109,4.7109,2002.74,2002.74,-1096.66,-8712.22,335.673,0.630725,0.934072,0.452027,4,1,211,183,-8712.22,1,1,0,4.60501,4.60501,1775.62,1775.62,-889.728,-8491.43,290.917,0.6,0.933681,0.449385,0,0,191,168,-8491.43,1,1,0,3.31481,3.31481,1897.49,1897.49,11286.4,3865.11,223.684,0.635168,0.932821,0.424726,4,1,243,204,3865.11,1,1,0,3.43302,3.43302,1832.15,1832.15,10100.6,2780.43,223.684,0.530109,0.932821,0.42597,0,1,231,192,2780.43,1,1,0
1070,0.562532,8.18964,0.117857,5359.3,12657.4,5639.52,1.00495,6.66015,11.6102,1.96942,32.0232,1.45513e+06,8388.96,0.673805,0.664256,0.99485,8.97874,5.66374,0.0983109,1.41402,1.96325,5.91229,7.72874,1595.78,1220.73,-24038.8,-36951.5,335.673,0.680979,0.96041,0.573751,6,1,139,99,-30783.2,1,0,0,4.82542,6.36341,1694.52,1284.96,-10897.5,-24039.2,290.917,0.6,0.959879,0.565732,0,0,154,120,-17870.9,1,0,0,3.89833,5.40627,1613.46,1163.43,-931.455,-13707.9,223.684,0.678647,0.958843,0.563231,6,1,176,130,-7539.66,1,0,0,4.01698,5.54746,1565.81,1133.82,-2311.14,-15055.2,223.684,0.571118,0.958843,0.563437,0,1,168,122,-8811.62,1,0,0
1071,0.483068,14.691,0.194136,5126.91,9519.32,7218.47,1.08145,7.94668,6.45734,0.984459,51.4589,1.0164e+06,9285.44,0.611607,0.547526,0.945528,9.86447,3.05953,0.0808469,1.44075,1.33196,2.69962,3.49511,3494.83,2699.4,28610.7,10779,335.673,0.619993,0.939309,0.483235,3,1,211,187,19895.8,1,0,0,2.43586,3.21873,3356.82,2540.37,30501.9,12513.9,290.917,0.6,0.938835,0.483128,0,0,217,197,21630.8,1,0,0,2.05634,2.91329,3058.74,2159,29519.9,12004.1,223.684,0.620538,0.937847,0.483077,3,1,246,217,21120.9,1,0,0,2.09928,2.93938,2996.18,2139.84,29766.6,12133.6,223.684,0.515522,0.937847,0.48308,0,1,233,204,21473.8,1,0,0
1072,0.433183,17.0121,0.125898,5994.22,10125.1,6512.54,0.962256,2.5802,10.5252,0.861573,52.723,1.63247e+06,9267.32,0.6719,0.775774,0.917413,7.07875,1.46498,0.073392,0.498049,0.139425,4.32154,4.32154,2183.19,2183.19,2241.97,-4884.1,335.673,0.604872,0.873728,0.635714,1,1,190,189,-4884.1,1,1,0,3.53855,3.53855,2310.77,2310.77,11227.4,3737.33,290.917,0.6,0.87297,0.587081,0,0,215,214,3737.33,1,1,0,2.94105,2.94105,2138.63,2138.63,15857.4,8434.55,223.684,0.605036,0.871353,0.543821,1,1,222,208,8434.55,1,1,0,3.0813,3.0813,2041.28,2041.28,14351.4,7062.13,223.684,0.50538,0.871353,0.555007,0,1,207,193,7062.13,1,1,0
1073,0.580781,17.9213,0.0524457,6644.04,11708.8,4501.03,1.06003,7.21564,7.43199,0.844277,46.0126,1.94299e+06,9393.99,0.718169,0.795038,0.884778,13.0435,4.96999,0.057114,1.36069,0.782864,5.12852,5.12852,1839.66,1839.66,-9352.35,-15298.2,335.673,0.651921,0.964065,0.588489,5,1,146,106,-15298.2,1,1,0,4.03023,4.03023,2028.86,2028.86,6201.2,16.9168,290.917,0.607097,0.963822,0.582199,1,0,172,137,16.9168,1,1,0,3.62543,3.62543,1734.91,1734.91,8490.61,2833.78,223.684,0.653118,0.963299,0.581415,5,1,173,126,2833.78,1,1,0,3.7444,3.7444,1679.79,1679.79,6899.83,1357.08,223.684,0.552457,0.963299,0.581622,0,1,165,118,1357.08,1,1,0
1074,0.556195,14.5425,0.00872148,5679.2,13576.6,7254.06,0.933839,6.44841,5.16452,1.2273,63.439,1.6332e+06,7712.95,0.653791,0.78854,0.666735,10.1199,5.39222,0.0765175,2.4652,0.842877,8.25979,8.25979,1142.25,1142.25,-39047.4,-47289.9,335.673,0.646187,0.988049,0.55623,5,1,168,99,-47289.9,1,1,0,8.70844,8.70844,938.946,938.946,-42515.6,-50531.7,290.917,0.496277,0.987945,0.556267,0,0,140,80,-50531.7,1,1,0,5.39164,5.39164,1166.59,1166.59,-14366.8,-22472.5,223.684,0.650715,0.987728,0.556195,5,1,207,135,-22472.5,1,1,0,5.64331,5.64331,1114.56,1114.56,-16442.1,-24434.5,223.684,0.541426,0.987728,0.556195,0,1,196,124,-24434.5,1,1,0
1075,0.396665,15.439,0.121979,5323.58,11232.7,5122.87,1.04911,0.544054,13.6691,0.83565,54.2671,1.54449e+06,7407.14,0.604066,0.688084,0.942568,14.1177,11.5432,0.0699149,2.96636,0.612793,70.7951,70.7951,133.268,133.268,-210650,-212727,335.673,2.84844e-05,0.981319,0.950528,0,0,30,1,-212727,1,1,0,70.7018,70.7018,115.651,115.651,-199325,-201312,290.917,2.85455e-05,0.981166,0.950653,0,0,26,1,-201312,1,1,0,5.19614,5.19614,1210.48,1210.48,-9449.24,-15549,223.684,0.6,0.980843,0.396673,0,0,236,202,-15549,1,1,0,5.19614,5.19614,1210.48,1210.48,-9449.24,-15441.3,223.684,0.584418,0.980843,0.396673,0,0,236,202,-15441.3,1,1,0
1076,0.463365,16.3607,0.194763,6858.86,9594.19,2612.89,1.01141,2.67327,9.91695,1.47274,33.7057,2.02158e+06,8274.62,0.645486,0.837286,0.814916,10.5179,6.66328,0.0822803,2.88103,1.03983,5.92186,9.77914,1593.2,964.78,-5621.89,-26646.6,335.673,0.678966,0.986177,0.463372,7,1,187,132,-9558.03,1,0,0,5.56468,9.31044,1469.4,878.235,-3494,-24524.4,290.917,0.6,0.986069,0.463368,0,0,174,127,-7435.78,1,0,0,4.09851,7.61168,1534.66,826.336,7362.3,-13352.9,223.684,0.676089,0.985839,0.463365,7,1,218,161,3735.65,1,0,0,4.24535,7.83695,1481.58,802.583,6102.28,-14623.1,223.684,0.567101,0.985839,0.463365,0,1,208,151,2580.52,1,0,0
1077,0.446947,18.3076,0.172195,6309.71,14954.3,3800.07,0.935003,1.75234,12.817,0.61223,47.4036,766133,8866.68,0.702322,0.742338,0.684412,6.74635,10.5778,0.0544745,2.88654,1.47204,50.2445,50.2445,187.776,187.776,-121180,-124123,335.673,3.03245e-05,0.983792,0.929756,0,0,56,1,-124123,1,1,0,51.2796,51.2796,159.454,159.454,-117519,-120329,290.917,2.98687e-05,0.983678,0.93224,0,0,48,1,-120329,1,1,0,6.45591,6.45591,974.271,974.271,-6864.54,-11531.8,223.684,0.723551,0.983431,0.447008,11,1,202,142,-11531.8,1,1,0,6.78771,6.78771,926.647,926.647,-8585.36,-13140.8,223.684,0.60713,0.983431,0.44706,1,1,192,132,-13140.8,1,1,0
1078,0.489661,9.46747,0.0468724,6622.4,8809.05,5608.65,1.04362,5.31507,12.2289,0.655516,35.0981,1.67512e+06,7545.71,0.612901,0.897445,0.755263,18.089,10.5643,0.0917459,0.0570327,1.383,3.82289,5.09058,2467.95,1853.37,12816.9,-6754.33,335.673,0.0111454,0.905449,0.622861,0,0,185,170,6538.16,1,0,0,3.73228,5.00634,2190.82,1633.28,12879.7,-6682.56,290.917,0.0161971,0.904446,0.618815,0,0,165,154,6609.93,1,0,0,3.01795,4.30762,2084.14,1460.16,19376.2,-250.544,223.684,1,0.90247,0.57265,11,1,192,159,13041.9,1,0,0,3.03201,4.31909,2074.47,1456.28,19257.2,-406.531,223.684,1,0.90247,0.573659,9,1,190,157,12957.8,1,0,0
1079,0.400233,19.1142,0.135208,6445.24,14691.2,3284.07,1.04275,4.44239,14.9371,0.915401,33.1458,1.36454e+06,8147.2,0.656395,0.826175,0.825689,12.6448,11.2569,0.0983557,1.54732,0.703096,7.39488,7.39488,1275.84,1275.84,-22154.1,-25998.5,335.673,0.806844,0.950062,0.610321,2,0,154,141,-25998.5,1,1,0,15.5201,15.5201,526.848,526.848,-82331.2,-85308.4,290.917,5.77471e-05,0.949744,0.835865,0,0,63,53,-85308.4,1,1,0,4.74788,4.74788,1324.76,1324.76,-269.649,-4437.58,223.684,0.704038,0.949048,0.457897,11,1,192,167,-4437.58,1,1,0,4.97916,4.97916,1263.23,1263.23,-2244.03,-6231.21,223.684,0.584507,0.949048,0.470187,0,1,180,155,-6231.21,1,1,0
1080,0.373262,8.31221,0.110841,6348.36,13663.3,5420.34,1.00309,3.95881,9.37953,1.66616,40.4153,1.04035e+06,8562.92,0.61997,0.788904,0.654793,9.82776,12.9406,0.0604681,0.600393,1.47328,4.82018,6.37245,1957.34,1480.55,1023.33,-12717.1,335.673,0.000434223,0.873801,0.641944,0,0,196,195,-4882.4,1,0,0,5.01433,6.69355,1630.68,1221.59,-1881.55,-15597.6,290.917,0.00010662,0.872335,0.65335,0,0,164,163,-7762.83,1,0,0,3.73488,5.13043,1684.07,1225.98,10375.3,-3397.75,223.684,0.830366,0.869485,0.577396,13,1,191,190,4436.99,1,0,0,3.7478,5.14583,1678.27,1222.31,10250.7,-3592.07,223.684,0.815265,0.869485,0.578385,12,1,190,189,4327.43,1,0,0
1081,0.573802,18.0344,0.0822607,5784.49,13872.3,4307.99,0.945094,6.10851,9.27551,0.984934,65.0288,2.21937e+06,7825.09,0.671389,0.549321,0.738347,5.24547,7.48221,0.0816392,1.84585,1.06815,5.54427,7.34501,1701.71,1284.51,-17916,-29622.9,335.673,0.578991,0.949047,0.583702,0,0,191,161,-23174,1,0,0,6.2873,8.4404,1300.52,968.764,-27106.5,-38463,290.917,0.34955,0.948718,0.593387,0,0,146,121,-32014.2,1,0,0,3.85383,5.4903,1632.1,1145.62,-1786.91,-13440.3,223.684,0.662466,0.948008,0.574726,7,1,231,191,-6991.48,1,0,0,3.99615,5.65456,1573.97,1112.34,-3281.47,-14904.7,223.684,0.547937,0.948008,0.575036,0,1,218,178,-8373.75,1,0,0
1082,0.577162,8.92089,0.218781,5676.23,13564.4,5171.93,0.926459,2.66647,7.81756,1.20623,64.8001,1.35572e+06,8862.28,0.621227,0.83304,0.767573,13.9677,2.35139,0.0900969,2.83751,1.53903,14.2701,29.9694,661.151,314.812,-48009.3,-60942.2,335.673,0.635746,0.99,0.580661,2,1,128,54,-53645.6,1,0,0,16.1093,37.7956,507.58,216.342,-53801.9,-66467.6,290.917,0.246184,0.989867,0.587013,0,0,103,39,-59171.1,1,0,0,8.6011,18.8829,731.28,333.096,-21055.6,-34125.7,223.684,0.613413,0.989602,0.577179,2,1,155,78,-26829.1,1,0,0,9.2145,9.2145,682.599,682.599,-23679.4,-29337.2,223.684,0.520023,0.989602,0.577205,0,1,147,70,-29337.2,1,1,0
1083,0.552997,10.3355,0.0928956,6382,9457.2,2509.37,1.09145,3.06202,11.2515,1.48493,73.0695,1.25289e+06,7859.08,0.616356,0.622229,0.812327,16.7376,1.50262,0.0777205,2.62995,0.227778,8.46958,8.46958,1113.95,1113.95,-39684.9,-43377.7,335.673,0.622166,0.985586,0.553015,2,1,113,81,-43377.7,1,1,0,5.66451,5.66451,1443.51,1443.51,-10794.4,-14956.4,290.917,0.61981,0.985417,0.552997,2,1,150,122,-14956.4,1,1,0,4.80548,4.80548,1308.88,1308.88,-2748.48,-6403.09,223.684,0.621532,0.98508,0.552997,2,1,154,120,-6403.09,1,1,0,5.09808,5.09808,1233.76,1233.76,-5792.82,-9298.26,223.684,0.513209,0.98508,0.552997,0,1,144,110,-9298.26,1,1,0
1084,0.593461,8.04673,0.162043,6381.56,12428.1,6742.11,1.03116,6.92507,9.86113,1.68281,67.821,1.00351e+06,9081.34,0.70467,0.667566,0.650694,14.7509,3.42982,0.0967718,2.59975,0.80952,13.071,13.071,721.807,721.807,-65049.4,-72458.8,335.673,0.652053,0.988316,0.593956,3,1,80,35,-72458.8,1,1,0,7.54474,7.54474,1083.77,1083.77,-24145.1,-32230.4,290.917,0.633531,0.988146,0.593462,3,1,106,67,-32230.4,1,1,0,6.28643,6.28643,1000.54,1000.54,-11909.7,-19629.6,223.684,0.63673,0.987813,0.593461,3,1,114,67,-19629.6,1,1,0,6.77343,6.77343,928.6,928.6,-16098,-23658.1,223.684,0.531333,0.987813,0.593461,0,1,107,60,-23658.1,1,1,0
1085,0.523497,13.3431,0.276967,6801.98,13297.2,4309.63,1.06185,7.77767,12.2876,0.960664,56.7748,2.24665e+06,8096.55,0.6237,0.685104,0.847905,16.8158,11.7798,0.0755933,1.09716,0.789299,6.13371,6.13371,1538.17,1538.17,-5383.21,-10797.6,335.673,0.707881,0.954737,0.557697,12,1,133,107,-10797.6,1,1,0,4.69503,4.69503,1741.58,1741.58,9254.96,3508.49,290.917,0.6,0.954342,0.532017,0,0,161,139,3508.49,1,1,0,3.89779,3.89779,1613.68,1613.68,13654.7,8228.44,223.684,0.749158,0.953529,0.526156,12,1,174,141,8228.44,1,1,0,4.04147,4.04147,1556.32,1556.32,12229.1,6935.49,223.684,0.628639,0.953529,0.526956,3,1,165,132,6935.49,1,1,0
1086,0.5294,12.0123,0.161783,6115.42,13219.8,3200.79,1.03939,6.21086,8.56512,1.59645,45.6306,2.03408e+06,8597.3,0.623219,0.632524,0.719172,7.32479,8.46654,0.0635274,1.50351,0.703606,5.21491,5.21491,1809.18,1809.18,-7950.98,-12357.9,335.673,0.697657,0.952615,0.541434,8,1,161,135,-12357.9,1,1,0,4.45919,4.45919,1833.69,1833.69,320.832,-4257.97,290.917,0.6,0.952164,0.534155,0,0,171,149,-4257.97,1,1,0,3.60056,3.60056,1746.9,1746.9,7678.52,3455.56,223.684,0.696437,0.951249,0.530482,8,1,191,158,3455.56,1,1,0,3.716,3.716,1692.63,1692.63,6393.67,2283.79,223.684,0.584699,0.951249,0.530798,0,1,182,149,2283.79,1,1,0
1087,0.528777,9.99191,0.185107,5622.81,9900.96,4689.58,1.06589,1.73657,6.30845,0.929101,30.2906,854959,8488.31,0.688878,0.543376,0.859038,19.5755,2.82154,0.07358,0.845833,1.39607,4.37066,6.29829,2158.65,1497.98,4690.28,-12253.5,335.673,0.62163,0.870417,0.622706,3,1,199,198,-1041.15,1,0,0,3.7836,5.57208,2161.1,1467.45,10288.3,-6924.79,290.917,0.6,0.86925,0.599248,0,0,210,209,4287.55,1,0,0,2.87103,4.46182,2190.78,1409.7,17443.6,464.104,223.684,0.620369,0.866948,0.563167,3,1,244,243,11676.4,1,0,0,2.96844,4.57187,2118.9,1375.76,16743.7,-258.823,223.684,0.516289,0.866948,0.567011,0,1,231,230,11097.6,1,0,0
1088,0.444182,13.4131,0.0219738,5973.18,9267.84,4930.89,0.932498,0.901213,13.6244,1.4667,62.3569,1.59863e+06,7992.89,0.606539,0.579746,0.733703,8.17,2.72427,0.0743933,1.66156,1.11426,6.41852,10.2667,1469.92,918.966,-27189.7,-45109.9,335.673,0.627159,0.938627,0.520738,3,1,161,135,-32838.9,1,0,0,5.92462,9.66674,1380.13,845.865,-21984.7,-40031.4,290.917,0.6,0.938103,0.502927,0,0,155,134,-27760.4,1,0,0,3.77992,6.61121,1664,951.386,668.591,-17473.8,223.684,0.616082,0.937024,0.450644,3,1,220,184,-5202.85,1,0,0,3.96662,6.90346,1585.69,911.11,-1331.83,-19405.5,223.684,0.519129,0.937024,0.452933,0,1,207,171,-7060.29,1,0,0
1089,0.436936,12.8285,0.0534402,6196.41,10296.9,5687.01,0.99939,1.67364,13.2805,1.17632,44.4857,971102,8278.14,0.604949,0.821387,0.790951,9.00169,12.5895,0.0626856,0.910164,0.771784,4.5035,4.5035,2094.98,2094.98,533.077,-5640.22,335.673,0.000162129,0.883392,0.649935,0,0,221,220,-5640.22,1,1,0,4.95001,4.95001,1651.87,1651.87,-5110.37,-11250,290.917,0.000134169,0.882469,0.673398,0,0,175,174,-11250,1,1,0,3.2481,3.2481,1936.46,1936.46,11722.6,5506.1,223.684,1,0.880588,0.570526,13,1,243,242,5506.1,1,1,0,3.26413,3.26413,1926.95,1926.95,11588,5396.56,223.684,1,0.880588,0.57178,11,1,241,240,5396.56,1,1,0
1090,0.372068,17.2119,0.0302854,5860.29,11358.9,5122.81,1.03342,3.38209,8.51,1.88994,42.505,1.82367e+06,9091.95,0.664717,0.760908,0.868271,12.6849,7.76039,0.0893476,2.42619,1.0726,4.90249,7.46267,1924.47,1264.25,-11298.5,-27842.5,335.673,0.562088,0.982149,0.372074,0,0,214,171,-17581.8,1,0,0,5.11845,7.90037,1597.51,1034.98,-14705.6,-31044.9,290.917,0.408101,0.982016,0.37208,0,0,178,141,-20784.2,1,0,0,3.4487,5.97051,1823.82,1053.48,2692.67,-13677.9,223.684,0.648137,0.981731,0.372068,6,0,258,211,-3417.2,1,0,0,3.52406,6.03719,1784.82,1041.84,1947.33,-14505.7,223.684,0.561697,0.981731,0.372068,0,1,248,201,-4056.23,1,0,0
1091,0.493446,18.7176,0.229444,6515.34,12016.5,2717.62,0.920678,1.89358,11.9035,1.97314,78.7413,1.47613e+06,8496.69,0.654764,0.877137,0.8798,5.07793,3.23467,0.0808873,1.39326,1.40879,10.1983,17.2678,925.128,546.376,-32753.1,-48504.6,335.673,7.78195e-05,0.960158,0.730263,0,0,130,77,-35821.5,1,0,0,25.7577,64.9839,317.449,125.827,-99128.4,-113836,290.917,3.00902e-05,0.959898,0.904009,0,0,52,7,-101153,1,0,0,5.50475,10.285,1142.61,611.554,-2165.17,-18201.2,223.684,0.627558,0.959332,0.540226,3,1,197,131,-5518.11,1,0,0,5.80775,10.8288,1083,580.842,-4162.02,-20158.6,223.684,0.519523,0.959332,0.551891,0,1,185,119,-7396.68,1,0,0
1092,0.386796,15.8308,0.250776,6144.1,13858.7,6857.56,0.929991,7.20833,9.92403,1.66118,38.712,915583,7511.17,0.681693,0.828427,0.660708,11.6367,12.6577,0.0685184,2.1012,1.35025,6.7657,9.48437,1394.49,994.764,-8053.2,-20298.9,335.673,0.694219,0.9841,0.387094,8,0,191,122,-16168.4,1,0,0,7.31516,10.437,1117.78,783.439,-12096,-24081.8,290.917,0.473118,0.983972,0.387522,0,0,155,95,-19951.4,1,0,0,4.68557,7.13315,1342.38,881.771,4258.59,-7661.62,223.684,0.743778,0.983701,0.386799,13,1,228,155,-3531.21,1,0,0,4.84163,7.34092,1299.11,856.815,3330.3,-8567.69,223.684,0.627738,0.983701,0.3868,3,1,218,145,-4363.14,1,0,0
1093,0.377343,9.49292,0.0559366,5110.16,13383.2,4782.54,1.0268,5.36578,12.6097,1.8732,31.6217,1.58556e+06,8826.06,0.749023,0.660888,0.837276,7.93588,10.3695,0.0710828,2.618,1.52135,5.24255,7.12554,1799.64,1324.07,-20146.4,-32573.7,335.673,0.723964,0.981339,0.377346,10,1,184,144,-26206.9,1,0,0,4.88671,6.69248,1673.26,1221.78,-16547.7,-28935.5,290.917,0.6,0.981104,0.377344,0,0,173,139,-22568.7,1,0,0,3.56284,5.18645,1765.39,1212.74,-1876.08,-13980.5,223.684,0.712141,0.980637,0.377343,10,1,222,180,-7613.74,1,0,0,3.66197,5.29686,1717.6,1187.46,-2997.46,-15095.6,223.684,0.595624,0.980637,0.377343,0,1,212,170,-8628.83,1,0,0
1094,0.475788,11.5447,0.0657815,6117.54,12733.1,2884.94,1.07374,3.33383,8.90132,0.704756,77.4695,2.11601e+06,7764.9,0.665206,0.814482,0.935825,16.2353,7.21099,0.0685851,0.899247,1.70295,6.44505,8.86132,1463.87,1064.71,-25403.1,-38001.8,335.673,7.2921e-05,0.892076,0.731278,0,0,166,165,-28679.7,1,0,0,8.06764,11.3711,1013.53,719.08,-42920.4,-55337,290.917,5.40834e-05,0.891137,0.768548,0,0,115,114,-46014.9,1,0,0,3.99998,5.86957,1572.46,1071.6,-1278.19,-13968.1,223.684,1,0.889248,0.630124,7,1,219,218,-4645.98,1,0,0,4.01096,5.88188,1568.15,1069.35,-1393.05,-14182.6,223.684,1,0.889248,0.630784,6,1,218,217,-4738.86,1,0,0
1095,0.422995,18.9598,0.0969622,6232.17,9844.43,6364.14,1.03208,2.19049,10.3564,1.4817,45.3003,1.26179e+06,8372.13,0.686409,0.730572,0.722248,16.3663,7.04585,0.0723949,1.86627,1.47878,7.11616,10.8723,1325.82,867.778,-27540.8,-46107.3,335.673,0.68244,0.946296,0.579424,7,1,131,111,-34797.5,1,0,0,5.04881,7.78242,1619.54,1050.67,-5061.33,-24311.3,290.917,0.6,0.945954,0.474802,0,0,169,153,-13001.5,1,0,0,3.64404,6.03874,1726.05,1041.58,8253.09,-10651.3,223.684,0.659343,0.94521,0.433121,7,1,213,183,658.472,1,0,0,3.79492,6.24187,1657.43,1007.68,6782.73,-12082.9,223.684,0.552492,0.94521,0.435944,0,1,201,171,-673.059,1,0,0
1096,0.365657,9.06481,0.177323,6738.47,11352.2,5800.77,0.907241,3.04529,5.57816,0.797552,49.671,826208,8337.08,0.737887,0.61452,0.836196,14.236,9.74447,0.0764047,2.53744,0.360278,5.71043,5.71043,1652.19,1652.19,-73.7759,-6649.94,335.673,0.291407,0.979773,0.365671,0,0,201,145,-6649.94,1,1,0,5.916,5.916,1382.14,1382.14,-2364.08,-8831.33,290.917,0.208245,0.979508,0.365683,0,0,168,120,-8831.33,1,1,0,3.55996,3.55996,1766.82,1766.82,14309.1,7674.5,223.684,0.6,0.978985,0.365657,0,0,271,212,7674.5,1,1,0,3.55996,3.55996,1766.82,1766.82,14309.1,7726.99,223.684,0.5,0.978985,0.365657,0,0,271,212,7726.99,1,1,0
1097,0.544817,12.8823,0.186539,5836.91,10348.1,5747.19,1.09409,3.8084,6.7491,0.915453,34.0467,2.16781e+06,8372.97,0.672477,0.890036,0.806665,11.3253,5.39802,0.0665463,2.8522,1.69316,7.06698,11.0323,1335.04,855.194,-26452.6,-43504.8,335.673,0.665503,0.98928,0.544821,5,1,147,100,-33540.8,1,0,0,5.90121,9.23233,1385.61,885.665,-16211.2,-33434.7,290.917,0.6,0.989176,0.544817,0,0,154,114,-23470.7,1,0,0,4.66308,7.89439,1348.85,796.744,-5499.15,-22271,223.684,0.661606,0.988962,0.544817,5,1,177,128,-12307,1,0,0,4.83487,8.15961,1300.93,770.847,-7189.52,-23943.2,223.684,0.554876,0.988962,0.544817,0,1,169,120,-13881.6,1,0,0
1098,0.558171,19.3101,0.206026,6125.86,9644.5,4634.57,0.927901,5.71058,12.8177,1.28423,50.2033,962699,7462.03,0.717168,0.871396,0.947477,9.65351,13.9988,0.0909078,0.4892,0.664046,4.16138,4.16138,2267.21,2267.21,12977.2,7421.08,335.673,1,0.90922,0.671221,14,1,202,162,7421.08,1,1,0,4.18916,4.18916,1951.89,1951.89,11704.1,6280.15,290.917,0.624198,0.908724,0.673369,1,0,175,143,6280.15,1,1,0,3.80732,3.80732,1652.03,1652.03,12683.9,7417.53,223.684,0.726226,0.90764,0.65585,14,1,176,112,7417.53,1,1,0,3.87282,3.87282,1624.09,1624.09,12064.7,6829.62,223.684,0.685337,0.90764,0.659259,10,1,172,108,6829.62,1,1,0
1099,0.35031,19.408,0.271558,5947.06,8071.72,4552.49,0.946512,0.714732,8.81565,1.61298,78.6111,1.46258e+06,7944.78,0.682298,0.544879,0.803567,17.4119,11.1992,0.0964184,2.04426,1.33195,4.77298,8.54257,1976.69,1104.44,4424.93,-15542.2,335.673,0.387916,0.974186,0.350316,0,0,234,195,-1103.95,1,0,0,5.5219,10.206,1480.79,801.172,-2856.67,-22607.2,290.917,0.239933,0.974016,0.350358,0,0,176,142,-8169.01,1,0,0,2.81897,6.26294,2231.24,1004.29,15593.5,-4421.1,223.684,0.6,0.973643,0.35031,0,0,344,301,10017.1,1,0,0,2.8582,6.28743,2200.62,1000.38,15433.6,-4711.48,223.684,0.541179,0.973643,0.35031,0,1,336,293,9977.72,1,0,0
1100,0.302252,12.9344,0.088512,6048.91,10376.2,5181.69,1.09499,6.79066,5.35105,1.58224,64.701,1.56702e+06,7501.47,0.695581,0.835769,0.980344,12.6064,9.33248,0.07614,1.30566,1.98194,4.26654,5.58944,2211.33,1687.95,1738.63,-12731.9,335.673,0.338085,0.944944,0.366975,0,0,187,164,-4612.04,1,0,0,4.26144,5.61689,1918.78,1455.74,669.815,-13688.9,290.917,0.277226,0.944441,0.368558,0,0,162,143,-5569.1,1,0,0,3.15012,4.50236,1996.69,1397,11813.5,-2459.17,223.684,0.578682,0.94341,0.317146,0,0,222,191,5660.67,1,0,0,3.15012,4.50236,1996.69,1397,11813.5,-2784.2,223.684,0.5,0.94341,0.317146,0,0,222,191,5674.9,1,0,0
1101,0.400839,16.0088,0.197628,5214.19,9792.81,2752.97,1.05421,1.02048,6.67636,1.80419,53.6912,1.10563e+06,8229.91,0.739875,0.531075,0.87835,12.447,9.93688,0.0855681,0.856569,0.589284,3.98229,3.98229,2369.17,2369.17,4032.72,-35.0938,335.673,0.532006,0.824039,0.559492,0,0,266,265,-35.0938,1,1,0,4.87106,4.87106,1678.64,1678.64,-5030.37,-8662.21,290.917,0.313169,0.823024,0.603854,0,0,188,187,-8662.21,1,1,0,2.44176,2.44176,2575.93,2575.93,14381.1,10445.4,223.684,0.627165,0.820888,0.46198,7,0,368,367,10445.4,1,1,0,2.52703,2.52703,2489.01,2489.01,14009.8,10214.2,223.684,0.536563,0.820888,0.467843,0,1,346,345,10214.2,1,1,0
1102,0.539253,13.4809,0.167917,6706.16,12003.3,3994.79,1.08732,2.0996,9.11598,1.33891,45.3736,1.01613e+06,8642.67,0.600106,0.871528,0.846484,6.70149,13.9491,0.096527,0.473189,0.540422,5.63912,5.63912,1673.08,1673.08,-1121.23,-5671.64,335.673,8.66787e-05,0.908477,0.725559,0,0,186,185,-5671.64,1,1,0,6.63819,6.63819,1231.77,1231.77,-11036.7,-15518.5,290.917,6.76342e-05,0.907777,0.756729,0,0,137,136,-15518.5,1,1,0,3.66055,3.66055,1718.27,1718.27,13621.9,9223.81,223.684,0.000367312,0.906339,0.637125,0,0,238,237,9223.81,1,1,0,3.66055,3.66055,1718.27,1718.27,13621.9,9223.81,223.684,0.000367312,0.906339,0.637125,0,0,238,237,9223.81,1,1,0
1103,0.551752,17.0415,0.0917512,6729.76,8436.11,7439.47,1.06132,7.94872,12.1791,1.88951,48.3022,919708,8708.15,0.735141,0.749666,0.752172,8.27575,1.14016,0.059597,1.75614,0.364327,4.77106,4.77106,1977.49,1977.49,6726.73,-2208.18,335.673,0.603483,0.959663,0.558888,1,1,121,78,-2208.18,1,1,0,3.48285,3.48285,2347.72,2347.72,28328.6,19047.5,290.917,0.611428,0.959379,0.552429,1,1,150,113,19047.5,1,1,0,3.17865,3.17865,1978.77,1978.77,27996.6,19252.8,223.684,0.601257,0.958772,0.552074,1,1,149,101,19252.8,1,1,0,3.32455,3.32455,1891.93,1891.93,25792.3,17167.3,223.684,0.503633,0.958772,0.552242,0,1,141,93,17167.3,1,1,0
1104,0.341499,8.37898,0.272225,6078.39,9893.64,5810.96,1.03035,1.52167,8.63485,1.83183,60.5614,854933,7529.1,0.674654,0.566633,0.858784,10.4073,1.29672,0.0594861,1.00226,1.96816,5.78427,8.43434,1631.1,1118.61,-370.018,-16433.7,335.673,0.437925,0.930918,0.431929,0,0,172,163,-7420.18,1,0,0,6.41108,9.50912,1275.41,859.886,-6337.84,-22099.1,290.917,0.312083,0.930024,0.47063,0,0,134,128,-13085.5,1,0,0,3.376,5.53429,1863.09,1136.52,15572.1,-398.767,223.684,0.6,0.928276,0.348969,0,0,259,243,8614.78,1,0,0,3.376,5.53429,1863.09,1136.52,15572.1,-523.032,223.684,0.5,0.928276,0.348969,0,0,259,243,8726.97,1,0,0
1105,0.532301,9.72989,0.028645,6093.66,8313.39,4594.67,0.956911,0.809138,12.4519,1.77359,42.7225,1.51219e+06,7637.78,0.691015,0.826905,0.695936,15.4828,11.2054,0.0536306,2.00383,0.853871,14.5672,14.5672,647.669,647.669,-72115.5,-77349,335.673,0.726461,0.988679,0.54358,11,1,109,43,-77349,1,1,0,8.26867,8.26867,988.884,988.884,-35682.3,-41435.8,290.917,0.68847,0.988539,0.53234,7,0,143,85,-41435.8,1,1,0,6.83583,6.83583,920.124,920.124,-22564.7,-27992.5,223.684,0.750571,0.988259,0.532304,11,1,156,87,-27992.5,1,1,0,7.36471,7.36471,854.047,854.047,-26138,-31418.9,223.684,0.622971,0.988259,0.53231,2,1,147,78,-31418.9,1,1,0
1106,0.334711,15.3704,0.2136,5196.66,12489.9,3611.82,0.965376,5.10724,13.5806,0.84428,37.5974,2.01303e+06,8723.01,0.667509,0.706313,0.795685,17.6791,3.7221,0.0721051,0.84299,1.56773,4.8653,6.38016,1939.19,1478.76,-9384.18,-21957.7,335.673,0.681967,0.842137,0.628205,4,1,166,165,-13576.1,1,0,0,3.27173,4.35842,2499.21,1876.08,9294.28,-3869.69,290.917,0.607295,0.841115,0.524762,2,0,234,233,4511.91,1,0,0,2.80688,3.8369,2240.86,1639.3,12149.6,-872.436,223.684,0.625211,0.838978,0.484204,4,1,229,228,7509.16,1,0,0,2.95179,4.01288,2130.85,1567.4,10547.6,-2430.54,223.684,0.518144,0.838978,0.498289,0,1,213,212,6061.07,1,0,0
1107,0.417019,10.7906,0.218362,6168.08,11977.3,6226.05,1.08945,3.14503,8.41137,1.29717,64.8114,940138,8462.38,0.639138,0.52382,0.74955,19.8929,9.90717,0.0665574,0.00177455,0.098479,4.83951,4.83951,1949.52,1949.52,5926.64,-1114.94,335.673,1,0.833816,0.600583,10,1,189,188,-1114.94,1,1,0,4.19619,4.19619,1948.61,1948.61,11480.2,4361.44,290.917,0.6,0.832436,0.570594,0,0,198,197,4361.44,1,1,0,3.10903,3.10903,2023.08,2023.08,19653.3,12393.3,223.684,0.65665,0.82969,0.509064,10,1,232,231,12393.3,1,1,0,3.29083,3.29083,1911.31,1911.31,18234.2,11183.6,223.684,0.551214,0.82969,0.520637,0,1,214,213,11183.6,1,1,0
1108,0.599583,15.9926,0.274598,5864.64,10362.4,3801.45,1.07213,0.734683,13.0038,1.60435,73.4735,1.80093e+06,9066.82,0.609901,0.819371,0.884597,11.4115,7.54343,0.0780267,2.30168,0.360848,8.70082,17.2112,1084.35,548.174,-25493.4,-43201.6,335.673,0.0556906,0.989493,0.599602,0,0,152,108,-29827.4,1,0,0,11.519,25.8473,709.85,316.349,-42332.6,-59836.5,290.917,0.0313124,0.98941,0.600135,0,0,104,66,-46462.3,1,0,0,4.74979,11.0543,1324.23,568.993,-401.121,-18067.5,223.684,0.133974,0.989232,0.599583,0,0,229,182,-4693.3,1,0,0,4.74979,11.0543,1324.23,568.993,-401.121,-18067.5,223.684,0.133974,0.989232,0.599583,0,0,229,182,-4693.3,1,0,0
1109,0.357777,12.2147,0.155574,6367.78,9031.34,3311.85,0.971898,0.0299394,6.26881,1.96415,75.0769,1.36893e+06,7810.28,0.741769,0.815335,0.917399,11.7981,5.14271,0.0725534,0.483982,0.126369,5.89045,5.89045,1601.7,1601.7,-8321.54,-12271,335.673,0.557892,0.866978,0.695401,0,0,186,185,-12271,1,1,0,9.32134,9.32134,877.208,877.208,-39243.1,-42680.9,290.917,0.000115447,0.865878,0.76652,0,0,100,99,-42680.9,1,1,0,3.10754,3.10754,2024.05,2024.05,13696.3,9281.18,223.684,0.619691,0.863651,0.533829,5,1,303,302,9281.18,1,1,0,3.27839,3.27839,1918.56,1918.56,12642.7,8387.31,223.684,0.515857,0.863651,0.549529,0,1,277,276,8387.31,1,1,0
1110,0.346189,18.6397,0.0964867,5177.91,14705.4,3272.57,0.974653,0.633293,9.15284,0.517471,72.0709,802836,7640.68,0.693581,0.692824,0.97502,16.4909,4.00742,0.0595097,0.75751,1.63127,832.942,inf,11.327,-40.1229,-427389,-421339,335.673,1.5698e-05,0.83997,0.839473,0,0,2,1,-416092,1,0,0,754.343,inf,10.8396,-41.1328,-370111,-366144,290.917,1.63068e-05,0.839111,0.838564,0,0,2,1,-360897,1,0,0,4.95479,8.48584,1269.44,741.212,-5960.69,-14942.8,223.684,0.6,0.83725,0.634167,0,0,277,276,-9696.1,1,0,0,4.99945,8.55587,1258.1,735.145,-6219.02,-15299.2,223.684,0.512923,0.83725,0.636112,0,1,274,273,-9881.9,1,0,0
1111,0.42684,17.8311,0.248322,6371.09,12090.7,6146.32,0.959539,4.18188,5.97562,0.990672,56.53,1.55396e+06,8124.05,0.731021,0.792444,0.727735,9.8184,11.0977,0.069559,0.706063,0.213107,4.53591,4.53591,2080.01,2080.01,9349.54,2134.58,335.673,0.712142,0.873909,0.649214,11,1,216,215,2134.58,1,1,0,4.87362,4.87362,1677.76,1677.76,4739.54,-2202.95,290.917,0.49879,0.873181,0.666403,0,0,176,175,-2202.95,1,1,0,3.31434,3.31434,1897.76,1897.76,16507.9,9411.1,223.684,0.698149,0.871616,0.573808,11,1,235,232,9411.1,1,1,0,3.42328,3.42328,1837.36,1837.36,15747.6,8758.74,223.684,0.586876,0.871616,0.582036,0,1,223,220,8758.74,1,1,0
1112,0.485901,13.9141,0.231243,5608.92,12753.8,5714.05,0.965226,1.84714,5.52528,1.01353,69.4415,1.12801e+06,8674.13,0.643621,0.516059,0.959663,13.1078,3.22276,0.0514448,1.02672,1.84632,6.78635,10.065,1390.25,937.378,-15326,-28204.7,335.673,0.188664,0.93681,0.545896,0,0,168,156,-21594.5,1,0,0,14.9865,24.7089,545.607,330.924,-70206.3,-82248.4,290.917,2.28129e-05,0.936295,0.766008,0,0,65,56,-75638.2,1,0,0,3.49769,5.74743,1798.28,1094.37,8362.44,-4889.24,223.684,0.6,0.935231,0.487741,0,0,280,258,1720.96,1,0,0,3.49769,5.74743,1798.28,1094.37,8362.44,-5003.68,223.684,0.5,0.935231,0.487741,0,0,280,258,1804.42,1,0,0
1113,0.57987,17.2747,0.150095,6264.71,11719.4,2849.03,1.07213,6.22042,5.64527,0.932802,76.3178,1.65788e+06,8371.93,0.6417,0.627243,0.946083,15.1553,3.06337,0.0768692,1.45603,1.32751,4.79517,6.41392,1967.55,1470.98,13.3746,-16000.2,335.673,0.627698,0.955534,0.583831,3,1,177,153,-4111.57,1,0,0,4.57641,6.2011,1786.72,1318.6,1524.01,-14530.7,290.917,0.6,0.955231,0.582833,0,0,165,145,-2642.07,1,0,0,3.44709,5.01346,1824.67,1254.58,11416.6,-4431.24,223.684,0.620846,0.95458,0.580194,3,1,211,181,7457.35,1,0,0,3.5582,5.1271,1767.69,1226.78,10423.6,-5438.7,223.684,0.516907,0.95458,0.580303,0,1,199,169,6587.45,1,0,0
1114,0.594246,11.2537,0.230357,6220.52,13645.7,3075.21,0.902101,6.86007,6.04752,1.72614,31.1681,1.27398e+06,7597.19,0.650368,0.769289,0.951851,8.54375,6.74512,0.063553,2.43736,1.81908,7.17627,10.4176,1314.71,905.651,-12734.4,-25017.1,335.673,0.564329,0.989203,0.594247,0,0,190,113,-16756.6,1,0,0,7.41118,10.9,1103.3,750.161,-14908.2,-27020.3,290.917,0.406597,0.989085,0.594247,0,0,160,93,-18759.8,1,0,0,4.8224,7.64041,1304.29,823.23,1584.76,-10578.3,223.684,0.633837,0.988847,0.594246,4,0,232,152,-2317.76,1,0,0,4.92497,7.77244,1277.13,809.245,946.903,-11236.9,223.684,0.559276,0.988847,0.594246,0,1,225,145,-2871.63,1,0,0
1115,0.320892,13.9311,0.0803627,5500.97,14274.7,5669.23,0.987211,1.15866,13.3573,0.567607,50.6049,1.74968e+06,7542.58,0.634656,0.592242,0.909167,9.19385,2.5506,0.0556179,1.95066,0.817717,721.277,721.277,13.0806,13.0806,-467568,-457318,335.673,1.82931e-05,0.926086,0.925143,0,0,2,1,-457318,1,1,0,655.019,655.019,12.4832,12.4832,-408954,-400844,290.917,1.89689e-05,0.925475,0.924438,0,0,2,1,-400844,1,1,0,4.72964,4.72964,1329.87,1329.87,-7493.28,-14103.2,223.684,0.6,0.92421,0.392852,0,0,261,260,-14103.2,1,1,0,4.72964,4.72964,1329.87,1329.87,-7493.28,-13984,223.684,0.5,0.92421,0.392852,0,0,261,260,-13984,1,1,0
1116,0.341399,10.3698,0.176852,5884.96,10679,5355.58,1.08857,2.69616,10.4368,1.03915,40.2063,2.12776e+06,8755.39,0.674696,0.680165,0.743703,10.3429,9.33965,0.0532928,0.437995,1.05132,4.59487,6.36652,2053.31,1481.93,-1838.99,-18835.9,335.673,0.704344,0.846075,0.604957,9,1,177,176,-8245.19,1,0,0,3.52508,4.98253,2319.59,1641.08,10641.1,-6659.54,290.917,0.676149,0.844656,0.534674,9,1,215,214,3931.14,1,0,0,2.89768,4.23077,2170.64,1486.68,15452.4,-1571.61,223.684,0.655298,0.84184,0.48333,9,1,221,220,9019.08,1,0,0,3.06554,4.44391,2051.78,1415.38,13524.1,-3498.55,223.684,0.54854,0.84184,0.498914,0,1,204,203,7239.69,1,0,0
1117,0.537221,18.3306,0.259555,6595.33,12830.2,5930,1.00853,1.17259,14.4739,1.56753,79.8384,1.11682e+06,7993.94,0.740436,0.872779,0.957255,13.6653,13.8956,0.0857224,0.551028,0.0551446,70.7799,70.7799,133.297,133.297,-220233,-221476,335.673,2.61124e-05,0.905434,0.895355,0,0,17,16,-221476,1,1,0,526.265,526.265,15.5373,15.5373,-317398,-312645,290.917,2.21664e-05,0.904891,0.904196,0,0,2,1,-312645,1,1,0,4.80408,4.80408,1309.26,1309.26,5231.81,-1244.42,223.684,1,0.903716,0.698283,14,1,231,230,-1244.42,1,1,0,4.8329,4.8329,1301.46,1301.46,5068.71,-1375.15,223.684,1,0.903716,0.699523,12,1,229,228,-1375.15,1,1,0
1118,0.38119,17.8768,0.0953954,6181.81,9609.21,3390.19,0.990089,2.29354,10.38,1.11011,76.4783,2.15976e+06,8738.96,0.731409,0.830701,0.859842,9.05623,10.7229,0.062367,2.54119,0.931812,5.75045,5.75045,1640.69,1640.69,-14890.3,-19704.9,335.673,0.696268,0.983783,0.381243,11,0,200,144,-19704.9,1,1,0,6.13572,6.13572,1332.65,1332.65,-19834.2,-24376.8,290.917,0.51313,0.983666,0.381314,0,0,163,114,-24376.8,1,1,0,3.88118,3.88118,1620.59,1620.59,1082.08,-3360.07,223.684,0.68001,0.983414,0.38119,11,1,249,189,-3360.07,1,1,0,4.03272,4.03272,1559.69,1559.69,-321.062,-4643.3,223.684,0.573407,0.983414,0.38119,0,1,235,175,-4643.3,1,1,0
1119,0.565455,18.8258,0.145065,5216.76,12563,6132.94,0.962474,1.91364,11.2871,0.716095,70.1093,1.05646e+06,7989.83,0.674265,0.723199,0.909214,8.12252,8.84205,0.0829398,0.749566,1.18143,21.1685,35.7586,445.696,263.845,-113606,-123712,335.673,2.98825e-05,0.896968,0.854956,0,0,57,56,-118822,1,0,0,516.756,inf,15.8232,-47.9822,-359570,-358481,290.917,1.68927e-05,0.896414,0.895631,0,0,2,1,-353590,1,0,0,4.0933,6.72281,1536.61,935.593,-683.232,-12019.7,223.684,0.137981,0.895212,0.658075,0,0,255,254,-7129.19,1,0,0,4.0933,6.72281,1536.61,935.593,-683.232,-12081.2,223.684,0.137981,0.895212,0.658075,0,0,255,254,-7129.19,1,0,0
1120,0.499036,18.5297,0.285313,5889.37,10794.1,7180.48,0.914783,6.29492,6.84484,1.41628,44.794,856042,8029.59,0.652314,0.730687,0.72184,7.24262,6.1303,0.0907754,0.656049,0.20118,3.5698,3.5698,2642.93,2642.93,23215.6,15230.5,335.673,0.790592,0.882296,0.604831,6,1,221,198,15230.5,1,1,0,3.47032,3.47032,2356.2,2356.2,22959,14963.3,290.917,0.6,0.881653,0.599793,0,0,202,185,14963.3,1,1,0,2.8138,2.8138,2235.34,2235.34,24494.8,16482.8,223.684,0.650699,0.88026,0.561555,6,1,236,190,16482.8,1,1,0,2.89362,2.89362,2173.68,2173.68,24214.1,16301.5,223.684,0.542774,0.88026,0.566435,0,1,224,178,16301.5,1,1,0
1121,0.333553,19.5152,0.239464,5653.64,8047.47,5505.25,0.944897,2.76384,10.4058,1.28392,77.6051,1.03905e+06,7819.63,0.691753,0.854802,0.705094,17.1396,13.8439,0.0749993,0.0107104,1.96247,4.49166,6.54677,2100.49,1441.12,6485.6,-12358.3,335.673,1,0.860851,0.642176,14,1,173,172,98.779,1,0,0,3.96665,5.91973,2061.37,1381.27,11401.3,-7401.1,290.917,0.741239,0.860101,0.610583,14,1,179,178,5055.99,1,0,0,3.52588,5.45346,1783.9,1153.36,14101.8,-4624.82,223.684,0.753412,0.858459,0.579335,14,1,168,149,7832.27,1,0,0,3.70115,5.70863,1699.42,1101.81,12237.2,-6564.97,223.684,0.637135,0.858459,0.593174,4,1,158,139,6079.58,1,0,0
1122,0.549759,10.74,0.266112,6246.62,14688.7,3480.65,0.918092,3.96452,8.85303,1.97276,31.4625,1.97238e+06,9367.43,0.691839,0.845224,0.746898,18.2896,12.4393,0.0566526,2.32223,0.00878203,10.4141,10.4141,905.956,905.956,-31510.2,-36092.1,335.673,0.774048,0.989151,0.550199,12,1,149,71,-36092.1,1,1,0,8.63527,8.63527,946.902,946.902,-23005.8,-27639.1,290.917,0.6,0.989027,0.54981,0,0,149,81,-27639.1,1,1,0,6.27594,6.27594,1002.21,1002.21,-8996.98,-13319.1,223.684,0.779923,0.988779,0.549759,12,1,183,102,-13319.1,1,1,0,6.60492,6.60492,952.291,952.291,-10940.1,-15158.4,223.684,0.653627,0.988779,0.54976,4,1,175,94,-15158.4,1,1,0
1123,0.352907,19.1819,0.115574,6197.94,14079.1,5897.72,0.92534,5.39116,14.3144,1.62279,39.402,1.76633e+06,7432.14,0.702565,0.535319,0.82898,18.5708,11.6677,0.0807274,2.21536,0.534901,6.46857,6.46857,1458.55,1458.55,-17524.3,-24087.9,335.673,0.256614,0.973878,0.353199,0,0,192,152,-24087.9,1,1,0,11.0055,11.0055,742.972,742.972,-52330.3,-58394.1,290.917,0.116758,0.973704,0.378979,0,0,103,69,-58394.1,1,1,0,3.67786,3.67786,1710.18,1710.18,4720.22,-2049.66,223.684,0.620461,0.973324,0.352907,3,0,282,238,-2049.66,1,1,0,3.7193,3.7193,1691.13,1691.13,4404.76,-2272.02,223.684,0.582782,0.973324,0.352907,0,1,277,233,-2272.02,1,1,0
1124,0.427049,14.8546,0.298952,5111.89,10035.9,4215.41,0.932703,6.57805,14.3392,1.97926,60.8437,2.20625e+06,7654.5,0.68034,0.686231,0.795819,17.3245,3.99009,0.0535804,1.04284,1.23124,4.85058,6.51165,1945.07,1448.9,-5545.8,-19867.5,335.673,0.628479,0.944954,0.461719,4,1,165,116,-11203.9,1,0,0,3.76933,5.12671,2169.29,1594.93,5679.66,-8856.13,290.917,0.6,0.944518,0.435988,0,0,195,153,-192.604,1,0,0,3.18531,4.62784,1974.63,1359.12,8527.6,-5444.58,223.684,0.628645,0.943608,0.430145,4,1,215,157,3218.94,1,0,0,3.31,4.78057,1900.24,1315.7,7295.14,-6653.51,223.684,0.526836,0.943608,0.431142,0,1,203,145,2096.11,1,0,0
1125,0.465655,13.0699,0.0457697,6185.59,14984.3,2746.44,0.960406,2.40967,6.98499,0.779529,69.6503,1.81474e+06,9072.58,0.604013,0.576341,0.960663,7.05934,2.60655,0.0908572,0.0219445,0.995277,6.8733,6.8733,1372.66,1372.66,-26996.9,-30017.8,335.673,5.06859e-05,0.854773,0.695931,0,0,170,169,-30017.8,1,1,0,46.7469,46.7469,174.915,174.915,-233580,-231764,290.917,1.51298e-05,0.853735,0.834262,0,0,21,20,-231764,1,1,0,3.35313,3.35313,1875.8,1875.8,5787.19,2590.57,223.684,0.623227,0.851619,0.557753,3,1,290,289,2590.57,1,1,0,3.37452,3.37452,1863.91,1863.91,5605.71,2438.81,223.684,0.580905,0.851619,0.558986,0,1,287,286,2438.81,1,1,0
1126,0.45023,14.7245,0.155631,6414.17,10219.9,4011.69,0.902203,1.67377,11.2013,1.64239,74.1815,1.36895e+06,7676.32,0.611407,0.533288,0.654556,6.46628,3.31323,0.088077,2.35673,0.478397,6.76413,6.76413,1394.81,1394.81,-14021.4,-19087.9,335.673,0.591011,0.978355,0.450271,0,0,189,142,-19087.9,1,1,0,9.75009,9.75009,838.634,838.634,-35536.9,-39991.5,290.917,0.239052,0.978171,0.452372,0,0,119,78,-39991.5,1,1,0,4.18986,4.18986,1501.2,1501.2,4567.62,-370.408,223.684,0.616013,0.977787,0.45023,3,1,240,189,-370.408,1,1,0,4.40784,4.40784,1426.96,1426.96,2908.8,-1916.11,223.684,0.516513,0.977787,0.45023,0,1,226,175,-1916.11,1,1,0
1127,0.505849,12.1112,0.143782,6475.07,11211.9,7027.93,1.09003,7.82763,11.3818,1.32746,45.0254,2.08865e+06,7961.39,0.746066,0.616958,0.678017,12.4875,4.36296,0.0701042,0.298096,1.97351,4.7115,4.7115,2002.49,2002.49,839.579,-7494.98,335.673,0.649515,0.873304,0.642995,4,1,132,131,-7494.98,1,1,0,3.60178,3.60178,2270.2,2270.2,17402.5,8753.61,290.917,0.64989,0.872315,0.591048,4,1,163,162,8753.61,1,1,0,3.19105,3.19105,1971.08,1971.08,20137.2,11902,223.684,0.647633,0.870317,0.571838,4,1,152,147,11902,1,1,0,3.32015,3.32015,1894.44,1894.44,18124.3,10012.8,223.684,0.539714,0.870317,0.578632,0,1,144,139,10012.8,1,1,0
1128,0.495806,11.4626,0.23953,5199.21,13958.8,4555.7,0.924764,2.56118,10.6254,1.56876,49.5402,2.18719e+06,7925.57,0.711935,0.744258,0.763893,12.8214,2.06208,0.0634548,1.3814,0.377755,12.802,12.802,736.97,736.97,-61102.2,-65734.4,335.673,5.47052e-05,0.956482,0.767308,0,0,103,64,-65734.4,1,1,0,39.5795,39.5795,206.591,206.591,-154932,-157448,290.917,2.19829e-05,0.956043,0.919691,0,0,34,1,-157448,1,1,0,5.93282,5.93282,1060.17,1060.17,-15285.9,-20536.8,223.684,0.608722,0.955157,0.541131,2,1,176,125,-20536.8,1,1,0,6.43294,6.43294,977.751,977.751,-18870.5,-23966.9,223.684,0.509234,0.955157,0.558549,0,1,161,110,-23966.9,1,1,0
1129,0.597613,10.8958,0.272585,5639.06,10132.2,6823.33,0.97663,5.36854,6.2433,1.20133,52.7414,1.93748e+06,8793.97,0.742237,0.817748,0.708706,15.9923,12.5495,0.0854777,2.52044,1.1367,8.51067,13.6078,1108.58,693.331,-31208.3,-47330.5,335.673,0.795792,0.989963,0.597617,13,1,128,62,-39294.8,1,0,0,5.59192,8.46476,1462.25,965.975,-8685.37,-24993.2,290.917,0.783547,0.98985,0.597613,13,1,158,101,-16957.5,1,0,0,4.90852,8.09229,1281.41,777.259,-4236.85,-20089.5,223.684,0.781456,0.989623,0.597613,13,1,165,97,-12053.9,1,0,0,5.16517,5.16517,1217.73,1217.73,-6425.83,-14121,223.684,0.662601,0.989623,0.597613,5,1,157,89,-14121,1,1,0
1130,0.599827,8.98914,0.219342,5850.48,11153.8,5043.3,1.07591,5.42273,11.5402,0.818586,31.3487,1.58496e+06,8222.4,0.650929,0.864991,0.792363,8.34321,3.40761,0.0783605,0.732846,0.231768,4.70941,4.70941,2003.37,2003.37,1782.92,-3923.8,335.673,0.000145047,0.924219,0.693611,0,0,164,149,-3923.8,1,1,0,4.6348,4.6348,1764.21,1764.21,1435.01,-4252.41,290.917,0.000140572,0.923383,0.692154,0,0,145,135,-4252.41,1,1,0,3.52897,3.52897,1782.34,1782.34,10994.1,5468.52,223.684,0.0375323,0.921744,0.648393,0,0,188,158,5468.52,1,1,0,3.52897,3.52897,1782.34,1782.34,10994.1,5468.52,223.684,0.0375323,0.921744,0.648393,0,0,188,158,5468.52,1,1,0
1131,0.454938,13.9588,0.188045,5416.36,12659.1,5084.89,0.921314,4.11224,12.9909,0.568605,73.1985,1.98865e+06,9081.18,0.680242,0.669182,0.901158,18.9642,3.94592,0.0572546,1.13901,0.112279,5.80687,5.80687,1624.75,1624.75,-17476.4,-23739.3,335.673,0.628272,0.946818,0.510427,4,1,167,124,-23739.3,1,1,0,5.0275,5.0275,1626.41,1626.41,-10123.2,-16561.1,290.917,0.6,0.946374,0.485243,0,0,172,136,-16561.1,1,1,0,3.66194,3.66194,1717.62,1717.62,2145.93,-3943.76,223.684,0.634449,0.945454,0.460225,4,1,222,169,-3943.76,1,1,0,3.82075,3.82075,1646.22,1646.22,596.103,-5378.02,223.684,0.527701,0.945454,0.461945,0,1,209,156,-5378.02,1,1,0
1132,0.32856,18.6531,0.128229,5849.51,8913.27,2526.08,0.996721,1.82758,8.45226,1.75743,46.8974,1.01857e+06,8894.85,0.648293,0.668929,0.997696,9.64895,12.5461,0.0879594,1.98257,0.975744,3.49442,3.49442,2699.94,2699.94,13490.2,9821.9,335.673,0.467729,0.932428,0.34726,0,0,258,239,9821.9,1,1,0,3.63043,3.63043,2252.28,2252.28,11073.2,7550.51,290.917,0.353809,0.931996,0.352221,0,0,215,199,7550.51,1,1,0,2.52321,2.52321,2492.78,2492.78,18979.3,15427.6,223.684,0.6,0.931057,0.330942,0,0,308,277,15427.6,1,1,0,2.52321,2.52321,2492.78,2492.78,18979.3,15527.4,223.684,0.5,0.931057,0.330942,0,0,308,277,15527.4,1,1,0
1133,0.518353,15.5618,0.153098,5221.06,10956.5,5685.52,1.06896,1.13166,10.1455,1.72221,39.9639,2.10053e+06,8462.2,0.73634,0.561301,0.720726,13.6671,13.4559,0.0666988,2.01949,1.6094,6.83617,6.83617,1380.12,1380.12,-27439,-34551.4,335.673,0.753625,0.981829,0.51836,13,1,175,148,-34551.4,1,1,0,10.9182,10.9182,748.913,748.913,-59414.9,-65484.8,290.917,0.20676,0.981682,0.520025,0,0,98,75,-65484.8,1,1,0,4.52011,4.52011,1391.52,1391.52,-8502.58,-15221.2,223.684,0.752207,0.981372,0.518353,13,1,203,173,-15221.2,1,1,0,4.72165,4.72165,1332.12,1332.12,-10336,-16927.8,223.684,0.630227,0.981372,0.518353,3,1,193,163,-16927.8,1,1,0
1134,0.592999,14.2517,0.15279,5296.72,10165.9,3039.07,1.01139,3.89613,6.16328,0.74381,50.4599,2.24934e+06,7898.12,0.64316,0.577937,0.743091,17.9632,3.88315,0.0946924,1.38812,1.06263,5.40046,7.58921,1747.02,1243.17,-19065.1,-33629.4,335.673,0.689156,0.954606,0.598522,4,1,164,136,-22937.1,1,0,0,4.5162,6.44332,1810.54,1269.03,-9158.57,-23933.4,290.917,0.6,0.95424,0.594667,0,0,178,154,-13241.2,1,0,0,3.93593,5.89365,1598.05,1067.22,-4336.91,-18875.1,223.684,0.637578,0.953479,0.593612,4,1,178,142,-8182.83,1,0,0,4.10165,4.10165,1533.48,1533.48,-6326.41,-10054.8,223.684,0.537681,0.953479,0.593866,0,1,169,133,-10054.8,1,1,0
1135,0.395498,13.1431,0.00611054,6295.25,12737.4,4893.74,0.942069,4.08744,14.3069,1.46777,65.5282,1.74771e+06,8984.84,0.704072,0.540998,0.919059,12.8517,4.82439,0.0914734,1.30126,0.587261,4.44666,4.44666,2121.75,2121.75,-3684.24,-9918.43,335.673,0.636051,0.929209,0.418946,5,1,208,186,-9918.43,1,1,0,4.26925,4.26925,1915.27,1915.27,-2287.69,-8499.23,290.917,0.6,0.928598,0.415199,0,0,192,174,-8499.23,1,1,0,3.01866,3.01866,2083.65,2083.65,11019.5,5103.64,223.684,0.63284,0.927345,0.397904,5,1,255,222,5103.64,1,1,0,3.12403,3.12403,2013.37,2013.37,9926.04,4116.88,223.684,0.528996,0.927345,0.398597,0,1,241,208,4116.88,1,1,0
1136,0.438363,13.5728,0.150914,5565.2,8951.79,3801.58,1.0471,6.18693,6.09538,1.6066,73.5458,1.04383e+06,9131.98,0.626258,0.89036,0.745217,16.3034,11.4013,0.0637907,1.25853,0.0334594,4.2561,4.2561,2216.75,2216.75,3423.13,-2084.81,335.673,0.699603,0.957938,0.456925,11,1,160,113,-2084.81,1,1,0,3.5567,3.5567,2298.97,2298.97,12359,6726.55,290.917,0.6,0.957568,0.444545,0,0,177,137,6726.55,1,1,0,2.91095,2.91095,2160.74,2160.74,16477.8,11433,223.684,0.703747,0.956806,0.439851,11,1,213,159,11433,1,1,0,2.99553,2.99553,2099.73,2099.73,15843.3,10918,223.684,0.589964,0.956806,0.440249,0,1,201,147,10918,1,1,0
1137,0.427433,10.5113,0.256791,6372.02,9629.12,4461.91,1.03627,5.67867,7.08377,1.33644,40.7688,966655,9072.57,0.615788,0.551039,0.896312,16.2354,13.6134,0.0627627,1.4581,1.88106,2.87988,3.84982,3276.08,2450.69,41454.2,20136.6,335.673,0.741614,0.936028,0.428049,14,1,229,204,35408.7,1,0,0,2.72608,3.68086,2999.46,2221.43,41830,20560.3,290.917,0.6,0.935351,0.427836,0,0,214,193,35832.4,1,0,0,2.15524,3.18267,2918.38,1976.27,39155.5,18288,223.684,0.696241,0.934001,0.427475,12,0,269,238,33560.2,1,0,0,2.18786,3.19575,2874.87,1968.18,39702.5,18706.9,223.684,0.600964,0.934001,0.427483,1,1,258,227,34206.5,1,0,0
1138,0.315426,17.8752,0.212782,5179.68,12979.6,5185.39,0.972437,7.29633,7.98478,0.975843,38.6306,2.18912e+06,7503.43,0.623345,0.802657,0.854221,16.8503,9.44579,0.0698945,1.03994,0.423769,4.68548,4.68548,2013.61,2013.61,-7083.04,-13285.6,335.673,0.436254,0.941843,0.409656,0,0,205,173,-13285.6,1,1,0,4.92638,4.92638,1659.79,1659.79,-11012,-17043.4,290.917,0.338397,0.941449,0.429647,0,0,169,143,-17043.4,1,1,0,3.42996,3.42996,1833.78,1833.78,2745.73,-3374.36,223.684,0.6,0.9406,0.340026,0,0,242,198,-3374.36,1,1,0,3.42996,3.42996,1833.78,1833.78,2745.73,-3303.78,223.684,0.5,0.9406,0.340026,0,0,242,198,-3303.78,1,1,0
1139,0.501679,10.3806,0.238713,6104.72,9093.57,2572.32,0.909259,7.76688,13.2579,1.82142,77.1891,2.05703e+06,8795.92,0.679418,0.627106,0.949213,17.1657,6.7536,0.0902242,0.769243,1.14914,4.00738,5.17824,2354.33,1821.99,17233.9,-3619.69,335.673,0.657864,0.876114,0.607238,7,1,134,83,13567.3,1,0,0,2.80787,3.71584,2912.08,2200.51,34678,13427.5,290.917,0.659778,0.874995,0.545804,7,1,188,145,30614.5,1,0,0,2.49917,3.52913,2516.76,1782.26,31333.9,10460.7,223.684,0.654282,0.872776,0.533312,7,1,199,128,27647.7,1,0,0,2.60128,3.64335,2417.97,1726.38,30395.3,9537.24,223.684,0.547332,0.872776,0.538019,0,1,186,115,26830.3,1,0,0
1140,0.406001,16.5995,0.117145,5796.87,10954.1,3922.92,0.901573,5.82281,12.0066,1.46366,57.5447,1.87302e+06,8807.88,0.726681,0.714859,0.661668,10.8869,9.76953,0.0565327,0.948154,0.0310525,4.26871,4.26871,2210.21,2210.21,-742.137,-5812.25,335.673,0.712374,0.85937,0.615363,10,1,162,148,-5812.25,1,1,0,3.30205,3.30205,2476.27,2476.27,12939,7675.09,290.917,0.699865,0.858521,0.551767,10,1,196,186,7675.09,1,1,0,2.97151,2.97151,2116.7,2116.7,14319.6,9418.46,223.684,0.709764,0.856721,0.527874,10,1,188,147,9418.46,1,1,0,3.09536,3.09536,2032.01,2032.01,12585.4,7791.87,223.684,0.595232,0.856721,0.537938,0,1,178,137,7791.87,1,1,0
1141,0.536239,17.1198,0.158692,6525.84,12990.2,7448.06,1.06508,0.61209,5.07014,1.58033,48.2886,2.17368e+06,9286.15,0.749892,0.849084,0.992911,10.4533,11.1437,0.0658026,1.4333,0.194409,45.5882,45.5882,206.955,206.955,-205910,-210312,335.673,1.09186e-05,0.962743,0.935137,0,0,29,13,-210312,1,1,0,93.5817,93.5817,87.3755,87.3755,-271773,-272925,290.917,8.80281e-06,0.96248,0.951389,0,0,13,1,-272925,1,1,0,4.97022,4.97022,1265.5,1265.5,-3935.91,-12429.4,223.684,0.6,0.961915,0.55184,0,0,219,192,-12429.4,1,1,0,4.97022,4.97022,1265.5,1265.5,-3935.91,-12321.4,223.684,0.512089,0.961915,0.55184,0,0,219,192,-12321.4,1,1,0
1142,0.549636,14.8984,0.0100451,6502.43,13358.3,2787,0.964311,3.24095,6.83562,1.47817,39.966,1.50511e+06,7926.96,0.693402,0.874467,0.987488,17.0525,2.46453,0.0829554,1.14642,0.340339,9.43172,9.43172,1000.32,1000.32,-45748.3,-48841.9,335.673,0.00457983,0.965316,0.693288,0,0,136,89,-48841.9,1,1,0,19.6264,19.6264,416.619,416.619,-107970,-110172,290.917,2.23641e-05,0.965037,0.874217,0,0,62,22,-110172,1,1,0,5.00634,5.00634,1256.37,1256.37,-6738.78,-10384.1,223.684,0.6,0.964452,0.562439,0,0,217,160,-10384.1,1,1,0,5.09975,5.09975,1233.36,1233.36,-7552.71,-11093.9,223.684,0.513424,0.964452,0.563887,0,1,211,154,-11093.9,1,1,0
1143,0.546369,18.3551,0.114899,5768.31,8664.17,4096.97,0.927554,4.87042,12.5015,1.58193,79.7624,2.08162e+06,8972.69,0.680041,0.596092,0.657836,13.6957,6.65888,0.0516745,1.75661,0.224628,6.24073,6.24073,1511.8,1511.8,-30758.3,-35790.4,335.673,0.680265,0.949467,0.574678,7,1,119,67,-35790.4,1,1,0,4.19957,4.19957,1947.05,1947.05,-2654.52,-8087.13,290.917,0.673381,0.949143,0.549301,7,1,153,108,-8087.13,1,1,0,3.81946,3.81946,1646.78,1646.78,90.486,-4947.52,223.684,0.677969,0.948441,0.547941,7,1,154,94,-4947.52,1,1,0,4.08649,4.08649,1539.17,1539.17,-3631.84,-8526.62,223.684,0.56322,0.948441,0.548978,0,1,144,84,-8526.62,1,1,0
1144,0.425,11.4926,0.142325,6212.59,13964,4107.11,1.00371,4.72156,9.03834,0.717601,65.9592,994230,8778.19,0.718032,0.864508,0.824828,14.1157,12.1449,0.052795,1.89342,1.06151,8.46179,11.744,1114.98,803.367,-33481.1,-47214,335.673,0.924105,0.956738,0.65211,12,1,118,81,-38370.7,1,0,0,6.78966,9.46209,1204.29,864.16,-18026.4,-31982.1,290.917,0.6,0.956297,0.565315,0,0,131,100,-23138.7,1,0,0,4.39735,6.58476,1430.37,955.208,3264.39,-10863.1,223.684,0.712281,0.955408,0.451504,12,1,198,151,-2019.73,1,0,0,4.57324,6.79293,1375.35,925.935,1813.15,-12197.5,223.684,0.594148,0.955408,0.457446,0,1,186,139,-3247.6,1,0,0
1145,0.396464,18.5794,0.0765627,5502.24,13067.8,4396.93,1.08417,1.45155,5.26214,1.88389,40.8943,1.02421e+06,9157.45,0.609562,0.600821,0.790499,11.1788,10.1705,0.0881086,2.98843,0.794107,9.24521,9.24521,1020.5,1020.5,-42858,-47640.4,335.673,0.0788994,0.978264,0.400998,0,0,137,115,-47640.4,1,1,0,74.306,74.306,110.042,110.042,-224660,-224887,290.917,1.06479e-05,0.978115,0.947015,0,0,20,1,-224887,1,1,0,3.8922,3.8922,1616,1616,498.403,-4848.1,223.684,0.6,0.977789,0.396464,0,0,269,242,-4848.1,1,1,0,3.8922,3.8922,1616,1616,498.403,-4758,223.684,0.5,0.977789,0.396464,0,0,269,242,-4758,1,1,0
1146,0.524646,16.7529,0.00937229,6136.54,10375.1,5923.9,0.901696,4.66356,14.6392,0.928716,34.563,1.51851e+06,8786.62,0.72141,0.821919,0.738957,8.02422,2.99907,0.0761171,1.84551,1.60257,6.2885,6.2885,1500.31,1500.31,-26311.6,-33126.1,335.673,0.637904,0.960742,0.574033,3,1,154,78,-33126.1,1,1,0,4.5964,4.5964,1778.95,1778.95,-6628.42,-13756.3,290.917,0.628084,0.960459,0.534832,3,1,181,116,-13756.3,1,1,0,4.26455,4.26455,1474.9,1474.9,-3657.69,-10402.2,223.684,0.631987,0.959856,0.531499,3,1,183,98,-10402.2,1,1,0,4.49171,4.49171,1400.32,1400.32,-6154.37,-12791.6,223.684,0.526207,0.959856,0.534195,0,1,174,89,-12791.6,1,1,0
1147,0.540417,17.585,0.207122,5239.28,13346.6,3738.72,0.911229,2.79744,6.51233,1.75483,39.9641,1.24876e+06,9104.91,0.713757,0.5061,0.992239,11.854,10.8178,0.0778801,2.2039,0.232408,5.67576,5.67576,1662.28,1662.28,-10191.4,-14620.9,335.673,0.295285,0.98059,0.540417,0,0,218,173,-14620.9,1,1,0,7.31124,7.31124,1118.38,1118.38,-22596.8,-26770.2,290.917,0.123446,0.980451,0.540427,0,0,151,112,-26770.2,1,1,0,3.45894,3.45894,1818.42,1818.42,5174.39,592.64,223.684,0.6,0.98015,0.540417,0,0,296,248,592.64,1,1,0,3.46612,3.46612,1814.66,1814.66,5128.56,633.438,223.684,0.572851,0.98015,0.540417,0,1,295,247,633.438,1,1,0
1148,0.447377,15.975,0.130526,5874.44,13098.1,4801.35,0.983409,2.71141,10.1047,1.84008,42.3871,1.39878e+06,8119.15,0.679431,0.714093,0.71111,19.5447,9.67673,0.0624432,0.294095,0.862136,6.06408,6.06408,1555.84,1555.84,-14795.1,-19971.4,335.673,0.000438923,0.869502,0.699421,0,0,188,187,-19971.4,1,1,0,18.615,18.615,439.257,439.257,-106677,-110508,290.917,2.98309e-05,0.868686,0.820931,0,0,51,50,-110508,1,1,0,4.48724,4.48724,1401.71,1401.71,-2068.16,-7290.43,223.684,0.733836,0.866966,0.639042,10,1,188,187,-7290.43,1,1,0,4.50742,4.50742,1395.44,1395.44,-2253.95,-7460.42,223.684,0.720262,0.866966,0.640049,9,1,187,186,-7460.42,1,1,0
1149,0.567909,18.1561,0.124703,5421.67,12206.2,5724.32,1.03519,6.67206,7.48316,1.47684,35.5543,1.9473e+06,7715.25,0.603448,0.790325,0.742244,9.363,4.44043,0.0765892,2.28135,0.856502,6.37529,6.37529,1479.89,1479.89,-24753.8,-31642.7,335.673,0.649996,0.988095,0.56791,4,1,172,122,-31642.7,1,1,0,6.07942,6.07942,1344.99,1344.99,-22619.3,-29511.8,290.917,0.6,0.98801,0.56791,0,0,158,115,-29511.8,1,1,0,4.52769,4.52769,1389.19,1389.19,-7868.59,-14547.4,223.684,0.643658,0.987827,0.567909,4,1,198,146,-14547.4,1,1,0,4.69942,4.69942,1338.42,1338.42,-9549.82,-16115,223.684,0.531501,0.987827,0.567909,0,1,188,136,-16115,1,1,0
1150,0.343173,19.9172,0.074996,6681.17,11909.4,4111.61,0.99522,3.37547,12.3747,1.39745,41.4826,830111,8126.7,0.63033,0.835576,0.652878,9.08012,5.47204,0.0772503,1.52671,0.461624,6.81864,6.81864,1383.66,1383.66,-17715.2,-22427.9,335.673,0.709149,0.945675,0.580629,5,1,154,130,-22427.9,1,1,0,6.96318,6.96318,1174.28,1174.28,-19081,-23669.8,290.917,0.6,0.945341,0.591933,0,0,133,114,-23669.8,1,1,0,4.60681,4.60681,1365.33,1365.33,2721.79,-2211.27,223.684,0.624402,0.944606,0.425471,5,1,182,146,-2211.27,1,1,0,5.01751,5.01751,1253.57,1253.57,-1018.77,-5802.5,223.684,0.54665,0.944606,0.45478,0,1,164,128,-5802.5,1,1,0
1151,0.563721,13.042,0.161349,5892.95,13142.9,7243.86,1.07951,4.21917,12.7673,0.663572,35.839,1.83127e+06,9030.1,0.655457,0.836452,0.853078,6.96176,5.08728,0.0706886,2.59967,0.191923,8.91402,8.91402,1058.41,1058.41,-39404.5,-47827.1,335.673,0.668199,0.989065,0.563781,5,1,129,84,-47827.1,1,1,0,6.7756,6.7756,1206.79,1206.79,-22256.2,-30951.9,290.917,0.6,0.98896,0.563722,0,0,146,107,-30951.9,1,1,0,5.59022,5.59022,1125.14,1125.14,-12333.1,-20577.4,223.684,0.673967,0.988744,0.563721,5,1,157,110,-20577.4,1,1,0,5.87935,5.87935,1069.81,1069.81,-14809.4,-22927.4,223.684,0.554744,0.988744,0.563721,0,1,149,102,-22927.4,1,1,0
1152,0.328829,17.767,0.131408,6155.17,14994.8,7398.36,0.908817,4.50298,8.9722,1.15433,48.8866,882344,7663.3,0.741183,0.619547,0.95128,12.2177,13.9122,0.0982212,2.91273,0.0213256,12.4811,12.4811,755.921,755.921,-48742,-56373.9,335.673,0.0866076,0.976639,0.401899,0,0,120,72,-56373.9,1,1,0,45.03,45.03,181.585,181.585,-132408,-138433,290.917,1.98981e-05,0.976472,0.911182,0,0,43,1,-138433,1,1,0,4.43772,4.43772,1417.35,1417.35,2032.3,-6084.5,223.684,0.6,0.97611,0.328834,0,0,262,209,-6084.5,1,1,0,4.43772,4.43772,1417.35,1417.35,2032.3,-6056.48,223.684,0.5,0.97611,0.328834,0,0,262,209,-6056.48,1,1,0
1153,0.346058,16.935,0.142195,5741.02,12049.9,3098.37,0.968028,4.50397,11.5845,1.41747,54.3098,2.02125e+06,8675.89,0.695773,0.84126,0.86767,9.32796,3.38838,0.0524632,0.691097,0.0376558,4.96975,4.96975,1898.43,1898.43,-9565.31,-13250.9,335.673,0.628032,0.863344,0.664555,3,1,171,170,-13250.9,1,1,0,3.88765,3.88765,2103.27,2103.27,3155.08,-946.743,290.917,0.6,0.862504,0.603211,0,0,203,202,-946.743,1,1,0,3.24226,3.24226,1939.95,1939.95,8501.67,4500.31,223.684,0.619728,0.860717,0.553237,3,1,206,202,4500.31,1,1,0,3.43214,3.43214,1832.62,1832.62,6242.26,2384.06,223.684,0.517089,0.860717,0.569955,0,1,190,186,2384.06,1,1,0
1154,0.460152,13.4344,0.174261,5612.24,13661,4219.1,0.97027,1.70497,14.0907,0.622804,52.7642,1.05285e+06,9375.11,0.676514,0.629459,0.878063,15.3069,11.7824,0.0707464,2.78603,0.79725,8.17989,8.17989,1153.4,1153.4,-26110.2,-31258.6,335.673,0.453071,0.982095,0.460473,0,0,163,120,-31258.6,1,1,0,23.3725,23.3725,349.846,349.846,-92157.7,-95900.8,290.917,0.00123567,0.981929,0.687408,0,0,61,24,-95900.8,1,1,0,4.5838,4.5838,1372.18,1372.18,-1029.87,-6199.97,223.684,0.720557,0.981587,0.460152,12,1,227,181,-6199.97,1,1,0,4.77408,4.77408,1317.49,1317.49,-2364.24,-7424.15,223.684,0.60641,0.981587,0.460152,1,1,216,170,-7424.15,1,1,0
1155,0.320256,19.1234,0.00189739,5457.97,13209.9,3539.86,0.968025,4.79563,13.1481,0.667193,71.4605,1.85241e+06,9190.03,0.673264,0.593507,0.673212,7.02687,7.89826,0.0928743,2.01492,0.108555,5.04115,5.04115,1871.54,1871.54,-17922.4,-22728.5,335.673,0.668473,0.975159,0.320284,8,1,206,166,-22728.5,1,1,0,4.96584,4.96584,1646.6,1646.6,-17669,-22417.1,290.917,0.6,0.974993,0.32028,0,0,184,150,-22417.1,1,1,0,3.4731,3.4731,1811.01,1811.01,-1175.63,-5694.62,223.684,0.661421,0.974629,0.320256,8,1,245,201,-5694.62,1,1,0,3.6177,3.6177,1738.62,1738.62,-2799,-7200.23,223.684,0.552715,0.974629,0.320256,0,1,231,187,-7200.23,1,1,0
1156,0.315842,12.7331,0.272309,6732.38,13990.7,3433.95,0.997537,2.67699,9.14898,1.99022,42.6998,1.63782e+06,8742.37,0.716996,0.500589,0.900183,8.70969,12.4468,0.0603135,2.21734,0.789115,6.0479,6.0479,1560,1560,-1207.27,-5300.98,335.673,0.175336,0.971913,0.315993,0,0,195,169,-5300.98,1,1,0,9.92817,9.92817,823.591,823.591,-30458.4,-34196.7,290.917,0.0448734,0.971642,0.330408,0,0,105,83,-34196.7,1,1,0,3.34254,3.34254,1881.75,1881.75,15576,11242,223.684,0.6,0.971088,0.315842,0,0,295,265,11242,1,1,0,3.34254,3.34254,1881.75,1881.75,15576,11319.8,223.684,0.5,0.971088,0.315842,0,0,295,265,11319.8,1,1,0
1157,0.300156,14.7856,0.0213262,6530.32,14681.7,4954.9,1.05812,5.24016,9.41476,0.998351,74.3547,1.32843e+06,8985.26,0.648545,0.594286,0.793152,5.92777,13.7642,0.0967499,1.41708,0.874819,4.49578,4.49578,2098.57,2098.57,390.065,-5977.29,335.673,0.574444,0.923537,0.364443,0,0,216,215,-5977.29,1,1,0,4.84154,4.84154,1688.87,1688.87,-4703.86,-10784.6,290.917,0.427617,0.922938,0.387203,0,0,174,173,-10784.6,1,1,0,3.04814,3.04814,2063.49,2063.49,13547.4,7439.04,223.684,0.6,0.921688,0.309938,0,0,270,259,7439.04,1,1,0,3.04814,3.04814,2063.49,2063.49,13547.4,7558.85,223.684,0.583099,0.921688,0.309938,0,0,270,259,7558.85,1,1,0
1158,0.430895,9.27131,0.135277,5332.75,9351.58,5319.14,0.963577,1.16558,13.8688,1.0246,75.4061,1.1513e+06,7632.95,0.614179,0.547376,0.815799,5.62206,13.4941,0.0712745,1.06438,0.890772,6.30728,6.30728,1495.85,1495.85,-21612.5,-27943.7,335.673,0.735634,0.937311,0.495574,13,1,160,141,-27943.7,1,1,0,6.38413,6.38413,1280.79,1280.79,-22502.8,-28659.3,290.917,0.6,0.936571,0.500788,0,0,139,124,-28659.3,1,1,0,3.67895,3.67895,1709.67,1709.67,2921.61,-3415.04,223.684,0.700039,0.935112,0.435466,13,1,229,201,-3415.04,1,1,0,3.85126,3.85126,1633.18,1633.18,1382.18,-4813.61,223.684,0.58421,0.935112,0.437098,0,1,214,186,-4813.61,1,1,0
1159,0.532387,10.7093,0.0622119,6435.51,9158.22,4628.26,1.0489,7.95292,5.34373,0.877294,77.99,836189,8397.67,0.701556,0.769975,0.854755,17.2122,12.1053,0.0578299,2.4001,0.383311,4.9082,4.9082,1922.23,1922.23,-1256.07,-7496.17,335.673,0.731643,0.987666,0.532387,12,1,160,111,-7496.17,1,1,0,4.18932,4.18932,1951.81,1951.81,7880.88,1556.67,290.917,0.6,0.987525,0.532387,0,0,167,124,1556.67,1,1,0,3.27962,3.27962,1917.85,1917.85,15758.2,9934.35,223.684,0.71387,0.987243,0.532387,12,1,210,159,9934.35,1,1,0,3.37894,3.37894,1861.47,1861.47,14970.6,9266.76,223.684,0.598621,0.987243,0.532387,0,1,198,147,9266.76,1,1,0
1160,0.310452,18.0884,0.157135,5845.55,12104.5,3862.77,0.929293,6.17635,5.22812,1.46903,39.0492,1.28007e+06,8463.82,0.649352,0.557915,0.991378,18.5882,6.37644,0.054655,0.0659154,0.997431,2.68685,3.4927,3511.44,2701.26,25552.2,11985.8,335.673,0.334404,0.802562,0.435996,0,0,313,312,20814.4,1,0,0,2.76119,3.61051,2961.31,2264.71,23540.3,10053.2,290.917,0.26559,0.801533,0.443885,0,0,265,264,18881.7,1,0,0,2.07803,2.90381,3026.81,2166.05,25976.7,12457.8,223.684,0.6,0.799318,0.381237,0,0,338,337,21286.3,1,0,0,2.07803,2.07803,3026.81,3026.81,25976.7,21314.4,223.684,0.5,0.799318,0.381237,0,0,338,337,21314.4,1,1,0
1161,0.495677,12.7586,0.084069,5120.88,11145.1,3893.11,1.01214,3.33801,7.05795,1.20961,42.2876,1.05079e+06,8965.39,0.648839,0.734153,0.911864,16.4583,4.52654,0.0663535,1.62179,0.784635,4.72708,4.72708,1995.89,1995.89,-10551.4,-15692.8,335.673,0.642828,0.955268,0.508968,5,1,194,160,-15692.8,1,1,0,4.60003,4.60003,1777.54,1777.54,-9474.35,-14543.2,290.917,0.590814,0.954859,0.507477,0,0,175,147,-14543.2,1,1,0,3.345,3.345,1880.36,1880.36,3610.56,-1281.1,223.684,0.644089,0.954022,0.497076,5,1,232,190,-1281.1,1,1,0,3.43558,3.43558,1830.79,1830.79,2731.16,-2055.61,223.684,0.538863,0.954022,0.497412,0,1,221,179,-2055.61,1,1,0
1162,0.546938,12.729,0.258002,6042.99,11995.1,7460.64,0.975018,2.41081,13.2762,1.68565,61.1916,953869,7965.19,0.668207,0.550587,0.889374,17.9775,5.15347,0.0959862,0.221489,1.97905,5.4922,7.76599,1717.84,1214.88,520.344,-13323.8,335.673,0.00691367,0.873068,0.674885,0,0,196,195,-7388.67,1,0,0,7.34648,10.6597,1113.02,767.074,-15060.6,-28796.4,290.917,8.37133e-05,0.87215,0.723137,0,0,126,125,-22861.2,1,0,0,3.91695,5.82523,1605.79,1079.75,10945.8,-2992.93,223.684,0.834273,0.870285,0.620256,5,1,210,209,2942.2,1,0,0,3.95884,3.95884,1588.8,1588.8,10641.6,2673.81,223.684,0.678715,0.870285,0.621946,2,1,207,206,2673.81,1,1,0
1163,0.3504,10.9518,0.118908,5326.97,13586.3,7118.39,1.00784,3.10242,6.53213,1.26874,37.0446,1.85775e+06,7612.97,0.63641,0.781767,0.801163,6.29894,9.49079,0.0969548,0.763904,0.090738,6.41073,6.41073,1471.71,1471.71,-24966.1,-32409.6,335.673,5.33235e-05,0.862777,0.703175,0,0,177,176,-32409.6,1,1,0,19.0946,19.0946,428.222,428.222,-119623,-125581,290.917,2.0302e-05,0.861535,0.816366,0,0,50,49,-125581,1,1,0,3.43567,3.43567,1830.74,1830.74,1757.9,-5924.3,223.684,0.648675,0.859053,0.553352,6,0,277,276,-5924.3,1,1,0,3.50991,3.50991,1792.01,1792.01,1106.1,-6493.88,223.684,0.566537,0.859053,0.559562,0,1,267,266,-6493.88,1,1,0
1164,0.344059,13.8993,0.191627,5470.58,14522,2879.49,0.92155,5.76967,7.85279,0.523124,34.2811,1.06877e+06,8796.23,0.738255,0.614218,0.662058,18.472,5.44419,0.0781632,2.1756,0.107757,4.57651,4.57651,2061.55,2061.55,246.113,-3648.25,335.673,0.54689,0.977624,0.344062,0,0,237,186,-3648.25,1,1,0,4.76664,4.76664,1715.41,1715.41,-2120.58,-5844.24,290.917,0.385377,0.977423,0.344064,0,0,198,154,-5844.24,1,1,0,3.22081,3.22081,1952.87,1952.87,9374.36,5632.5,223.684,0.635397,0.977006,0.344059,5,1,282,227,5632.5,1,1,0,3.30175,3.30175,1904.99,1904.99,8863.59,5211.3,223.684,0.536345,0.977006,0.344059,0,1,270,215,5211.3,1,1,0
1165,0.55824,17.6698,0.0746639,6344.4,10921.9,5782.75,1.09069,5.24326,11.2907,1.22403,33.6849,1.08474e+06,8385.19,0.727046,0.623479,0.83854,11.9906,6.65355,0.0559095,2.26422,1.64906,5.42671,7.58395,1738.57,1244.04,-8852.33,-26645.6,335.673,0.683387,0.984727,0.55824,7,1,162,130,-16079.1,1,0,0,4.17646,5.89639,1957.82,1386.74,5849.5,-12149.1,290.917,0.680045,0.984616,0.55824,7,0,191,163,-1582.64,1,0,0,3.75757,5.55781,1673.91,1131.71,8702.5,-8772.94,223.684,0.692155,0.984379,0.55824,7,1,184,149,1793.51,1,0,0,3.91038,3.91038,1608.49,1608.49,6997.85,206.095,223.684,0.574656,0.984379,0.55824,0,1,175,140,206.095,1,1,0
1166,0.546937,18.742,0.00582185,5555.44,13025.5,4784.39,1.08124,5.61674,6.84243,0.582781,60.3075,1.26072e+06,9084.59,0.748663,0.756154,0.881308,16.5297,2.03657,0.0728296,2.66713,0.532038,6.48357,6.48357,1455.17,1455.17,-30509.9,-36592.8,335.673,0.621099,0.986927,0.546939,2,1,159,119,-36592.8,1,1,0,5.86894,5.86894,1393.23,1393.23,-23865.8,-30072.2,290.917,0.6,0.986837,0.546938,0,0,155,120,-30072.2,1,1,0,4.45414,4.45414,1412.13,1412.13,-8215.26,-14064.2,223.684,0.620638,0.986641,0.546937,2,1,188,146,-14064.2,1,1,0,4.63532,4.63532,1356.93,1356.93,-10154.3,-15878.2,223.684,0.517031,0.986641,0.546937,0,1,178,136,-15878.2,1,1,0
1167,0.461683,8.84137,0.121246,6696.46,9377.59,5944.07,1.06528,7.11199,8.03116,1.74018,70.2339,1.44398e+06,8362.98,0.744682,0.875578,0.896466,14.2364,11.0232,0.070888,2.14631,0.367573,6.19809,6.19809,1522.2,1522.2,-13538.7,-21096,335.673,0.746396,0.987895,0.461686,11,1,142,90,-21096,1,1,0,5.24759,5.24759,1558.19,1558.19,-3284.46,-10901.9,290.917,0.6,0.987732,0.461683,0,0,146,101,-10901.9,1,1,0,3.9173,3.9173,1605.65,1605.65,9093.25,1957.93,223.684,0.71149,0.987409,0.461683,11,1,193,139,1957.93,1,1,0,4.0447,4.0447,1555.08,1555.08,7926.36,915.853,223.684,0.597285,0.987409,0.461683,0,1,182,128,915.853,1,1,0
1168,0.54576,14.8978,0.160946,6274.53,11741.9,5484.8,1.07856,3.65036,9.66913,0.670487,42.9443,1.52057e+06,9092.54,0.647168,0.89664,0.862758,10.248,2.4491,0.0615534,2.02424,1.74897,8.34671,13.5145,1130.35,698.116,-30550.7,-48125.7,335.673,0.623834,0.989175,0.545821,2,1,136,87,-37278,1,0,0,6.57816,10.5428,1243.02,775.576,-16214,-34062.8,290.917,0.6,0.989083,0.545762,0,0,149,107,-23215,1,0,0,5.33497,9.25089,1178.98,679.914,-6077,-23463.4,223.684,0.618991,0.988889,0.54576,2,1,165,114,-12615.7,1,0,0,5.58423,9.69951,1126.35,648.467,-8187.27,-25525.3,223.684,0.518576,0.988889,0.54576,0,1,157,106,-14604.3,1,0,0
1169,0.327827,13.6073,0.137864,6589.31,8152.63,6946.26,0.929338,5.35617,7.28109,0.825431,76.6767,1.74682e+06,8415.67,0.65709,0.642905,0.755128,8.97199,5.38135,0.0538016,2.83535,1.06546,3.1415,4.73195,3003.25,1993.83,25233.4,1792.98,335.673,0.634647,0.97812,0.327827,5,1,260,202,16962.5,1,0,0,3.05386,4.62239,2677.51,1768.95,25312.5,1941.43,290.917,0.575691,0.97792,0.327827,0,0,231,181,17110.9,1,0,0,2.305,4.08618,2728.77,1539.29,26737.9,3593.8,223.684,0.6,0.977505,0.327827,0,0,315,255,18763.3,1,0,0,2.30818,4.08682,2725.01,1539.05,26743.8,3403.94,223.684,0.518442,0.977505,0.327827,0,1,314,254,18876.8,1,0,0
1170,0.418344,15.3714,0.288604,6199.06,11526.3,2834.94,1.00074,3.53206,14.9241,1.18995,69.5968,1.63278e+06,8965.4,0.704739,0.878531,0.727361,6.77195,8.67564,0.0690787,1.61223,1.23158,7.47834,11.0778,1261.61,851.68,-17872.6,-35007.9,335.673,0.71435,0.955237,0.615219,9,1,127,88,-21603.3,1,0,0,5.58628,8.3104,1463.72,983.919,-1648.98,-19109.9,290.917,0.61902,0.954886,0.50625,2,0,153,120,-5705.25,1,0,0,4.77511,7.60631,1317.21,826.92,3180.76,-14010.2,223.684,0.711295,0.954149,0.467548,9,1,161,112,-605.589,1,0,0,5.01859,7.99284,1253.3,786.931,1074.8,-16044,223.684,0.597912,0.954149,0.479324,0,1,152,103,-2577.6,1,0,0
1171,0.521339,13.3673,0.212052,6655.04,11817.4,4247.99,0.963582,5.10478,6.63446,0.792776,33.873,1.47253e+06,8841.49,0.602377,0.744929,0.681533,11.1898,7.90527,0.0685928,1.96164,0.0159214,5.24464,5.24464,1798.92,1798.92,3147.15,-2147.84,335.673,0.701109,0.957852,0.538917,8,1,168,119,-2147.84,1,1,0,4.28833,4.28833,1906.74,1906.74,12513,7012.53,290.917,0.6,0.957482,0.526697,0,0,185,143,7012.53,1,1,0,3.66519,3.66519,1716.09,1716.09,15302.2,10120.2,223.684,0.69937,0.95672,0.523234,8,1,197,140,10120.2,1,1,0,3.79583,3.79583,1657.03,1657.03,14089.3,9008.26,223.684,0.583872,0.95672,0.523822,0,1,188,131,9008.26,1,1,0
1172,0.377236,12.7837,0.298701,5743.36,13148.1,7427.47,1.07748,3.79859,13.4994,1.30883,50.3652,1.34091e+06,7932.17,0.749083,0.862587,0.895991,12.4115,12.6107,0.085199,2.60419,0.521502,8.96442,8.96442,1052.46,1052.46,-24492.5,-33138.4,335.673,0.450845,0.984895,0.38194,0,0,141,100,-33138.4,1,1,0,11.2464,11.2464,727.057,727.057,-37864.1,-46070.3,290.917,0.32982,0.984747,0.404537,0,0,100,65,-46070.3,1,1,0,5.11497,5.11497,1229.69,1229.69,-628.077,-9163.85,223.684,0.757306,0.984444,0.377245,13,1,205,161,-9163.85,1,1,0,5.28585,5.28585,1189.93,1189.93,-1706.63,-10125.4,223.684,0.632775,0.984444,0.377251,3,1,195,151,-10125.4,1,1,0
1173,0.525699,13.6626,0.088518,6080.34,12546.4,3411.43,0.937888,6.21331,9.701,1.19105,33.4007,1.14868e+06,8018.8,0.601626,0.511141,0.989775,19.7467,9.56295,0.0697113,2.29109,0.518406,4.16536,4.16536,2265.04,2265.04,4485.19,-102.762,335.673,0.702506,0.980733,0.525699,10,1,238,194,-102.762,1,1,0,4.17694,4.17694,1957.6,1957.6,3600.81,-852.418,290.917,0.573843,0.980558,0.525699,0,0,207,169,-852.418,1,1,0,3.06436,3.06436,2052.57,2052.57,12768.6,8456.22,223.684,0.687468,0.980197,0.525699,10,1,268,222,8456.22,1,1,0,3.14458,3.14458,2000.21,2000.21,12175.7,7956.11,223.684,0.575358,0.980197,0.525699,0,1,256,210,7956.11,1,1,0
1174,0.451254,14.984,0.236716,6020.56,10508.8,3136.67,0.943989,0.042081,6.29124,1.92878,75.7597,1.81491e+06,9198.39,0.679723,0.513269,0.833758,5.55936,11.2576,0.0506567,2.30978,1.52178,6.89326,12.8173,1368.69,736.093,-14995.6,-33037.9,335.673,0.231442,0.97754,0.451305,0,0,184,147,-18794.1,1,0,0,16.3405,42.3036,500.399,193.287,-69939.4,-87155.2,290.917,0.0512277,0.977352,0.515823,0,0,75,43,-72911.4,1,0,0,3.28372,7.16454,1915.45,877.909,9650.37,-8690.95,223.684,0.633873,0.97696,0.451254,7,0,323,282,5552.9,1,0,0,3.38677,7.27533,1857.17,864.54,9026.68,-9387.04,223.684,0.552861,0.97696,0.451254,0,1,308,267,5041.73,1,0,0
1175,0.52508,14.0118,0.166668,6717.85,8040.12,6144.86,1.03734,1.72569,6.18486,0.63256,67.1401,1.22625e+06,7862.01,0.700305,0.52983,0.885614,13.8522,4.9448,0.0510009,1.61027,0.771105,4.03319,4.03319,2339.27,2339.27,16302.4,8666.07,335.673,0.640199,0.942914,0.527395,5,1,221,204,8666.07,1,1,0,4.01326,4.01326,2037.44,2037.44,15335.1,7808.81,290.917,0.565387,0.94245,0.527419,0,0,195,182,7808.81,1,1,0,2.80168,2.80168,2245.01,2245.01,23624.2,16326.2,223.684,0.633504,0.941491,0.525195,5,1,269,245,16326.2,1,1,0,2.89644,2.89644,2171.57,2171.57,23205.3,16024.3,223.684,0.528105,0.941491,0.525242,0,1,253,229,16024.3,1,1,0
1176,0.439404,13.6657,0.183528,5389.65,8808.4,6387.18,0.91778,2.3715,10.003,1.3651,64.3273,2.02437e+06,8795,0.737122,0.821757,0.892411,12.8749,2.71935,0.0843758,1.58353,1.15487,5.0486,8.23643,1868.78,1145.49,-10404.8,-29543.8,335.673,0.620034,0.954755,0.481532,3,1,185,121,-18154.4,1,0,0,4.36068,7.21203,1875.11,1133.77,-3684.71,-22962.2,290.917,0.6,0.954362,0.460165,0,0,190,136,-11572.8,1,0,0,3.27415,6.29424,1921.05,999.296,5572.15,-13253.3,223.684,0.615078,0.953552,0.443012,3,1,247,174,-1863.93,1,0,0,3.40027,6.44616,1849.8,975.746,4374.47,-14509.2,223.684,0.515551,0.953552,0.444154,0,1,233,160,-2953.56,1,0,0
1177,0.410371,17.814,0.295756,6132.32,14811.4,5861.37,1.04647,7.56316,8.5352,1.5806,64.1351,1.62924e+06,7690.24,0.69662,0.555183,0.706505,5.34344,10.6633,0.0830393,1.94612,1.86381,4.81787,6.0727,1958.28,1553.63,6725.46,-5058.54,335.673,0.627328,0.930245,0.445625,3,0,203,196,-434.525,1,0,0,5.3319,6.78172,1533.55,1205.7,623.84,-10832.4,290.917,0.397233,0.929789,0.465461,0,0,159,154,-6208.4,1,0,0,3.4212,4.56137,1838.48,1378.93,14416.7,2862.82,223.684,0.690926,0.928806,0.416258,11,1,238,223,7486.83,1,0,0,3.52217,4.6684,1785.78,1347.32,13812.4,2292.85,223.684,0.583649,0.928806,0.41747,0,1,226,211,6999.08,1,0,0
1178,0.365757,16.9478,0.196196,6449.37,14456.3,6380.98,0.953625,4.05637,7.34602,0.691441,44.2591,1.70092e+06,8910.32,0.689545,0.570634,0.71713,9.94613,2.99653,0.0580176,2.10164,1.96935,5.52459,7.84903,1707.77,1202.02,-3234.25,-17178.5,335.673,0.330968,0.976222,0.365787,0,0,213,174,-10432.7,1,0,0,6.72262,9.80281,1216.31,834.124,-14391,-28090.4,290.917,0.160613,0.976044,0.366089,0,0,154,120,-21344.7,1,0,0,3.45551,5.37206,1820.23,1170.84,10785.5,-3247.61,223.684,0.6,0.975664,0.365757,0,0,285,242,3498.16,1,0,0,3.52302,5.44619,1785.35,1154.9,10357.1,-3708.66,223.684,0.51355,0.975664,0.365757,0,1,276,233,3166.26,1,0,0
1179,0.362514,12.0965,0.269645,5758.4,10275.7,5968.61,1.03219,2.91482,14.5894,1.45469,76.677,1.51319e+06,7846.58,0.645054,0.73416,0.722862,11.3439,11.8442,0.0933113,1.63831,0.254659,7.19206,7.19206,1311.82,1311.82,-20518.9,-27348.1,335.673,1,0.943862,0.56631,12,1,126,106,-27348.1,1,1,0,5.57773,5.57773,1465.96,1465.96,-5780.09,-12736,290.917,0.6,0.943323,0.46699,0,0,149,133,-12736,1,1,0,3.90371,3.90371,1611.24,1611.24,7550.68,465.568,223.684,0.69075,0.942228,0.386348,12,1,197,168,465.568,1,1,0,4.10639,4.10639,1531.71,1531.71,5836.77,-1014.34,223.684,0.577478,0.942228,0.393545,0,1,183,154,-1014.34,1,1,0
1180,0.525447,17.6069,0.217725,6652.76,9811.97,3178.85,1.07461,3.2345,9.6338,1.79636,76.1388,2.14283e+06,8588.13,0.688638,0.882978,0.976495,12.414,13.2592,0.0831311,0.556401,1.11173,4.2296,6.13526,2230.64,1537.79,12454.2,-7604.71,335.673,0.208832,0.904248,0.666363,0,0,205,204,8590.05,1,0,0,4.3958,6.44951,1860.13,1267.81,8727.51,-11273.3,290.917,0.0581734,0.903675,0.675816,0,0,171,170,4921.5,1,0,0,3.65104,5.59284,1722.74,1124.62,13916.3,-6136.86,223.684,0.724931,0.902447,0.636672,13,1,177,166,10057.9,1,0,0,3.66435,5.60917,1716.49,1121.35,13776.7,-6383.89,223.684,0.715343,0.902447,0.637465,12,1,176,165,9941.46,1,0,0
1181,0.335673,18.2438,0.0382158,5763.73,11054.9,5541.11,1.02192,3.61458,14.2881,1.68133,66.9744,1.38239e+06,8528.49,0.712455,0.726845,0.655453,8.50184,4.67806,0.0577028,0.745235,1.39828,5.07491,7.05131,1859.09,1338.01,-13872.2,-29644.1,335.673,0.650831,0.843477,0.64376,5,1,171,170,-20346.4,1,0,0,3.83913,5.43129,2129.85,1505.49,1831.49,-14303.1,290.917,0.644666,0.842609,0.575898,5,1,210,209,-5005.46,1,0,0,3.44137,4.98674,1827.7,1261.31,5170.75,-10647.5,223.684,0.644963,0.840737,0.547899,5,1,192,191,-1349.85,1,0,0,3.60439,5.20872,1745.04,1207.55,3109.19,-12662.5,223.684,0.539683,0.840737,0.560662,0,1,181,180,-3278.85,1,0,0
1182,0.325795,9.84191,0.209827,5404.74,12829.6,6384.38,0.942537,6.94264,6.64,1.90276,53.4465,1.39045e+06,7807.03,0.677339,0.793038,0.839409,5.5115,10.8931,0.0643806,1.47923,1.56411,5.15612,6.737,1829.81,1400.43,-6835.1,-18233.3,335.673,0.49662,0.946385,0.42278,0,0,181,134,-14304.5,1,0,0,5.15085,6.76319,1587.46,1209.01,-7692.74,-18945.1,290.917,0.397128,0.945762,0.425547,0,0,156,116,-15016.2,1,0,0,3.60763,5.13476,1743.48,1224.95,5687.75,-5564.9,223.684,0.6,0.944527,0.34673,0,0,228,171,-1636.06,1,0,0,3.60763,5.13476,1743.48,1224.95,5687.75,-5745.19,223.684,0.5,0.944527,0.34673,0,0,228,171,-1571.96,1,0,0
1183,0.352887,14.9922,0.145295,6143.09,10497.8,6827.58,0.909833,7.69869,6.83466,1.58088,32.3558,2.08952e+06,8382.81,0.716945,0.575094,0.782012,9.40765,6.6854,0.0986831,0.612195,1.84022,2.3541,2.97112,4007.78,3175.47,38670.4,21439.4,335.673,0.645618,0.821498,0.427232,7,1,279,273,30496.7,1,0,0,2.25448,2.87642,3626.89,2842.69,37887.2,20650.3,290.917,0.6,0.820377,0.419933,0,0,261,258,29707.6,1,0,0,1.84789,2.51578,3403.77,2500.15,35210.6,18313.3,223.684,0.6,0.818043,0.389985,0,0,309,281,27370.6,1,0,0,1.85411,2.51906,3392.36,2496.88,35318.7,18275.5,223.684,0.541324,0.818043,0.390429,0,1,306,278,27569.1,1,0,0
1184,0.352604,11.4237,0.275639,5849.21,8471.06,3731.18,0.908923,6.75332,10.9603,1.09098,31.4156,1.65736e+06,9158.5,0.610442,0.86567,0.880773,17.5454,4.88697,0.0703873,1.27046,1.45667,3.24489,4.67263,2907.56,2019.14,26160.9,3963.39,335.673,0.641195,0.951395,0.36074,5,1,213,130,21110.6,1,0,0,2.8491,4.15984,2869.95,1965.64,29772.2,7470.62,290.917,0.6,0.950897,0.355935,0,0,217,146,24617.8,1,0,0,2.40221,4.02512,2618.34,1562.64,26714.1,4849.79,223.684,0.636641,0.949892,0.353528,5,1,262,171,21997,1,0,0,2.45469,4.05526,2562.36,1551.03,26688.8,4693.23,223.684,0.533864,0.949892,0.353725,0,1,250,159,22055.9,1,0,0
1185,0.546932,16.8701,0.24205,5120.51,10819.6,3137.15,0.917762,6.73325,7.69876,1.88068,36.9067,1.42372e+06,8761.06,0.650307,0.522351,0.727172,17.1179,6.60486,0.0618386,0.441423,1.37987,3.78784,4.79402,2490.79,1968.02,9267.1,-4881.86,335.673,0.680328,0.864811,0.61259,7,1,170,153,5334.29,1,0,0,3.00227,3.85612,2723.53,2120.46,18885.2,4448.78,290.917,0.657116,0.864072,0.582857,7,1,200,187,14664.9,1,0,0,2.67896,3.55601,2347.85,1768.78,19585.9,5341.79,223.684,0.672234,0.862504,0.572635,7,1,195,155,15557.9,1,0,0,2.80379,2.80379,2243.33,2243.33,18125.3,14208,223.684,0.552661,0.862504,0.576898,0,1,183,143,14208,1,1,0
1186,0.419552,10.8654,0.0312404,5218.74,9824.12,6405.45,1.01596,1.59212,6.84938,0.838035,59.7882,1.14323e+06,9385.31,0.743972,0.613128,0.98641,7.71126,9.40797,0.0762065,0.438697,0.108195,3.52873,3.52873,2673.69,2673.69,2434.34,-5410.88,335.673,0.655731,0.852389,0.547475,9,1,242,241,-5410.88,1,1,0,3.41375,3.41375,2395.24,2395.24,3302.37,-4486.07,290.917,0.6,0.851117,0.54129,0,0,222,221,-4486.07,1,1,0,2.37466,2.37466,2648.72,2648.72,13769.8,6235.76,223.684,0.64519,0.848583,0.471199,9,1,310,309,6235.76,1,1,0,2.44633,2.44633,2571.12,2571.12,13312.5,5903.7,223.684,0.541381,0.848583,0.476057,0,1,291,290,5903.7,1,1,0
1187,0.597117,16.0568,0.0401747,5444.23,10274.5,3782.74,0.969644,2.14942,5.94685,1.37555,69.905,1.11757e+06,8969.11,0.648517,0.68149,0.765925,14.6945,13.8449,0.0602776,2.52965,1.08964,7.554,13.489,1248.97,699.436,-34718,-51944.7,335.673,0.768264,0.987351,0.597118,14,1,157,104,-39746.1,1,0,0,6.16738,10.9235,1325.81,748.547,-22529.6,-39858.3,290.917,0.6,0.987251,0.597117,0,0,166,120,-27659.7,1,0,0,4.74064,9.23486,1326.78,681.094,-8912.06,-25858.6,223.684,0.750233,0.987039,0.597117,14,1,193,137,-13660,1,0,0,4.98223,8.52453,1262.45,737.848,-11050,-25534.3,223.684,0.636152,0.987039,0.597117,4,1,183,127,-15671.9,1,0,0
1188,0.341163,11.0615,0.0208833,6476.15,9140.7,2659.65,0.948621,4.76839,5.76271,1.64849,77.4233,1.95215e+06,8686.91,0.693278,0.590469,0.974074,18.8547,4.90057,0.0895858,1.62675,1.19753,3.09076,4.34103,3052.55,2173.38,20459.8,-408.111,335.673,0.403799,0.930258,0.345652,0,0,244,207,16722.4,1,0,0,3.03789,4.28398,2691.59,1908.68,20078.7,-711.571,290.917,0.344302,0.929548,0.345372,0,0,214,183,16418.9,1,0,0,2.26728,3.61768,2774.16,1738.63,24570.3,3821.45,223.684,0.6,0.928122,0.341601,0,0,296,251,20951.9,1,0,0,2.26728,3.61768,2774.16,1738.63,24570.3,3748.02,223.684,0.5,0.928122,0.341601,0,0,296,251,21010.3,1,0,0
1189,0.496062,14.1337,0.147973,6696.73,12611.9,6626.07,0.943861,5.2491,12.5317,1.80842,38.7681,1.1692e+06,8526.4,0.677983,0.765504,0.85622,7.58162,10.1773,0.0897151,2.3413,1.393,6.50852,9.68123,1449.59,974.537,-10492.4,-26910.2,335.673,0.721384,0.986083,0.49607,10,1,179,115,-18360.1,1,0,0,5.73667,8.54848,1425.35,956.515,-4396.18,-20874.3,290.917,0.6,0.985959,0.496063,0,0,176,120,-12324.3,1,0,0,4.39548,7.06032,1430.97,890.867,5518.6,-10599.2,223.684,0.712576,0.985701,0.496062,10,1,211,144,-2049.11,1,0,0,4.57768,7.33981,1374.02,856.944,4059.1,-12023.7,223.684,0.593745,0.985701,0.496062,0,1,201,134,-3407.52,1,0,0
1190,0.434619,19.3838,0.0242315,6074.04,11686.4,5029.96,1.08972,1.62164,7.82163,1.87481,43.7764,758607,9274.86,0.740494,0.771517,0.795061,6.93015,5.35331,0.0900422,0.0346181,1.16673,4.68087,7.14996,2015.59,1319.55,-2980.3,-20047,335.673,0.647453,0.872158,0.65534,5,1,229,228,-9042.1,1,0,0,5.65326,8.85548,1446.38,923.355,-13496.7,-30030,290.917,0.2962,0.87148,0.695742,0,0,165,164,-19025,1,0,0,3.38611,5.54819,1857.53,1133.67,8904.93,-8117.36,223.684,0.638097,0.869998,0.579773,5,1,243,242,2887.59,1,0,0,3.51108,5.71725,1791.42,1100.15,7742.36,-9288.23,223.684,0.535841,0.869998,0.588726,0,1,231,230,1847.37,1,0,0
1191,0.417875,12.5757,0.217104,5282.96,9896.04,4133.17,0.923763,5.97025,14.7842,0.627463,32.705,779191,8454.03,0.624416,0.584743,0.90686,5.33219,4.26812,0.0808635,0.856893,0.8189,3.1008,3.1008,3042.67,3042.67,23860.7,18592.3,335.673,0.632848,0.844081,0.516405,4,1,203,196,18592.3,1,1,0,2.49262,2.49262,3280.38,3280.38,29811.8,24293.3,290.917,0.6,0.842922,0.47555,0,0,243,240,24293.3,1,1,0,2.17435,2.17435,2892.73,2892.73,29965.1,24810.5,223.684,0.629056,0.84057,0.457104,4,1,243,213,24810.5,1,1,0,2.23406,2.23406,2815.42,2815.42,29772.4,24714.1,223.684,0.528108,0.84057,0.460806,0,1,231,201,24714.1,1,1,0
1192,0.562525,18.5089,0.165708,6053.87,11877,2557.15,0.960963,1.59971,6.83121,1.58909,79.4524,2.2176e+06,8205.35,0.644908,0.503437,0.843573,7.58617,9.21395,0.0847022,0.0530419,0.974915,8.30392,8.30392,1136.18,1136.18,-34727.7,-37499.9,335.673,3.84095e-05,0.865132,0.73642,0,0,141,140,-37499.9,1,1,0,38.4163,38.4163,212.846,212.846,-193972,-193124,290.917,1.51202e-05,0.864465,0.839583,0,0,25,24,-193124,1,1,0,3.36591,3.36591,1868.68,1868.68,6589.12,3539.36,223.684,0.6,0.863023,0.606834,0,0,299,298,3539.36,1,1,0,3.36591,3.36591,1868.68,1868.68,6589.12,3569.52,223.684,0.52946,0.863023,0.606834,0,0,299,298,3569.52,1,1,0
1193,0.592679,19.8433,0.250766,6631.24,11449,2676.64,0.994295,2.10409,8.54447,0.806156,69.0458,1.58976e+06,9068.99,0.729357,0.529727,0.698504,17.2093,10.8967,0.0660702,0.0101464,1.93464,5.47017,5.47017,1724.76,1724.76,2107.96,-1388.74,335.673,1,0.878213,0.691723,11,1,185,184,-1388.74,1,1,0,5.41961,5.41961,1508.74,1508.74,1383.81,-1979.27,290.917,0.6,0.87764,0.69083,0,0,166,165,-1979.27,1,1,0,4.23575,4.23575,1484.93,1484.93,9983.37,6556.73,223.684,0.729504,0.876385,0.656301,11,1,177,176,6556.73,1,1,0,4.44572,4.44572,1414.8,1414.8,8056.17,4750.25,223.684,0.610757,0.876385,0.662999,1,1,167,166,4750.25,1,1,0
1194,0.561858,18.4982,0.0839387,6440.46,13571.8,6463.12,0.90009,2.45436,8.74909,1.66868,54.0357,1.48354e+06,9280.49,0.69993,0.500171,0.896571,17.2098,10.326,0.0939444,0.0960492,0.658208,5.09741,5.09741,1850.88,1850.88,-4316.35,-11239.8,335.673,0.281434,0.864323,0.663669,0,0,219,218,-11239.8,1,1,0,7.7795,7.7795,1051.06,1051.06,-31063.3,-37718.9,290.917,0.000297478,0.863653,0.727226,0,0,124,123,-37718.9,1,1,0,3.52042,3.52042,1786.66,1786.66,8866.18,1680.81,223.684,0.669964,0.862205,0.61163,10,1,244,243,1680.81,1,1,0,3.68859,3.68859,1705.21,1705.21,7309.07,251.314,223.684,0.559354,0.862205,0.617659,0,1,229,228,251.314,1,1,0
1195,0.35769,9.99039,0.155742,5616.48,14691.9,4948.53,1.08419,6.76793,10.0015,1.55103,58.7783,2.12681e+06,8357.83,0.681457,0.862157,0.852823,13.1068,13.2536,0.0572081,1.56457,1.56891,7.66821,9.8396,1230.37,958.852,-41725.4,-52990.6,335.673,0.859777,0.952597,0.608989,13,1,113,90,-47509.1,1,0,0,6.1344,7.93957,1332.94,1029.87,-24570.8,-36140.8,290.917,0.6,0.95205,0.510728,0,0,129,110,-30659.3,1,0,0,4.13329,5.69427,1521.75,1104.59,-2983.32,-14642.8,223.684,0.732087,0.950963,0.392509,13,1,192,161,-9161.33,1,0,0,4.25825,5.81734,1477.09,1081.22,-4377.06,-16005,223.684,0.610966,0.950963,0.398098,2,1,181,150,-10395.9,1,0,0
1196,0.366239,17.8359,0.0352439,5315.91,8914.69,3248.61,0.91982,5.85667,13.7064,0.772029,58.1087,1.27753e+06,7674.48,0.659235,0.748666,0.847976,10.0035,2.3958,0.0627244,0.272466,1.21488,4.28575,5.62849,2201.41,1676.24,-9381.25,-25021.5,335.673,0.617961,0.854296,0.614824,2,1,153,143,-13300.5,1,0,0,2.90962,3.9306,2810.25,2080.28,12697.8,-3537.78,290.917,0.6,0.853466,0.511429,0,0,223,218,8183.25,1,0,0,2.542,3.59342,2474.35,1750.37,15386,-635.795,223.684,0.612139,0.85168,0.478287,2,1,225,190,11085.2,1,0,0,2.66442,3.73014,2360.67,1686.21,13899,-2120.14,223.684,0.509019,0.85168,0.490394,0,1,208,173,9748.34,1,0,0
1197,0.496822,8.38579,0.265383,6712.27,14187.4,4292.53,1.03649,4.24548,13.3477,1.74925,42.718,1.9425e+06,8616.75,0.661697,0.555374,0.908351,17.1017,8.02863,0.0996343,2.39512,0.887662,7.09717,7.09717,1329.36,1329.36,-12625.9,-18255.8,335.673,0.709934,0.982571,0.496828,8,1,151,119,-18255.8,1,1,0,6.6209,6.6209,1234.99,1234.99,-9743.74,-15335.2,290.917,0.6,0.982328,0.496824,0,0,142,114,-15335.2,1,1,0,4.46484,4.46484,1408.74,1408.74,6447.65,1115.56,223.684,0.688645,0.981851,0.496822,8,1,190,156,1115.56,1,1,0,4.62876,4.62876,1358.85,1358.85,5087.39,-129.873,223.684,0.582406,0.981851,0.496822,0,1,181,147,-129.873,1,1,0
1198,0.386725,12.7196,0.0525015,6628.51,12933.6,3326.53,1.02577,6.55799,5.09956,1.19268,39.2695,1.83271e+06,8881.76,0.740238,0.537005,0.878718,7.92523,4.78097,0.0980198,1.54856,0.828637,3.24796,3.24796,2904.81,2904.81,20168.7,15780.3,335.673,0.41763,0.928008,0.390452,0,0,248,233,15780.3,1,1,0,3.24155,3.24155,2522.48,2522.48,18892.7,14602.6,290.917,0.334334,0.927368,0.390594,0,0,216,204,14602.6,1,1,0,2.46305,2.46305,2553.66,2553.66,24022.2,19739.5,223.684,0.6,0.926062,0.387203,0,0,276,253,19739.5,1,1,0,2.46305,2.46305,2553.66,2553.66,24022.2,19807,223.684,0.5,0.926062,0.387203,0,0,276,253,19807,1,1,0
1199,0.520418,18.4488,0.0307087,5189.76,12847.9,3064.41,1.06181,6.50343,9.09255,1.31578,44.8488,1.46564e+06,8147.27,0.700661,0.827038,0.778185,7.09781,11.6204,0.075381,0.736059,1.07445,4.23228,5.4846,2229.23,1720.22,-8756.57,-20529.3,335.673,1,0.897682,0.659432,11,0,209,208,-12661.9,1,0,0,4.41044,5.76822,1853.95,1417.55,-11836.8,-23350.1,290.917,0.433241,0.897105,0.669251,0,0,175,174,-15482.7,1,0,0,3.52172,4.7666,1786,1319.56,-1402.65,-13069.1,223.684,0.743965,0.895855,0.622428,12,1,193,187,-5201.68,1,0,0,3.62428,4.88184,1735.47,1288.41,-2733.81,-14355.6,223.684,0.626142,0.895855,0.628498,3,1,184,178,-6421.39,1,0,0
1200,0.469926,16.265,0.0615152,6573.84,10620.1,3881.54,1.03028,3.11866,13.2794,1.95711,42.3577,1.91195e+06,8895.76,0.739365,0.824416,0.761471,6.33815,1.80635,0.0749554,2.51597,1.59959,7.53229,12.417,1252.57,759.823,-31849.3,-51594.8,335.673,0.619062,0.986148,0.470078,2,1,145,94,-36915.2,1,0,0,5.55407,9.01411,1472.21,907.106,-12416.5,-32480,290.917,0.6,0.986039,0.469928,0,0,170,126,-17800.4,1,0,0,4.81223,8.5085,1307.05,739.238,-5911.46,-25484,223.684,0.614898,0.985808,0.469926,2,1,175,122,-10804.4,1,0,0,5.06152,5.06152,1242.67,1242.67,-8438.59,-13209.6,223.684,0.512874,0.985808,0.469927,0,1,166,113,-13209.6,1,1,0
1201,0.465273,14.3929,0.241869,5267.95,10407.4,5247.54,1.05388,6.2515,5.00198,1.48494,57.8764,2.19867e+06,8462.1,0.745828,0.870952,0.737787,17.7699,3.28544,0.055841,1.52891,0.2443,4.94207,4.94207,1909.06,1909.06,-9033.84,-15942.5,335.673,0.618813,0.958834,0.496226,3,1,157,117,-15942.5,1,1,0,4.24932,4.24932,1924.25,1924.25,-1594.89,-8663.44,290.917,0.6,0.958491,0.479228,0,0,166,132,-8663.44,1,1,0,3.37169,3.37169,1865.48,1865.48,5689.78,-779.056,223.684,0.621962,0.957779,0.46849,3,1,204,156,-779.056,1,1,0,3.47207,3.47207,1811.54,1811.54,4661.76,-1692.62,223.684,0.518591,0.957779,0.469273,0,1,193,145,-1692.62,1,1,0
1202,0.548564,12.6544,0.0317444,5206.96,8039.48,3550.03,0.98425,1.64994,10.3364,1.38284,45.4101,1.05091e+06,8002.71,0.682051,0.563709,0.851301,15.7226,11.0364,0.0829825,1.0524,1.82131,4.67014,7.20241,2020.22,1309.94,-12817.8,-31391.6,335.673,0.710279,0.949268,0.552743,11,1,183,152,-17713.2,1,0,0,3.89253,6.13909,2100.63,1331.92,-2840.75,-21551.2,290.917,0.6,0.948812,0.549715,0,0,200,174,-7872.85,1,0,0,3.14163,5.36327,2002.09,1172.76,5222.45,-13039.5,223.684,0.709978,0.947883,0.54876,11,1,222,184,638.782,1,0,0,3.26528,5.52962,1926.27,1137.48,3794.13,-14449.1,223.684,0.589927,0.947883,0.548848,0,1,210,172,-675.833,1,0,0
1203,0.51316,17.7476,0.184328,6456.86,14875.4,4218.36,0.997741,4.02583,7.59476,0.525144,66.4472,776264,8659.04,0.691483,0.70891,0.754961,14.3688,5.61034,0.0515516,1.70385,1.54829,8.43371,11.873,1118.69,794.638,-23349.5,-36611.4,335.673,0.66723,0.953724,0.640808,6,1,136,114,-28234.8,1,0,0,12.8926,19.2532,634.222,424.696,-53097.6,-65754.5,290.917,3.72761e-05,0.953412,0.771207,0,0,78,60,-57377.9,1,0,0,5.02433,7.48783,1251.87,840.004,2353.01,-11199.3,223.684,0.652738,0.952741,0.532355,6,1,184,150,-2822.66,1,0,0,5.32368,5.32368,1181.48,1181.48,162.352,-4846.9,223.684,0.539145,0.952741,0.53889,0,1,171,137,-4846.9,1,1,0
1204,0.307973,16.5147,0.223854,6057.27,12245.5,4889.65,1.04033,0.945934,9.12769,0.798822,58.397,1.98218e+06,8177.9,0.698455,0.54859,0.692146,15.912,9.8634,0.0657173,2.01783,0.698057,71.4387,71.4387,132.067,132.067,-221677,-222691,335.673,1.7514e-05,0.97313,0.93865,0,0,23,3,-222691,1,1,0,81.9383,81.9383,99.7916,99.7916,-220316,-220835,290.917,1.6875e-05,0.972924,0.945158,0,0,18,1,-220835,1,1,0,4.03155,4.03155,1560.15,1560.15,3231.67,-2663.81,223.684,0.6,0.972487,0.307975,0,0,280,255,-2663.81,1,1,0,4.03155,4.03155,1560.15,1560.15,3231.67,-2557.94,223.684,0.501655,0.972487,0.307975,0,0,280,255,-2557.94,1,1,0
1205,0.314838,13.6209,0.225324,5838.39,10816.3,4600.15,1.01369,3.41436,9.20305,0.539848,56.6132,1.35538e+06,8973.65,0.725875,0.818256,0.923944,7.15218,13.9806,0.0709195,1.67641,0.0203632,4.32596,4.32596,2180.96,2180.96,7070.71,917.973,335.673,0.626498,0.944507,0.377967,4,0,208,179,917.973,1,1,0,4.40303,4.40303,1857.07,1857.07,5215.5,-738.715,290.917,0.496556,0.944024,0.384784,0,0,177,153,-738.715,1,1,0,3.08635,3.08635,2037.95,2037.95,14753.6,9021.95,223.684,0.6,0.943027,0.326583,0,0,253,214,9021.95,1,1,0,3.08635,3.08635,2037.95,2037.95,14753.6,9129.7,223.684,0.545774,0.943027,0.326583,0,0,253,214,9129.7,1,1,0
1206,0.480468,18.7098,0.0570183,6717.98,11806.4,3143.14,1.00231,4.16293,8.91754,0.999969,77.5647,1.5666e+06,7406.16,0.698861,0.664994,0.723196,10.7718,6.97804,0.0946993,2.79836,0.210451,7.81432,7.81432,1207.36,1207.36,-28243,-32684.1,335.673,0.667544,0.983024,0.480654,7,0,161,119,-32684.1,1,1,0,10.3338,10.3338,791.265,791.265,-47995.3,-51782,290.917,0.33581,0.982908,0.483528,0,0,109,73,-51782,1,1,0,5.07259,5.07259,1239.96,1239.96,-5088.75,-9261.68,223.684,0.665375,0.982654,0.480468,7,1,198,153,-9261.68,1,1,0,5.33928,5.33928,1178.03,1178.03,-7377.01,-11420,223.684,0.553237,0.982654,0.480469,0,1,186,141,-11420,1,1,0
1207,0.445858,10.7594,0.0184872,6601.93,8283.69,2694.33,0.941112,0.639347,13.9195,1.01676,46.1205,1.08369e+06,9036.36,0.617197,0.77833,0.707707,17.2117,7.9288,0.0984226,1.06192,0.288791,6.80201,6.80201,1387.05,1387.05,-25990.9,-29346.9,335.673,1,0.954524,0.553275,8,1,137,86,-29346.9,1,1,0,4.66432,4.66432,1753.04,1753.04,-908.783,-4578.69,290.917,0.666707,0.954037,0.4685,8,1,177,133,-4578.69,1,1,0,3.94654,3.94654,1593.75,1593.75,5844.64,2257.32,223.684,0.670956,0.953061,0.455289,8,1,188,127,2257.32,1,1,0,4.18668,4.18668,1502.34,1502.34,3157.82,-249.463,223.684,0.55731,0.953061,0.459434,0,1,176,115,-249.463,1,1,0
1208,0.378055,10.0447,0.134642,5196.78,9215.56,2677.29,0.951622,3.7009,10.3646,1.2955,61.7635,2.01268e+06,8013.15,0.741365,0.512125,0.94715,18.7515,13.6793,0.0986999,1.22985,0.20716,3.42947,3.42947,2751.07,2751.07,5370.45,1315.99,335.673,0.671102,0.926375,0.382682,10,0,239,212,1315.99,1,1,0,3.42101,3.42101,2390.16,2390.16,4268.4,387.51,290.917,0.541836,0.925571,0.382899,0,0,207,185,387.51,1,1,0,2.43035,2.43035,2588.02,2588.02,13187.1,9495.61,223.684,0.606757,0.923975,0.378414,2,0,296,261,9495.61,1,1,0,2.4484,2.4484,2568.95,2568.95,13081.2,9496.82,223.684,0.577285,0.923975,0.37844,0,1,291,256,9496.82,1,1,0
1209,0.425597,15.7136,0.0607456,6200.68,12363.5,4250.9,0.971699,5.21336,14.0375,1.53465,30.0025,1.83181e+06,9319.25,0.69914,0.811172,0.895745,12.6964,10.7031,0.0899419,2.57656,0.205558,5.21292,5.21292,1809.87,1809.87,-10731.9,-16253.2,335.673,0.734896,0.984811,0.4256,11,1,197,136,-16253.2,1,1,0,4.66596,4.66596,1752.43,1752.43,-5377.59,-10944.2,290.917,0.6,0.984688,0.425597,0,0,193,140,-10944.2,1,1,0,3.72179,3.72179,1690,1690,3203.53,-1986.31,223.684,0.730128,0.984428,0.425597,11,1,225,161,-1986.31,1,1,0,3.84528,3.84528,1635.72,1635.72,1921.51,-3169.8,223.684,0.607739,0.984428,0.425597,1,1,215,151,-3169.8,1,1,0
1210,0.527373,19.6639,0.209781,6481.43,11599.8,6094.01,0.901857,4.91271,12.2674,0.769018,66.8462,2.18005e+06,8918.33,0.730488,0.591795,0.918155,6.83092,3.55784,0.0644999,1.91246,1.92029,5.09385,7.2134,1852.18,1307.94,-444.933,-18413.5,335.673,0.634329,0.946684,0.540983,4,1,180,133,-7771.38,1,0,0,4.27391,6.12937,1913.18,1334.03,7404.55,-10755.4,290.917,0.6,0.946364,0.53223,0,0,193,153,-113.317,1,0,0,3.49728,5.40206,1798.48,1164.34,11926.9,-5807.71,223.684,0.628768,0.94566,0.528592,4,1,218,160,4834.39,1,0,0,3.6474,5.60676,1724.47,1121.83,10453.8,-7248.33,223.684,0.528646,0.94566,0.529067,0,1,206,148,3468.75,1,0,0
1211,0.547983,10.9671,0.107008,6082.76,13509.5,3156.28,0.983473,0.434831,8.5112,1.40248,55.1272,1.46288e+06,7882.08,0.663711,0.837122,0.772626,19.6778,11.4559,0.0522675,2.8988,1.31692,59.6216,59.6216,158.243,158.243,-142293,-144425,335.673,2.25423e-05,0.988968,0.943915,0,0,56,1,-144425,1,1,0,58.0927,58.0927,140.754,140.754,-136550,-138572,290.917,2.24556e-05,0.988844,0.942153,0,0,49,1,-138572,1,1,0,8.72413,8.72413,720.967,720.967,-23127.9,-27140.3,223.684,0.734112,0.988596,0.548079,11,1,174,115,-27140.3,1,1,0,9.21728,9.21728,682.394,682.394,-25489.2,-29366.7,223.684,0.615647,0.988596,0.548167,2,1,165,106,-29366.7,1,1,0
1212,0.468367,10.996,0.134806,6860.25,12611.2,6434.9,0.900554,0.762717,9.93564,1.87546,40.4192,2.21485e+06,9357.6,0.671207,0.574343,0.866103,10.9254,7.70616,0.0712809,2.37649,1.64128,7.85368,13.7751,1201.31,684.909,-23883.4,-41620.2,335.673,0.309703,0.98129,0.468477,0,0,176,125,-30978.7,1,0,0,24.0171,79.5792,340.456,102.75,-100348,-116851,290.917,0.00125298,0.981083,0.676623,0,0,66,22,-106209,1,0,0,4.05702,7.7431,1550.35,812.312,4096.13,-13833.7,223.684,0.668843,0.980667,0.468367,8,1,267,212,-3192.15,1,0,0,4.21526,7.99073,1492.15,787.138,2844.78,-15084.7,223.684,0.558961,0.980667,0.468367,0,1,254,199,-4345.8,1,0,0
1213,0.415611,9.67399,0.0340455,6326.44,12210,6078.37,1.013,2.81085,8.89859,0.777512,30.0755,1.51628e+06,8399.16,0.703328,0.816039,0.976268,9.78492,11.2358,0.0648698,1.53878,1.12563,6.12148,8.72197,1541.25,1081.72,-19908.2,-35258.6,335.673,0.559655,0.954866,0.510304,0,0,169,139,-27111.1,1,0,0,6.5005,9.39618,1257.87,870.221,-24695.2,-39750.2,290.917,0.385026,0.954333,0.534343,0,0,138,114,-31602.7,1,0,0,3.9926,6.27172,1575.37,1002.88,1529.68,-13696.7,223.684,0.6,0.953277,0.430047,0,0,221,181,-5549.1,1,0,0,3.9926,6.27172,1575.37,1002.88,1529.68,-13771.2,223.684,0.580898,0.953277,0.430047,0,0,221,181,-5454.23,1,0,0
1214,0.381209,18.3268,0.170265,5280.41,13706.9,2519.72,1.04081,6.74149,13.2857,1.48863,65.3472,1.68213e+06,8445.85,0.716461,0.553642,0.748944,6.79986,8.78118,0.0827595,1.90415,1.23897,4.73797,6.08624,1991.3,1550.17,-7548.29,-19857,335.673,0.662361,0.926422,0.424009,9,1,183,175,-11569.6,1,0,0,4.19139,5.45625,1950.84,1498.6,-1887.22,-14337.2,290.917,0.6,0.925954,0.405963,0,0,188,182,-6049.75,1,0,0,3.1762,4.31125,1980.29,1458.93,7418,-4549.99,223.684,0.676247,0.924939,0.386446,9,1,225,208,3737.49,1,0,0,3.29507,4.44583,1908.85,1414.77,6220.71,-5695.11,223.684,0.563728,0.924939,0.387879,0,1,212,195,2667.8,1,0,0
1215,0.456576,10.7168,0.0556573,5449.66,8477.84,2633.74,1.01243,6.95805,6.87598,0.568384,63.135,1.76119e+06,9219.04,0.611769,0.765367,0.674137,5.18944,3.95531,0.0685529,1.21825,1.762,3.73314,5.18556,2527.28,1819.42,850.92,-20137.1,335.673,0.636354,0.954739,0.460886,4,1,163,113,-3148.3,1,0,0,3.03981,4.3311,2689.89,1887.91,12244.5,-8982.18,290.917,0.6,0.954253,0.457463,0,0,188,145,8006.64,1,0,0,2.57697,4.02008,2440.78,1564.6,15535.5,-5206.55,223.684,0.630681,0.95328,0.456795,4,1,212,156,11782.3,1,0,0,2.65274,4.08555,2371.06,1539.53,14665.8,-6148.06,223.684,0.526152,0.95328,0.456869,0,1,200,144,11024.8,1,0,0
1216,0.394425,14.0381,0.203696,6578.46,12836.2,3475.17,1.0387,2.4769,14.3641,1.29672,63.2704,1.48466e+06,9236.81,0.661101,0.811703,0.709807,14.0551,11.5877,0.0945378,0.382937,0.523938,4.6961,4.6961,2009.05,2009.05,7061.2,3063.98,335.673,0.0575943,0.872156,0.652054,0,0,220,219,3063.98,1,1,0,5.36669,5.36669,1523.61,1523.61,-630.831,-4577.55,290.917,0.00165247,0.871227,0.683153,0,0,167,166,-4577.55,1,1,0,3.9002,3.9002,1612.69,1612.69,11334.3,7284.42,223.684,1,0.86931,0.608045,12,1,195,194,7284.42,1,1,0,3.91571,3.91571,1606.3,1606.3,11192.5,7164.84,223.684,1,0.86931,0.609094,11,1,194,193,7164.84,1,1,0
1217,0.469229,19.8905,0.0213506,6884.97,13009.1,2780.6,0.900003,5.75114,10.8042,1.61231,51.8727,1.59417e+06,8793.77,0.715478,0.654493,0.964113,14.1865,1.02634,0.0687017,1.22133,1.38905,4.63798,6.34526,2034.23,1486.89,551.574,-16142.1,335.673,0.602231,0.945215,0.488456,1,1,210,162,-3418.64,1,0,0,4.5775,6.33205,1786.29,1291.33,284.54,-16366,290.917,0.574854,0.944886,0.48758,0,0,187,146,-3642.52,1,0,0,3.35263,5.03283,1876.08,1249.76,11603,-4862.59,223.684,0.603473,0.944161,0.471964,1,1,248,189,7860.9,1,0,0,3.46668,5.16396,1814.36,1218.02,10538.5,-5934.79,223.684,0.505141,0.944161,0.472717,0,1,235,176,6894.76,1,0,0
1218,0.502996,8.14569,0.292768,5269.97,9926.14,5156.72,0.911888,4.61912,11.1176,0.551063,61.9649,1.08496e+06,9356.9,0.748835,0.597733,0.748536,8.51362,12.5444,0.0688998,0.844457,1.79862,4.50825,6.03785,2092.77,1562.6,6546.1,-11566.9,335.673,0.790926,0.876304,0.622177,13,1,137,105,37.5536,1,0,0,3.42332,4.67863,2388.54,1747.68,19288.9,1068.97,290.917,0.742353,0.874931,0.570602,13,1,171,145,12673.4,1,0,0,2.97363,4.28445,2115.2,1468.06,20790.3,2967.16,223.684,0.741452,0.87227,0.551233,13,1,177,124,14571.6,1,0,0,3.08175,4.15406,2040.98,1514.14,19719.5,4444.65,223.684,0.634227,0.87227,0.556554,4,1,168,115,13606.7,1,0,0
1219,0.319824,14.6778,0.205358,5273.55,9369.55,2698.14,1.03969,7.86738,10.168,1.0005,58.5667,1.29354e+06,8057.74,0.601746,0.637811,0.821939,7.4298,11.6419,0.0879559,2.03424,1.87258,3.1532,4.22661,2992.11,2232.22,17408.5,1262.78,335.673,0.704008,0.977473,0.319824,12,1,233,194,13213.6,1,0,0,3.00632,4.0647,2719.85,2011.65,18244.8,2128.38,290.917,0.6,0.97728,0.319824,0,0,215,182,14079.2,1,0,0,2.36049,3.51357,2664.61,1790.15,20479.3,4732.68,223.684,0.64794,0.976877,0.319824,7,0,276,235,16683.5,1,0,0,2.39579,3.53342,2625.36,1780.09,20471.7,4618.41,223.684,0.576101,0.976877,0.319824,0,1,266,225,16786.8,1,0,0
1220,0.30032,14.1475,0.0545189,6465.46,9496.97,6513.23,1.06058,0.757151,10.545,1.81694,41.9448,1.80299e+06,7864.67,0.639721,0.618637,0.837099,12.9201,13.6118,0.0795013,2.00759,0.888096,5.93019,5.93019,1590.96,1590.96,-15351.8,-22649.3,335.673,0.253121,0.976242,0.30055,0,0,194,167,-22649.3,1,1,0,7.96525,7.96525,1026.55,1026.55,-35713.6,-42663.5,290.917,0.0969707,0.976032,0.304749,0,0,126,103,-42663.5,1,1,0,3.36832,3.36832,1867.34,1867.34,7612.48,99.8324,223.684,0.6,0.975596,0.30032,0,0,288,258,99.8324,1,1,0,3.36832,3.36832,1867.34,1867.34,7612.48,204.235,223.684,0.531101,0.975596,0.30032,0,0,288,258,204.235,1,1,0
1221,0.363683,17.6894,0.00422839,5208.88,9386.99,4964.81,1.04354,4.38305,11.6768,0.83822,55.9384,808483,7458.51,0.669727,0.753227,0.986005,11.5311,1.46199,0.0627644,2.8121,1.71342,4.88461,7.24148,1931.52,1302.87,-13904.1,-28442.1,335.673,0.584282,0.981678,0.36369,0,0,207,165,-20122.2,1,0,0,5.06329,7.59427,1614.91,1076.7,-16167.2,-30506.5,290.917,0.447563,0.981545,0.363696,0,0,173,137,-22186.6,1,0,0,3.45217,5.80956,1821.99,1082.67,1293.26,-13032.8,223.684,0.604078,0.981259,0.363683,1,0,252,207,-4712.88,1,0,0,3.56104,5.90853,1766.28,1064.53,248.98,-14160.3,223.684,0.503188,0.981259,0.363683,0,1,238,193,-5639.19,1,0,0
1222,0.568353,12.2634,0.100339,5216.44,11666.5,6139.77,1.0326,4.7403,11.5504,1.58431,55.7296,1.80062e+06,8092.69,0.633441,0.517825,0.755518,9.55481,6.68925,0.0838345,0.238372,1.00772,3.86133,3.86133,2443.38,2443.38,-1361.13,-8009.13,335.673,0.0639167,0.874145,0.622746,0,0,227,226,-8009.13,1,1,0,3.98525,3.98525,2051.75,2051.75,-4055.45,-10669,290.917,0.0286929,0.873219,0.627981,0,0,191,190,-10669,1,1,0,3.01755,3.01755,2084.41,2084.41,6184.37,-583.142,223.684,0.804003,0.871349,0.596697,7,1,228,227,-583.142,1,1,0,3.04685,3.04685,2064.36,2064.36,5860.57,-857.392,223.684,0.680613,0.871349,0.597611,3,1,224,223,-857.392,1,1,0
1223,0.493887,12.9241,0.045844,6690.94,8949.38,6253.51,1.04148,2.46135,7.14147,1.41836,71.1811,1.20566e+06,8605.27,0.604038,0.516575,0.832487,8.27349,3.19871,0.0781497,1.40271,0.515772,4.04299,4.04299,2333.6,2333.6,10807.2,3160.39,335.673,0.62086,0.938399,0.497466,3,1,199,182,3160.39,1,1,0,3.58552,3.58552,2280.49,2280.49,15942.1,8131.06,290.917,0.6,0.937862,0.495451,0,0,204,190,8131.06,1,1,0,2.74966,2.74966,2287.48,2287.48,22880.1,15479.2,223.684,0.61672,0.936764,0.49406,3,1,245,221,15479.2,1,1,0,2.84452,2.84452,2211.2,2211.2,22130.4,14848.3,223.684,0.516983,0.936764,0.494127,0,1,231,207,14848.3,1,1,0
1224,0.351588,10.0153,0.0655234,6532.09,12615,5033.82,1.04792,0.375626,10.8244,0.745531,51.6745,1.15775e+06,8010.76,0.680931,0.615109,0.985344,17.8896,5.86186,0.055203,1.19592,0.501918,154.736,154.736,60.973,60.973,-364347,-359268,335.673,1.74479e-05,0.934832,0.926917,0,0,8,7,-359268,1,1,0,558.693,558.693,14.6355,14.6355,-392941,-384750,290.917,1.61788e-05,0.934104,0.932906,0,0,2,1,-384750,1,1,0,4.39053,4.39053,1432.58,1432.58,1399.47,-4708.86,223.684,0.6,0.932657,0.388443,0,0,253,251,-4708.86,1,1,0,4.39053,4.39053,1432.58,1432.58,1399.47,-4593.88,223.684,0.5,0.932657,0.388443,0,0,253,251,-4593.88,1,1,0
1225,0.567079,16.8898,0.261825,6677.9,8735.55,7126.81,1.04488,0.416836,8.54626,1.61256,51.8043,1.79023e+06,8559.24,0.69741,0.610789,0.720471,19.7574,5.67729,0.0733632,1.58232,0.903533,7.63106,7.63106,1236.36,1236.36,-18016,-26105.7,335.673,0.665844,0.953184,0.618096,6,1,129,111,-26105.7,1,1,0,5.50872,5.50872,1484.33,1484.33,496.891,-8010.55,290.917,0.6,0.952859,0.578765,0,0,162,147,-8010.55,1,1,0,4.50206,4.50206,1397.1,1397.1,7098.38,-1127.76,223.684,0.664128,0.952165,0.570676,6,1,170,143,-1127.76,1,1,0,4.77486,4.77486,1317.28,1317.28,4591.98,-3467.61,223.684,0.548382,0.952165,0.572396,0,1,159,132,-3467.61,1,1,0
1226,0.440987,17.4165,0.180961,6262.56,8188.23,7451.2,1.0476,3.62894,11.3703,1.29812,79.2202,1.07242e+06,7496.77,0.662409,0.570828,0.85926,10.3337,8.76829,0.0959352,0.358689,0.515777,4.41152,4.41152,2138.65,2138.65,10570.1,2244.63,335.673,0.648602,0.842998,0.60495,9,1,167,166,2244.63,1,1,0,3.15857,3.15857,2588.75,2588.75,24674.8,15791,290.917,0.6,0.842144,0.535269,0,0,226,225,15791,1,1,0,2.58431,2.58431,2433.84,2433.84,27675.6,19015.5,223.684,0.651704,0.840319,0.500433,9,1,242,241,19015.5,1,1,0,2.70786,2.70786,2322.8,2322.8,26875.4,18379.9,223.684,0.546491,0.840319,0.508275,0,1,224,223,18379.9,1,1,0
1227,0.442828,9.63996,0.0529373,5672.99,10235,4296.07,0.914804,5.53979,10.4783,0.668039,74.7232,2.19253e+06,8108.18,0.655482,0.786726,0.672262,15.472,6.68659,0.0605897,1.47428,0.0599573,7.88046,7.88046,1197.23,1197.23,-50498.1,-55252.1,335.673,1,0.95552,0.602494,7,1,118,52,-55252.1,1,1,0,5.44594,5.44594,1501.44,1501.44,-23034.3,-28101.2,290.917,0.628346,0.954994,0.489553,7,1,146,90,-28101.2,1,1,0,4.40754,4.40754,1427.06,1427.06,-10420.7,-15435.1,223.684,0.651427,0.953953,0.460465,7,1,171,97,-15435.1,1,1,0,4.78936,4.78936,1313.29,1313.29,-14911.7,-19747.1,223.684,0.539337,0.953953,0.470497,0,1,156,82,-19747.1,1,1,0
1228,0.580663,12.7215,0.166998,6722.39,9343.02,3129.32,0.912654,5.60141,6.7968,1.92406,42.1143,2.23602e+06,8896.01,0.747842,0.509505,0.742041,17.9832,13.5525,0.0707309,1.97103,0.211094,3.96306,3.96306,2380.66,2380.66,16632.4,12038.4,335.673,0.771929,0.948443,0.58121,14,1,173,122,12038.4,1,1,0,3.05395,3.05395,2677.43,2677.43,28822.3,24154,290.917,0.763728,0.947988,0.580707,14,1,206,162,24154,1,1,0,2.74669,2.74669,2289.96,2289.96,27097.4,22894.2,223.684,0.768642,0.947059,0.580678,14,1,206,147,22894.2,1,1,0,2.84824,2.84824,2208.32,2208.32,25825.7,21719.3,223.684,0.643933,0.947059,0.580686,4,1,196,137,21719.3,1,1,0
1229,0.317846,18.7149,0.0767342,5630.19,14920.6,4316.19,0.972224,1.44776,12.3473,1.23794,75.5147,1.43715e+06,7608.65,0.671629,0.869694,0.674225,5.40405,4.61106,0.0637975,0.941359,1.69844,694.447,inf,13.5859,-36.8946,-457964,-451767,335.673,1.99333e-05,0.859975,0.859448,0,0,2,1,-446671,1,0,0,642.076,inf,12.7349,-38.2584,-399290,-395233,290.917,2.07006e-05,0.859187,0.858619,0,0,2,1,-390137,1,0,0,4.86537,7.87566,1292.77,798.639,-6582.21,-16225.8,223.684,0.0485161,0.857476,0.66236,0,0,263,262,-11130.2,1,0,0,4.86537,7.87566,1292.77,798.639,-6582.21,-16311.1,223.684,0.0485161,0.857476,0.66236,0,0,263,262,-11130.2,1,0,0
1230,0.364553,8.03249,0.29286,5588.46,10121,3616.77,1.00552,6.86378,9.57013,1.61762,36.8983,1.35213e+06,8829.67,0.71971,0.802995,0.765553,18.621,6.44376,0.076846,1.95133,1.76502,4.58223,6.13821,2058.98,1537.05,7347.55,-10474.5,335.673,0.653135,0.951857,0.401383,6,1,148,100,1990.89,1,0,0,3.75344,5.10393,2178.47,1602.05,16261.4,-1661.04,290.917,0.6,0.951191,0.377212,0,0,166,125,10804.4,1,0,0,3.00053,4.42412,2096.23,1421.71,19729.3,2447.59,223.684,0.658477,0.949889,0.367637,6,1,203,149,14913,1,0,0,3.07407,4.48843,2046.08,1401.34,19344.3,2002.17,223.684,0.554088,0.949889,0.368266,0,1,193,139,14627.7,1,0,0
1231,0.475731,11.5851,0.00982717,6686.59,9554.45,5155.03,1.05252,3.0173,10.5144,0.82655,72.6696,868556,8926.62,0.643076,0.661183,0.722252,12.4872,10.1085,0.0987556,0.797015,1.74609,3.86349,5.44489,2442.02,1732.77,13714.1,-8266.49,335.673,1,0.873044,0.596974,10,1,195,194,7634.7,1,0,0,3.68143,5.27816,2221.08,1549.17,15336.1,-6592.43,290.917,0.885911,0.871993,0.587814,10,1,183,182,9308.76,1,0,0,3.39178,4.96962,1854.43,1265.65,17715.6,-4045.52,223.684,0.715429,0.869882,0.573167,10,1,161,159,11855.7,1,0,0,3.5438,5.17756,1774.88,1214.82,15581.2,-6182.18,223.684,0.603972,0.869882,0.582353,1,1,152,150,9792.46,1,0,0
1232,0.358646,14.6605,0.219696,6317.05,9377.39,4391.94,0.966942,7.71494,11.7264,0.705775,39.1662,1.91733e+06,8537.52,0.724528,0.843574,0.929446,13.3512,4.59506,0.0654927,1.10792,1.10742,3.37073,4.54583,2799.01,2075.47,25711.8,5279.2,335.673,0.646098,0.949039,0.370317,5,1,206,148,19820.9,1,0,0,3.051,4.17467,2680.02,1958.66,28182,7670.78,290.917,0.6,0.948623,0.364877,0,0,205,155,22212.5,1,0,0,2.54034,3.8425,2475.97,1636.9,26708.4,6684.55,223.684,0.63854,0.947755,0.360346,5,1,247,181,21226.3,1,0,0,2.59746,3.88336,2421.53,1619.68,26617.5,6494.48,223.684,0.532861,0.947755,0.360688,0,1,235,169,21226.4,1,0,0
1233,0.503858,12.0091,0.231899,6703.26,10617,4902.25,0.955023,0.945277,11.5287,1.61196,51.2802,994086,9172.18,0.723555,0.747261,0.812188,13.0981,10.4095,0.0916418,2.72186,1.87043,8.04913,15.4687,1172.14,609.921,-14666.1,-35518.6,335.673,0.714857,0.986284,0.503943,10,1,163,104,-20887.8,1,0,0,7.71621,15.1166,1059.69,540.91,-12857.3,-33642.2,290.917,0.6,0.986143,0.503911,0,0,148,97,-19011.4,1,0,0,4.92696,10.4077,1276.61,604.344,5033.8,-15498.4,223.684,0.709763,0.985856,0.503858,10,1,204,142,-867.615,1,0,0,5.191,10.9978,1211.68,571.913,3271.03,-17221.5,223.684,0.589073,0.985856,0.503858,0,1,193,131,-2518.91,1,0,0
1234,0.364228,11.2645,0.0201488,5373.45,12240.9,6315.94,1.05629,6.69164,12.4893,1.51074,79.1961,2.14957e+06,9309.13,0.640155,0.728092,0.79175,8.64391,10.2133,0.0919148,0.0751752,0.998185,4.03143,4.03143,2340.29,2340.29,-9829.91,-16982.9,335.673,1,0.857502,0.587348,10,1,164,163,-16982.9,1,1,0,3.54184,3.54184,2308.62,2308.62,-2029.91,-9213.96,290.917,0.709929,0.856264,0.553087,10,1,171,170,-9213.96,1,1,0,2.99843,2.99843,2097.7,2097.7,4822.69,-2343.94,223.684,0.666986,0.853784,0.51002,10,1,170,169,-2343.94,1,1,0,3.19443,3.19443,1968.99,1968.99,1334.09,-5667.91,223.684,0.560071,0.853784,0.527539,0,1,155,154,-5667.91,1,1,0
1235,0.329747,13.5204,0.0515608,6805.05,13473.6,3870.1,0.949867,7.26671,7.06752,0.911162,34.8524,2.23589e+06,7469.35,0.698378,0.625207,0.892313,16.7336,10.2591,0.0629708,0.81847,0.925089,3.38605,3.38605,2786.34,2786.34,16335.3,11315.7,335.673,0.535754,0.827825,0.512803,0,0,269,268,11315.7,1,1,0,3.51809,3.51809,2324.2,2324.2,12928.6,8082.79,290.917,0.404939,0.826607,0.524506,0,0,226,225,8082.79,1,1,0,2.50847,2.50847,2507.43,2507.43,21316.2,16464.7,223.684,0.6,0.82411,0.437806,0,0,301,300,16464.7,1,1,0,2.50847,2.50847,2507.43,2507.43,21316.2,16552.1,223.684,0.5,0.82411,0.437806,0,0,301,300,16552.1,1,1,0
1236,0.362096,10.1783,0.115292,6194.67,10552,5187.37,1.06417,6.5814,6.10391,1.61943,71.9894,933615,8758.17,0.702302,0.765242,0.98152,15.9851,9.77599,0.0886303,2.80718,0.948764,4.52521,4.52521,2084.92,2084.92,4085.85,-2378.96,335.673,0.507544,0.983217,0.362096,0,0,189,146,-2378.96,1,1,0,4.3816,4.3816,1866.15,1866.15,5190.21,-1166.39,290.917,0.429665,0.983016,0.362096,0,0,167,129,-1166.39,1,1,0,3.21206,3.21206,1958.19,1958.19,15042.5,8769.1,223.684,0.6,0.982617,0.362096,0,0,230,184,8769.1,1,1,0,3.21206,3.21206,1958.19,1958.19,15042.5,8857.82,223.684,0.5,0.982617,0.362096,0,0,230,184,8857.82,1,1,0
1237,0.42682,14.3555,0.260446,6294.06,12381.8,4175.81,0.935427,6.47073,11.6918,1.25749,54.7367,1.77451e+06,7874.35,0.666392,0.555878,0.75554,6.43689,11.627,0.0994061,0.441128,0.508224,3.83244,3.83244,2461.81,2461.81,18400.8,13110.6,335.673,0.716505,0.838613,0.564096,12,1,215,214,13110.6,1,1,0,3.43973,3.43973,2377.15,2377.15,20948,15553.8,290.917,0.6,0.837567,0.541661,0,0,219,218,15553.8,1,1,0,2.75972,2.75972,2279.15,2279.15,24420,19281.4,223.684,0.70874,0.835406,0.499828,12,1,239,235,19281.4,1,1,0,2.84717,2.84717,2209.14,2209.14,23828.5,18792.8,223.684,0.596317,0.835406,0.505597,0,1,227,223,18792.8,1,1,0
1238,0.352841,16.4804,0.1611,6736.32,11374.4,6424.8,0.971895,2.89048,7.35985,1.0229,35.5496,1.44899e+06,8216.37,0.716067,0.70996,0.673363,13.4419,13.9341,0.0977011,1.19222,1.22701,4.79189,6.87872,1968.89,1371.58,5311.06,-12124.9,335.673,0.60095,0.939023,0.421496,1,0,216,194,-2549.32,1,0,0,5.34516,7.79063,1529.75,1049.56,-1376.67,-18490.5,290.917,0.445702,0.938583,0.456841,0,0,168,151,-8914.86,1,0,0,3.22458,5.14488,1950.58,1222.54,15821.7,-1271.79,223.684,0.641839,0.937647,0.362803,6,0,273,239,8303.82,1,0,0,3.25652,5.17388,1931.45,1215.68,15650.5,-1497.51,223.684,0.60143,0.937647,0.36344,1,1,268,234,8233.83,1,0,0
1239,0.340408,14.9035,0.196592,5777.64,13925.5,5697.68,0.980215,5.70674,6.14605,1.68034,77.6246,1.56172e+06,8646.31,0.646033,0.546444,0.688423,19.3554,1.71937,0.080287,1.36229,0.897902,4.18341,4.18341,2255.27,2255.27,5517.71,-1517.09,335.673,0.495701,0.9223,0.371901,0,0,225,213,-1517.09,1,1,0,4.42821,4.42821,1846.52,1846.52,1752.67,-5086.54,290.917,0.374536,0.921701,0.382482,0,0,184,175,-5086.54,1,1,0,2.89418,2.89418,2173.26,2173.26,14135.5,7358.2,223.684,0.6,0.920451,0.344459,0,0,280,257,7358.2,1,1,0,2.89418,2.89418,2173.26,2173.26,14135.5,7463.42,223.684,0.5,0.920451,0.344459,0,0,280,257,7463.42,1,1,0
1240,0.558085,9.11731,0.234904,6386.71,11983.3,2542.52,0.959902,4.63477,6.31237,1.42517,57.4616,1.01936e+06,8824.54,0.672641,0.678059,0.950025,18.0674,7.46291,0.057587,1.95794,1.94932,5.59469,7.87495,1686.37,1198.07,774.942,-16068.2,335.673,0.672347,0.959968,0.568059,7,1,167,120,-3036.77,1,0,0,5.26731,7.47781,1552.36,1093.47,3161.56,-13663.7,290.917,0.6,0.959478,0.565385,0,0,155,114,-632.221,1,0,0,3.7456,5.83887,1679.25,1077.23,13867.2,-2728.23,223.684,0.659059,0.958512,0.558743,7,1,216,161,10303.2,1,0,0,3.85762,5.9556,1630.49,1056.12,13168.8,-3456.25,223.684,0.555331,0.958512,0.558934,0,1,205,150,9709.24,1,0,0
1241,0.396119,18.1329,0.248437,6244.28,10029.2,5800.26,0.900671,3.39583,8.128,1.2609,74.0321,1.83528e+06,9080.38,0.748523,0.746508,0.946049,14.3886,11.5701,0.0559671,1.83532,0.343963,4.02581,4.02581,2343.56,2343.56,12838.5,5673.42,335.673,0.601403,0.945114,0.418467,1,0,236,180,5673.42,1,1,0,4.16263,4.16263,1964.32,1964.32,10093.7,3085.66,290.917,0.479088,0.94475,0.423454,0,0,197,149,3085.66,1,1,0,2.90437,2.90437,2165.64,2165.64,17178,10341.2,223.684,0.6,0.943962,0.399173,0,0,292,225,10341.2,1,1,0,2.90437,2.90437,2165.64,2165.64,17178,10445.7,223.684,0.554639,0.943962,0.399173,0,0,292,225,10445.7,1,1,0
1242,0.408228,10.0997,0.142885,6509.26,12925.1,3350.81,0.947102,7.94489,14.9179,1.65966,73.4553,999919,8810.77,0.626801,0.562201,0.816378,7.9804,1.00061,0.0633411,1.88029,0.153409,4.87464,4.87464,1935.47,1935.47,4807.49,108.756,335.673,0.606944,0.935451,0.436413,1,1,149,113,108.756,1,1,0,3.63561,3.63561,2249.07,2249.07,20124.5,15137.7,290.917,0.6,0.934742,0.413649,0,0,188,158,15137.7,1,1,0,3.08398,3.08398,2039.51,2039.51,22957.1,18486.1,223.684,0.601385,0.933333,0.410104,1,1,200,156,18486.1,1,1,0,3.19845,3.19845,1966.52,1966.52,21904.7,17541.2,223.684,0.506847,0.933333,0.41071,0,1,189,145,17541.2,1,1,0
1243,0.316581,17.1777,0.152638,6705.54,13740.5,6122.37,0.967531,2.32364,6.5726,1.31724,30.7317,2.07795e+06,8954.8,0.622167,0.588848,0.701675,10.2083,8.08699,0.0800656,2.82123,0.70228,6.80939,6.80939,1385.54,1385.54,-16114.8,-22756.7,335.673,0.118548,0.975107,0.317515,0,0,186,151,-22756.7,1,1,0,38.816,38.816,210.654,210.654,-153036,-157367,290.917,1.6353e-05,0.974922,0.886276,0,0,38,8,-157367,1,1,0,3.55736,3.55736,1768.11,1768.11,8532.85,1583.97,223.684,0.6,0.974528,0.316581,0,0,293,253,1583.97,1,1,0,3.55736,3.55736,1768.11,1768.11,8532.85,1652.21,223.684,0.5,0.974528,0.316581,0,0,293,253,1652.21,1,1,0
1244,0.407211,12.3268,0.215402,6315.68,11258.1,5336.69,0.962725,3.30515,7.98537,1.9078,43.242,1.43096e+06,8598.14,0.62133,0.825303,0.834271,7.25537,9.57738,0.0693113,1.17835,0.4311,5.11567,5.11567,1844.28,1844.28,1691.72,-4902.34,335.673,0.675657,0.952984,0.465018,10,1,193,149,-4902.34,1,1,0,5.16794,5.16794,1582.21,1582.21,148.448,-6274.12,290.917,0.546811,0.952536,0.469388,0,0,166,129,-6274.12,1,1,0,3.49524,3.49524,1799.53,1799.53,12562.5,6214.13,223.684,0.667365,0.951624,0.415594,8,0,246,191,6214.13,1,1,0,3.57292,3.57292,1760.41,1760.41,12092.6,5847.11,223.684,0.576505,0.951624,0.416886,0,1,236,181,5847.11,1,1,0
1245,0.379442,17.3931,0.0790027,5214.79,14910.4,4507.41,1.05711,7.22289,14.2073,1.72708,46.8461,1.7023e+06,7634.12,0.749716,0.602285,0.883948,17.329,3.49265,0.084951,1.46944,1.98381,5.00742,6.31516,1884.15,1493.98,-15314.1,-25562.3,335.673,0.617307,0.931853,0.437581,3,1,198,191,-21338.4,1,0,0,5.47151,6.97068,1494.42,1173.02,-21270.3,-31204.5,290.917,0.444131,0.931393,0.461782,0,0,158,154,-26980.6,1,0,0,3.50198,4.65294,1796.07,1351.79,-148.277,-10004.9,223.684,0.623491,0.930406,0.39009,3,1,233,218,-5780.96,1,0,0,3.61225,4.77314,1741.25,1317.75,-1329.68,-11154.2,223.684,0.521285,0.930406,0.392242,0,1,221,206,-6844.72,1,0,0
1246,0.483146,10.4753,0.256347,5422.41,14153.7,5970.33,0.909474,2.31207,14.6331,1.03728,56.7432,2.13269e+06,7442.86,0.623987,0.538222,0.766283,16.6801,6.21067,0.0893889,2.89192,1.11716,57.7296,57.7296,163.43,163.43,-148430,-152861,335.673,3.19246e-05,0.980786,0.918878,0,0,45,1,-152861,1,1,0,57.4864,57.4864,142.238,142.238,-144115,-148404,290.917,3.1663e-05,0.980565,0.919159,0,0,39,1,-148404,1,1,0,5.92286,5.92286,1061.95,1061.95,-11397.3,-18211,223.684,0.65935,0.980122,0.483147,6,1,205,157,-18211,1,1,0,6.23085,6.23085,1009.46,1009.46,-13291,-19991.1,223.684,0.551807,0.980122,0.48315,0,1,194,146,-19991.1,1,1,0
1247,0.361617,10.2399,0.00623605,6808.07,9378.68,6782.97,0.97779,1.22145,7.28843,1.19738,33.5933,1.85691e+06,8459.57,0.628536,0.632276,0.678881,18.6554,11.2629,0.0590211,0.384457,0.719435,4.41742,4.41742,2135.8,2135.8,953.895,-6546.62,335.673,0.844277,0.842551,0.58836,11,1,197,196,-6546.62,1,1,0,3.52462,3.52462,2319.9,2319.9,12291.9,4555.47,290.917,0.6,0.841109,0.530904,0,0,228,227,4555.47,1,1,0,2.67058,2.67058,2355.22,2355.22,20550.3,12765.4,223.684,0.662454,0.838251,0.463506,11,1,263,262,12765.4,1,1,0,2.81242,2.81242,2236.44,2236.44,19052.5,11440.5,223.684,0.550669,0.838251,0.475993,0,1,243,242,11440.5,1,1,0
1248,0.56651,13.9643,0.0587315,6834.45,13507.3,6393.72,0.907503,2.48,13.8045,1.936,49.4483,1.56127e+06,8831.08,0.704218,0.874056,0.76268,5.95093,1.86688,0.0952647,2.84464,1.28548,12.5009,26.11,754.722,361.344,-46871.5,-62690.5,335.673,0.620829,0.989495,0.569223,2,1,149,67,-54028.6,1,0,0,26.6109,151.915,307.27,53.8246,-86155.6,-101040,290.917,8.63195e-05,0.9894,0.749867,0,0,86,15,-92378.4,1,0,0,7.43254,16.416,846.253,383.15,-17668.8,-33479.8,223.684,0.613171,0.989203,0.566518,2,1,184,99,-24817.9,1,0,0,7.90735,7.90735,795.439,795.439,-20232.2,-27268,223.684,0.514545,0.989203,0.566529,0,1,175,90,-27268,1,1,0
1249,0.5789,8.39523,0.24006,6832.22,12206.7,5226.9,1.08613,6.07449,6.38918,1.84281,70.7319,1.35402e+06,7617.73,0.713924,0.777513,0.891701,19.4707,2.75327,0.0530287,2.84484,0.906223,9.89289,9.89289,953.686,953.686,-31187.9,-37714.1,335.673,0.64176,0.989475,0.578947,3,1,114,72,-37714.1,1,1,0,8.52136,8.52136,959.56,959.56,-21790.7,-28450.3,290.917,0.6,0.989327,0.578906,0,0,114,77,-28450.3,1,1,0,5.78175,5.78175,1087.87,1087.87,-1539.31,-7901.24,223.684,0.633573,0.989036,0.5789,3,1,157,113,-7901.24,1,1,0,6.03794,6.03794,1041.71,1041.71,-3470.07,-9699.46,223.684,0.530146,0.989036,0.5789,0,1,148,104,-9699.46,1,1,0
1250,0.329949,10.7036,0.102077,5159.35,11743.7,6113.47,1.05804,6.87883,12.6154,0.786778,38.6596,1.4432e+06,8258.59,0.679059,0.730174,0.992429,19.4964,11.6349,0.0632464,2.86042,0.41765,4.43966,4.43966,2125.1,2125.1,-7755.77,-15273.3,335.673,0.735404,0.981392,0.32995,12,1,199,159,-15273.3,1,1,0,4.31474,4.31474,1895.08,1895.08,-7032.05,-14400.2,290.917,0.6,0.981179,0.32995,0,0,177,142,-14400.2,1,1,0,3.1971,3.1971,1967.35,1967.35,4653.29,-2475.9,223.684,0.668106,0.980754,0.329949,7,0,235,192,-2475.9,1,1,0,3.23515,3.23515,1944.21,1944.21,4289.64,-2737.27,223.684,0.606337,0.980754,0.329949,1,1,229,186,-2737.27,1,1,0
1251,0.332221,16.6881,0.0449498,5780.69,11597.6,4569.57,1.09643,0.91556,5.13008,0.911456,65.0638,1.26251e+06,7912.35,0.7474,0.836168,0.716532,15.1161,11.5197,0.09074,0.201087,0.789039,34.3496,34.3496,274.667,274.667,-190300,-192162,335.673,1.34006e-05,0.859964,0.837579,0,0,35,34,-192162,1,1,0,520.964,520.964,15.6954,15.6954,-404611,-395539,290.917,9.70552e-06,0.859093,0.858373,0,0,2,1,-395539,1,1,0,4.09174,4.09174,1537.2,1537.2,-1356.73,-6799.52,223.684,0.700471,0.857243,0.61514,12,1,245,244,-6799.52,1,1,0,4.28419,4.28419,1468.15,1468.15,-3006.17,-8303,223.684,0.583181,0.857243,0.627065,0,1,231,230,-8303,1,1,0
1252,0.334598,18.0486,0.0560264,6458.79,13973.9,6445.13,1.08203,4.9737,9.0662,1.04663,53.0165,2.16928e+06,8534.19,0.605836,0.764075,0.970095,18.2262,8.67524,0.0591866,1.7327,0.572709,5.36786,5.36786,1757.63,1757.63,-12428.6,-19895.9,335.673,0.481067,0.940816,0.461158,0,0,188,181,-19895.9,1,1,0,6.0344,6.0344,1355.02,1355.02,-21472.4,-28587.7,290.917,0.344911,0.94042,0.511794,0,0,145,141,-28587.7,1,1,0,3.63127,3.63127,1732.13,1732.13,4349.07,-3180.9,223.684,0.6,0.939566,0.36133,0,0,236,219,-3180.9,1,1,0,3.63127,3.63127,1732.13,1732.13,4349.07,-3068.71,223.684,0.500011,0.939566,0.36133,0,0,236,219,-3068.71,1,1,0
1253,0.485871,8.96942,0.159227,6446.59,12276.1,6645.26,0.963163,4.5383,7.47335,1.81977,33.5353,1.12929e+06,8181.01,0.693123,0.824458,0.809818,11.5766,6.41043,0.0610069,2.51452,1.27519,7.79384,12.0662,1210.54,781.913,-20589.3,-35978.1,335.673,0.670933,0.987706,0.485924,6,1,162,97,-28398.5,1,0,0,7.48995,11.6661,1091.7,700.9,-18859.5,-34140.6,290.917,0.583392,0.987542,0.485905,0,0,145,89,-26560.9,1,0,0,4.96898,8.37986,1265.81,750.587,0.167358,-15151.9,223.684,0.668145,0.987218,0.485871,6,1,204,137,-7572.22,1,0,0,5.15697,8.65065,1219.67,727.091,-1373.68,-16529.3,223.684,0.553051,0.987218,0.485871,0,1,194,127,-8844.93,1,0,0
1254,0.336591,18.5849,0.253854,5247.63,11763.9,3186.47,1.03832,5.35038,12.0401,1.89113,38.8687,1.36402e+06,7802.94,0.69097,0.762863,0.882126,9.70106,2.37347,0.0987828,0.941105,1.63314,4.64519,6.07975,2031.07,1551.83,-325.583,-12347.3,335.673,0.614162,0.849174,0.631772,2,1,186,185,-4257.76,1,0,0,3.74615,4.97938,2182.71,1642.12,8244.33,-4218.38,290.917,0.6,0.848343,0.57708,0,0,213,212,3871.2,1,0,0,2.94909,4.05889,2132.8,1549.64,13881.6,1549.26,223.684,0.610976,0.846544,0.511041,2,1,236,235,9638.85,1,0,0,3.08607,4.21874,2038.13,1490.92,12748.9,417.996,223.684,0.507159,0.846544,0.524172,0,1,220,219,8656.96,1,0,0
1255,0.555715,17.5702,0.0211952,6188.82,8342.02,3690.16,0.961311,5.36845,5.16056,1.70351,37.0515,1.91734e+06,7408.79,0.648187,0.845703,0.952295,7.31553,11.5487,0.0956182,1.77168,0.525154,4.18645,4.18645,2253.63,2253.63,-1048.9,-5921.37,335.673,0.638237,0.964083,0.558973,4,0,215,151,-5921.37,1,1,0,4.19803,4.19803,1947.76,1947.76,-2402.62,-7148.66,290.917,0.530025,0.963835,0.559152,0,0,185,130,-7148.66,1,1,0,3.25872,3.25872,1930.15,1930.15,6888.85,2250.22,223.684,0.6,0.963301,0.556186,0,0,245,173,2250.22,1,1,0,3.25872,3.25872,1930.15,1930.15,6888.85,2341.34,223.684,0.555189,0.963301,0.556186,0,0,245,173,2341.34,1,1,0
1256,0.526281,18.4362,0.00914427,5350.02,11138.1,3849.94,1.07764,7.67574,9.64902,0.913563,60.9859,1.29651e+06,8043.05,0.734916,0.749603,0.845111,5.47369,4.14269,0.090638,0.769336,1.24265,4.18108,5.32144,2256.53,1772.96,-8449.22,-22356.3,335.673,0.64556,0.890903,0.649122,4,1,170,169,-13435.9,1,0,0,3.61783,4.69519,2260.13,1741.52,89.4439,-14073.7,290.917,0.6,0.8903,0.620528,0,0,184,183,-5153.3,1,0,0,3.0938,4.15289,2033.04,1514.56,6148.7,-7694.59,223.684,0.632597,0.888996,0.593094,4,1,188,177,1225.85,1,0,0,3.18913,4.25476,1972.26,1478.3,4833.77,-8980.1,223.684,0.529623,0.888996,0.59844,0,1,178,167,34.5733,1,0,0
1257,0.545943,16.3811,0.13955,5979.79,14356.3,3330.41,0.982151,2.77223,11.9673,1.8306,34.3662,2.07992e+06,8432.32,0.682932,0.60595,0.671511,5.62996,12.8715,0.0586901,0.38884,1.41696,7.54873,10.7046,1249.84,881.372,-29486.1,-41513.3,335.673,7.49619e-05,0.878491,0.738225,0,0,157,156,-33102.9,1,0,0,53.9985,135.583,151.426,60.308,-236327,-243138,290.917,2.39644e-05,0.877779,0.861651,0,0,18,17,-234728,1,0,0,3.71526,5.52686,1692.96,1138.04,3067.69,-9294.07,223.684,0.734014,0.876274,0.619923,13,1,254,253,-883.67,1,0,0,3.84301,3.84301,1636.69,1636.69,1934.69,-1914.12,223.684,0.608919,0.876274,0.625511,1,1,242,241,-1914.12,1,1,0
1258,0.457818,16.0898,0.286856,5524.06,12982.2,4462.68,0.975178,2.39814,5.46705,0.549322,71.1523,1.11461e+06,9258.42,0.636951,0.516447,0.743023,15.3735,11.0859,0.0627569,2.55677,0.740022,5.85688,5.85688,1610.88,1610.88,-5127.38,-10534.4,335.673,0.401263,0.977756,0.457823,0,0,201,167,-10534.4,1,1,0,7.40292,7.40292,1104.53,1104.53,-16624.8,-21701.7,290.917,0.191259,0.977582,0.457934,0,0,140,111,-21701.7,1,1,0,3.46366,3.46366,1815.95,1815.95,9634.82,4185.8,223.684,0.677031,0.977214,0.457818,11,1,284,247,4185.8,1,1,0,3.59372,3.59372,1750.22,1750.22,8915.73,3579.42,223.684,0.564936,0.977214,0.457818,0,1,268,231,3579.42,1,1,0
1259,0.599003,14.3011,0.0837029,5188.76,8356.68,3465.17,1.08281,4.6498,13.974,1.13421,70.333,797017,7854.95,0.613254,0.542128,0.931017,10.0486,2.05217,0.0617584,2.94366,0.975071,3.72801,5.43278,2530.77,1736.63,3366.83,-13384.5,335.673,0.227572,0.984516,0.599003,0,0,222,191,-1027.33,1,0,0,3.72419,5.46548,2195.58,1496.07,2881.67,-13811.4,290.917,0.197023,0.984381,0.599003,0,0,192,165,-1454.26,1,0,0,2.78479,4.60806,2258.63,1364.96,11663.4,-4922.16,223.684,0.347422,0.9841,0.599003,0,0,257,225,7435.01,1,0,0,2.78479,4.60806,2258.63,1364.96,11663.4,-4922.16,223.684,0.347422,0.9841,0.599003,0,0,257,225,7435.01,1,0,0
1260,0.313253,15.8334,0.287751,5237.04,14187.9,5477.7,1.06735,3.43535,8.61197,1.06644,34.0031,1.69313e+06,8424.51,0.616068,0.704978,0.843512,5.81093,9.26141,0.0594562,0.209239,0.717633,4.78755,4.78755,1970.68,1970.68,-1193.56,-7110.1,335.673,0.00384358,0.836364,0.61971,0,0,234,233,-7110.1,1,1,0,8.6225,8.6225,948.304,948.304,-32281.1,-37954.8,290.917,5.1161e-05,0.835335,0.724133,0,0,112,111,-37954.8,1,1,0,3.03848,3.03848,2070.05,2070.05,10084.1,3792,223.684,0.652356,0.833171,0.499966,9,1,294,293,3792,1,1,0,3.13688,3.13688,2005.12,2005.12,9426.54,3252.43,223.684,0.564524,0.833171,0.509211,0,1,280,279,3252.43,1,1,0
1261,0.420379,19.0293,0.266304,6730.62,13786.7,3008.08,1.09328,3.79003,6.65266,1.30286,74.4099,1.51238e+06,8532.99,0.734599,0.888707,0.765176,6.68303,12.9681,0.0985223,0.363963,0.74581,5.92648,5.92648,1591.96,1591.96,-22.3561,-3554.35,335.673,0.0159848,0.882896,0.721976,0,0,183,182,-3554.35,1,1,0,7.98578,7.98578,1023.91,1023.91,-18112.4,-21502.9,290.917,0.0001306,0.882244,0.76974,0,0,117,116,-21502.9,1,1,0,3.77583,3.77583,1665.81,1665.81,13894.4,10004.4,223.684,0.718254,0.880825,0.62069,13,1,234,233,10004.4,1,1,0,3.91261,3.91261,1607.58,1607.58,13026.6,9275.79,223.684,0.599757,0.880825,0.629974,0,1,221,220,9275.79,1,1,0
1262,0.397181,9.20626,0.0849405,6431.78,11826.8,3849.6,0.913298,0.554216,7.25464,1.34096,77.958,2.14959e+06,8698.46,0.637546,0.803785,0.854156,14.9793,12.4292,0.0583014,1.76582,0.892433,10.8975,10.8975,865.772,865.772,-56287,-60279.3,335.673,4.72063e-05,0.953191,0.731982,0,0,117,74,-60279.3,1,1,0,25.2719,25.2719,323.552,323.552,-134383,-136972,290.917,1.90805e-05,0.952615,0.891697,0,0,48,12,-136972,1,1,0,4.69449,4.69449,1339.83,1339.83,-4616.47,-9370.04,223.684,0.6,0.951477,0.437718,0,0,234,178,-9370.04,1,1,0,4.69449,4.69449,1339.83,1339.83,-4616.47,-9185.87,223.684,0.543736,0.951477,0.437718,0,0,234,178,-9185.87,1,1,0
1263,0.584594,11.7892,0.245084,6768.25,8156.84,5827.6,0.948668,1.18594,8.38906,0.838107,32.1734,1.3847e+06,8057.13,0.736051,0.810177,0.744,19.0802,8.97359,0.0873357,0.258934,0.590846,4.7745,4.7745,1976.06,1976.06,12140.3,5432.93,335.673,1,0.913893,0.692787,9,1,181,156,5432.93,1,1,0,4.54301,4.54301,1799.86,1799.86,13227.3,6574.98,290.917,0.716789,0.913159,0.684473,9,1,169,150,6574.98,1,1,0,4.01683,4.01683,1565.87,1565.87,15305.4,8780.99,223.684,0.718565,0.911678,0.664196,9,1,167,119,8780.99,1,1,0,4.16495,4.16495,1510.18,1510.18,13827.3,7370.18,223.684,0.615014,0.911678,0.670741,2,1,160,112,7370.18,1,1,0
1264,0.473058,8.86946,0.20576,5938.05,11937,4492.73,0.960172,7.483,6.98375,0.806834,77.5165,953385,7598.96,0.618018,0.765515,0.734354,11.1197,3.23547,0.0525507,1.8935,0.97666,7.6525,7.6525,1232.89,1232.89,-24776.9,-29795.5,335.673,0.725407,0.957488,0.586832,3,1,119,68,-29795.5,1,1,0,5.83168,5.83168,1402.13,1402.13,-7643.44,-13115.2,290.917,0.6,0.956949,0.516122,0,0,139,95,-13115.2,1,1,0,4.40162,4.40162,1428.98,1428.98,4417.65,-1034.53,223.684,0.623972,0.95589,0.483828,3,1,179,120,-1034.53,1,1,0,4.61293,4.61293,1363.52,1363.52,2646.37,-2636.32,223.684,0.520483,0.95589,0.487335,0,1,167,108,-2636.32,1,1,0
1265,0.541857,19.3377,0.153547,5836.13,8382.12,4607.31,0.98487,0.546332,10.1058,1.70535,43.9731,1.24462e+06,9242.71,0.74759,0.861395,0.939938,16.6649,9.84314,0.0771903,2.15846,1.50449,6.60023,14.8318,1429.45,636.116,-16841,-39724.9,335.673,0.708444,0.988319,0.541861,10,1,183,120,-22777.9,1,0,0,5.99822,13.6524,1363.2,598.923,-12376.5,-35300.1,290.917,0.6,0.988241,0.541858,0,0,175,120,-18353.1,1,0,0,4.36751,11.8918,1440.14,528.92,340.302,-22224,223.684,0.700812,0.988069,0.541857,10,1,218,152,-5277.07,1,0,0,4.5704,12.4183,1376.21,506.493,-1268.99,-23845.7,223.684,0.589029,0.988069,0.541857,0,1,207,141,-6773.58,1,0,0
1266,0.351102,13.3432,0.126875,5737.47,10242.7,6489.63,0.994626,4.72116,11.3293,0.614295,63.2381,1.33982e+06,9305.51,0.725002,0.794184,0.790024,19.6037,9.65985,0.0535425,1.24389,0.788595,4.2935,4.2935,2197.44,2197.44,1537.8,-6813.62,335.673,0.673305,0.946124,0.394302,10,1,176,135,-6813.62,1,1,0,3.61202,3.61202,2263.76,2263.76,9848.16,1420.02,290.917,0.6,0.945647,0.369082,0,0,192,158,1420.02,1,1,0,2.87295,2.87295,2189.32,2189.32,15401.8,7673.1,223.684,0.681455,0.944667,0.35552,10,1,232,182,7673.1,1,1,0,2.95611,2.95611,2127.73,2127.73,14706.7,7086.76,223.684,0.576369,0.944667,0.35653,0,1,220,170,7086.76,1,1,0
1267,0.59359,16.1041,0.244651,6201.07,12402.4,7422.56,0.958294,6.0366,9.3343,1.23993,38.7408,1.6247e+06,8276.46,0.617434,0.603345,0.745896,15.6245,8.65355,0.0530877,2.26873,1.89088,5.97827,8.39619,1578.17,1123.69,-6610.44,-21702.1,335.673,0.707064,0.985642,0.59359,9,1,173,123,-15268.2,1,0,0,4.83706,6.80689,1690.44,1201.25,2995.74,-12249.6,290.917,0.6,0.985529,0.59359,0,0,188,145,-5815.6,1,0,0,4.05476,6.0379,1551.22,1041.72,7507.33,-7321.67,223.684,0.700761,0.98529,0.59359,9,1,201,149,-887.717,1,0,0,4.23272,4.23272,1486,1486,5964.84,-2322.97,223.684,0.584161,0.98529,0.59359,0,1,191,139,-2322.97,1,1,0
1268,0.449592,18.0934,0.237924,5725.16,14390.4,5325.34,1.05809,0.0949082,9.27032,0.78747,70.8728,1.16175e+06,8561.15,0.612908,0.699793,0.793212,15.8451,4.45466,0.0615116,0.340887,0.435991,754.394,754.394,12.5063,12.5063,-376844,-369333,335.673,1.59751e-05,0.866608,0.866061,0,0,2,1,-369333,1,1,0,686.999,686.999,11.9021,11.9021,-328408,-322664,290.917,1.65848e-05,0.865869,0.865271,0,0,2,1,-322664,1,1,0,4.57731,4.57731,1374.13,1374.13,1088.63,-4503.16,223.684,0.000113036,0.864279,0.642524,0,0,283,282,-4503.16,1,1,0,4.57731,4.57731,1374.13,1374.13,1088.63,-4503.16,223.684,0.000113036,0.864279,0.642524,0,0,283,282,-4503.16,1,1,0
1269,0.448102,19.892,0.227081,6434.7,10504.6,2895.34,0.944649,1.78199,12.817,0.979351,72.0957,1.57547e+06,7458.05,0.720516,0.661737,0.972222,14.2385,12.7039,0.0962802,0.903709,0.899009,6.9639,6.9639,1354.8,1354.8,-13299.6,-16547.3,335.673,0.0127702,0.8595,0.713771,0,0,166,165,-16547.3,1,1,0,29.2631,29.2631,279.422,279.422,-137384,-138322,290.917,3.06949e-05,0.858799,0.829178,0,0,33,32,-138322,1,1,0,3.72809,3.72809,1687.14,1687.14,10414.8,6697.8,223.684,0.668911,0.857261,0.590605,13,1,248,247,6697.8,1,1,0,3.95224,3.95224,1591.46,1591.46,8753.53,5196.53,223.684,0.563029,0.857261,0.603684,0,1,229,228,5196.53,1,1,0
1270,0.591265,9.94139,0.299477,6533.65,14020.2,3014.51,1.0393,3.01658,8.01017,0.915942,78.9171,2.11207e+06,7494.43,0.61171,0.566156,0.713276,19.6651,7.5335,0.0819415,2.42292,1.20337,17.5264,27.9654,538.316,337.371,-66979,-77451.2,335.673,0.0192243,0.985656,0.601221,0,0,84,53,-69973.6,1,0,0,70.7666,538.129,115.545,15.1948,-164492,-172615,290.917,1.82925e-05,0.985483,0.936994,0,0,28,1,-165137,1,0,0,5.51246,8.70055,1141.02,722.921,-2234.6,-13370.7,223.684,0.355803,0.985138,0.591265,0,0,208,174,-5893.07,1,0,0,5.51246,8.70055,1141.02,722.921,-2234.6,-13509.3,223.684,0.355803,0.985138,0.591265,0,0,208,174,-5893.07,1,0,0
1271,0.41422,17.5942,0.143554,6667.62,14428.5,7342.5,1.07035,4.05454,11.2277,1.56278,79.6267,1.3856e+06,7553.33,0.639327,0.588951,0.71483,9.49709,4.8625,0.0825701,0.265044,1.08653,9.88115,13.5216,954.82,697.752,-39972.2,-51694.8,335.673,6.14937e-05,0.839024,0.736277,0,0,118,117,-47470.6,1,0,0,43.61,81.945,187.497,99.7834,-194574,-202479,290.917,2.84206e-05,0.838149,0.817855,0,0,22,21,-198255,1,0,0,4.26327,6.0019,1475.35,1047.97,5361.61,-6664.79,223.684,0.686993,0.836276,0.595002,5,1,218,217,-2440.51,1,0,0,4.29404,4.29404,1464.78,1464.78,5111.05,-2665.16,223.684,0.668181,0.836276,0.596586,3,1,216,215,-2665.16,1,1,0
1272,0.419258,18.6491,0.242077,5529.66,8147.31,5896.17,1.02074,2.73276,13.9292,1.18403,33.7929,1.72735e+06,8877.49,0.720187,0.614063,0.773818,16.7448,4.31789,0.0648828,0.855257,1.89388,4.01438,5.79716,2350.23,1627.47,9093,-12495.7,335.673,0.621539,0.844498,0.586559,4,1,167,166,1786.48,1,0,0,2.69599,3.9913,3032.93,2048.64,25802.4,3828.96,290.917,0.624046,0.843689,0.499288,4,1,237,236,18111.2,1,0,0,2.39164,3.6643,2629.91,1716.51,26489.8,5013.07,223.684,0.625535,0.841938,0.47904,4,1,222,221,19295.3,1,0,0,2.50278,3.80781,2513.13,1651.82,25297.3,3849.44,223.684,0.522223,0.841938,0.487022,0,1,208,207,18238.8,1,0,0
1273,0.475426,8.5865,0.258744,6040.57,9675.99,6262.35,0.970832,5.19199,7.21514,0.949163,62.8982,1.09335e+06,7854.47,0.736137,0.569457,0.671154,11.2262,4.65323,0.0861808,1.86349,0.648656,5.5849,5.5849,1689.33,1689.33,-1198.61,-8760.07,335.673,0.652513,0.944966,0.499391,5,1,133,97,-8760.07,1,1,0,4.01168,4.01168,2038.24,2038.24,15740.3,7872.56,290.917,0.6,0.944268,0.478892,0,0,174,144,7872.56,1,1,0,3.34656,3.34656,1879.49,1879.49,19291.7,11889.6,223.684,0.64407,0.942901,0.476431,5,1,188,145,11889.6,1,1,0,3.48382,3.48382,1805.43,1805.43,18113.3,10829.4,223.684,0.540989,0.942901,0.476823,0,1,177,134,10829.4,1,1,0
1274,0.338416,17.0491,0.0634808,5494.86,12969,5878.82,0.937578,1.81118,11.199,1.74703,43.6523,1.95199e+06,7768.89,0.715148,0.586923,0.676222,7.33129,6.99422,0.0840776,0.742176,0.755264,33.4618,33.4618,281.954,281.954,-198385,-201352,335.673,2.82446e-05,0.818192,0.790927,0,0,35,34,-201352,1,1,0,198.113,198.113,41.2732,41.2732,-377306,-371677,290.917,2.1389e-05,0.817175,0.813526,0,0,5,4,-371677,1,1,0,3.48794,3.48794,1803.3,1803.3,397.423,-6318.69,223.684,0.647846,0.81501,0.521954,7,1,293,292,-6318.69,1,1,0,3.63059,3.63059,1732.45,1732.45,-878.294,-7484.35,223.684,0.544084,0.81501,0.532089,0,1,278,277,-7484.35,1,1,0
1275,0.396326,12.2567,0.0126199,5160.71,13297.9,3398.09,0.926869,0.203863,14.4797,0.628693,36.2789,1.15451e+06,7416.67,0.733484,0.866557,0.653843,16.0906,4.00107,0.0730843,1.44263,1.19136,83.7617,433.731,112.638,21.7524,-274250,-278484,335.673,2.30527e-05,0.954264,0.941704,0,0,21,1,-272345,1,0,0,96.1143,2687.55,85.0732,3.04246,-269079,-272759,290.917,2.25021e-05,0.953824,0.943243,0,0,16,1,-266620,1,0,0,8.42312,15.1787,746.732,414.385,-31665.3,-41462.2,223.684,0.648265,0.952929,0.665033,4,1,153,115,-35323.1,1,0,0,8.87514,8.87514,708.7,708.7,-34349.2,-37937.9,223.684,0.539639,0.952929,0.685761,0,1,145,107,-37937.9,1,1,0
1276,0.357962,15.7832,0.121425,6365.59,10746.9,4741.81,1.04883,0.0125684,10.298,1.64954,37.4398,1.6197e+06,7445.8,0.683983,0.637296,0.701165,17.441,7.72639,0.0841303,2.51157,1.19273,74.7968,6256.51,126.138,1.50798,-226554,-237350,335.673,2.03593e-05,0.978534,0.9493,0,0,26,1,-227632,1,0,0,77.3937,inf,105.651,-10.3159,-216243,-226876,290.917,2.0218e-05,0.978362,0.950926,0,0,22,1,-217158,1,0,0,4.66495,9.15083,1348.31,687.349,-1363.66,-16812.2,223.684,0.603,0.977999,0.357967,1,0,259,229,-7093.46,1,0,0,4.7456,9.27055,1325.4,678.472,-1922.77,-17388.2,223.684,0.554517,0.977999,0.357969,0,1,253,223,-7545.85,1,0,0
1277,0.330985,14.1686,0.257021,6080.05,12597.3,6490.4,0.993826,2.7641,14.769,0.872469,76.8219,1.20037e+06,8210.77,0.716942,0.831007,0.874136,17.954,3.49631,0.0933568,0.808999,1.57488,5.55895,7.84538,1697.21,1202.58,-921.868,-14561.9,335.673,0.51215,0.86123,0.683158,0,0,196,195,-7982.74,1,0,0,7.59694,11.0416,1076.32,740.54,-18176.6,-31565.2,290.917,0.0011198,0.860225,0.737679,0,0,124,123,-24986,1,0,0,4.78246,7.02509,1315.18,895.336,3092.26,-10504,223.684,0.614548,0.858149,0.651499,3,1,166,165,-3924.77,1,0,0,5.13246,7.53768,1225.5,834.449,214.415,-13410.9,223.684,0.535507,0.858149,0.667542,0,1,153,152,-6717.16,1,0,0
1278,0.559843,11.1169,0.086731,6394.53,12285.1,6831.81,0.909264,2.8933,8.10046,1.87703,64.1825,851104,8483.36,0.651628,0.525756,0.718749,18.8282,4.52238,0.098019,1.30755,1.58903,7.52969,7.52969,1253,1253,-26014.3,-33393.7,335.673,0.775873,0.948308,0.598705,5,1,139,103,-33393.7,1,1,0,6.14602,6.14602,1330.41,1330.41,-12819.3,-20478.6,290.917,0.6,0.94779,0.575799,0,0,151,120,-20478.6,1,1,0,4.58101,4.58101,1373.02,1373.02,1432.84,-6230.47,223.684,0.65078,0.946752,0.562858,5,1,181,135,-6230.47,1,1,0,4.8409,4.8409,1299.31,1299.31,-933.691,-8448.88,223.684,0.540803,0.946752,0.564221,0,1,170,124,-8448.88,1,1,0
1279,0.476799,9.62266,0.210003,5250.71,13178.4,3686.68,1.09677,7.58883,10.6429,0.508339,32.523,1.22949e+06,8558.12,0.717782,0.892724,0.782226,16.1737,2.55565,0.0998297,0.0547571,0.0217419,4.79081,4.79081,1969.34,1969.34,-4660.01,-9162.41,335.673,0.824712,0.902409,0.676911,3,1,146,145,-9162.41,1,1,0,4.56158,4.56158,1792.53,1792.53,-2502.46,-7016.58,290.917,0.802342,0.90139,0.666462,3,1,137,136,-7016.58,1,1,0,4.157,4.157,1513.06,1513.06,748.464,-3611.88,223.684,0.650371,0.899379,0.646549,3,1,123,111,-3611.88,1,1,0,4.32653,4.32653,1453.78,1453.78,-1450.62,-5735.43,223.684,0.54329,0.899379,0.65656,0,1,117,105,-5735.43,1,1,0
1280,0.407602,9.40337,0.00220444,6882.76,13030.6,5479.81,1.03426,0.358246,8.11036,1.335,79.2115,1.06805e+06,8315.82,0.701961,0.805917,0.896955,12.9143,5.64613,0.0744156,2.12511,1.5284,58.8574,950.554,160.298,9.92549,-182893,-195351,335.673,2.07157e-05,0.985387,0.946378,0,0,42,1,-186437,1,0,0,59.6712,inf,137.03,-0.962655,-175438,-187731,290.917,2.02846e-05,0.9852,0.947767,0,0,36,1,-178816,1,0,0,6.84273,13.9353,919.195,451.357,-14383.2,-29767.7,223.684,0.6,0.98483,0.40774,0,0,192,147,-20853.3,1,0,0,6.84273,13.9353,919.195,451.357,-14383.2,-29828.4,223.684,0.5,0.98483,0.40774,0,0,192,147,-20755.8,1,0,0
1281,0.422601,9.23987,0.106609,6880.64,8601.1,3285.51,1.06884,4.24052,5.03719,1.4334,70.3906,2.08901e+06,8319.12,0.686225,0.862686,0.661138,19.0804,6.27761,0.0516377,1.06518,1.43574,7.39799,10.889,1275.31,866.441,-36710.1,-59576.6,335.673,0.691591,0.957976,0.584479,6,1,97,59,-40879.8,1,0,0,4.50184,6.65425,1816.31,1228.8,3897.27,-19894.9,290.917,0.6,0.957458,0.446059,0,0,151,118,-1198.09,1,0,0,3.45485,5.65884,1820.57,1111.5,13830.5,-9529.41,223.684,0.65216,0.956434,0.427572,6,1,192,147,9167.4,1,0,0,3.576,5.77414,1758.9,1089.31,12554.5,-10855.2,223.684,0.544913,0.956434,0.428945,0,1,180,135,8028.92,1,0,0
1282,0.429456,15.6535,0.184655,5929.08,9107.75,7291.38,0.987638,4.62251,14.9731,1.36595,45.459,1.14924e+06,8906.28,0.748845,0.710365,0.723171,8.14349,6.24833,0.0614589,2.58016,1.17154,5.03159,7.63101,1875.1,1236.37,-1384.49,-22301.7,335.673,0.664252,0.982844,0.429457,6,1,164,112,-10068.1,1,0,0,3.67667,5.57245,2223.96,1467.35,14050,-7073.11,290.917,0.658891,0.982705,0.429456,6,1,199,154,5160.5,1,0,0,3.29418,5.37756,1909.37,1169.64,15207,-5407.99,223.684,0.660552,0.982412,0.429456,6,1,198,143,6825.62,1,0,0,3.44093,5.60786,1827.94,1121.61,13635.9,-6941.24,223.684,0.555415,0.982412,0.429456,0,1,188,133,5364.56,1,0,0
1283,0.489945,12.2169,0.0389272,6650.03,8929.09,3761.02,1.09109,5.5942,7.4006,1.72252,53.5433,2.21163e+06,7979.14,0.670467,0.753815,0.998561,6.15965,10.4235,0.0598424,0.265685,0.633974,3.60487,3.60487,2617.21,2617.21,15409.8,10325,335.673,0.691727,0.887629,0.599289,10,1,177,174,10325,1,1,0,3.17454,3.17454,2575.73,2575.73,20807.3,15516.5,290.917,0.6,0.886715,0.573511,0,0,188,187,15516.5,1,1,0,2.54925,2.54925,2467.31,2467.31,25087.1,20108.2,223.684,0.688271,0.884867,0.53677,10,1,223,208,20108.2,1,1,0,2.60696,2.60696,2412.7,2412.7,24821,19967.8,223.684,0.57953,0.884867,0.540221,0,1,211,196,19967.8,1,1,0
1284,0.578031,10.5996,0.268982,5531.04,14527.4,6133.18,0.939905,5.10988,14.731,0.668246,66.3288,1.48852e+06,7875.44,0.692887,0.644328,0.858937,11.4744,7.2837,0.0650269,2.34669,1.81411,11.5593,11.5593,816.203,816.203,-40910.5,-48043.8,335.673,0.688582,0.98679,0.578489,7,1,124,70,-48043.8,1,1,0,10.5198,10.5198,777.276,777.276,-35800.6,-42959.2,290.917,0.6,0.986639,0.578205,0,0,117,70,-42959.2,1,1,0,6.56321,6.56321,958.344,958.344,-12470.2,-19487,223.684,0.679772,0.986335,0.578031,7,1,162,105,-19487,1,1,0,6.97379,6.97379,901.921,901.921,-14887.8,-21779.3,223.684,0.567774,0.986335,0.578031,0,1,153,96,-21779.3,1,1,0
1285,0.579834,16.3026,0.0468822,6419.05,14394.8,3655.56,0.937027,0.0651159,11.5303,1.12333,63.8016,1.0816e+06,9108.65,0.676486,0.672812,0.880993,13.7333,10.0091,0.0680251,2.44138,1.47644,63.2453,63.2453,149.176,149.176,-154398,-156692,335.673,2.58801e-05,0.986621,0.937879,0,0,52,1,-156692,1,1,0,63.3145,63.3145,129.145,129.145,-148371,-150537,290.917,2.5729e-05,0.986517,0.938489,0,0,45,1,-150537,1,1,0,7.30749,7.30749,860.734,860.734,-15993.7,-20494.6,223.684,0.699631,0.986295,0.579838,10,1,198,143,-20494.6,1,1,0,7.70685,7.70685,816.132,816.132,-18113.5,-22494.1,223.684,0.591006,0.986295,0.579843,0,1,188,133,-22494.1,1,1,0
1286,0.417448,16.2422,0.272938,6673.7,13581.9,5580.27,1.07807,5.05486,14.0393,1.79561,53.154,1.33702e+06,8778.53,0.639077,0.800297,0.830617,15.1998,1.43082,0.0834339,2.32821,0.514575,7.2905,7.2905,1294.11,1294.11,-10350.3,-17321.7,335.673,0.604587,0.984332,0.417798,1,1,150,110,-17321.7,1,1,0,6.62505,6.62505,1234.22,1234.22,-5873.03,-12941.9,290.917,0.6,0.984209,0.417567,0,0,145,111,-12941.9,1,1,0,4.80962,4.80962,1307.76,1307.76,6439.8,-264.53,223.684,0.61036,0.983948,0.417449,1,1,181,138,-264.53,1,1,0,5.03421,5.03421,1249.41,1249.41,4760.48,-1825.01,223.684,0.502899,0.983948,0.417451,0,1,171,128,-1825.01,1,1,0
1287,0.398779,14.47,0.0649168,6557.64,8817.03,5796.32,1.07834,2.5791,14.672,1.8331,55.6195,1.02515e+06,8353.73,0.649555,0.519987,0.988062,17.2313,6.67565,0.0762844,2.20314,0.61044,3.89616,3.89616,2421.55,2421.55,12618.1,5347.8,335.673,0.657963,0.9758,0.398779,7,1,221,196,5347.8,1,1,0,3.53963,3.53963,2310.06,2310.06,16165.6,8798.71,290.917,0.6,0.975592,0.398779,0,0,218,196,8798.71,1,1,0,2.68695,2.68695,2340.88,2340.88,22707.4,15765.7,223.684,0.646372,0.975157,0.398779,7,1,264,236,15765.7,1,1,0,2.77571,2.77571,2266.02,2266.02,22072.7,15251,223.684,0.544527,0.975157,0.398779,0,1,250,222,15251,1,1,0
1288,0.435314,19.2195,0.298284,6552.45,12019.9,4142.14,0.999804,6.18295,10.6783,1.24752,32.1604,2.00052e+06,7950.81,0.746818,0.514621,0.700504,5.40135,2.16737,0.0824872,0.713368,1.42091,3.3485,4.31499,2817.59,2186.5,27315.5,11676.6,335.673,0.616401,0.828092,0.536205,2,1,254,253,21947.3,1,0,0,3.12661,4.08552,2615.21,2001.4,27529.9,11784.3,290.917,0.6,0.827267,0.523792,0,0,246,245,22055,1,0,0,2.53132,3.4273,2484.8,1835.21,29159.7,13729.8,223.684,0.61204,0.825469,0.489354,2,1,266,265,24000.5,1,0,0,2.60861,3.51239,2411.17,1790.75,28784.6,13373.5,223.684,0.50983,0.825469,0.493966,0,1,253,252,23724.1,1,0,0
1289,0.47038,12.625,0.181425,5925.54,9310.61,6594.17,0.925157,1.50692,14.9969,1.33695,55.0317,929954,7673.16,0.658817,0.849968,0.67358,17.0307,7.00733,0.098592,1.2502,1.83531,7.50836,7.50836,1256.56,1256.56,-20954.3,-28147.8,335.673,1,0.958987,0.605978,7,1,153,97,-28147.8,1,1,0,7.33333,7.33333,1115.01,1115.01,-19720.2,-26850,290.917,0.762665,0.958603,0.599906,5,0,137,89,-26850,1,1,0,6.79565,6.79565,925.565,925.565,-14360.7,-21349,223.684,0.685461,0.95782,0.578798,7,1,137,70,-21349,1,1,0,7.02874,7.02874,894.87,894.87,-15899.6,-22849.4,223.684,0.628853,0.95782,0.59023,3,1,133,66,-22849.4,1,1,0
1290,0.438545,18.0304,0.0253035,6567.21,10578.7,6926.85,0.961043,5.72965,12.6733,1.64586,47.0123,2.06029e+06,7474.84,0.701911,0.544003,0.935658,14.0019,8.99759,0.0524536,1.15786,0.981082,3.77648,3.77648,2498.29,2498.29,8189.02,-94.2168,335.673,0.673195,0.932302,0.445322,9,1,232,207,-94.2168,1,1,0,3.75925,3.75925,2175.1,2175.1,7010.68,-1189.45,290.917,0.6,0.931865,0.445337,0,0,205,184,-1189.45,1,1,0,2.79019,2.79019,2254.26,2254.26,15865.1,7918.35,223.684,0.665331,0.930922,0.439366,9,1,267,233,7918.35,1,1,0,2.87069,2.87069,2191.04,2191.04,15164.3,7321.63,223.684,0.556775,0.930922,0.439586,0,1,253,219,7321.63,1,1,0
1291,0.497626,8.90167,0.0195832,6334.81,9869.64,6775.35,1.05083,5.00396,10.2381,1.66942,44.2526,818876,9104.73,0.685065,0.788412,0.651434,19.2942,11.3576,0.0507199,0.723114,1.7584,4.48547,4.48547,2103.4,2103.4,1271.19,-6437.9,335.673,1,0.897666,0.648839,11,1,133,121,-6437.9,1,1,0,4.29941,4.29941,1901.83,1901.83,3784.32,-3846.08,290.917,0.797281,0.896548,0.640644,11,1,123,115,-3846.08,1,1,0,3.70894,3.70894,1695.85,1695.85,11857.3,4272.47,223.684,0.790142,0.89436,0.610035,11,1,123,95,4272.47,1,1,0,3.86127,3.86127,1628.95,1628.95,9329.58,1841.05,223.684,0.673418,0.89436,0.619234,5,1,117,89,1841.05,1,1,0
1292,0.46632,16.878,0.0224765,5331.29,13802.5,4153.99,1.0692,5.21833,11.5494,1.83212,43.4811,1.19941e+06,8586.77,0.733471,0.579817,0.846547,10.2185,8.15285,0.0832753,1.47507,0.764229,4.91494,4.91494,1919.6,1919.6,-14741.9,-20375.2,335.673,0.674785,0.939559,0.488502,8,1,193,185,-20375.2,1,1,0,4.78671,4.78671,1708.22,1708.22,-13446.2,-19032.3,290.917,0.6,0.939141,0.486243,0,0,176,170,-19032.3,1,1,0,3.45543,3.45543,1820.27,1820.27,1363.05,-3890.71,223.684,0.679248,0.93825,0.469203,8,1,220,203,-3890.71,1,1,0,3.57148,3.57148,1761.12,1761.12,65.7749,-5069.94,223.684,0.566262,0.93825,0.469967,0,1,209,192,-5069.94,1,1,0
1293,0.396215,19.8614,0.176968,5298.46,9011.16,6221.7,0.969531,1.40758,6.94271,1.76579,62.4473,959830,7491.66,0.713654,0.646484,0.650494,14.2547,5.93353,0.0773127,2.0926,0.790327,6.60441,6.60441,1428.55,1428.55,-17437.9,-24631.6,335.673,0.396863,0.979609,0.396407,0,0,187,144,-24631.6,1,1,0,8.95704,8.95704,912.885,912.885,-33925.2,-40719.2,290.917,0.182796,0.979477,0.400204,0,0,123,86,-40719.2,1,1,0,3.81097,3.81097,1650.45,1650.45,3095.92,-4132.71,223.684,0.638189,0.979185,0.396215,6,1,269,222,-4132.71,1,1,0,3.97666,3.97666,1581.68,1581.68,1953.26,-5158.19,223.684,0.53375,0.979185,0.396215,0,1,253,206,-5158.19,1,1,0
1294,0.403719,18.1592,0.242874,6480.81,12523.3,5297.45,0.912247,5.35339,5.11033,1.12163,51.4629,1.7779e+06,7717.17,0.612098,0.61742,0.771886,16.4982,4.43801,0.0741375,1.43618,1.37188,4.74939,6.37904,1986.51,1479.02,6583.91,-7087.42,335.673,0.322346,0.935687,0.442962,0,0,216,184,433.912,1,0,0,5.22908,7.1006,1563.71,1151.56,619.733,-12896.8,290.917,0.231492,0.935269,0.46361,0,0,170,144,-5375.46,1,0,0,3.24595,4.77554,1937.74,1317.09,15003.8,1291.36,223.684,0.6,0.934365,0.40882,0,0,274,230,8812.69,1,0,0,3.24595,4.77554,1937.74,1317.09,15003.8,1150.95,223.684,0.5,0.934365,0.40882,0,0,274,230,8877.18,1,0,0
1295,0.413578,14.956,0.120889,6217.53,14887.3,5463.14,1.03315,5.89583,7.56789,1.47463,51.2901,1.51848e+06,7959.13,0.653316,0.696134,0.87781,12.7459,13.4468,0.0926664,2.92339,0.101075,6.86845,6.86845,1373.63,1373.63,-20224.3,-26514.4,335.673,0.311381,0.982114,0.413734,0,0,172,134,-26514.4,1,1,0,8.03475,8.03475,1017.67,1017.67,-30547,-36577.6,290.917,0.172714,0.981963,0.414474,0,0,129,96,-36577.6,1,1,0,4.29259,4.29259,1465.27,1465.27,948.411,-5469.54,223.684,0.6,0.981647,0.413578,0,0,231,189,-5469.54,1,1,0,4.29259,4.29259,1465.27,1465.27,948.411,-5377.96,223.684,0.5,0.981647,0.413578,0,0,231,189,-5377.96,1,1,0
1296,0.328392,15.5212,0.133451,6026.83,12809.4,4887.13,1.0479,3.91528,9.34971,1.22485,37.9593,2.15901e+06,7926.14,0.706787,0.830665,0.841564,7.33861,3.57771,0.0579438,2.12628,0.277844,7.38774,7.38774,1277.08,1277.08,-27755.9,-33455.3,335.673,0.274784,0.982672,0.33051,0,0,166,124,-33455.3,1,1,0,9.03732,9.03732,904.777,904.777,-41827.2,-47233.3,290.917,0.140379,0.982529,0.340539,0,0,120,84,-47233.3,1,1,0,4.50886,4.50886,1394.99,1394.99,-4000,-9830.99,223.684,0.6,0.98223,0.328399,0,0,227,181,-9830.99,1,1,0,4.50886,4.50886,1394.99,1394.99,-4000,-9744.09,223.684,0.5,0.98223,0.328399,0,0,227,181,-9744.09,1,1,0
1297,0.349819,12.2395,0.176786,6724.09,8554.63,5501.31,0.984803,2.72293,7.28053,0.676942,78.0932,1.29927e+06,8496.78,0.624204,0.850214,0.845952,5.747,1.55141,0.078681,1.3281,1.45685,4.40371,6.83486,2142.45,1380.38,12378.9,-10751.5,335.673,0.610807,0.949876,0.399996,2,1,198,154,5436.46,1,0,0,4.30803,6.76112,1898.03,1209.38,12391.5,-10639.1,290.917,0.541378,0.949394,0.396678,0,0,176,138,5548.88,1,0,0,3.01561,5.58273,2085.75,1126.66,20676.9,-2151.89,223.684,0.6,0.948413,0.356271,0,0,260,206,14036,1,0,0,3.03218,5.58892,2074.36,1125.41,20624.6,-2398.97,223.684,0.505748,0.948413,0.356523,0,1,257,203,14098.3,1,0,0
1298,0.516934,16.1538,0.159912,6278.88,14354.9,3178.27,1.01662,1.33244,10.1404,1.73252,41.1963,811124,8198.89,0.675516,0.588818,0.705071,6.67101,2.63643,0.0965964,1.21187,0.484171,250.734,250.734,37.6283,37.6283,-355518,-347849,335.673,1.43914e-05,0.946274,0.941791,0,0,5,2,-347849,1,1,0,556.29,556.29,14.6987,14.6987,-344989,-336573,290.917,1.40769e-05,0.945887,0.944652,0,0,2,1,-336573,1,1,0,5.01765,5.01765,1253.54,1253.54,140.769,-3904,223.684,0.626647,0.945066,0.531695,3,1,223,210,-3904,1,1,0,5.21995,5.21995,1204.96,1204.96,-1153.38,-5084.07,223.684,0.521715,0.945066,0.535097,0,1,212,199,-5084.07,1,1,0
1299,0.416729,17.2447,0.206419,5805.31,12501.6,4544.24,1.09747,2.31968,11.5794,1.40265,50.3055,1.89249e+06,9164.43,0.647665,0.635059,0.753156,12.4236,13.9676,0.0722927,1.75082,0.350158,6.80448,6.80448,1386.54,1386.54,-21446.6,-26995.1,335.673,0.657195,0.938958,0.545065,14,1,151,150,-26995.1,1,1,0,6.2536,6.2536,1307.53,1307.53,-16896.8,-22587.7,290.917,0.6,0.93854,0.518874,0,0,147,146,-22587.7,1,1,0,3.7145,3.7145,1693.31,1693.31,5322.85,-434.721,223.684,0.734808,0.937646,0.427051,14,1,222,212,-434.721,1,1,0,3.87463,3.87463,1623.33,1623.33,3866.92,-1740.03,223.684,0.607974,0.937646,0.42998,1,1,209,199,-1740.03,1,1,0
1300,0.364362,19.9787,0.141536,5837.28,11194.2,3388.36,0.949,6.11063,11.5579,0.587008,39.5102,1.61925e+06,8838.82,0.609713,0.834767,0.89851,14.5941,12.7796,0.0789958,1.29529,0.178105,3.99055,3.99055,2364.27,2364.27,5863.18,1105.21,335.673,0.717538,0.947366,0.398301,13,1,214,163,1105.21,1,1,0,3.8447,3.8447,2126.76,2126.76,6554.19,1825.89,290.917,0.6,0.947044,0.393023,0,0,196,152,1825.89,1,1,0,2.99138,2.99138,2102.64,2102.64,12569.7,8171.99,223.684,0.7189,0.946334,0.371074,13,1,254,192,8171.99,1,1,0,3.07062,3.07062,2048.39,2048.39,11987.9,7692.79,223.684,0.598376,0.946334,0.372376,0,1,241,179,7692.79,1,1,0
1301,0.468802,13.9096,0.214158,6181.19,12617.8,3900.53,1.0146,3.27521,13.9376,1.5153,65.1571,1.99115e+06,9221.47,0.749572,0.535854,0.658154,13.5578,5.16335,0.0535,0.665815,0.449709,6.08526,6.08526,1550.42,1550.42,-13096.7,-18063,335.673,0.651621,0.846913,0.666915,5,1,147,146,-18063,1,1,0,4.47201,4.47201,1828.43,1828.43,3645.73,-1662.42,290.917,0.647134,0.845903,0.608712,5,1,183,182,-1662.42,1,1,0,3.93154,3.93154,1599.83,1599.83,6888.91,1959.36,223.684,0.651455,0.843823,0.585035,5,1,170,169,1959.36,1,1,0,4.1204,4.1204,1526.51,1526.51,4756.9,-43.3667,223.684,0.550413,0.843823,0.594295,0,1,161,160,-43.3667,1,1,0
1302,0.526662,8.73565,0.299193,6459.87,14153.3,3139.07,1.02219,5.62171,14.6632,0.924652,51.8064,1.38921e+06,9125.64,0.739405,0.546759,0.858349,15.6937,1.05004,0.0674592,1.56314,0.500942,7.20862,7.20862,1308.81,1308.81,-12414.1,-16910.3,335.673,0.604007,0.948344,0.568755,1,1,113,90,-16910.3,1,1,0,4.9011,4.9011,1668.35,1668.35,9781.7,4894.05,290.917,0.606638,0.947702,0.532604,1,1,154,135,4894.05,1,1,0,4.16617,4.16617,1509.73,1509.73,13943.6,9609.56,223.684,0.612044,0.946442,0.52889,1,1,157,127,9609.56,1,1,0,4.36431,4.36431,1441.19,1441.19,12082.9,7867.93,223.684,0.507067,0.946442,0.529783,0,1,148,118,7867.93,1,1,0
1303,0.377227,15.1503,0.105089,6107.68,11339.9,3562.48,1.00982,5.92073,13.907,0.603898,50.6825,1.85727e+06,9242.74,0.712129,0.691833,0.830973,5.58492,10.9737,0.0520699,2.01814,0.682323,4.3302,4.3302,2178.82,2178.82,994.226,-3999.82,335.673,0.719223,0.980861,0.377227,11,1,195,149,-3999.82,1,1,0,3.70581,3.70581,2206.47,2206.47,8145.59,3052.07,290.917,0.6,0.980702,0.377227,0,0,205,166,3052.07,1,1,0,3.03863,3.03863,2069.95,2069.95,13024,8401.92,223.684,0.709112,0.980367,0.377227,11,1,231,183,8401.92,1,1,0,3.14166,3.14166,2002.07,2002.07,11954.3,7442.25,223.684,0.590008,0.980367,0.377227,0,1,219,171,7442.25,1,1,0
1304,0.548037,9.42829,0.00366464,6007.75,11719.3,6409.65,1.07383,5.39336,11.2017,1.40988,73.7547,1.0066e+06,9360.02,0.630154,0.816058,0.770385,7.04511,4.90697,0.0786188,1.07533,1.87666,6.8542,9.60795,1376.49,981.97,-36574.6,-53478.1,335.673,1,0.965248,0.588102,5,1,117,79,-43694.2,1,0,0,5.61181,7.92589,1457.06,1031.65,-19984.2,-37080.4,290.917,0.668073,0.964828,0.563284,5,1,128,96,-27296.6,1,0,0,4.80273,7.17879,1309.63,876.166,-9335,-26354.2,223.684,0.669562,0.963998,0.554629,5,1,135,91,-16570.4,1,0,0,5.05054,5.05054,1245.37,1245.37,-12416.5,-19494.5,223.684,0.559378,0.963998,0.557153,0,1,127,83,-19494.5,1,1,0
1305,0.578251,10.9372,0.0376875,6399.88,11167.1,5249.18,1.021,5.38831,7.05764,1.59831,67.974,2.24929e+06,8023.39,0.748279,0.63439,0.767171,16.4171,1.28794,0.0795237,0.849971,1.28924,5.9445,7.71358,1587.13,1223.13,-28110.4,-44031.9,335.673,0.60662,0.895365,0.709148,1,1,122,117,-33899.2,1,0,0,4.52267,5.95754,1807.95,1372.5,-6445.89,-22903.6,290.917,0.606828,0.894461,0.662547,1,1,151,149,-12770.8,1,0,0,3.95886,5.35108,1588.79,1175.43,-762.098,-17069.3,223.684,0.60257,0.892658,0.643202,1,1,146,127,-6936.56,1,0,0,4.12934,4.12934,1523.2,1523.2,-3415.46,-9452.35,223.684,0.506901,0.892658,0.649824,0,1,138,119,-9452.35,1,1,0
1306,0.479218,11.9454,0.166054,6360.98,8508.14,2618.22,1.00158,4.88647,14.4345,1.27593,55.9938,1.01047e+06,7819.36,0.694619,0.527773,0.929632,16.7177,6.93586,0.097542,0.652178,1.38663,3.6699,4.82216,2570.84,1956.53,24850.2,3963.23,335.673,0.658431,0.850618,0.569608,7,1,170,169,20754.3,1,0,0,2.75003,3.73377,2973.33,2189.95,35251.9,14134.5,290.917,0.631705,0.849486,0.523732,5,0,224,223,30925.6,1,0,0,2.40587,3.37748,2614.36,1862.28,35946.6,15293.7,223.684,0.65306,0.847206,0.50946,7,1,218,206,32084.8,1,0,0,2.49109,3.46866,2524.92,1813.32,35500,14854.2,223.684,0.546307,0.847206,0.513263,0,1,205,193,31754.6,1,0,0
1307,0.500684,16.7724,0.103277,6585.83,13509.5,6442.62,0.924603,4.14738,6.7486,0.508472,53.4295,1.9947e+06,7730.3,0.744911,0.887147,0.783699,15.5344,6.51403,0.0819203,1.08847,0.265497,9.15801,9.15801,1030.21,1030.21,-38407.8,-45335.4,335.673,0.669652,0.961557,0.691327,5,0,142,87,-45335.4,1,1,0,16.2254,16.2254,503.949,503.949,-82983,-89197.7,290.917,2.42721e-05,0.961278,0.848248,0,0,75,29,-89197.7,1,1,0,5.31357,5.31357,1183.73,1183.73,-7494.52,-14752.8,223.684,0.655335,0.960685,0.536557,7,1,204,137,-14752.8,1,1,0,5.64263,5.64263,1114.69,1114.69,-10175.4,-17270.7,223.684,0.54092,0.960685,0.547707,0,1,189,122,-17270.7,1,1,0
1308,0.315773,10.2057,0.281995,5205.64,8884.88,7047.34,1.04064,1.58253,6.51427,1.36532,77.9951,1.06866e+06,8656.18,0.606387,0.875565,0.677951,16.1815,5.70286,0.0501491,0.733103,0.385333,3.83708,3.83708,2458.83,2458.83,10915.2,3265.33,335.673,0.435968,0.869232,0.590267,0,0,223,222,3265.33,1,1,0,3.9063,3.9063,2093.22,2093.22,9322.79,1726.28,290.917,0.0864788,0.867941,0.597344,0,0,190,189,1726.28,1,1,0,3.55835,3.55835,1767.62,1767.62,11115.2,3553.07,223.684,0.660983,0.865379,0.57231,6,1,169,168,3553.07,1,1,0,3.58976,3.58976,1752.15,1752.15,10807.7,3263.26,223.684,0.639037,0.865379,0.575029,4,1,167,166,3263.26,1,1,0
1309,0.583656,9.98904,0.188234,6450.3,10762,6902.15,0.926421,6.74243,8.17569,0.509914,77.8231,1.92376e+06,8761.93,0.626021,0.760761,0.986714,19.4516,9.49378,0.0916617,2.2893,1.79734,6.1635,9.73785,1530.74,968.87,-11113.9,-29645.1,335.673,0.686774,0.989019,0.583656,9,1,175,102,-19224.7,1,0,0,5.46512,8.60583,1496.17,950.141,-5633.08,-24225.4,290.917,0.6,0.988886,0.583656,0,0,169,106,-13805,1,0,0,3.94074,7.11878,1596.1,883.551,6196.4,-12104,223.684,0.670578,0.98862,0.583656,9,1,233,158,-1683.66,1,0,0,4.09197,7.28448,1537.11,863.453,4980.16,-13375.6,223.684,0.558804,0.98862,0.583656,0,1,219,144,-2788.07,1,0,0
1310,0.417745,8.53957,0.156107,6016.74,10707.8,6615.08,0.905314,7.71411,10.7361,1.88961,65.2385,2.04188e+06,7575.67,0.701587,0.772751,0.695629,19.1633,10.4382,0.0664828,1.91614,1.26862,8.4526,11.9392,1116.19,790.228,-43735.4,-58419.9,335.673,1,0.953755,0.622533,10,1,109,41,-50943.8,1,0,0,4.96562,6.81172,1646.67,1200.4,-7072,-22192.4,290.917,0.6,0.953148,0.452912,0,0,159,100,-14716.3,1,0,0,4.04969,6.02,1553.16,1044.82,1163.57,-13845.5,223.684,0.680893,0.951961,0.43066,10,1,189,113,-6369.43,1,0,0,4.26739,6.31076,1473.92,996.681,-1161.75,-16055,223.684,0.567947,0.951961,0.435353,0,1,176,100,-8495.65,1,0,0
1311,0.57717,18.4789,0.239412,5227.47,9960.29,7461.08,0.997706,3.73187,11.8147,0.900958,68.0074,2.06496e+06,9042.14,0.736077,0.873478,0.929109,14.6672,8.26939,0.0857136,0.860797,1.6193,4.61938,6.61043,2042.42,1427.25,-4729.22,-21521.6,335.673,1,0.913595,0.696972,8,1,171,151,-13054.7,1,0,0,4.40392,6.41447,1856.7,1274.73,-3383.01,-20132.1,290.917,0.90318,0.913102,0.688305,8,1,160,145,-11665.1,1,0,0,4.26279,6.53841,1475.52,961.978,-4328.38,-20832.4,223.684,0.670637,0.912035,0.683699,8,1,142,101,-12365.5,1,0,0,4.31265,6.61303,1458.45,951.124,-4930.41,-21480.1,223.684,0.650949,0.912035,0.685974,6,1,140,99,-12938.8,1,0,0
1312,0.473693,16.3221,0.077577,6313.79,10817.5,5432.01,1.01449,7.46591,5.13293,1.80651,74.9546,1.46358e+06,8966.13,0.626367,0.757545,0.65488,9.79002,1.18183,0.0632014,2.97549,0.714925,5.46732,5.46732,1725.66,1725.66,-11825.8,-18553.8,335.673,0.604411,0.985061,0.473694,1,1,155,103,-18553.8,1,1,0,4.09533,4.09533,1996.6,1996.6,5223.92,-1817.83,290.917,0.6,0.984944,0.473693,0,0,186,141,-1817.83,1,1,0,3.59474,3.59474,1749.73,1749.73,8637.65,2105.65,223.684,0.606883,0.984696,0.473693,1,1,194,140,2105.65,1,1,0,3.75195,3.75195,1676.41,1676.41,6847.63,435.546,223.684,0.507447,0.984696,0.473693,0,1,183,129,435.546,1,1,0
1313,0.301386,8.47936,0.245922,6381.25,12326.1,7312.94,1.09981,7.98396,12.7802,0.518164,78.2154,1.39322e+06,8656.95,0.647565,0.815365,0.777539,5.21165,1.29141,0.0880112,1.93702,1.15441,6.8464,8.75143,1378.06,1078.08,-16596.6,-32364.9,335.673,0.615212,0.947264,0.539602,1,1,98,73,-24854.6,1,0,0,4.68072,6.0657,1746.9,1348.03,9379.71,-7035,290.917,0.6,0.946566,0.377996,0,0,139,118,475.322,1,0,0,3.66844,4.99842,1714.57,1258.36,17107,936.831,223.684,0.606973,0.945198,0.32758,1,1,167,135,8447.15,1,0,0,3.82105,5.16144,1646.09,1218.62,15801.8,-318.577,223.684,0.501592,0.945198,0.334017,0,1,155,123,7323.46,1,0,0
1314,0.311563,8.33951,0.000918331,6034.47,10179.7,7244.22,1.04247,3.88957,6.7502,0.645825,34.1137,2.00069e+06,8271.22,0.688227,0.685406,0.830313,14.4741,12.4627,0.0963745,0.427419,1.00442,3.62468,4.82438,2602.91,1955.63,5011.34,-12048.5,335.673,0.678378,0.845071,0.527999,12,1,207,206,-3693.45,1,0,0,3.22717,4.37483,2533.72,1869.04,10114.6,-7053.67,290.917,0.6,0.843331,0.495135,0,0,213,212,1301.39,1,0,0,2.3985,3.50436,2622.39,1794.85,18322,1546.68,223.684,0.612606,0.839948,0.414741,2,0,276,275,9901.74,1,0,0,2.42355,3.5196,2595.28,1787.08,18200.8,1234.31,223.684,0.567961,0.839948,0.417444,0,1,269,268,9905.68,1,0,0
1315,0.504126,14.7041,0.185903,6520.13,9207.58,4066.19,1.06972,5.79484,7.96485,1.17711,79.8669,1.61923e+06,7707.31,0.749949,0.591201,0.660424,11.4696,3.42375,0.053966,2.48801,0.410824,5.98621,5.98621,1576.07,1576.07,-9789.35,-15339.2,335.673,0.627283,0.982324,0.504127,3,1,133,100,-15339.2,1,1,0,4.20014,4.20014,1946.78,1946.78,11180.4,5306.93,290.917,0.620475,0.982173,0.504126,3,1,172,143,5306.93,1,1,0,3.6975,3.6975,1701.1,1701.1,13768.3,8463.85,223.684,0.622405,0.981858,0.504126,3,1,171,136,8463.85,1,1,0,3.88179,3.88179,1620.34,1620.34,11649.3,6479.61,223.684,0.524599,0.981858,0.504126,0,1,161,126,6479.61,1,1,0
1316,0.4688,11.3904,0.280427,5632.93,14085.6,6817.17,0.969278,5.15032,8.22087,1.63791,65.1511,1.68192e+06,8411.18,0.71995,0.833013,0.90693,7.20541,6.17484,0.0772181,2.26111,1.64954,8.48552,12.8671,1111.86,733.241,-24012.7,-36119.2,335.673,0.53415,0.986895,0.469189,0,0,159,97,-31892.7,1,0,0,9.1641,14.2449,892.259,574.014,-28809.6,-40660.4,290.917,0.367817,0.986753,0.469728,0,0,129,75,-36433.9,1,0,0,5.15518,8.55426,1220.1,735.284,-3480,-15476.5,223.684,0.650927,0.986466,0.468801,6,1,215,150,-11250,1,0,0,5.34796,8.81343,1176.11,713.662,-4742.71,-16746.2,223.684,0.544921,0.986466,0.468801,0,1,204,139,-12404.3,1,0,0
1317,0.30796,15.1607,0.236358,5456.15,14795.8,6462.36,1.00178,1.89812,8.32446,1.91384,59.6372,1.1041e+06,7718.34,0.738534,0.773753,0.741204,8.22887,2.34585,0.0770201,1.50009,0.667512,135.501,135.501,69.6284,69.6284,-292234,-290890,335.673,1.26282e-05,0.940246,0.932689,0,0,9,7,-290890,1,1,0,540.589,540.589,15.1256,15.1256,-326483,-321972,290.917,1.15633e-05,0.939777,0.93876,0,0,2,1,-321972,1,1,0,5.20765,5.20765,1207.8,1207.8,-3636.24,-10992.4,223.684,0.6,0.938793,0.446736,0,0,225,212,-10992.4,1,1,0,5.70015,5.70015,1103.45,1103.45,-6633.45,-13836.9,223.684,0.502994,0.938793,0.486029,0,1,199,186,-13836.9,1,1,0
1318,0.523038,13.2153,0.25609,5723.68,11210.1,6378.99,1.09485,0.376716,12.6037,1.28164,50.6584,1.41924e+06,8609.96,0.701252,0.615825,0.839409,19.0479,3.98091,0.0643219,0.700391,0.933775,7.05268,7.05268,1337.75,1337.75,-16111.4,-22892.8,335.673,0.000450826,0.876386,0.722807,0,0,166,165,-22892.8,1,1,0,38.8374,38.8374,210.538,210.538,-161047,-164687,290.917,3.09972e-05,0.875496,0.852217,0,0,25,24,-164687,1,1,0,5.01065,5.01065,1255.29,1255.29,-2340.27,-9173.2,223.684,0.628549,0.873678,0.664287,4,1,172,171,-9173.2,1,1,0,5.06313,5.06313,1242.28,1242.28,-2751.48,-9559,223.684,0.614121,0.873678,0.666253,2,1,170,169,-9559,1,1,0
1319,0.555644,19.0798,0.119086,5830.31,10289.1,6981.4,0.983478,3.62684,5.40944,1.03319,46.8195,1.30417e+06,8019.93,0.731606,0.74931,0.927315,5.99334,7.3096,0.0670837,2.43263,0.265986,5.82495,5.82495,1619.71,1619.71,-12827.9,-20888.6,335.673,0.531636,0.987042,0.555644,0,0,201,146,-20888.6,1,1,0,6.23498,6.23498,1311.43,1311.43,-16995.5,-24848.2,290.917,0.378828,0.986954,0.555644,0,0,164,116,-24848.2,1,1,0,3.99275,3.99275,1575.31,1575.31,1899.42,-6046.98,223.684,0.632584,0.986763,0.555644,4,0,248,190,-6046.98,1,1,0,4.09448,4.09448,1536.17,1536.17,1096.37,-6745.28,223.684,0.549512,0.986763,0.555644,0,1,238,180,-6745.28,1,1,0
1320,0.448925,11.4537,0.247272,6344.21,8332.37,4420.95,1.06146,6.29764,6.96518,0.566832,70.2105,1.74798e+06,7894.61,0.676057,0.826594,0.85689,16.8121,4.06211,0.083808,0.373555,1.27671,4.16177,5.40445,2267,1745.73,19770,-811.271,335.673,0.738064,0.887981,0.631063,4,1,135,126,14364.4,1,0,0,3.12919,4.20122,2613.06,1946.28,32160.2,11096.1,290.917,0.6,0.886996,0.559878,0,0,180,175,26271.8,1,0,0,2.61369,3.71099,2406.49,1694.91,32763.1,11872.3,223.684,0.627601,0.885018,0.522289,4,1,198,172,27048,1,0,0,2.70482,3.79177,2325.41,1658.81,32493.3,11526.2,223.684,0.521976,0.885018,0.529496,0,1,184,158,26927.3,1,0,0
1321,0.439727,16.1497,0.165249,6613.11,8257.96,4500.27,1.0052,2.60108,5.22319,1.37556,62.7218,1.04472e+06,8282.1,0.618624,0.608138,0.809465,18.5307,9.56807,0.0646306,1.25411,1.58227,3.41336,5.16915,2764.06,1825.2,24643.4,1667.64,335.673,0.607538,0.939455,0.443214,2,0,248,223,18748.6,1,0,0,3.48168,5.31565,2348.51,1538.24,22858.7,43.1052,290.917,0.480765,0.939016,0.443898,0,0,210,189,17124.1,1,0,0,2.49351,4.40062,2522.47,1429.3,27091.6,4405.96,223.684,0.6,0.938088,0.440023,0,0,297,263,21486.9,1,0,0,2.50862,4.40539,2507.28,1427.75,27116.7,4260.59,223.684,0.554289,0.938088,0.440041,0,1,293,259,21624,1,0,0
1322,0.301642,8.64865,0.185562,6389.12,10750.2,5700.26,0.944792,6.27551,12.783,1.07007,40.0353,1.35863e+06,8561.43,0.706434,0.807261,0.767639,15.3252,5.77501,0.0515314,2.45197,0.820777,5.50307,5.50307,1714.45,1714.45,-3075.87,-10087.8,335.673,0.663633,0.983073,0.301679,6,1,177,109,-10087.8,1,1,0,4.80349,4.80349,1702.25,1702.25,3272.29,-3800.5,290.917,0.6,0.98284,0.301648,0,0,175,116,-3800.5,1,1,0,3.58562,3.58562,1754.18,1754.18,12080.4,5389.45,223.684,0.654632,0.982382,0.301642,6,1,229,159,5389.45,1,1,0,3.70113,3.70113,1699.43,1699.43,11225.3,4633.04,223.684,0.54372,0.982382,0.301642,0,1,217,147,4633.04,1,1,0
1323,0.535995,19.4703,0.0176746,5405.96,14511.7,6189.02,1.01608,5.23841,14.8372,1.8637,60.4956,2.0231e+06,8134.93,0.690221,0.528937,0.665787,5.92012,11.2501,0.0884593,2.40432,1.95626,6.99627,6.99627,1348.54,1348.54,-36156.1,-43585.5,335.673,0.717538,0.981025,0.536002,11,1,169,138,-43585.5,1,1,0,8.6295,8.6295,947.536,947.536,-51395.9,-58228.6,290.917,0.380573,0.980901,0.536108,0,0,121,94,-58228.6,1,1,0,4.72853,4.72853,1330.18,1330.18,-13943.1,-21090.3,223.684,0.717557,0.980628,0.535995,11,1,196,162,-21090.3,1,1,0,4.93665,4.93665,1274.11,1274.11,-16065.7,-23085,223.684,0.605648,0.980628,0.535995,1,1,186,152,-23085,1,1,0
1324,0.399215,19.7691,0.0604655,5751.51,13115,6898.69,0.943612,5.56433,11.5955,1.22009,37.0583,1.56967e+06,9327.21,0.672803,0.74998,0.969557,17.6878,8.82536,0.0812596,1.88968,0.515168,4.1871,4.1871,2253.28,2253.28,-1618.3,-9794.23,335.673,0.681038,0.945192,0.42695,9,1,221,179,-9794.23,1,1,0,4.19717,4.19717,1948.16,1948.16,-2655.31,-10726.8,290.917,0.598655,0.944857,0.427932,0,0,193,158,-10726.8,1,1,0,3.12974,3.12974,2009.69,2009.69,7711.61,-150.48,223.684,0.682667,0.944118,0.404487,9,1,254,201,-150.48,1,1,0,3.21243,3.21243,1957.96,1957.96,6936.6,-827.042,223.684,0.572155,0.944118,0.405522,0,1,242,189,-827.042,1,1,0
1325,0.563629,16.8689,0.165289,5377.96,10444.9,6879.23,0.900605,2.28593,10.9014,1.64817,54.8437,2.09407e+06,7411.8,0.641249,0.899573,0.857176,14.7993,4.30155,0.0625227,0.0232268,1.74616,6.48343,9.55468,1455.2,987.444,-24413.6,-37428.6,335.673,7.0205e-05,0.913581,0.760947,0,0,168,144,-31674.5,1,0,0,8.66573,13.2133,943.573,618.829,-45313.5,-58117,290.917,4.936e-05,0.913041,0.805003,0,0,108,91,-52362.9,1,0,0,3.92447,6.53894,1602.71,961.901,-1706.8,-14646.5,223.684,0.000381161,0.911891,0.664682,0,0,244,195,-8892.39,1,0,0,3.92447,6.53894,1602.71,961.901,-1706.8,-14711.6,223.684,0.000381161,0.911891,0.664682,0,0,244,195,-8892.39,1,0,0
1326,0.411918,13.5825,0.0176403,6327.66,14776.3,6106.7,0.947179,3.76038,14.0807,1.77232,59.1729,1.09879e+06,9225.72,0.71763,0.84655,0.871037,9.15549,11.509,0.098077,0.999367,1.44243,5.03145,6.85238,1875.15,1376.85,-6721.37,-20562,335.673,0.735325,0.880339,0.676976,2,0,206,205,-13423.1,1,0,0,5.73426,7.92562,1425.95,1031.69,-15034.6,-28660.3,290.917,0.0292627,0.879435,0.705782,0,0,157,156,-21521.4,1,0,0,4.2071,5.94399,1495.05,1058.18,719.802,-13081.8,223.684,0.743804,0.877577,0.636507,12,1,181,178,-5942.89,1,0,0,4.38063,6.1775,1435.82,1018.18,-1173.51,-14977.4,223.684,0.625001,0.877577,0.646668,3,1,172,169,-7763.36,1,0,0
1327,0.469523,10.6399,0.222434,5539.31,11001.3,7284.46,0.938629,1.45363,7.54954,0.647416,61.7842,1.40986e+06,7401.37,0.723062,0.850263,0.804179,14.4448,13.1171,0.0949214,2.55959,1.85452,18.1414,44.3181,520.066,212.886,-61716.9,-74202.1,335.673,0.434816,0.987311,0.577755,0,0,108,40,-69344.3,1,0,0,43.3061,inf,188.813,-10.0404,-101893,-113487,290.917,2.19453e-05,0.987165,0.916207,0,0,60,1,-108629,1,0,0,6.10117,13.1604,1030.92,477.933,-9078.16,-22144.7,223.684,0.620037,0.986872,0.469531,3,0,220,148,-17287,1,0,0,6.14604,13.2431,1023.39,474.949,-9326.99,-22418.2,223.684,0.602086,0.986872,0.469532,1,1,218,146,-17436.6,1,0,0
1328,0.381103,17.7502,0.252017,6037.64,9937.55,3393.14,0.974184,1.97264,5.66462,1.16127,37.2631,1.50062e+06,7833.42,0.654628,0.772143,0.780449,7.04814,2.56058,0.0982188,2.1641,1.4813,6.3807,10.6942,1478.63,882.231,-8816.46,-24780,335.673,0.240295,0.982598,0.381289,0,0,196,143,-12951.2,1,0,0,7.64416,13.433,1069.67,608.709,-18519,-34296.7,290.917,0.12736,0.982472,0.382437,0,0,145,100,-22467.9,1,0,0,3.94677,7.61803,1593.66,825.648,6514.14,-9588.76,223.684,0.6,0.9822,0.381103,0,0,264,207,2240.04,1,0,0,3.94677,7.61803,1593.66,825.648,6514.14,-9784.16,223.684,0.5,0.9822,0.381103,0,0,264,207,2309.8,1,0,0
1329,0.348176,16.8362,0.276109,6516.59,10984.5,7251.7,1.07772,0.7188,10.0997,1.84058,34.7799,1.35085e+06,9392.7,0.739165,0.684475,0.666329,15.6147,9.70563,0.0756118,2.43179,0.989705,5.8155,5.8155,1622.34,1622.34,606.068,-7939.22,335.673,0.536262,0.979514,0.348278,0,0,200,171,-7939.22,1,1,0,7.50827,7.50827,1089.03,1089.03,-13083.7,-21176.8,290.917,0.213485,0.979359,0.349839,0,0,136,111,-21176.8,1,1,0,3.78214,3.78214,1663.03,1663.03,12833,4500.58,223.684,0.698119,0.979028,0.348177,10,1,245,212,4500.58,1,1,0,3.92091,3.92091,1604.17,1604.17,11934.5,3713.46,223.684,0.579248,0.979028,0.348177,0,1,233,200,3713.46,1,1,0
1330,0.532472,10.6634,0.0305305,6299.28,9480.8,2820.96,0.977571,1.01419,7.60349,1.13668,42.9354,1.77674e+06,8856.19,0.655461,0.770886,0.709147,18.5449,9.20034,0.0617583,0.188944,0.826941,4.35508,4.35508,2166.37,2166.37,-1242.56,-4571.72,335.673,0.0235078,0.900491,0.653354,0,0,212,210,-4571.72,1,1,0,4.51,4.51,1813.03,1813.03,-4398.3,-7699.38,290.917,0.00442145,0.899571,0.662211,0,0,178,177,-7699.38,1,1,0,3.64614,3.64614,1725.06,1725.06,4646.6,1301.07,223.684,1,0.897738,0.620963,9,1,189,167,1301.07,1,1,0,3.65995,3.65995,1718.55,1718.55,4473.99,1146.91,223.684,1,0.897738,0.62171,8,1,188,166,1146.91,1,1,0
1331,0.448977,13.4146,0.281916,5629.56,14199.5,5278.11,1.06904,1.68411,9.51082,1.34773,60.3515,973080,8689,0.616134,0.628477,0.798942,12.8252,9.70627,0.0586915,2.82231,1.6588,28.2003,57.1932,334.561,164.962,-100920,-111794,335.673,4.23526e-05,0.981701,0.774432,0,0,54,27,-105623,1,0,0,70.8596,1050.97,115.394,7.78018,-160839,-169758,290.917,2.02455e-05,0.981531,0.946721,0,0,24,1,-163587,1,0,0,4.95133,8.32106,1270.33,755.891,706.315,-11793.6,223.684,0.700904,0.98118,0.448978,10,1,223,192,-5622.18,1,0,0,5.16023,8.62199,1218.9,729.508,-497.148,-12957.7,223.684,0.581166,0.98118,0.448978,0,1,211,180,-6703.26,1,0,0
1332,0.460946,13.5536,0.020286,5691.56,10528.2,2950.98,1.01112,4.64187,9.563,1.80966,76.5841,1.5291e+06,8852.19,0.624979,0.721107,0.734597,19.2816,1.40541,0.0974262,0.68715,1.68073,3.6695,4.9616,2571.12,1901.55,3487.79,-13237.6,335.673,0.645741,0.875665,0.591624,1,1,206,205,-164.452,1,0,0,3.51557,4.82225,2325.87,1695.63,4820.15,-11953.9,290.917,0.607749,0.874756,0.582924,1,1,192,191,1119.21,1,0,0,3.41136,4.76537,1843.78,1319.9,4253.99,-12318.9,223.684,0.616687,0.87289,0.578587,1,1,159,145,754.234,1,0,0,3.42728,4.786,1835.22,1314.21,4007.66,-12625,223.684,0.549378,0.87289,0.579646,0,1,158,144,532.718,1,0,0
1333,0.589625,17.9169,0.142217,6267.69,12605.8,5340,0.901523,3.52969,8.18832,0.84889,68.9562,958159,8216.59,0.674177,0.715872,0.665555,11.5714,1.36564,0.0945414,0.996879,1.17781,5.83589,7.83137,1616.67,1204.73,-7632.96,-20226,335.673,5.99697e-05,0.902324,0.725369,0,0,182,173,-13411.1,1,0,0,7.12842,9.74736,1147.06,838.868,-19913.1,-32411.2,290.917,4.60324e-05,0.901775,0.758328,0,0,129,124,-25596.3,1,0,0,3.6899,5.38431,1704.6,1168.17,9401.55,-3143.79,223.684,0.260533,0.900595,0.650037,0,0,249,214,3671.11,1,0,0,3.6899,3.6899,1704.6,1704.6,9401.55,3671.11,223.684,0.260533,0.900595,0.650037,0,0,249,214,3671.11,1,1,0
1334,0.589074,16.2061,0.252075,6080.92,10723.3,4450.55,0.937747,2.13552,9.86325,1.84187,67.2855,1.6938e+06,8968.42,0.611979,0.717492,0.841105,17.8635,4.83255,0.0870469,2.52175,1.40425,6.42108,11.466,1469.33,822.844,-9520.2,-26789.1,335.673,0.171122,0.987714,0.589074,0,0,199,137,-14621.1,1,0,0,7.12039,13.2275,1148.36,618.161,-15414.5,-32576.7,290.917,0.123157,0.987617,0.589075,0,0,158,104,-20408.6,1,0,0,4.03643,8.5368,1558.26,736.788,5331.13,-11932.6,223.684,0.379968,0.987413,0.589074,0,0,264,199,235.423,1,0,0,4.03643,8.5368,1558.26,736.788,5331.13,-11932.6,223.684,0.379968,0.987413,0.589074,0,0,264,199,235.423,1,0,0
1335,0.556693,15.718,0.0210933,5266.48,14312.1,2908.05,1.08626,6.8889,8.80152,1.09554,46.5116,1.99537e+06,7709.74,0.707762,0.664795,0.81244,16.6047,2.04303,0.0755257,1.21866,0.925715,7.01427,7.01427,1345.08,1345.08,-44345.2,-48306,335.673,0.616212,0.955897,0.600172,2,1,136,119,-48306,1,1,0,6.02141,6.02141,1357.95,1357.95,-32377.7,-36630,290.917,0.6,0.955567,0.579264,0,0,143,129,-36630,1,1,0,4.50137,4.50137,1397.31,1397.31,-14585.3,-18543.8,223.684,0.61899,0.95487,0.561187,2,1,171,146,-18543.8,1,1,0,4.68419,4.68419,1342.77,1342.77,-16853.4,-20674.7,223.684,0.515889,0.95487,0.562535,0,1,162,137,-20674.7,1,1,0
1336,0.356283,15.7979,0.00546932,6664.29,12496.7,5740.58,1.02083,4.20118,6.13059,1.38955,35.5854,779996,8987.78,0.719264,0.641121,0.797481,6.32644,5.75901,0.0692204,1.92923,0.436743,3.85541,3.85541,2447.14,2447.14,11447.1,4602.84,335.673,0.435377,0.933801,0.377805,0,0,240,227,4602.84,1,1,0,4.00025,4.00025,2044.06,2044.06,8902.28,2205.48,290.917,0.319125,0.93331,0.383194,0,0,201,190,2205.48,1,1,0,2.81205,2.81205,2236.73,2236.73,19396.7,12661.3,223.684,0.6,0.932272,0.359543,0,0,277,253,12661.3,1,1,0,2.81205,2.81205,2236.73,2236.73,19396.7,12747,223.684,0.5,0.932272,0.359543,0,0,277,253,12747,1,1,0
1337,0.478282,11.2456,0.00748432,6014.67,11417.8,6155.99,1.08591,7.38488,13.6673,0.992059,74.597,1.4354e+06,9279.05,0.68242,0.632142,0.92448,18.6898,12.3415,0.0851723,1.65709,0.099961,4.50374,4.50374,2094.86,2094.86,-7669.77,-15535,335.673,0.744846,0.947926,0.487911,12,1,142,117,-15535,1,1,0,3.4407,3.4407,2376.48,2376.48,10040,2053.48,290.917,0.701681,0.947399,0.479811,10,0,179,158,2053.48,1,1,0,2.98715,2.98715,2105.62,2105.62,14323.9,6905,223.684,0.733235,0.946341,0.478808,12,1,182,151,6905,1,1,0,3.0881,3.0881,2036.79,2036.79,12931.9,5640.69,223.684,0.615912,0.946341,0.478989,2,1,172,141,5640.69,1,1,0
1338,0.563444,12.4605,0.153381,5944.11,8925,3370.93,0.962024,5.07972,12.0127,1.29068,55.0427,1.48906e+06,9115.37,0.734002,0.589892,0.859835,18.6564,5.60767,0.0504764,2.59823,1.30741,4.97269,7.4419,1897.31,1267.78,-4660.53,-26488.9,335.673,0.671082,0.984743,0.563444,6,1,153,103,-9382.64,1,0,0,3.58802,5.34565,2278.9,1529.61,13341.6,-8710.37,290.917,0.655344,0.984592,0.563444,6,1,187,143,8395.88,1,0,0,3.16313,5.04658,1988.47,1246.35,15369.8,-6195.38,223.684,0.662725,0.984283,0.563444,6,1,189,137,10910.9,1,0,0,3.31011,4.86343,1900.18,1293.29,13528.2,-5059.56,223.684,0.554972,0.984283,0.563444,0,1,179,127,9179.38,1,0,0
1339,0.412339,8.54795,0.243479,5449.91,14313.4,5972.18,1.04331,0.126301,5.41309,0.573929,35.0255,1.83038e+06,8879.32,0.743143,0.675419,0.650495,10.2712,6.107,0.0762139,0.468371,1.33843,646.283,inf,14.5984,-47.3996,-397748,-395368,335.673,9.44495e-06,0.865714,0.865028,0,0,2,1,-390173,1,0,0,586.133,inf,13.9503,-48.6774,-349422,-348812,290.917,9.84027e-06,0.864244,0.863492,0,0,2,1,-343617,1,0,0,4.19193,6.98913,1500.46,899.942,73.1845,-11956.4,223.684,0.649792,0.861379,0.597895,6,1,260,259,-6761.48,1,0,0,4.35797,7.2271,1443.29,870.309,-1079.32,-13096.9,223.684,0.542083,0.861379,0.607507,0,1,247,246,-7795.1,1,0,0
1340,0.330332,17.4433,0.038228,5770.88,11827.7,3395.24,1.05441,7.30781,6.15786,0.59789,56.7484,862080,8702.75,0.667137,0.547098,0.916668,16.9016,4.47779,0.083933,0.293374,1.33053,2.54199,3.26714,3711.55,2887.76,25934.4,11079.3,335.673,0.597998,0.8061,0.430013,0,0,301,300,21107.8,1,0,0,2.5733,3.32605,3177.54,2458.39,24565.3,9844.59,290.917,0.500607,0.80506,0.433808,0,0,259,258,19873,1,0,0,1.99992,2.76724,3145.04,2272.95,26679.7,12118.7,223.684,0.6,0.802836,0.385454,0,0,324,323,22147.1,1,0,0,1.99992,2.76724,3145.04,2272.95,26679.7,11915.5,223.684,0.5,0.802836,0.385454,0,0,324,323,22256.1,1,0,0
1341,0.543289,13.196,0.0373831,5691.49,9995.37,3186.98,1.09514,6.85971,5.96514,1.12208,63.7705,1.35903e+06,8442.18,0.613369,0.860629,0.818906,8.36956,6.48084,0.087688,1.89706,1.12481,5.4055,7.36141,1745.39,1281.65,-21869.7,-38772.2,335.673,0.678356,0.964833,0.560336,6,1,134,95,-26033.2,1,0,0,4.30693,5.96563,1898.51,1370.64,-5603.12,-22902.7,290.917,0.6,0.964516,0.54749,0,0,156,123,-10163.7,1,0,0,3.62815,5.38271,1733.61,1168.52,2342.77,-14661.3,223.684,0.658899,0.963866,0.544536,6,1,173,128,-1922.36,1,0,0,3.74611,5.51829,1679.02,1139.81,789.998,-16199.8,223.684,0.556129,0.963866,0.544911,0,1,164,119,-3339.58,1,0,0
1342,0.444529,13.2589,0.170564,5579.87,14145.5,3236.82,0.903635,5.08217,5.61744,1.00243,45.995,1.92822e+06,8190.45,0.63469,0.527874,0.830885,5.4559,11.3677,0.0725541,2.53393,0.684802,5.35861,5.35861,1760.66,1760.66,-10286,-14206.3,335.673,0.296844,0.978209,0.44453,0,0,218,170,-14206.3,1,1,0,5.94685,5.94685,1374.97,1374.97,-16502.5,-20261.3,290.917,0.180766,0.978006,0.444536,0,0,172,131,-20261.3,1,1,0,3.45416,3.45416,1820.94,1820.94,4243.08,204.934,223.684,0.6,0.977588,0.444529,0,0,283,232,204.934,1,1,0,3.45416,3.45416,1820.94,1820.94,4243.08,275.673,223.684,0.5,0.977588,0.444529,0,0,283,232,275.673,1,1,0
1343,0.469318,10.9443,0.0702887,6113.17,8381.08,5495.39,1.09045,4.27819,5.59057,1.42369,30.4624,1.54822e+06,9131.31,0.698642,0.834967,0.96135,8.11906,11.8016,0.087257,2.7693,0.484073,3.87185,3.87185,2436.74,2436.74,7364.25,341.94,335.673,0.751273,0.98702,0.469318,12,1,202,156,341.94,1,1,0,3.68662,3.68662,2217.95,2217.95,9062.05,2144.72,290.917,0.6,0.986874,0.469318,0,0,183,143,2144.72,1,1,0,2.88133,2.88133,2182.96,2182.96,15864.9,9276.31,223.684,0.623773,0.986581,0.469318,3,0,231,183,9276.31,1,1,0,2.88631,2.88631,2179.19,2179.19,15836.5,9343.24,223.684,0.613187,0.986581,0.469318,2,1,230,182,9343.24,1,1,0
1344,0.594643,10.5131,0.219064,5924.19,10198.5,6393.95,0.978318,3.62341,6.57112,0.556865,61.0803,1.87477e+06,8694.92,0.660868,0.596499,0.688227,12.2598,6.47377,0.0547921,1.19978,0.13141,6.02069,6.02069,1567.05,1567.05,-14381.9,-21837.9,335.673,0.675275,0.957801,0.603071,6,1,140,101,-21837.9,1,1,0,4.45209,4.45209,1836.61,1836.61,2567.19,-5197.26,290.917,0.640099,0.957351,0.595732,4,0,173,140,-5197.26,1,1,0,3.84674,3.84674,1635.1,1635.1,6390.58,-999.004,223.684,0.663997,0.956452,0.595003,6,1,178,132,-999.004,1,1,0,4.02384,4.02384,1563.14,1563.14,4488.22,-2781.24,223.684,0.552475,0.956452,0.595182,0,1,168,122,-2781.24,1,1,0
1345,0.482163,15.0539,0.284891,6691.62,11757.8,5484.47,1.0676,3.8574,13.4787,0.751503,32.0048,1.29601e+06,8269.8,0.702751,0.841288,0.859791,5.86651,6.15919,0.0616637,2.20457,0.296017,7.18682,7.18682,1312.78,1312.78,-8060.54,-14946,335.673,0.676581,0.986852,0.482222,6,1,158,113,-14946,1,1,0,6.58437,6.58437,1241.84,1241.84,-4299.67,-11227.3,290.917,0.6,0.986741,0.482182,0,0,151,112,-11227.3,1,1,0,4.84049,4.84049,1299.42,1299.42,6838.92,278.134,223.684,0.679438,0.986508,0.482164,6,1,185,137,278.134,1,1,0,5.0443,5.0443,1246.92,1246.92,5379.28,-1071.01,223.684,0.560607,0.986508,0.482164,0,1,176,128,-1071.01,1,1,0
1346,0.427494,10.7906,0.22981,6785.36,10378.7,6546.76,1.00894,6.15377,13.2823,0.814388,51.6397,2.13013e+06,8969.58,0.70001,0.788106,0.748756,7.40009,3.53585,0.0572306,1.17236,1.2566,5.86734,8.04188,1608.01,1173.2,-6046.2,-27025.9,335.673,0.644682,0.953532,0.502264,4,1,120,75,-13830.7,1,0,0,3.88999,5.35285,2102,1527.55,19405.3,-2021.39,290.917,0.633685,0.953034,0.437163,4,1,167,129,11173.7,1,0,0,3.38555,4.93438,1857.84,1274.69,20534.7,-418.68,223.684,0.641089,0.952038,0.431709,4,1,174,122,12776.4,1,0,0,3.53369,5.12895,1779.96,1226.33,18802.4,-2104.51,223.684,0.532105,0.952038,0.433213,0,1,164,112,11169.1,1,0,0
1347,0.410995,8.77051,0.263153,5487.73,11337.1,5457.39,1.01293,4.10513,12.8315,1.16074,71.2388,866018,7508.21,0.690805,0.86839,0.662849,19.2566,13.6828,0.0669919,0.956626,1.53614,5.35886,7.15212,1760.58,1319.15,-2298.63,-14872.8,335.673,0.0314442,0.889251,0.688826,0,0,170,169,-8273.67,1,0,0,5.5849,7.53868,1464.08,1084.64,-5014.99,-17554.1,290.917,0.00507854,0.888001,0.699384,0,0,142,141,-10954.9,1,0,0,4.42098,6.12007,1422.72,1027.73,4442.3,-8213.53,223.684,1,0.885558,0.645348,14,1,153,145,-1614.4,1,0,0,4.42098,4.42098,1422.72,1422.72,4442.3,-1603.91,223.684,1,0.885558,0.645348,14,1,153,145,-1603.91,1,1,0
1348,0.425286,17.2101,0.155876,5273.15,9850.21,6486.61,0.971876,1.4082,11.1471,0.870252,79.9424,886747,9026.24,0.623675,0.848093,0.803084,12.4076,5.04294,0.0672097,0.0726368,1.81525,4.26928,6.68885,2209.91,1410.51,682.229,-15891.3,335.673,0.00108631,0.880498,0.643029,0,0,228,227,-6282.73,1,0,0,4.65989,7.42283,1754.71,1101.57,-3923.84,-20470.8,290.917,0.000113827,0.879773,0.66502,0,0,181,180,-10862.2,1,0,0,3.44295,5.79057,1826.87,1086.22,7166.13,-9403.78,223.684,1,0.878227,0.590521,5,1,213,207,204.818,1,0,0,3.45415,5.80551,1820.94,1083.42,7063.44,-9604.72,223.684,0.99005,0.878227,0.591377,4,1,212,206,119.938,1,0,0
1349,0.33552,12.5176,0.249696,6504.92,8910.58,7382.61,1.06569,0.465421,12.2349,0.706494,48.5151,1.54273e+06,9021.4,0.642887,0.780435,0.749265,17.3465,5.45435,0.068697,0.750332,0.167834,4.31004,4.31004,2189.01,2189.01,13945.7,5828.64,335.673,1,0.857125,0.612127,5,1,209,208,5828.64,1,1,0,4.18248,4.18248,1955,1955,13790.8,5700.23,290.917,0.814105,0.855981,0.605211,5,1,192,191,5700.23,1,1,0,3.62797,3.62797,1733.7,1733.7,17004,8985.08,223.684,0.618394,0.853658,0.568146,5,1,181,180,8985.08,1,1,0,4.08268,4.08268,1540.61,1540.61,12212.3,4321.1,223.684,0.526226,0.853658,0.600996,0,1,158,157,4321.1,1,1,0
1350,0.538425,12.5628,0.054871,6881.56,8257.98,4454.8,0.952803,1.00949,12.3848,1.39636,31.0063,1.45624e+06,7857.06,0.656679,0.560672,0.650523,8.09934,6.58813,0.0732912,0.510517,1.62805,4.0237,6.12276,2344.78,1540.93,11354.9,-11316.3,335.673,0.922453,0.872542,0.618656,7,1,222,221,6156.88,1,0,0,3.70252,5.77246,2208.43,1416.51,14156.2,-8578.93,290.917,0.6,0.871604,0.606084,0,0,218,217,8894.28,1,0,0,3.04532,4.96352,2065.4,1267.21,19688.3,-3045.18,223.684,0.66707,0.869702,0.580239,7,1,224,214,14428,1,0,0,3.14775,4.8668,1998.19,1292.39,18565.2,-2389.32,223.684,0.564036,0.869702,0.584454,0,1,214,204,13411.5,1,0,0
1351,0.551315,13.1758,0.0205044,6645.61,9103.53,3249.71,0.998448,2.01153,13.8931,1.61581,54.6452,1.7077e+06,7475.34,0.723663,0.719618,0.822531,6.32783,2.04564,0.0718167,0.805838,1.19484,5.13727,7.47823,1836.52,1261.62,-8700.28,-27495.5,335.673,0.687813,0.896656,0.689421,2,1,180,179,-12579.4,1,0,0,4.98693,7.41492,1639.64,1102.74,-7603.27,-26421.2,290.917,0.6,0.89588,0.68462,0,0,166,165,-11505.1,1,0,0,3.80004,5.90176,1655.2,1065.75,5206.14,-13782.8,223.684,0.616012,0.894296,0.634745,2,1,189,176,1133.26,1,0,0,3.95165,6.1067,1591.69,1029.98,3370.22,-15560.7,223.684,0.516471,0.894296,0.641939,0,1,179,166,-575.374,1,0,0
1352,0.385319,17.7805,0.196786,5135.8,14670.6,3176.98,1.01203,2.94187,12.3234,1.5279,43.8138,1.09358e+06,8827.42,0.702333,0.635931,0.758893,16.7082,5.27099,0.0745236,0.866181,0.602633,5.94627,5.94627,1586.66,1586.66,-13545.8,-17257.7,335.673,0.828687,0.840185,0.665605,3,0,197,196,-17257.7,1,1,0,40.624,40.624,201.279,201.279,-173935,-174003,290.917,2.99497e-05,0.839307,0.818161,0,0,24,23,-174003,1,1,0,4.45196,4.45196,1412.82,1412.82,-2572.54,-6424.14,223.684,0.628311,0.837423,0.606721,5,1,193,192,-6424.14,1,1,0,4.66792,4.66792,1347.45,1347.45,-4331.16,-8050.23,223.684,0.539837,0.837423,0.617363,0,1,183,182,-8050.23,1,1,0
1353,0.391139,11.85,0.0155858,5544.87,12027.8,5487.39,1.0485,7.13933,12.3646,0.91427,74.6388,1.08904e+06,7799.74,0.69674,0.85431,0.801943,10.2325,13.0976,0.0876298,2.57673,1.45159,7.03565,9.89229,1340.99,953.744,-34272.2,-47631.9,335.673,0.762733,0.985256,0.391404,13,1,149,100,-41290.9,1,0,0,6.42362,9.08124,1272.92,900.401,-28102.6,-41418.8,290.917,0.6,0.985101,0.391233,0,0,142,99,-35077.9,1,0,0,4.55942,6.94191,1379.52,906.063,-7793.58,-20715.7,223.684,0.736068,0.984788,0.39114,13,1,192,140,-14374.7,1,0,0,4.72285,7.14511,1331.78,880.295,-9468.92,-22363.6,223.684,0.622194,0.984788,0.39114,3,1,182,130,-15922.7,1,0,0
1354,0.5623,17.0964,0.267744,5171.11,11422.7,5235.52,0.994327,1.9127,13.0408,1.78167,65.5752,1.87366e+06,9392.04,0.700821,0.848891,0.654106,11.8971,1.96761,0.0571008,0.610128,1.97871,5.0825,5.0825,1856.31,1856.31,-6525.91,-12264.3,335.673,0.00422454,0.909108,0.709129,0,0,198,197,-12264.3,1,1,0,5.6357,5.6357,1450.89,1450.89,-12859.5,-18549.9,290.917,0.000105049,0.908554,0.729897,0,0,155,154,-18549.9,1,1,0,4.22676,4.22676,1488.09,1488.09,-1505.96,-7212.21,223.684,0.828346,0.907371,0.674669,2,1,178,161,-7212.21,1,1,0,4.24454,4.24454,1481.86,1481.86,-1675.05,-7363.34,223.684,0.700177,0.907371,0.67551,1,1,177,160,-7363.34,1,1,0
1355,0.307191,19.2745,0.207466,6568.63,10690.3,3421.18,1.03606,2.55679,10.5635,1.41773,50.2162,1.18765e+06,7418.36,0.67548,0.625615,0.790624,19.8819,4.12631,0.0675353,2.4579,0.758835,6.83731,6.83731,1379.89,1379.89,-10332.1,-14544.3,335.673,0.213433,0.975918,0.308509,0,0,174,145,-14544.3,1,1,0,10.9948,10.9948,743.691,743.691,-40158.1,-43942.1,290.917,0.163917,0.975757,0.355366,0,0,96,71,-43942.1,1,1,0,3.75311,3.75311,1675.89,1675.89,10953.9,6508.86,223.684,0.6,0.975406,0.307192,0,0,269,236,6508.86,1,1,0,3.75311,3.75311,1675.89,1675.89,10953.9,6612.26,223.684,0.5,0.975406,0.307192,0,0,269,236,6612.26,1,1,0
1356,0.456137,15.9304,0.28566,6138.34,12958.9,6910.52,0.997059,1.78412,7.13029,1.422,68.1014,1.84094e+06,7859.58,0.605945,0.76868,0.814642,9.74796,3.83076,0.0500068,2.57803,1.25488,53.8411,418.312,175.233,22.5542,-132790,-143858,335.673,1.71709e-05,0.984822,0.937415,0,0,47,1,-138580,1,0,0,53.0547,621.135,154.119,13.1642,-128226,-139174,290.917,1.71996e-05,0.9847,0.936557,0,0,41,1,-133896,1,0,0,5.77036,10.7084,1090.02,587.37,-4614.15,-17760.3,223.684,0.6,0.984443,0.456146,0,0,221,171,-12481.9,1,0,0,5.7903,10.7394,1086.27,585.674,-4728.15,-17893.3,223.684,0.523202,0.984443,0.456147,0,1,220,170,-12492.3,1,0,0
1357,0.439103,13.1802,0.094166,6016.66,8988.82,7283.74,1.03186,4.36593,5.84542,0.819273,47.0603,1.71106e+06,7484.12,0.630168,0.635314,0.813107,12.0972,4.0559,0.0514115,1.39133,0.521665,3.69854,3.69854,2550.93,2550.93,9032.87,402.21,335.673,0.599798,0.943057,0.444578,0,0,225,201,402.21,1,1,0,3.71707,3.71707,2199.79,2199.79,7583.19,-886.946,290.917,0.479211,0.942558,0.445032,0,0,194,174,-886.946,1,1,0,2.72981,2.72981,2304.12,2304.12,16031.3,7683.17,223.684,0.6,0.941533,0.439705,0,0,263,231,7683.17,1,1,0,2.75268,2.75268,2284.98,2284.98,15906.4,7663.1,223.684,0.520313,0.941533,0.439751,0,1,258,226,7663.1,1,1,0
1358,0.507038,16.9735,0.145847,6089.88,9932.91,3766.08,1.03483,4.93669,9.19044,0.863319,56.0882,874991,8965.31,0.621045,0.771276,0.900924,14.5222,13.41,0.080321,2.17355,0.410056,5.01214,5.01214,1882.37,1882.37,-635.112,-5919.16,335.673,0.743662,0.98619,0.507038,13,1,179,130,-5919.16,1,1,0,4.29896,4.29896,1902.03,1902.03,6673.32,1311.94,290.917,0.6,0.986086,0.507038,0,0,186,143,1311.94,1,1,0,3.48971,3.48971,1802.39,1802.39,12509.2,7625.81,223.684,0.727795,0.985863,0.507038,13,1,214,163,7625.81,1,1,0,3.61231,3.61231,1741.22,1741.22,11467.5,6699.37,223.684,0.611274,0.985863,0.507038,2,1,203,152,6699.37,1,1,0
1359,0.349018,13.4948,0.222507,5547.01,12591.3,3534.41,1.04189,4.25702,5.91686,1.21213,76.1393,1.81669e+06,8557.39,0.609599,0.745548,0.99695,6.33603,10.2112,0.0938001,0.955823,0.298263,4.04906,4.04906,2330.1,2330.1,5233.33,1198.76,335.673,0.0392706,0.853731,0.591979,0,0,232,231,1198.76,1,1,0,4.31048,4.31048,1896.95,1896.95,1158.83,-2845.87,290.917,0.0060662,0.852649,0.609509,0,0,189,188,-2845.87,1,1,0,2.81288,2.81288,2236.07,2236.07,13371.3,8927.94,223.684,0.6,0.85043,0.493619,0,0,283,282,8927.94,1,1,0,2.81288,2.81288,2236.07,2236.07,13371.3,9058.83,223.684,0.503616,0.85043,0.493619,0,0,283,282,9058.83,1,1,0
1360,0.500499,12.9731,0.0728337,6174.71,11353.5,3569.61,1.06466,7.61485,6.69304,0.856732,40.0079,2.06927e+06,9096.87,0.647921,0.704379,0.659752,15.7465,12.9573,0.0652955,0.0533128,0.0643072,3.69344,3.69344,2554.45,2554.45,11046.5,6389.99,335.673,1,0.883241,0.603901,13,1,161,160,6389.99,1,1,0,3.12188,3.12188,2619.18,2619.18,19649.5,14952.2,290.917,0.781388,0.882357,0.571855,13,1,178,177,14952.2,1,1,0,2.78478,2.78478,2258.64,2258.64,21645.9,17057.2,223.684,0.798138,0.880554,0.55449,13,1,168,151,17057.2,1,1,0,2.87384,2.87384,2188.64,2188.64,20226.7,15760.9,223.684,0.66835,0.880554,0.559617,5,1,160,143,15760.9,1,1,0
1361,0.41302,14.3034,0.162555,5148.33,13390.6,4437.11,1.00814,7.96302,5.2384,1.53212,45.6529,1.97497e+06,9325.23,0.71816,0.851362,0.788609,11.776,12.1489,0.0700948,2.12895,1.44762,4.7522,6.57925,1985.34,1434.01,-9827.33,-22713,335.673,0.65036,0.985361,0.413021,5,0,204,146,-15519.7,1,0,0,4.71577,6.56109,1733.92,1246.25,-10591.6,-23329.8,290.917,0.531432,0.985232,0.413021,0,0,177,127,-16136.4,1,0,0,3.57543,5.46914,1759.17,1150.05,309.613,-12278.6,223.684,0.6,0.984962,0.41302,0,0,232,172,-5085.24,1,0,0,3.57543,5.46914,1759.17,1150.05,309.613,-12373.1,223.684,0.563276,0.984962,0.41302,0,0,232,172,-4993.5,1,0,0
1362,0.485614,11.8127,0.19784,6254.47,14279.8,6766.14,0.938656,6.69917,8.00206,0.962832,74.2797,763293,8620.23,0.61727,0.59842,0.949851,7.62522,9.1217,0.0604938,1.81924,0.291918,4.73448,4.73448,1992.77,1992.77,7253.81,-764.492,335.673,0.666342,0.945692,0.497514,8,0,199,162,-764.492,1,1,0,4.8485,4.8485,1686.45,1686.45,5450.07,-2375.89,290.917,0.513055,0.94517,0.499832,0,0,168,137,-2375.89,1,1,0,3.32907,3.32907,1889.36,1889.36,16124.2,8367.66,223.684,0.657518,0.944113,0.486848,7,0,247,201,8367.66,1,1,0,3.41503,3.41503,1841.8,1841.8,15720.5,8066.68,223.684,0.559957,0.944113,0.487128,0,1,235,189,8066.68,1,1,0
1363,0.312029,9.251,0.293643,6413.42,13763.6,5479.8,1.03593,6.44237,14.7,0.727874,53.0939,1.55957e+06,7863.51,0.616713,0.818987,0.868994,11.4581,8.27751,0.05714,1.38409,1.35255,7.12777,9.17081,1323.66,1028.78,-12788.5,-25618.2,335.673,0.976808,0.94745,0.566224,8,1,125,100,-19066,1,0,0,6.01389,7.81149,1359.65,1046.76,-3249.85,-16249.5,290.917,0.6,0.946805,0.487915,0,0,134,114,-9697.32,1,0,0,4.11405,5.64897,1528.86,1113.44,10954,-2227.84,223.684,0.678345,0.94553,0.358684,8,1,191,157,4324.37,1,0,0,4.26747,5.81466,1473.9,1081.72,9856.96,-3266.27,223.684,0.562795,0.94553,0.367338,0,1,179,145,3397.76,1,0,0
1364,0.438518,12.9782,0.223411,6303.03,9289.45,2837.77,0.915424,2.92842,8.78931,0.727421,45.8944,2.12001e+06,7585.3,0.61864,0.775803,0.994261,11.91,7.6183,0.0942049,2.69607,1.73922,5.78552,9.69769,1630.75,972.883,-6687.76,-24277.7,335.673,0.452448,0.984867,0.438525,0,0,211,140,-10454.9,1,0,0,6.02756,10.2916,1356.56,794.511,-9950.34,-27388.5,290.917,0.332417,0.984721,0.438532,0,0,176,115,-13565.7,1,0,0,3.80734,7.44892,1652.02,844.392,6169.89,-11376.7,223.684,0.6,0.984422,0.438518,0,0,269,195,2446.07,1,0,0,3.80734,7.44892,1652.02,844.392,6169.89,-11503.4,223.684,0.510176,0.984422,0.438518,0,0,269,195,2534.12,1,0,0
1365,0.456675,9.48628,0.0354393,5690.21,8640.29,4864.9,0.943791,4.63827,7.40893,0.690842,31.8649,1.64809e+06,9132.52,0.640473,0.612507,0.899696,14.6111,9.96393,0.078606,2.18177,1.6932,3.36739,4.98239,2801.79,1893.61,8752.01,-12317.9,335.673,0.701031,0.982474,0.456675,10,1,224,169,2623.21,1,0,0,3.04518,4.55792,2685.14,1793.97,12788.9,-8325.14,290.917,0.6,0.982253,0.456675,0,0,219,172,6616.02,1,0,0,2.39591,4.03934,2625.22,1557.14,17737.6,-3029.9,223.684,0.678912,0.981816,0.456675,10,1,272,215,11911.3,1,0,0,2.44921,4.0658,2568.1,1547,17402.1,-3487.49,223.684,0.569321,0.981816,0.456675,0,1,259,202,11670.7,1,0,0
1366,0.364298,12.9253,0.1426,6578.49,9186.08,2951.66,1.05843,2.81178,9.03449,1.15963,50.9477,1.18549e+06,7890.23,0.630331,0.668674,0.903487,19.057,10.1237,0.0852437,1.27674,0.59793,3.9988,3.9988,2359.39,2359.39,14462.6,10095.4,335.673,0.580307,0.938523,0.386611,0,0,221,206,10095.4,1,1,0,4.08053,4.08053,2003.85,2003.85,12452.3,8275.92,290.917,0.447482,0.937972,0.390079,0,0,188,176,8275.92,1,1,0,2.82577,2.82577,2225.87,2225.87,21568.5,17489.6,223.684,0.6,0.936844,0.367026,0,0,269,245,17489.6,1,1,0,2.8354,2.8354,2218.31,2218.31,21545.7,17577.7,223.684,0.562232,0.936844,0.367098,0,1,267,243,17577.7,1,1,0
1367,0.341887,14.6832,0.176631,6379.46,13484.7,4531.07,0.987014,6.27485,8.01339,0.50456,55.0301,1.04182e+06,9187.04,0.602094,0.527606,0.67663,16.476,8.79295,0.0940946,0.160137,0.248812,4.07961,4.07961,2312.65,2312.65,15844.6,10512.9,335.673,0.69099,0.807276,0.542737,9,1,187,186,10512.9,1,1,0,2.87783,2.87783,2841.29,2841.29,29077.9,23201.6,290.917,0.6,0.806072,0.459292,0,0,253,252,23201.6,1,1,0,2.33028,2.33028,2699.16,2699.16,31232.4,25552.9,223.684,0.649123,0.803574,0.416247,9,1,275,274,25552.9,1,1,0,2.42315,2.42315,2595.72,2595.72,30882.8,25351.5,223.684,0.544551,0.803574,0.42399,0,1,257,256,25351.5,1,1,0
1368,0.356542,19.1685,0.0439869,5323.83,14396.8,4517.6,0.999609,1.37465,11.7388,1.31356,50.3166,1.77742e+06,9156.58,0.641475,0.739031,0.746339,10.7368,6.83624,0.0794197,2.62826,0.886129,56.582,56.582,166.744,166.744,-194457,-196715,335.673,2.58459e-05,0.980974,0.94158,0,0,40,1,-196715,1,1,0,55.5924,55.5924,147.084,147.084,-185029,-187182,290.917,2.6057e-05,0.980846,0.940663,0,0,35,1,-187182,1,1,0,5.24969,5.24969,1198.13,1198.13,-13385.2,-18844.2,223.684,0.66413,0.980566,0.35658,7,1,231,186,-18844.2,1,1,0,5.47468,5.47468,1148.89,1148.89,-15135.7,-20479.6,223.684,0.552584,0.980566,0.356607,0,1,219,174,-20479.6,1,1,0
1369,0.403242,8.43467,0.12959,5443.99,14478.1,5741.76,1.09748,1.73337,11.3447,0.947454,43.873,1.90688e+06,8655.62,0.749444,0.855156,0.854333,19.5447,9.77973,0.0590142,2.95393,0.362578,18.4763,18.4763,510.639,510.639,-92821.2,-98895.3,335.673,0.679195,0.986395,0.579962,4,0,82,45,-98895.3,1,1,0,56.7241,56.7241,144.149,144.149,-177757,-181304,290.917,3.1352e-05,0.986204,0.947041,0,0,33,1,-181304,1,1,0,6.62765,6.62765,949.026,949.026,-20348.4,-27153.1,223.684,0.726178,0.985828,0.403326,10,1,175,135,-27153.1,1,1,0,6.86175,6.86175,916.648,916.648,-22137.5,-28817.3,223.684,0.615542,0.985828,0.403371,2,1,167,127,-28817.3,1,1,0
1370,0.329043,15.4575,0.0852017,6238.47,10087.5,5247.27,0.947034,0.309553,5.27343,1.32872,48.4565,2.11888e+06,8607.99,0.650473,0.547127,0.832837,16.8625,3.03689,0.0856658,1.90356,0.747016,5.2621,5.2621,1792.95,1792.95,-10086.6,-15938.2,335.673,0.15786,0.920733,0.418392,0,0,213,207,-15938.2,1,1,0,9.30735,9.30735,878.527,878.527,-50841.5,-56136.3,290.917,0.0071978,0.920143,0.636502,0,0,103,99,-56136.3,1,1,0,2.84676,2.84676,2209.46,2209.46,11198.7,5122.91,223.684,0.6,0.918902,0.333359,0,0,336,317,5122.91,1,1,0,2.84676,2.84676,2209.46,2209.46,11198.7,5163.21,223.684,0.5,0.918902,0.333359,0,0,336,317,5163.21,1,1,0
1371,0.584196,13.4928,0.0356483,5613.45,13882.4,6873.77,0.903911,4.87152,10.1132,1.90314,62.1222,2.10857e+06,9301.65,0.631689,0.552799,0.916907,5.41928,8.16994,0.0873903,2.3046,1.13764,5.81751,8.44934,1621.78,1116.62,-23288.5,-36952,335.673,0.68033,0.98436,0.584196,8,1,193,138,-31227,1,0,0,5.39641,7.90323,1515.22,1034.61,-19615.1,-33308.3,290.917,0.6,0.984216,0.584196,0,0,182,135,-27583.4,1,0,0,3.91276,6.12973,1607.51,1026.11,-4550.88,-18013.3,223.684,0.673108,0.983919,0.584196,8,1,230,172,-12288.3,1,0,0,4.07738,6.36148,1542.61,988.734,-6292.68,-19722.3,223.684,0.560382,0.983919,0.584196,0,1,218,160,-13924.6,1,0,0
1372,0.421498,8.24313,0.153613,5307.89,11753.6,2581.38,0.922275,5.50831,5.362,1.80357,74.564,1.25892e+06,8912.03,0.674357,0.689827,0.99778,6.7488,7.7509,0.0706974,1.51807,1.28869,4.85413,6.76816,1943.65,1393.99,-7400.96,-21160,335.673,0.449122,0.949355,0.446429,0,0,185,132,-11008.9,1,0,0,4.77261,6.67498,1713.27,1224.98,-7305.33,-20946.5,290.917,0.36757,0.948677,0.445609,0,0,161,116,-10795.3,1,0,0,3.33435,5.22401,1886.37,1204.02,6384.13,-7274.86,223.684,0.6,0.947353,0.424296,0,0,240,179,2876.26,1,0,0,3.33435,5.22401,1886.37,1204.02,6384.13,-7502.6,223.684,0.5,0.947353,0.424296,0,0,240,179,2945.35,1,0,0
1373,0.542691,10.9946,0.0496899,5371.77,13759.5,6369.99,0.9489,0.0268983,11.7736,1.36464,62.4838,1.65582e+06,8766.56,0.634405,0.612492,0.722381,8.27017,7.95077,0.0808407,0.709929,0.436648,642.027,642.027,14.6952,14.6952,-477617,-467712,335.673,1.75233e-05,0.883444,0.882732,0,0,2,1,-467712,1,1,0,579.467,579.467,14.1108,14.1108,-417096,-409401,290.917,1.81965e-05,0.882451,0.881667,0,0,2,1,-409401,1,1,0,4.21348,4.21348,1492.78,1492.78,-5341.34,-11954.3,223.684,0.0157161,0.88047,0.63607,0,0,274,273,-11954.3,1,1,0,4.21348,4.21348,1492.78,1492.78,-5341.34,-11954.3,223.684,0.0157161,0.88047,0.63607,0,0,274,273,-11954.3,1,1,0
1374,0.592325,9.42182,0.177161,5390.91,11838.6,2613.29,1.04518,4.08629,14.3581,1.12711,62.3081,902279,8271.48,0.683947,0.610772,0.79994,6.25255,7.64064,0.0742275,2.7362,0.454592,8.63874,8.63874,1092.14,1092.14,-36018.5,-39888.9,335.673,0.715585,0.98683,0.59233,8,1,122,85,-39888.9,1,1,0,6.44033,6.44033,1269.62,1269.62,-17733,-21843.3,290.917,0.6,0.986663,0.592325,0,0,143,111,-21843.3,1,1,0,5.08822,5.08822,1236.15,1236.15,-6132.06,-9799.59,223.684,0.703648,0.986332,0.592325,8,1,160,121,-9799.59,1,1,0,5.35131,5.35131,1175.38,1175.38,-8338.26,-11872.2,223.684,0.587234,0.986332,0.592325,0,1,151,112,-11872.2,1,1,0
1375,0.324221,10.6015,0.0509091,5952.08,9021.25,4021.45,1.05516,3.015,14.0749,1.54754,70.8437,891694,8368,0.660098,0.755468,0.953394,12.2814,10.7534,0.06665,2.06505,1.73193,5.17456,8.09226,1823.29,1165.89,-9405.7,-29073.6,335.673,0.713283,0.981873,0.324236,11,1,181,139,-14963.4,1,0,0,4.83834,7.64514,1689.99,1069.54,-5905.33,-25528.5,290.917,0.6,0.981664,0.324227,0,0,169,133,-11418.3,1,0,0,3.37682,6.02758,1862.65,1043.5,8735.55,-10528.8,223.684,0.684809,0.981246,0.324221,11,1,236,192,3581.42,1,0,0,3.48546,6.12757,1804.58,1026.48,7790.5,-11539,223.684,0.578093,0.981246,0.324221,0,1,223,179,2760.32,1,0,0
1376,0.495501,11.2948,0.217078,6185.04,8554.54,6898.32,1.0131,6.33905,7.05712,1.88471,38.2571,857203,8177.84,0.734526,0.664103,0.943352,10.1108,10.8474,0.0836208,1.64569,1.88978,3.25914,4.41478,2894.85,2137.08,31095.7,10197,335.673,0.72438,0.951806,0.496189,11,1,206,165,22636.6,1,0,0,3.03051,4.15349,2698.15,1968.65,32723.9,11826.8,290.917,0.6,0.951318,0.495879,0,0,197,162,24266.3,1,0,0,2.43682,3.68764,2581.15,1705.65,31880.1,11417.7,223.684,0.702045,0.950337,0.495547,11,1,246,199,23857.3,1,0,0,2.48445,3.71047,2531.68,1695.15,32178.5,11596.8,223.684,0.585862,0.950337,0.495558,0,1,234,187,24251.9,1,0,0
1377,0.561423,12.8157,0.0585725,5410.3,14700.5,5952.07,0.951009,0.311126,12.4265,1.23432,45.0549,2.14072e+06,9292.64,0.739188,0.837859,0.936018,19.5939,5.28458,0.0623726,2.04625,1.28489,55.1582,inf,171.048,-26.4164,-144337,-154909,335.673,3.30543e-05,0.989052,0.936502,0,0,64,1,-149360,1,0,0,53.7017,inf,152.262,-28.5372,-139955,-150404,290.917,3.30237e-05,0.988945,0.934252,0,0,56,1,-144855,1,0,0,7.87744,18.4535,798.459,340.847,-27045.2,-39351.9,223.684,0.65733,0.988726,0.561443,5,1,188,121,-33802.7,1,0,0,8.30757,8.30757,757.118,757.118,-29363,-36006,223.684,0.550008,0.988726,0.561465,0,1,179,112,-36006,1,1,0
1378,0.49027,14.3485,0.268886,6373.98,10980.6,3359.98,1.00435,0.388526,12.9307,0.648962,32.5295,978649,8676.24,0.706959,0.671562,0.867138,12.091,5.55979,0.0663735,1.53558,1.11365,7.33639,12.1154,1286.02,778.74,-10446.9,-28331.7,335.673,0.519913,0.950263,0.584851,0,0,161,146,-14808.1,1,0,0,52.6354,300.826,155.347,27.181,-170504,-184238,290.917,2.46755e-05,0.949857,0.923063,0,0,20,8,-170714,1,0,0,4.20717,7.54617,1495.02,833.51,9965.66,-7980.64,223.684,0.653772,0.949014,0.498419,6,1,222,196,5542.95,1,0,0,4.3764,7.81014,1437.21,805.339,8857.15,-9054.56,223.684,0.545069,0.949014,0.500642,0,1,211,185,4546.97,1,0,0
1379,0.428708,8.01188,0.00786281,5598.35,10453.6,4953.92,0.902992,4.96167,13.6437,1.64913,47.4819,1.47349e+06,8960.73,0.632354,0.74611,0.997618,8.18232,1.21432,0.0702844,0.175153,1.31615,4.09954,5.43641,2301.41,1735.47,-5407.91,-21946.7,335.673,0.670819,0.880494,0.601176,1,1,166,129,-10960.1,1,0,0,3.49362,4.71915,2340.48,1732.67,4061.68,-12689.4,290.917,0.600736,0.879077,0.561428,1,1,180,150,-1702.71,1,0,0,2.96117,4.24611,2124.1,1481.31,9707.93,-7031.35,223.684,0.606912,0.87633,0.525094,1,1,196,136,3955.29,1,0,0,3.08969,4.39533,2035.74,1431.02,7915.16,-8813.08,223.684,0.505922,0.87633,0.535178,0,1,183,123,2300.67,1,0,0
1380,0.429323,9.94243,0.156599,5653.26,10494.1,6109.52,1.03636,4.73311,7.59599,0.515719,79.9412,1.39961e+06,7474.4,0.671085,0.659157,0.775266,19.561,2.47285,0.080731,1.98132,0.257241,5.8896,5.8896,1601.93,1601.93,-16992.8,-24528.8,335.673,0.60761,0.946179,0.490785,2,1,146,124,-24528.8,1,1,0,5.17352,5.17352,1580.5,1580.5,-9273.02,-16967.7,290.917,0.6,0.94557,0.465919,0,0,150,132,-16967.7,1,1,0,3.53446,3.53446,1779.57,1779.57,6741.41,-568.25,223.684,0.613644,0.94436,0.433785,2,1,216,186,-568.25,1,1,0,3.6646,3.6646,1716.37,1716.37,5570.43,-1612.13,223.684,0.507828,0.94436,0.43505,0,1,202,172,-1612.13,1,1,0
1381,0.31077,9.1228,0.0960314,5494.96,10652.5,7186.72,1.02286,6.64872,9.50835,1.64696,46.4656,1.23716e+06,9104.85,0.645813,0.602409,0.690703,12.7082,4.41023,0.0926102,0.0156507,1.79408,3.85375,4.82954,2448.19,1953.54,5179.95,-11452.3,335.673,0.648853,0.826507,0.528989,4,1,142,141,-3163.13,1,0,0,2.48474,3.2105,3290.79,2546.88,27662,10452.5,290.917,0.617733,0.824763,0.410335,3,0,227,226,18741.7,1,0,0,2.12702,2.83427,2957.1,2219.2,29631.3,12849.8,223.684,0.628245,0.821351,0.37925,4,1,229,225,21139,1,0,0,2.19808,2.90196,2861.51,2167.44,29289.6,12472.3,223.684,0.522495,0.821351,0.38607,0,1,214,210,20929.1,1,0,0
1382,0.46038,14.5961,0.067523,6504.69,14615,5671.61,0.904359,4.73814,7.21504,0.627375,72.9886,1.5566e+06,8235.28,0.719742,0.688533,0.696396,6.0959,10.9542,0.0807458,0.661037,0.417191,5.35002,5.35002,1763.49,1763.49,-7934.09,-14136,335.673,0.411959,0.870088,0.672085,0,0,199,198,-14136,1,1,0,6.55124,6.55124,1248.12,1248.12,-21361,-27325.2,290.917,0.00732159,0.869211,0.711074,0,0,141,140,-27325.2,1,1,0,3.3986,3.3986,1850.71,1850.71,9466.73,2941.32,223.684,0.681705,0.867392,0.574501,11,1,261,255,2941.32,1,1,0,3.49844,3.49844,1797.89,1797.89,8651.63,2230.61,223.684,0.577644,0.867392,0.58093,0,1,248,242,2230.61,1,1,0
1383,0.598063,11.9489,0.141481,6818.56,8438.93,2623.38,1.0634,7.59497,5.24309,0.659925,34.2889,754186,8874.32,0.604376,0.788192,0.802492,6.21312,11.3726,0.0863041,0.467938,1.33936,2.92399,3.88483,3226.65,2428.6,47332.9,22130.3,335.673,0.00146385,0.914715,0.622629,0,0,195,160,43822.3,1,0,0,2.84724,3.80016,2871.82,2151.69,47554.6,22342.8,290.917,0.0016826,0.914,0.620852,0,0,173,144,44034.8,1,0,0,2.39156,3.51781,2630,1787.99,42821.3,17883.3,223.684,0.00688044,0.912558,0.609578,0,0,211,161,39575.3,1,0,0,2.39156,3.51781,2630,1787.99,42821.3,17883.3,223.684,0.00688044,0.912558,0.609578,0,0,211,161,39575.3,1,0,0
1384,0.587612,14.5808,0.252606,5978.52,8833.43,4998.51,1.05269,2.51508,11.5901,1.67256,52.9856,1.32022e+06,7480.05,0.699374,0.881124,0.931732,15.1294,4.2242,0.0646329,1.02037,0.443941,8.35721,8.35721,1128.93,1128.93,-27190.5,-32867.4,335.673,0.72034,0.968542,0.660969,4,1,119,78,-32867.4,1,1,0,6.36738,6.36738,1284.16,1284.16,-10698.8,-16847.7,290.917,0.6,0.968283,0.611896,0,0,139,105,-16847.7,1,1,0,4.97851,4.97851,1263.39,1263.39,-91.6222,-6115.55,223.684,0.63676,0.967744,0.593961,4,1,163,115,-6115.55,1,1,0,5.21631,5.21631,1205.8,1205.8,-2047.1,-7915.03,223.684,0.536868,0.967744,0.596173,0,1,154,106,-7915.03,1,1,0
1385,0.31212,10.6619,0.274583,5168.75,13527.6,3264.81,0.961645,3.18337,9.31464,1.53428,47.5731,1.46902e+06,9187.75,0.648484,0.516867,0.808496,12.4219,12.3068,0.0793708,2.72495,1.41158,4.87098,6.93658,1936.93,1360.14,-2267.99,-14596.9,335.673,0.399174,0.973335,0.312126,0,0,221,187,-6423.79,1,0,0,5.22451,7.53498,1565.07,1085.17,-6173.35,-18317.3,290.917,0.255561,0.973034,0.31214,0,0,179,150,-10144.1,1,0,0,3.09817,4.85759,2030.17,1294.84,9375.94,-2967.91,223.684,0.6,0.972429,0.31212,0,0,293,255,5205.23,1,0,0,3.09817,4.85759,2030.17,1294.84,9375.94,-3038.81,223.684,0.536321,0.972429,0.31212,0,0,293,255,5300.06,1,0,0
1386,0.511739,8.29075,0.0909746,5561.6,11845.9,2738.9,1.02708,7.8214,7.48117,1.34285,40.0791,1.95496e+06,8719.69,0.672151,0.712731,0.863984,14.3635,5.88407,0.0551926,0.239105,1.50687,4.4558,5.51747,2117.4,1709.97,-9835.71,-24218,335.673,0.928581,0.893514,0.639008,6,1,135,120,-13395.5,1,0,0,3.56046,4.4975,2296.54,1818.07,4911.68,-9752.94,290.917,0.660007,0.892302,0.593381,6,1,163,152,1069.56,1,0,0,3.03741,3.96858,2070.78,1584.9,10182.5,-4417.62,223.684,0.665163,0.889944,0.56792,6,1,170,139,6404.88,1,0,0,3.13801,4.07469,2004.39,1543.63,8717.56,-5855.33,223.684,0.554073,0.889944,0.573415,0,1,160,129,5079.17,1,0,0
1387,0.390529,19.2964,0.0462731,5377.31,8899.76,5492.55,1.0203,0.860194,13.471,1.73088,48.6253,1.80145e+06,8315,0.648449,0.754386,0.775308,17.7449,11.3747,0.0731636,1.07222,1.48209,7.13675,11.8889,1321.99,793.574,-40303.9,-57622.9,335.673,0.77089,0.944814,0.583748,11,1,139,120,-46445.7,1,0,0,5.73258,9.69986,1426.37,842.977,-24670.4,-42373.7,290.917,0.6,0.944469,0.500851,0,0,156,141,-31196.4,1,0,0,3.65109,6.76505,1722.72,929.751,-2065.34,-19883.2,223.684,0.688045,0.943711,0.406266,11,1,226,196,-8705.93,1,0,0,3.81974,7.00283,1646.66,898.181,-3932.73,-21702.7,223.684,0.573337,0.943711,0.410831,0,1,212,182,-10408.5,1,0,0
1388,0.570897,9.2997,0.216042,6608.15,8241.22,6384.61,0.928636,6.36724,9.95681,1.77705,62.5639,2.02464e+06,8007.12,0.654719,0.534288,0.900191,15.2208,7.0691,0.0844939,2.27869,0.857397,4.75725,4.75725,1983.23,1983.23,6781.83,-955.388,335.673,0.678333,0.984264,0.570897,7,1,157,105,-955.388,1,1,0,3.45491,3.45491,2366.71,2366.71,22761.4,14824,290.917,0.659123,0.984063,0.570897,7,0,197,151,14824,1,1,0,3.00545,3.00545,2092.8,2092.8,23173.6,15703.3,223.684,0.657376,0.983666,0.570897,7,1,204,150,15703.3,1,1,0,3.12118,3.12118,2015.2,2015.2,21977,14612.8,223.684,0.557095,0.983666,0.570897,0,1,193,139,14612.8,1,1,0
1389,0.313534,9.5223,0.1746,5245.73,9569.64,2680.3,0.938652,0.0925497,14.9466,1.18627,54.5154,1.31445e+06,8022.05,0.701154,0.831668,0.7036,17.9268,10.2638,0.0589861,2.58927,1.21407,17.0984,50.495,551.788,186.844,-68970.5,-83874.6,335.673,0.98541,0.983541,0.570814,10,1,101,37,-72053.9,1,0,0,17.7083,58.9803,461.748,138.635,-69906.1,-84508.3,290.917,0.6,0.983333,0.6009,0,0,86,31,-72687.6,1,0,0,5.22144,12.6412,1204.61,497.563,-7666.98,-23188.9,223.684,0.684356,0.982919,0.313569,10,1,225,157,-11368.2,1,0,0,5.46579,13.1627,1150.76,477.853,-9257.1,-24765.9,223.684,0.576532,0.982919,0.313598,0,1,213,145,-12825,1,0,0
1390,0.580762,9.75856,0.0603048,6830.54,9825.68,6417.95,1.03664,3.89211,12.9336,1.99445,72.2167,961358,8006.8,0.689324,0.610381,0.83204,16.1403,5.63207,0.0951049,2.20839,1.19598,9.02138,9.02138,1045.82,1045.82,-41782.4,-49393.7,335.673,0.680249,0.986363,0.580776,6,1,108,69,-49393.7,1,1,0,5.87996,5.87996,1390.61,1390.61,-9982.23,-17994.1,290.917,0.667489,0.986195,0.580762,6,1,142,108,-17994.1,1,1,0,4.99587,4.99587,1259,1259,-1296.52,-8826.4,223.684,0.665276,0.985862,0.580762,6,1,147,106,-8826.4,1,1,0,5.30516,5.30516,1185.6,1185.6,-4492.68,-11878.4,223.684,0.555116,0.985862,0.580762,0,1,138,97,-11878.4,1,1,0
1391,0.551243,19.7753,0.228089,6151.11,8099.49,6031.94,1.08671,1.22722,13.6921,1.03637,75.2473,1.35158e+06,7662.05,0.636613,0.849965,0.714795,15.116,1.91789,0.0708596,2.89563,1.44063,17.3502,17.3502,543.783,543.783,-72395.2,-78624.5,335.673,0.672312,0.988384,0.595219,2,1,80,37,-78624.5,1,1,0,9.54531,9.54531,856.625,856.625,-32081.7,-39197.7,290.917,0.617113,0.988307,0.55161,2,1,113,75,-39197.7,1,1,0,8.45093,8.45093,744.274,744.274,-23477.6,-30352.3,223.684,0.616949,0.988139,0.551339,2,1,115,69,-30352.3,1,1,0,9.23689,9.23689,680.945,680.945,-27935.5,-34592.6,223.684,0.517809,0.988139,0.551515,0,1,107,61,-34592.6,1,1,0
1392,0.335251,15.4119,0.155679,6023.89,9512.63,6259.93,1.01526,4.79089,12.7333,0.757262,54.0946,2.19459e+06,8327.62,0.606546,0.721043,0.814007,7.02048,4.30267,0.0835571,2.08775,0.998002,4.30124,4.30124,2193.49,2193.49,1838.33,-5769.55,335.673,0.634836,0.980335,0.335253,4,1,204,158,-5769.55,1,1,0,3.8832,3.8832,2105.67,2105.67,5743.63,-1969.18,290.917,0.6,0.980173,0.335252,0,0,201,161,-1969.18,1,1,0,3.00873,3.00873,2090.52,2090.52,12385.1,5068.15,223.684,0.632172,0.979832,0.335251,4,1,247,198,5068.15,1,1,0,3.11229,3.11229,2020.96,2020.96,11423.7,4218.49,223.684,0.522436,0.979832,0.335251,0,1,233,184,4218.49,1,1,0
1393,0.317947,15.3235,0.196019,6616.4,13168.2,3723.64,1.01356,6.38536,6.05925,1.76896,79.0863,1.07149e+06,8306.97,0.728403,0.560832,0.800673,12.2424,10.0622,0.0734947,2.2344,1.01459,4.44952,5.93444,2120.39,1589.82,11648.4,-2646.68,335.673,0.327342,0.974293,0.317951,0,0,220,188,6965.34,1,0,0,4.63042,6.22249,1765.88,1314.06,8915,-5268.33,290.917,0.246196,0.974083,0.317953,0,0,183,155,4343.69,1,0,0,3.08558,4.48559,2038.45,1402.22,19263.2,4956.24,223.684,0.6,0.97364,0.317947,0,0,273,237,14568.3,1,0,0,3.08558,4.48559,2038.45,1402.22,19263.2,4769.66,223.684,0.5,0.97364,0.317947,0,0,273,237,14635.5,1,0,0
1394,0.550412,19.8404,0.107802,5142.72,13988,4467.98,1.02934,0.264338,5.65029,1.12336,33.601,1.01213e+06,8223.87,0.673846,0.795688,0.861597,11.4964,12.9334,0.0866129,1.2662,1.36882,158.44,inf,59.5475,-14.9375,-328151,-329564,335.673,8.50226e-06,0.961126,0.954713,0,0,10,1,-324122,1,0,0,199.437,inf,40.9993,-28.0843,-312941,-314030,290.917,8.412e-06,0.960887,0.956112,0,0,7,1,-308588,1,0,0,6.3169,11.7561,995.711,535.027,-14606.4,-25077.6,223.684,0.6,0.960362,0.592327,0,0,207,186,-19634.8,1,0,0,6.3169,11.7561,995.711,535.027,-14606.4,-25099.1,223.684,0.554669,0.960362,0.592327,0,0,207,186,-19553.8,1,0,0
1395,0.346727,9.06127,0.131729,6490.21,14287.7,3098.75,0.988116,1.31018,14.1508,1.81175,43.817,2.16651e+06,8806.19,0.69281,0.562891,0.828341,13.1104,9.16779,0.0792152,0.90616,0.340302,8.66879,8.66879,1088.35,1088.35,-36518,-39786.4,335.673,0.00336463,0.827236,0.698417,0,0,138,137,-39786.4,1,1,0,123.692,123.692,66.1057,66.1057,-323443,-317569,290.917,2.97215e-05,0.82552,0.818649,0,0,8,7,-317569,1,1,0,3.93742,3.93742,1597.44,1597.44,3652,-321.425,223.684,0.652315,0.822164,0.540408,9,1,235,234,-321.425,1,1,0,4.21933,4.21933,1490.71,1490.71,1038.6,-2755,223.684,0.544305,0.822164,0.557745,0,1,216,215,-2755,1,1,0
1396,0.460469,19.694,0.0541026,5302.81,10729.4,3694.45,0.910834,2.74088,6.38197,0.59175,50.8356,2.17488e+06,8239.63,0.673275,0.788151,0.991509,10.8671,10.9964,0.0561286,1.38563,1.30496,5.6679,8.76459,1664.59,1076.46,-23266.5,-37040.5,335.673,0.350905,0.952972,0.523307,0,0,198,147,-27705.3,1,0,0,6.46917,10.2497,1263.96,797.757,-32437.1,-45969.4,290.917,0.244292,0.952682,0.561812,0,0,151,108,-36634.2,1,0,0,3.7191,6.66861,1691.22,943.197,-3910.92,-17812.7,223.684,0.6,0.952044,0.468229,0,0,263,199,-8477.43,1,0,0,3.7191,6.66861,1691.22,943.197,-3910.92,-17970.2,223.684,0.5,0.952044,0.468229,0,0,263,199,-8398.27,1,0,0
1397,0.574723,10.4482,0.226955,6604.58,10235.9,4013.95,0.979301,2.04639,8.91226,0.666578,59.1351,973855,7578.01,0.692841,0.823279,0.965109,14.3066,1.1836,0.0962357,2.30375,0.296462,10.0265,10.0265,940.981,940.981,-25740.4,-30854.5,335.673,0.609062,0.989534,0.574854,1,0,147,86,-30854.5,1,1,0,11.7253,11.7253,697.362,697.362,-34217,-38939,290.917,0.36839,0.989412,0.575498,0,0,113,60,-38939,1,1,0,5.93984,5.93984,1058.92,1058.92,-2072.77,-7061.45,223.684,0.600998,0.989167,0.574724,1,1,192,128,-7061.45,1,1,0,6.22766,6.22766,1009.98,1009.98,-3754.53,-8628.13,223.684,0.506122,0.989167,0.574724,0,1,182,118,-8628.13,1,1,0
1398,0.470234,15.4769,0.0471034,6044.45,14999,4097.18,1.08005,3.06576,11.0991,0.560409,57.2965,1.90418e+06,9104.12,0.694046,0.730212,0.752927,10.8868,10.8808,0.083003,1.95079,1.44967,8.16546,8.16546,1155.44,1155.44,-41617.3,-46398.7,335.673,0.809956,0.951668,0.626645,11,1,139,132,-46398.7,1,1,0,17.4684,17.4684,468.088,468.088,-114311,-117641,290.917,4.14843e-05,0.951297,0.839698,0,0,56,51,-117641,1,1,0,5.16074,5.16074,1218.78,1218.78,-12949,-17931,223.684,0.69416,0.950518,0.505605,11,1,171,153,-17931,1,1,0,5.50322,5.50322,1142.93,1142.93,-16421.3,-21228.9,223.684,0.576531,0.950518,0.517221,0,1,158,140,-21228.9,1,1,0
1399,0.41917,13.041,0.233491,5203.09,13385.4,3375.2,1.06099,7.61495,7.11898,1.40302,58.3988,1.39461e+06,8250.2,0.602256,0.608437,0.692412,13.3643,11.862,0.0736036,2.3157,0.777826,4.76378,4.76378,1980.51,1980.51,-3277.4,-8128.66,335.673,0.726369,0.980173,0.41917,12,1,190,157,-8128.66,1,1,0,4.48685,4.48685,1822.38,1822.38,-1217.36,-6039.67,290.917,0.6,0.979984,0.41917,0,0,178,150,-6039.67,1,1,0,3.33713,3.33713,1884.79,1884.79,8024.81,3570.43,223.684,0.714367,0.979597,0.41917,12,1,227,192,3570.43,1,1,0,3.43193,3.43193,1832.73,1832.73,7259.21,2920.63,223.684,0.602666,0.979597,0.41917,1,1,216,181,2920.63,1,1,0
1400,0.433505,12.6074,0.239402,6591.04,11761.5,3443.56,1.08548,0.809649,7.25285,1.7478,74.8125,1.48832e+06,8710.57,0.679989,0.674935,0.672663,10.9231,6.36447,0.0838302,1.88276,1.67917,8.6134,13.6635,1095.35,690.506,-23944,-40788.3,335.673,0.499724,0.945852,0.629419,0,0,133,131,-27916.4,1,0,0,24.7055,50.2205,330.969,162.817,-115591,-130720,290.917,2.11345e-05,0.945355,0.874577,0,0,39,38,-117848,1,0,0,4.64673,7.8711,1353.6,799.102,4910.02,-12454.4,223.684,0.636444,0.944341,0.460386,6,1,196,184,417.421,1,0,0,4.95984,8.34119,1268.15,754.066,2516.82,-14778,223.684,0.529214,0.944341,0.470253,0,1,180,168,-1813.67,1,0,0
1401,0.318935,19.1749,0.22398,5142.3,9783.4,7007.35,0.930566,3.38626,9.66241,1.10399,43.8783,1.49803e+06,9259.79,0.675316,0.711208,0.719298,18.5265,7.42059,0.0630448,2.1993,0.176824,3.92845,3.92845,2401.64,2401.64,4060.28,-4167.13,335.673,0.656598,0.979098,0.318936,7,1,248,188,-4167.13,1,1,0,3.83922,3.83922,2129.79,2129.79,4079.96,-4104.96,290.917,0.6,0.978957,0.318936,0,0,222,170,-4104.96,1,1,0,2.84519,2.84519,2210.68,2210.68,10748.6,2798.43,223.684,0.649848,0.97865,0.318935,7,1,292,229,2798.43,1,1,0,2.93959,2.93959,2139.69,2139.69,10101.8,2252.8,223.684,0.539423,0.97865,0.318935,0,1,276,213,2252.8,1,1,0
1402,0.590626,9.79073,0.00582684,5341.94,10249.1,6419.47,1.00119,3.65673,8.60895,0.636043,70.8427,2.20256e+06,8934.83,0.614373,0.766312,0.727738,10.6012,1.68085,0.088448,0.467007,0.921047,4.41467,6.21936,2137.13,1516.99,-15738.3,-31297.3,335.673,0.000105687,0.913484,0.672321,0,0,181,160,-22660.5,1,0,0,4.40361,6.25483,1856.83,1307.27,-16865.5,-32396.1,290.917,0.000100766,0.912621,0.673251,0,0,157,141,-23759.4,1,0,0,3.20117,5.08557,1964.85,1236.8,-82.5898,-15503.8,223.684,0.00497373,0.910918,0.627058,0,0,221,182,-6867.03,1,0,0,3.20117,5.08557,1964.85,1236.8,-82.5898,-15503.8,223.684,0.00497373,0.910918,0.627058,0,0,221,182,-6867.03,1,0,0
1403,0.393196,19.9648,0.08194,6527.37,11607.6,4222.39,1.01695,2.24274,11.7658,1.0602,57.9,1.02699e+06,8477.6,0.711882,0.75357,0.961038,15.964,3.27026,0.0705613,0.970976,0.334435,5.426,5.426,1738.8,1738.8,-5341.7,-10174.5,335.673,0.781179,0.859967,0.675698,3,1,198,197,-10174.5,1,1,0,6.71492,6.71492,1217.7,1217.7,-18390.7,-22949.8,290.917,0.00422835,0.859248,0.715085,0,0,140,139,-22949.8,1,1,0,3.57022,3.57022,1761.74,1761.74,10897.6,5745.67,223.684,0.617855,0.857669,0.578903,3,1,234,233,5745.67,1,1,0,3.78911,3.78911,1659.97,1659.97,8934.87,3954.56,223.684,0.514119,0.857669,0.594228,0,1,216,215,3954.56,1,1,0
1404,0.356809,12.5495,0.140501,5928.85,11794.6,7238.22,0.941985,2.22805,5.75076,1.02207,54.5245,1.9096e+06,8490.04,0.635379,0.66017,0.973694,14.206,1.7342,0.0902517,1.68358,1.73773,5.40593,7.89226,1745.25,1195.44,-10517,-24605.7,335.673,0.228428,0.937318,0.445463,0,0,197,173,-18424.7,1,0,0,6.27017,9.33304,1304.07,876.108,-20313.2,-34200.7,290.917,0.148945,0.936741,0.50038,0,0,147,128,-28019.7,1,0,0,3.33774,5.45692,1884.45,1152.63,6976.5,-7244.39,223.684,0.6,0.935566,0.366237,0,0,275,239,-1063.4,1,0,0,3.33774,5.45692,1884.45,1152.63,6976.5,-7542.67,223.684,0.5,0.935566,0.366237,0,0,275,239,-1032.35,1,0,0
1405,0.385814,15.7853,0.178663,6677.58,8095.75,3694.61,0.940194,5.71802,9.88759,1.46521,44.9707,758511,9099.06,0.608179,0.803267,0.730665,10.7829,10.5078,0.0637027,0.0496422,0.250496,3.23469,3.23469,2916.73,2916.73,44440.1,39593.6,335.673,0.743704,0.867741,0.551634,11,1,163,128,39593.6,1,1,0,2.39628,2.39628,3412.26,3412.26,53982.7,48884.7,290.917,0.67643,0.866882,0.473956,11,1,216,188,48884.7,1,1,0,2.1243,2.1243,2960.88,2960.88,49265.9,44408.9,223.684,0.686722,0.865075,0.450399,11,1,224,165,44408.9,1,1,0,2.20742,2.20742,2849.39,2849.39,49242.1,44524.6,223.684,0.570414,0.865075,0.458269,0,1,209,150,44524.6,1,1,0
1406,0.589312,19.6149,0.275767,6235.45,14715.8,4534.1,1.05641,4.94275,6.7426,1.47823,45.2034,1.69292e+06,9047.26,0.720474,0.808567,0.915556,17.1145,11.3982,0.089514,2.73689,0.970391,7.61595,7.61595,1238.81,1238.81,-15981.6,-21891.6,335.673,0.711593,0.988848,0.589317,9,0,165,119,-21891.6,1,1,0,8.82207,8.82207,926.852,926.852,-24842.9,-30320.4,290.917,0.412648,0.988774,0.589354,0,0,126,86,-30320.4,1,1,0,5.3035,5.3035,1185.97,1185.97,-1658.69,-7231.85,223.684,0.738469,0.988612,0.589312,11,1,191,142,-7231.85,1,1,0,5.50246,5.50246,1143.09,1143.09,-3039.12,-8497.47,223.684,0.618163,0.988612,0.589312,2,1,182,133,-8497.47,1,1,0
1407,0.328286,8.69121,0.112682,6214.06,12029.2,6567.63,1.03437,6.50266,11.0673,0.654536,49.424,1.72902e+06,7757.31,0.72977,0.778532,0.942517,18.9135,2.41267,0.0953346,0.718469,0.210502,5.36722,5.36722,1757.84,1757.84,-11959.6,-19387.2,335.673,0.609471,0.862314,0.659992,2,1,136,135,-19387.2,1,1,0,3.90137,3.90137,2095.87,2095.87,7961.06,-74.4242,290.917,0.6,0.860781,0.576243,0,0,180,179,-74.4242,1,1,0,3.06479,3.06479,2052.28,2052.28,15910.3,8157.32,223.684,0.609581,0.857788,0.506758,2,1,204,203,8157.32,1,1,0,3.1866,3.1866,1973.83,1973.83,14664.4,7054.18,223.684,0.506925,0.857788,0.518788,0,1,190,189,7054.18,1,1,0
1408,0.560191,19.0744,0.262507,5618.52,12124.1,4714.43,1.02944,3.24059,6.16213,1.13027,68.1755,1.88056e+06,8653,0.636104,0.608862,0.782129,16.4073,12.9807,0.099041,0.265507,1.59542,4.71202,6.68988,2002.26,1410.3,472.099,-13406.8,335.673,0.000497173,0.881302,0.665842,0,0,216,215,-4728.68,1,0,0,5.37473,7.74917,1521.33,1055.18,-7103.88,-20937.9,290.917,5.57052e-05,0.880699,0.689221,0,0,164,163,-12259.8,1,0,0,3.15599,4.93752,1992.98,1273.88,10695,-3204.18,223.684,0.539843,0.879388,0.605197,0,0,272,271,5473.94,1,0,0,3.15599,4.93752,1992.98,1273.88,10695,-3276.6,223.684,0.5,0.879388,0.605197,0,0,272,271,5475.63,1,0,0
1409,0.512353,14.8137,0.0490288,5333.5,9480.3,3673.13,0.953397,4.85369,6.97632,1.46377,53.8366,2.13894e+06,9131.43,0.703132,0.687759,0.955058,19.2288,11.9138,0.0888355,1.99275,0.564079,3.58078,3.58078,2634.82,2634.82,-81.3423,-5106.06,335.673,0.710407,0.953258,0.513919,12,1,218,166,-5106.06,1,1,0,3.35903,3.35903,2434.26,2434.26,2156.69,-2875.4,290.917,0.6,0.952887,0.513323,0,0,206,162,-2875.4,1,1,0,2.64814,2.64814,2375.18,2375.18,9056.54,4381.65,223.684,0.698228,0.952112,0.512469,12,1,262,202,4381.65,1,1,0,2.71293,2.71293,2318.46,2318.46,8375.98,3804.15,223.684,0.589168,0.952112,0.512502,0,1,249,189,3804.15,1,1,0
1410,0.549006,16.4528,0.111384,6821,13354.9,4342.68,1.00135,7.14871,13.0389,0.888292,37.6917,1.88075e+06,9006.61,0.600743,0.673103,0.996028,11.5446,8.4917,0.0852007,0.581217,1.18812,3.4475,4.41514,2736.68,2136.9,21733.7,5666.39,335.673,0.00544122,0.888329,0.612829,0,0,233,232,16788.6,1,0,0,3.49731,4.50859,2338.01,1813.59,19430.9,3371.71,290.917,0.00346794,0.887659,0.615962,0,0,200,199,14493.9,1,0,0,2.7358,3.74328,2299.07,1680.29,23813,7853.54,223.684,0.207894,0.886242,0.583041,0,0,245,225,18975.7,1,0,0,2.7358,3.74328,2299.07,1680.29,23813,7786.35,223.684,0.207894,0.886242,0.583041,0,0,245,225,18975.7,1,0,0
1411,0.592769,9.79021,0.0156846,5281.58,13160.9,5003.61,0.904614,6.81063,7.35167,1.11062,67.9932,1.84822e+06,7649.43,0.708172,0.826717,0.988728,18.7061,13.7177,0.0759971,1.6858,0.340287,8.28743,8.28743,1138.44,1138.44,-46982.6,-52591.7,335.673,0.726049,0.968861,0.646712,14,1,148,72,-52591.7,1,1,0,7.93756,7.93756,1030.13,1030.13,-44575,-50164.6,290.917,0.6,0.968497,0.639856,0,0,133,68,-50164.6,1,1,0,5.08282,5.08282,1237.47,1237.47,-15240.6,-21038.3,223.684,0.739847,0.967774,0.597439,14,0,210,126,-21038.3,1,1,0,5.26748,5.26748,1194.08,1194.08,-17031.8,-22702.7,223.684,0.624557,0.967774,0.598708,3,1,199,115,-22702.7,1,1,0
1412,0.552646,14.4006,0.222747,6044.15,8666.11,5603.22,0.925989,7.36019,12.3707,1.42054,63.169,1.13068e+06,8271.39,0.669723,0.823272,0.909667,18.1433,12.4721,0.0552867,0.74693,0.703212,3.68412,3.68412,2560.92,2560.92,22825.5,16243.7,335.673,1,0.906361,0.636549,12,1,175,110,16243.7,1,1,0,3.4387,3.4387,2377.86,2377.86,24865,18336.9,290.917,0.703043,0.905695,0.624677,12,1,166,111,18336.9,1,1,0,3.12045,3.12045,2015.67,2015.67,22818.9,16481.4,223.684,0.709286,0.904314,0.610138,12,1,177,93,16481.4,1,1,0,3.30667,3.30667,1902.16,1902.16,20730.7,14472.1,223.684,0.588129,0.904314,0.619955,0,1,164,80,14472.1,1,1,0
1413,0.583015,16.0822,0.0451958,5583.17,12165,4528.03,1.00365,2.1518,7.73063,1.10431,77.4619,2.23926e+06,8436.47,0.718872,0.846432,0.780082,16.4358,3.89434,0.0779927,0.497825,0.227394,7.09857,7.09857,1329.1,1329.1,-37516,-42378.7,335.673,5.05501e-05,0.913689,0.772287,0,0,155,154,-42378.7,1,1,0,10.8812,10.8812,751.456,751.456,-74211.7,-78620.6,290.917,3.1995e-05,0.913132,0.827695,0,0,87,86,-78620.6,1,1,0,4.3463,4.3463,1447.17,1447.17,-9382.02,-14367.9,223.684,0.808045,0.911956,0.685231,4,1,206,196,-14367.9,1,1,0,4.35985,4.35985,1442.67,1442.67,-9533.69,-14496.7,223.684,0.732528,0.911956,0.685822,3,1,205,195,-14496.7,1,1,0
1414,0.338081,13.475,0.077106,5568.02,12607.4,4656.52,0.961934,7.88337,7.35028,0.546291,56.4707,1.45261e+06,7915.62,0.658955,0.59247,0.729452,17.528,13.4025,0.0781627,2.20499,1.10166,4.07341,5.34154,2316.17,1766.29,-534.631,-12862.2,335.673,0.521857,0.976715,0.338081,0,0,231,187,-6263.98,1,0,0,4.09299,5.39591,1997.75,1515.36,-1624.17,-13825.9,290.917,0.420326,0.9765,0.338081,0,0,199,161,-7227.65,1,0,0,2.95695,4.20492,2127.13,1495.82,9047.59,-3138.84,223.684,0.6,0.976056,0.338081,0,0,273,226,3459.39,1,0,0,2.95695,4.20492,2127.13,1495.82,9047.59,-3221.84,223.684,0.5,0.976056,0.338081,0,0,273,226,3551.41,1,0,0
1415,0.538737,9.85982,0.23257,6162.03,13849,3819.72,1.09313,6.53112,7.99155,0.833924,62.7211,1.37618e+06,8759,0.652661,0.799382,0.997505,15.952,6.75847,0.0532367,1.16512,0.00690621,6.73032,6.73032,1401.82,1401.82,-15254.8,-20214.2,335.673,0.668328,0.963576,0.580655,7,1,129,99,-20214.2,1,1,0,5.93441,5.93441,1377.85,1377.85,-7820.41,-12975,290.917,0.6,0.963153,0.562795,0,0,131,106,-12975,1,1,0,4.3207,4.3207,1455.74,1455.74,5987.28,1042.4,223.684,0.674615,0.962315,0.542606,7,1,174,138,1042.4,1,1,0,4.45276,4.45276,1412.56,1412.56,4855.88,37.8305,223.684,0.566488,0.962315,0.543521,0,1,165,129,37.8305,1,1,0
1416,0.463703,10.9294,0.160415,6527.57,9442.64,5176.74,0.994297,6.35846,13.8093,1.66412,53.9665,1.50282e+06,8352.45,0.726118,0.84816,0.746661,12.6846,3.01326,0.0845313,1.72331,1.98614,8.30935,12.2457,1135.43,770.452,-38473.2,-58511.6,335.673,0.649329,0.959239,0.637125,3,1,94,39,-44299.2,1,0,0,4.45352,6.26756,1836.02,1304.61,7693.61,-13185.9,290.917,0.631625,0.958805,0.478768,3,1,149,102,1026.4,1,0,0,3.89261,5.88084,1615.84,1069.54,11211,-9363.03,223.684,0.626728,0.957935,0.470893,3,1,158,96,4849.3,1,0,0,4.11604,6.21569,1528.12,1011.92,8510.55,-11928.1,223.684,0.520141,0.957935,0.474055,0,1,148,86,2351.39,1,0,0
1417,0.463049,18.2527,0.00419182,6490.26,14143.4,3597.28,0.916713,5.34063,8.97166,0.872756,64.039,1.34108e+06,7995.02,0.605797,0.566596,0.803434,13.2863,3.60117,0.0574471,0.648373,0.832558,4.66941,4.66941,2020.53,2020.53,-2880.27,-6867.36,335.673,0.000587996,0.84784,0.623511,0,0,225,224,-6867.36,1,1,0,5.59399,5.59399,1461.7,1461.7,-14161.2,-18080.2,290.917,7.38983e-05,0.84705,0.659111,0,0,163,162,-18080.2,1,1,0,3.56221,3.56221,1765.7,1765.7,7237.82,3215.16,223.684,0.623376,0.845347,0.570933,4,1,225,224,3215.16,1,1,0,3.64391,3.64391,1726.11,1726.11,6380.17,2392.26,223.684,0.580174,0.845347,0.57545,0,1,218,217,2392.26,1,1,0
1418,0.569676,8.41365,0.000670561,6654.96,11230.4,6837.63,0.903568,7.86614,7.43761,1.72657,51.8059,1.64046e+06,8073.73,0.628075,0.515975,0.742444,11.2653,9.89453,0.0798306,1.65724,1.25889,5.23357,6.83784,1802.73,1379.78,-12677.6,-29706.8,335.673,0.738433,0.950892,0.573338,10,1,146,94,-20529.2,1,0,0,3.91242,5.15651,2089.95,1585.71,6808.01,-10470.5,290.917,0.698409,0.950265,0.570076,9,0,179,134,-1292.88,1,0,0,3.42164,4.74924,1838.25,1324.38,10673.4,-6264.51,223.684,0.706703,0.94904,0.569813,10,1,187,127,2913.11,1,0,0,3.55798,4.73628,1767.8,1328.01,8858.67,-6384.27,223.684,0.591953,0.94904,0.569878,0,1,177,117,1207.51,1,0,0
1419,0.591541,16.5063,0.153198,5619.72,8675.67,6236.84,1.04505,3.53251,10.3664,1.20036,36.8928,1.27444e+06,9113.34,0.661819,0.542203,0.823642,14.9644,13.8383,0.0736317,1.26369,0.573562,4.18844,4.18844,2252.56,2252.56,3982.73,-3790.96,335.673,0.780782,0.951026,0.592477,14,1,164,138,-3790.96,1,1,0,3.26146,3.26146,2507.08,2507.08,16270.5,8399.82,290.917,0.777884,0.950683,0.591639,14,1,195,173,8399.82,1,1,0,2.93685,2.93685,2141.69,2141.69,17564.3,10171.8,223.684,0.778002,0.949955,0.591577,14,1,187,154,10171.8,1,1,0,3.03332,3.03332,2073.57,2073.57,16362.2,9082.46,223.684,0.665156,0.949955,0.591592,6,1,179,146,9082.46,1,1,0
1420,0.511451,19.9927,0.0914867,5930.43,8739.35,4551.39,0.934301,5.93231,8.85641,1.20938,79.3342,1.10992e+06,9132.4,0.689451,0.742481,0.688633,9.87185,6.78853,0.0937527,0.153673,0.506496,3.98555,3.98555,2367.23,2367.23,8667.58,3226.03,335.673,0.720256,0.885954,0.63466,7,1,150,110,3226.03,1,1,0,3.11522,3.11522,2624.77,2624.77,22042.4,16306.4,290.917,0.661936,0.885372,0.585821,7,1,181,148,16306.4,1,1,0,2.85472,2.85472,2203.3,2203.3,21420.1,15923.1,223.684,0.668514,0.884091,0.572145,7,1,181,118,15923.1,1,1,0,2.98462,2.98462,2107.4,2107.4,19689.9,14315.9,223.684,0.558626,0.884091,0.579813,0,1,170,107,14315.9,1,1,0
1421,0.444882,8.0898,0.0540934,5109.98,9384.63,6236.14,0.937562,5.59049,12.902,1.65577,66.0182,2.14199e+06,9024.75,0.600767,0.668659,0.93317,16.0949,8.45075,0.0616122,2.18008,1.69227,5.49085,8.45424,1718.26,1115.97,-28704.2,-46204.2,335.673,0.681586,0.984053,0.444882,8,1,156,96,-36106.5,1,0,0,4.12612,6.33999,1981.71,1289.71,-10989.4,-28724,290.917,0.6,0.983822,0.444882,0,0,183,131,-18626.3,1,0,0,3.29794,5.58279,1907.19,1126.64,-1295.07,-18604.7,223.684,0.66632,0.98337,0.444882,8,1,214,152,-8506.98,1,0,0,3.43826,5.76238,1829.36,1091.53,-3149.88,-20468.1,223.684,0.556681,0.98337,0.444882,0,1,201,139,-10242.7,1,0,0
1422,0.436921,9.93255,0.184078,6435.75,9979.25,2534.98,0.984761,5.85671,14.9045,1.07494,60.4313,2.14174e+06,9227.74,0.686272,0.578021,0.826787,12.5767,4.90311,0.0585604,1.65709,1.51637,4.22316,5.63868,2234.04,1673.21,11329,-10296.2,335.673,0.649915,0.940242,0.446157,5,1,150,115,7210.64,1,0,0,3.13205,4.26756,2610.67,1916.02,26472.6,4667.18,290.917,0.645026,0.939574,0.438061,5,1,192,162,22174.1,1,0,0,2.72358,3.89482,2309.39,1614.92,26990.9,5748.06,223.684,0.649948,0.938248,0.437312,5,1,196,153,23254.9,1,0,0,2.82675,4.01795,2225.1,1565.43,25807.6,4586.74,223.684,0.543319,0.938248,0.437471,0,1,185,142,22179.5,1,0,0
1423,0.415902,16.0897,0.0685309,5636.69,11474.8,4222.45,0.952812,6.01172,10.2657,0.857721,54.071,1.49437e+06,9304.61,0.656774,0.711321,0.796826,10.2978,11.9909,0.0775586,2.78202,1.28658,4.47662,6.44933,2107.55,1462.9,-5637.48,-22209.2,335.673,0.729139,0.982404,0.415903,12,1,205,147,-11185.2,1,0,0,3.94852,5.74782,2070.84,1422.58,205.553,-16432,290.917,0.6,0.982265,0.415902,0,0,206,156,-5408.01,1,0,0,3.16905,5.05179,1984.76,1245.07,7170.36,-9056.57,223.684,0.711233,0.98197,0.415902,12,1,243,182,1967.41,1,0,0,3.28219,5.18649,1916.34,1212.73,6012.25,-10219.6,223.684,0.590463,0.98197,0.415902,0,1,230,169,915.697,1,0,0
1424,0.40848,8.71989,0.177662,6102.54,13241.3,4701.51,1.02332,1.52605,9.51749,0.657549,65.5715,2.19322e+06,8383.66,0.6945,0.814209,0.777101,7.20842,2.49703,0.0730121,2.42385,1.50461,18.0257,34.851,523.403,270.715,-80146.7,-93084.4,335.673,0.37227,0.985759,0.562382,0,0,90,44,-84998.7,1,0,0,50.0825,526.864,163.266,15.5197,-150079,-161352,290.917,2.635e-05,0.985564,0.933922,0,0,41,1,-153266,1,0,0,6.54414,12.186,961.136,516.151,-15592.9,-29369.3,223.684,0.614166,0.985182,0.408544,2,1,183,133,-21283.7,1,0,0,6.85019,12.7129,918.195,494.758,-17730.7,-31482.6,223.684,0.515537,0.985182,0.408594,0,1,173,123,-23294.4,1,0,0
1425,0.417452,15.0775,0.11378,5397.53,9307.08,4848.99,0.997139,2.79241,8.43035,1.50786,36.3387,1.37358e+06,7593.41,0.736046,0.842327,0.852925,8.83289,8.56922,0.0580649,1.71336,0.350626,4.86443,4.86443,1939.53,1939.53,-8875.88,-15130.1,335.673,0.640501,0.953498,0.464783,5,0,202,165,-15130.1,1,1,0,5.09471,5.09471,1604.95,1604.95,-12136.2,-18141.6,290.917,0.477384,0.953128,0.476799,0,0,167,136,-18141.6,1,1,0,3.43431,3.43431,1831.46,1831.46,4084.77,-1816.53,223.684,0.639774,0.952353,0.425036,5,0,247,200,-1816.53,1,1,0,3.49388,3.49388,1800.24,1800.24,3565.26,-2233.15,223.684,0.568454,0.952353,0.425951,0,1,239,192,-2233.15,1,1,0
1426,0.326926,16.208,0.0560239,6566.15,14948.6,6243.66,0.92229,3.13803,14.7334,1.20491,46.3057,1.33107e+06,9000.14,0.666131,0.800688,0.922961,14.603,8.62087,0.0806856,0.129179,1.86818,5.53738,7.70851,1703.82,1223.93,-8565.45,-22081.4,335.673,0.00362661,0.854339,0.676105,0,0,206,205,-15181.1,1,0,0,15.4366,23.8124,529.7,343.383,-90652.2,-103163,290.917,4.63615e-05,0.853417,0.798755,0,0,63,62,-96263,1,0,0,3.79193,5.511,1658.74,1141.32,6652.62,-7018.42,223.684,0.66244,0.851468,0.586248,9,1,228,227,-118.139,1,0,0,4.01572,5.81424,1566.3,1081.79,4518.28,-9170.72,223.684,0.552753,0.851468,0.601874,0,1,212,211,-2166.25,1,0,0
1427,0.323231,15.0578,0.0414314,6562.33,9130.65,7314.04,1.05695,5.984,9.83283,1.71411,36.235,2.12536e+06,8666.86,0.683187,0.854205,0.965896,10.5477,1.01482,0.0952909,2.25576,0.909491,3.72535,3.72535,2532.57,2532.57,10302.5,1645.17,335.673,0.608013,0.983069,0.323231,1,1,213,164,1645.17,1,1,0,3.51464,3.51464,2326.48,2326.48,12096.8,3424.56,290.917,0.6,0.982926,0.323231,0,0,198,155,3424.56,1,1,0,2.78752,2.78752,2256.42,2256.42,17185.4,8809.09,223.684,0.6,0.982626,0.323231,0,0,249,197,8809.09,1,1,0,2.84277,2.84277,2212.57,2212.57,16806.5,8531.23,223.684,0.5025,0.982626,0.323231,0,1,238,186,8531.23,1,1,0
1428,0.533961,12.3822,0.0710582,6670.51,12195.6,4399.99,0.985172,5.72998,6.77997,1.18651,36.3013,1.69938e+06,8161.03,0.669418,0.741674,0.944531,5.49754,13.2273,0.0870127,1.64713,1.73742,4.80563,6.48154,1963.26,1455.63,-1173.01,-17112.4,335.673,0.701466,0.959209,0.542225,9,0,196,153,-6820.9,1,0,0,4.85291,6.59272,1684.92,1240.27,-2894.22,-18647.4,290.917,0.541029,0.958825,0.543146,0,0,168,131,-8355.84,1,0,0,3.51526,5.19554,1789.29,1210.62,9734.88,-5926.34,223.684,0.701178,0.958044,0.534945,10,0,231,180,4365.17,1,0,0,3.56937,5.2441,1762.16,1199.41,9277.29,-6423.97,223.684,0.621648,0.958044,0.53508,3,1,224,173,4001.73,1,0,0
1429,0.433822,16.3674,0.00894963,5175.78,14502.6,4253,1.02217,6.66693,14.6922,1.12222,31.0674,1.89378e+06,9351.07,0.617778,0.834829,0.80593,9.94607,13.6665,0.0604779,2.50509,1.47211,6.03258,8.39339,1563.96,1124.06,-31451,-43997.4,335.673,0.806118,0.985374,0.433844,14,1,172,120,-37039.6,1,0,0,5.23703,7.32443,1561.33,1116.37,-22890.8,-35458.7,290.917,0.6,0.985259,0.433825,0,0,174,129,-28501,1,0,0,4.25086,6.32096,1479.65,995.072,-11546,-23703.9,223.684,0.803002,0.985016,0.433822,14,1,196,141,-16746.1,1,0,0,4.39088,4.39088,1432.47,1432.47,-13144.8,-18235.4,223.684,0.678718,0.985016,0.433822,6,1,188,133,-18235.4,1,1,0
1430,0.579205,15.1315,0.0924381,6877.24,13827.6,5552.58,0.900788,6.30815,14.6088,0.948278,67.7947,1.36912e+06,8077.37,0.718967,0.666875,0.941897,10.4954,7.07715,0.0619203,1.73324,0.571843,7.99651,7.99651,1179.85,1179.85,-28443.7,-34809.9,335.673,0.64537,0.958428,0.634546,7,1,137,81,-34809.9,1,1,0,6.2459,6.2459,1309.14,1309.14,-12454,-19176,290.917,0.6,0.958106,0.598808,0,0,153,105,-19176,1,1,0,4.78446,4.78446,1314.63,1314.63,396.007,-6067.13,223.684,0.669631,0.95743,0.583673,7,1,186,120,-6067.13,1,1,0,5.01947,5.01947,1253.08,1253.08,-1716.47,-8052.47,223.684,0.563893,0.95743,0.585316,0,1,176,110,-8052.47,1,1,0
1431,0.483666,10.4916,0.270586,5538.61,12535.2,3906.27,1.02528,4.76827,9.35725,0.799142,41.3654,1.3605e+06,9215.27,0.732779,0.840991,0.835015,8.51451,10.4333,0.0778781,0.00608244,1.13863,4.99205,6.56756,1889.95,1436.56,-257.994,-14761.3,335.673,0.767566,0.897671,0.682244,10,1,153,152,-5063.31,1,0,0,4.05822,5.44071,2014.86,1502.88,9212,-5540.49,290.917,0.647346,0.896694,0.634109,4,0,176,175,4157.54,1,0,0,3.49658,4.82122,1798.85,1304.61,12802.1,-1783.33,223.684,0.730303,0.894749,0.601352,10,1,173,155,7914.7,1,0,0,3.60781,4.95545,1743.39,1269.27,11710.1,-2852.73,223.684,0.614177,0.894749,0.608821,2,1,165,147,6934.53,1,0,0
1432,0.310553,14.7576,0.249409,5649.44,13008.5,3206.75,0.95657,1.11959,8.48186,1.74566,71.6004,874956,8585.17,0.72172,0.858325,0.873362,9.29473,12.0333,0.0838759,2.44474,1.93329,44.3631,451.757,212.671,20.8845,-107899,-119273,335.673,2.14914e-05,0.982875,0.931551,0,0,58,1,-110483,1,0,0,44.6473,942.044,183.141,8.6798,-104530,-115788,290.917,2.12043e-05,0.982728,0.932617,0,0,50,1,-106998,1,0,0,5.71706,11.8176,1100.18,532.242,-3722.52,-16610.9,223.684,0.6,0.98242,0.310799,0,0,229,166,-7821.33,1,0,0,5.71706,11.8176,1100.18,532.242,-3722.52,-16760,223.684,0.5,0.98242,0.310799,0,0,229,166,-7762.33,1,0,0
1433,0.347257,18.5829,0.111601,5541.41,8939.44,7307.7,0.998874,5.08364,11.8044,0.642817,75.2217,2.20012e+06,7473.28,0.742139,0.774563,0.886096,15.5739,2.51716,0.0989498,2.39782,0.0741763,4.90223,4.90223,1924.58,1924.58,-11705.9,-20359.3,335.673,0.6186,0.981616,0.347269,3,1,203,151,-20359.3,1,1,0,4.86898,4.86898,1679.36,1679.36,-12495.6,-21051.2,290.917,0.560074,0.981489,0.347268,0,0,178,133,-21051.2,1,1,0,3.41236,3.41236,1843.24,1843.24,2107.66,-6260.25,223.684,0.619688,0.981211,0.347257,3,1,255,200,-6260.25,1,1,0,3.53923,3.53923,1777.17,1777.17,836.614,-7410.47,223.684,0.514544,0.981211,0.347257,0,1,239,184,-7410.47,1,1,0
1434,0.361746,16.002,0.17275,5574.12,8067.64,6547.65,0.959544,7.09647,13.2892,1.85319,38.4283,1.09194e+06,9120.67,0.670204,0.672419,0.789889,16.194,2.10005,0.055241,0.298208,0.852963,2.51884,2.51884,3745.67,3745.67,44102,35871.3,335.673,0.613965,0.842225,0.459209,2,1,187,166,35871.3,1,1,0,1.97374,1.97374,4142.78,4142.78,49149.5,40759.5,290.917,0.608302,0.841254,0.411015,2,1,238,221,40759.5,1,1,0,1.7831,1.7831,3527.45,3527.45,45427.2,37603.5,223.684,0.608941,0.839208,0.397684,2,1,234,191,37603.5,1,1,0,1.83379,1.83379,3429.95,3429.95,45620.5,37892.6,223.684,0.508058,0.839208,0.401556,0,1,221,178,37892.6,1,1,0
1435,0.592721,13.6615,0.170208,6086.66,11039,7292.5,1.09925,5.14539,9.98532,0.540364,65.4432,1.4914e+06,8924.42,0.697848,0.61267,0.820119,19.3835,9.96103,0.0773172,2.05147,1.24108,6.74371,6.74371,1399.04,1399.04,-22256.5,-31099.6,335.673,0.728241,0.986104,0.592721,10,1,126,94,-31099.6,1,1,0,4.76681,4.76681,1715.35,1715.35,-405.884,-9465.09,290.917,0.726764,0.985977,0.592721,10,1,159,131,-9465.09,1,1,0,4.17362,4.17362,1507.04,1507.04,4112.77,-4393.12,223.684,0.734594,0.985715,0.592721,10,1,158,124,-4393.12,1,1,0,4.38942,4.38942,1432.95,1432.95,1699.27,-6667.56,223.684,0.610976,0.985715,0.592721,1,1,149,115,-6667.56,1,1,0
1436,0.365611,11.859,0.248621,5524.28,8626.63,3589.16,0.946168,7.16501,8.30813,1.28338,53.0153,921915,8684.98,0.625251,0.630072,0.892406,6.77132,8.2734,0.0993687,1.5783,0.679792,2.65822,2.65822,3549.26,3549.26,34503,29505.2,335.673,0.667383,0.936013,0.366725,8,1,242,193,29505.2,1,1,0,2.51584,2.51584,3250.11,3250.11,35222.1,30230.4,290.917,0.6,0.935397,0.366345,0,0,225,183,30230.4,1,1,0,2.02761,2.02761,3102.08,3102.08,31984.3,27348.4,223.684,0.6,0.934149,0.365714,0,0,288,232,27348.4,1,1,0,2.04025,2.04025,3082.86,3082.86,32160.2,27622.7,223.684,0.544679,0.934149,0.365721,0,1,283,227,27622.7,1,1,0
1437,0.454727,9.03063,0.070887,5801.04,10504.3,2589.05,1.08257,7.99242,8.01394,0.587493,75.9481,1.72043e+06,8629.17,0.746521,0.552942,0.757775,9.67588,9.83212,0.0555448,1.76975,0.635832,4.12163,4.12163,2289.07,2289.07,-585.619,-4931.05,335.673,0.712873,0.940743,0.460049,10,1,146,124,-4931.05,1,1,0,3.29269,3.29269,2483.31,2483.31,12738.7,8269.52,290.917,0.6,0.940026,0.45579,0,0,176,158,8269.52,1,1,0,2.7313,2.7313,2302.86,2302.86,17952.4,14087,223.684,0.693273,0.938616,0.454961,10,1,193,166,14087,1,1,0,2.81329,2.81329,2235.75,2235.75,17014.3,13273.8,223.684,0.584124,0.938616,0.455038,0,1,182,155,13273.8,1,1,0
1438,0.580853,10.9355,0.0889162,6271.72,9566.2,4686.31,1.08359,2.87362,8.26599,1.66941,54.2209,1.33631e+06,7837.67,0.687083,0.518865,0.91142,6.15567,8.43595,0.0986284,2.66806,1.49738,5.37755,7.90935,1754.46,1192.86,-8774.48,-27201.9,335.673,0.680155,0.983747,0.580853,8,1,175,147,-14893.1,1,0,0,4.88672,7.28809,1673.26,1121.93,-3800.71,-22289.9,290.917,0.6,0.983567,0.580853,0,0,171,147,-9981.02,1,0,0,3.55968,5.69356,1766.96,1104.72,8954.13,-9164.45,223.684,0.673545,0.983205,0.580853,8,1,215,186,3144.39,1,0,0,3.6834,5.846,1707.61,1075.92,7745.76,-10364.6,223.684,0.567111,0.983205,0.580853,0,1,204,175,2058.21,1,0,0
1439,0.593158,8.13424,0.0905356,6596.04,14414.4,7168.04,0.9842,5.78632,6.18033,0.817245,48.9437,1.90149e+06,7828.97,0.639249,0.665767,0.773936,14.1996,10.4431,0.0731089,0.748706,1.83265,5.90897,5.90897,1596.68,1596.68,-15019.4,-22633.8,335.673,5.73961e-05,0.90674,0.711388,0,0,159,155,-22633.8,1,1,0,6.15669,6.15669,1328.11,1328.11,-19003.9,-26567.7,290.917,5.18936e-05,0.905676,0.72001,0,0,133,132,-26567.7,1,1,0,3.9829,3.9829,1579.2,1579.2,4051.94,-3470.16,223.684,0.00331386,0.903613,0.649274,0,0,202,182,-3470.16,1,1,0,3.9829,3.9829,1579.2,1579.2,4051.94,-3470.16,223.684,0.00331386,0.903613,0.649274,0,0,202,182,-3470.16,1,1,0
1440,0.370908,19.8395,0.012261,6338.47,14160.4,3191.63,0.960801,4.31967,12.7862,1.34888,44.7283,1.54257e+06,7458.34,0.720806,0.517067,0.854921,5.24582,3.01382,0.0858695,0.0394797,1.07526,7.23238,9.76622,1304.51,966.056,-29952.6,-41179,335.673,0.123727,0.808702,0.663135,0,0,163,162,-33440.1,1,0,0,43.8475,83.1731,186.482,98.3101,-228610,-235151,290.917,3.17423e-05,0.807809,0.786808,0,0,22,21,-227412,1,0,0,3.24708,4.58946,1937.07,1370.49,7796.91,-4033.52,223.684,0.61949,0.805853,0.503816,3,1,295,294,3705.45,1,0,0,3.37707,4.74921,1862.5,1324.39,6643.22,-5174.99,223.684,0.516534,0.805853,0.512636,0,1,279,278,2662.63,1,0,0
1441,0.314735,10.6698,0.0944064,6161.55,13732.6,3085.93,0.976207,3.63977,6.0496,1.87467,75.1811,944219,7708.27,0.687974,0.852235,0.943168,8.08035,3.80304,0.0712636,0.625686,1.89642,6.49552,8.69344,1452.5,1085.27,-17469.7,-28538.4,335.673,0.000156662,0.865323,0.713806,0,0,166,165,-20915.7,1,0,0,9.21746,12.6829,887.094,644.707,-42091.5,-52905.5,290.917,2.99938e-05,0.864052,0.764943,0,0,100,99,-45282.9,1,0,0,3.64522,5.24107,1725.5,1200.1,7675.13,-3830.73,223.684,0.6,0.86152,0.575943,0,0,253,252,3791.93,1,0,0,3.75627,5.35856,1674.48,1173.79,6857.86,-4797.02,223.684,0.517871,0.86152,0.584941,0,1,240,239,3121.61,1,0,0
1442,0.346081,17.7785,0.263374,5358.76,12997.6,2844.76,1.09787,1.91894,8.98314,1.47389,41.309,766111,8072.96,0.742451,0.759983,0.658122,13.8047,4.0813,0.0920522,2.74538,0.202557,28.3878,28.3878,332.351,332.351,-103810,-106103,335.673,3.44174e-05,0.981324,0.838043,0,0,53,25,-106103,1,1,0,64.3122,64.3122,127.142,127.142,-157002,-157507,290.917,1.99483e-05,0.981189,0.950577,0,0,25,1,-157507,1,1,0,5.05166,5.05166,1245.1,1245.1,-1038.31,-4967.99,223.684,0.636802,0.980898,0.346107,4,1,222,190,-4967.99,1,1,0,5.23742,5.23742,1200.94,1200.94,-2100.63,-5916.04,223.684,0.529366,0.980898,0.346123,0,1,211,179,-5916.04,1,1,0
1443,0.318999,10.0237,0.273596,6560.25,9078.5,6325.09,1.02376,1.96732,13.3494,0.76748,71.3857,1.06867e+06,8481.45,0.715497,0.837467,0.734119,10.3811,6.41476,0.0954259,0.634269,0.454941,5.20506,5.20506,1812.6,1812.6,9682.79,2505.77,335.673,1,0.865444,0.665457,6,1,150,149,2505.77,1,1,0,4.34274,4.34274,1882.86,1882.86,17660.1,10344.8,290.917,0.654493,0.864105,0.620426,6,1,165,164,10344.8,1,1,0,3.71422,3.71422,1693.44,1693.44,21851,14566.1,223.684,0.663098,0.861455,0.578456,6,1,159,158,14566.1,1,1,0,3.88893,3.88893,1617.36,1617.36,20098,12951.7,223.684,0.561242,0.861455,0.59205,0,1,150,149,12951.7,1,1,0
1444,0.358537,11.4032,0.0328906,5160.21,8338.57,6429.63,1.00896,1.47978,9.04106,1.69502,39.7094,1.83652e+06,7661.62,0.73159,0.677767,0.846409,13.1656,10.8743,0.0583333,2.02353,0.175424,4.8337,4.8337,1951.86,1951.86,-16101,-23574.8,335.673,0.492558,0.980656,0.35854,0,0,216,174,-23574.8,1,1,0,4.99264,4.99264,1637.76,1637.76,-18805.7,-26085,290.917,0.351741,0.980448,0.358542,0,0,181,145,-26085,1,1,0,3.18992,3.18992,1971.77,1971.77,837.721,-6548.24,223.684,0.6,0.980027,0.358537,0,0,277,232,-6548.24,1,1,0,3.18992,3.18992,1971.77,1971.77,837.721,-6448.23,223.684,0.570263,0.980027,0.358537,0,0,277,232,-6448.23,1,1,0
1445,0.470571,13.0193,0.137418,5568.11,12577.2,5976.88,0.907184,5.05187,7.94762,1.16222,62.1698,1.99277e+06,8515.14,0.681998,0.589581,0.687136,14.6036,11.8082,0.0873621,2.36906,0.871069,5.79949,5.79949,1626.82,1626.82,-17543.5,-24737.8,335.673,0.725335,0.981374,0.470573,12,1,188,132,-24737.8,1,1,0,5.12891,5.12891,1594.25,1594.25,-11747.4,-18993.3,290.917,0.6,0.981197,0.470571,0,0,186,138,-18993.3,1,1,0,3.81701,3.81701,1647.84,1647.84,-121.979,-7014.08,223.684,0.710484,0.980833,0.470571,12,1,229,170,-7014.08,1,1,0,3.98078,3.98078,1580.04,1580.04,-1704.1,-8488.68,223.684,0.595567,0.980833,0.470571,0,1,217,158,-8488.68,1,1,0
1446,0.573735,11.8929,0.114405,5195.77,12495.8,2766.46,1.06957,1.13642,14.4825,0.519765,52.5533,1.262e+06,7926.64,0.677596,0.616112,0.721961,17.5841,6.21686,0.051037,2.43963,1.25343,64.7234,64.7234,145.77,145.77,-196017,-196216,335.673,3.46239e-05,0.985812,0.93407,0,0,33,4,-196216,1,1,0,76.4952,76.4952,106.892,106.892,-196665,-196376,290.917,3.20302e-05,0.985665,0.948461,0,0,26,1,-196376,1,1,0,8.18513,8.18513,768.444,768.444,-29869.8,-33543.3,223.684,0.678299,0.985367,0.573748,6,1,134,102,-33543.3,1,1,0,8.73757,8.73757,719.858,719.858,-33178.6,-36686.4,223.684,0.565963,0.985367,0.573766,0,1,126,94,-36686.4,1,1,0
1447,0.461166,17.5802,0.146808,6292.97,10586,6116.44,0.916761,3.45109,6.26544,1.23015,35.2304,1.55389e+06,7907.92,0.713599,0.841893,0.912181,10.8931,8.82665,0.063843,0.0313112,0.400944,4.38171,4.38171,2153.21,2153.21,5389.03,-1600.98,335.673,0.663063,0.887099,0.655618,9,1,213,205,-1600.98,1,1,0,4.37826,4.37826,1867.58,1867.58,4265.75,-2664.35,290.917,0.6,0.886429,0.656277,0,0,189,186,-2664.35,1,1,0,3.02774,3.02774,2077.39,2077.39,15356.1,8296.12,223.684,0.66337,0.884993,0.568777,9,1,263,232,8296.12,1,1,0,3.12298,3.12298,2014.04,2014.04,14733.9,7788.49,223.684,0.553211,0.884993,0.576079,0,1,248,217,7788.49,1,1,0
1448,0.487797,19.4923,0.166416,5755.38,11308.8,4743.14,0.909394,4.18667,13.8485,1.71873,36.2967,1.11002e+06,9295.89,0.615752,0.548757,0.659038,9.18345,4.83732,0.0776171,0.0282072,0.897077,3.58525,3.58525,2631.53,2631.53,14283.7,8857.75,335.673,0.881053,0.8508,0.57902,5,1,224,223,8857.75,1,1,0,3.23473,3.23473,2527.8,2527.8,17381,11881.1,290.917,0.644548,0.850079,0.561582,5,1,225,224,11881.1,1,1,0,2.94541,2.94541,2135.46,2135.46,18584.5,13176.4,223.684,0.645122,0.848504,0.547871,5,1,204,187,13176.4,1,1,0,3.06205,3.06205,2054.12,2054.12,17280.5,11958.1,223.684,0.539321,0.848504,0.553997,0,1,194,177,11958.1,1,1,0
1449,0.36056,18.5035,0.00607763,6265.32,11424,3289.47,0.954972,3.50588,5.62077,1.14494,44.0755,2.07066e+06,9384.69,0.608105,0.779306,0.863513,13.0821,7.1851,0.0801603,2.96703,1.36879,4.84459,7.65672,1947.48,1232.21,-9246.53,-26702.5,335.673,0.360846,0.982105,0.360568,0,0,227,167,-13376.2,1,0,0,5.05784,8.11632,1616.65,1007.45,-12764.3,-30095.8,290.917,0.267974,0.981981,0.360575,0,0,189,138,-16769.6,1,0,0,3.43409,6.30565,1831.58,997.488,3699.38,-13777.8,223.684,0.6,0.981709,0.36056,0,0,273,210,-451.508,1,0,0,3.43409,6.30565,1831.58,997.488,3699.38,-14003.9,223.684,0.5,0.981709,0.36056,0,0,273,210,-381.706,1,0,0
1450,0.540175,9.84293,0.252673,5717.02,9679.5,3975.63,0.995158,6.83944,9.13529,1.63764,68.3326,2.19781e+06,9022.88,0.747555,0.590276,0.661955,6.04522,13.2318,0.0682633,1.58228,1.27897,4.1814,5.6089,2256.35,1682.1,7383.17,-12012.2,335.673,0.76445,0.952178,0.541863,13,1,153,112,1837.8,1,0,0,3.28493,4.50456,2489.17,1815.22,18545.2,-927.895,290.917,0.657579,0.951637,0.540395,6,0,184,149,12922.1,1,0,0,2.82377,4.11588,2227.45,1528.18,19619.5,640.165,223.684,0.731231,0.950566,0.54023,13,1,196,149,14490.1,1,0,0,2.90947,4.20883,2161.84,1494.43,18761.7,-209.224,223.684,0.622879,0.950566,0.540251,3,1,186,139,13744.5,1,0,0
1451,0.485337,17.3203,0.292099,5912.44,10199.2,5005.73,1.07906,3.54535,11.3172,1.55829,66.447,1.87941e+06,7508.78,0.737444,0.641268,0.690573,5.62871,4.50072,0.0635219,0.19111,1.25856,4.66602,6.46595,2022,1459.14,5291.84,-10332,335.673,0.641234,0.867295,0.643466,5,1,199,198,-942.266,1,0,0,4.54249,6.40682,1800.06,1276.26,5078.72,-10550.2,290.917,0.6,0.866546,0.638672,0,0,183,182,-1160.46,1,0,0,3.28357,4.84822,1915.54,1297.34,14247.2,-1243.08,223.684,0.639642,0.864947,0.574091,5,1,225,224,8146.69,1,0,0,3.41487,5.0077,1841.89,1256.03,13180.1,-2267.58,223.684,0.532978,0.864947,0.581735,0,1,212,211,7207.48,1,0,0
1452,0.559241,9.77536,0.196021,5916.43,10928.7,4148.26,1.05802,0.662657,8.70038,1.18537,40.256,883330,8857.26,0.743349,0.501219,0.786619,11.7836,11.2433,0.0585825,0.0804266,1.21206,5.61867,8.59745,1679.17,1097.39,-4959.06,-22217.1,335.673,0.724655,0.871929,0.671368,11,1,183,182,-10232,1,0,0,5.60385,8.77466,1459.13,931.86,-5245.69,-22392.7,290.917,0.6,0.87078,0.671961,0,0,163,162,-10407.6,1,0,0,3.73653,6.04789,1683.33,1040,10162.7,-6982.41,223.684,0.71991,0.868518,0.611622,11,1,209,208,5002.69,1,0,0,3.88309,3.88309,1619.8,1619.8,8924.54,3884.96,223.684,0.607059,0.868518,0.616847,1,1,199,198,3884.96,1,1,0
1453,0.584653,18.9606,0.198136,5175.14,12222.3,7348.75,0.939526,7.9376,10.3461,0.984924,53.8101,1.40568e+06,7756.85,0.609355,0.691636,0.987669,8.27118,1.54852,0.0619856,2.43231,1.97322,5.32809,7.4577,1770.75,1265.1,-9836.63,-21120,335.673,0.444897,0.986918,0.584653,0,0,208,147,-18130,1,0,0,5.53244,7.82653,1477.97,1044.75,-12354.7,-23507,290.917,0.351729,0.986829,0.584653,0,0,174,121,-20517,1,0,0,3.918,6.09146,1605.36,1032.56,741.213,-10493.3,223.684,0.6,0.986635,0.584653,0,0,243,179,-7503.28,1,0,0,3.918,6.09146,1605.36,1032.56,741.213,-10644.5,223.684,0.5,0.986635,0.584653,0,0,243,179,-7427.76,1,0,0
1454,0.40437,14.2145,0.158394,5866.58,14690.7,4873.71,0.974416,6.75987,7.04002,1.58981,34.8493,2.23576e+06,8538.44,0.640395,0.551341,0.841047,5.10825,5.48816,0.0565114,2.71487,1.42784,4.24025,5.55059,2225.04,1699.77,969.633,-11075.6,335.673,0.458703,0.977387,0.40437,0,0,238,200,-4842.05,1,0,0,4.38223,5.77751,1865.89,1415.27,-1953.31,-13848.9,290.917,0.328648,0.977189,0.40437,0,0,200,167,-7615.31,1,0,0,3.05541,4.29771,2058.58,1463.53,9359.33,-2625.22,223.684,0.6,0.976776,0.40437,0,0,277,236,3608.33,1,0,0,3.05541,4.29771,2058.58,1463.53,9359.33,-2688.56,223.684,0.516599,0.976776,0.40437,0,0,277,236,3692.45,1,0,0
1455,0.327174,12.0366,0.100282,6245.58,11769.4,4360.75,1.05605,5.28035,10.6903,1.05338,65.7973,1.09408e+06,9187.43,0.735231,0.843859,0.759278,15.1906,9.56416,0.0630583,1.57348,1.81535,7.57858,10.3935,1244.92,907.755,-36795.9,-53929.9,335.673,0.761471,0.947891,0.613,10,1,99,70,-42114.3,1,0,0,4.31433,5.93208,1895.26,1378.4,4973.34,-13197.3,290.917,0.6,0.947383,0.383295,0,0,166,142,-1381.73,1,0,0,3.28689,4.87551,1913.61,1290.08,14337.7,-3240.71,223.684,0.692571,0.946351,0.341558,10,1,210,172,8574.87,1,0,0,3.39042,4.97734,1855.17,1263.69,13462.9,-4132.6,223.684,0.578437,0.946351,0.344529,0,1,198,160,7826.63,1,0,0
1456,0.367779,9.88431,0.0446933,6074.78,13118.1,5865.83,1.00542,6.05059,6.34559,0.755131,69.6651,1.75571e+06,8160.39,0.613422,0.539091,0.793964,17.2423,11.088,0.091064,1.11514,1.90346,4.36814,5.6316,2159.89,1675.32,-2729.19,-16066.2,335.673,0.482927,0.928661,0.390883,0,0,202,187,-9760.36,1,0,0,4.42456,5.74161,1848.04,1424.12,-4605.16,-17772.9,290.917,0.377343,0.927866,0.393619,0,0,173,162,-11467.1,1,0,0,2.99821,4.16766,2097.85,1509.19,10809.1,-2391.63,223.684,0.6,0.92629,0.370362,0,0,255,232,3914.22,1,0,0,2.99821,4.16766,2097.85,1509.19,10809.1,-2489.72,223.684,0.5,0.92629,0.370362,0,0,255,232,4011.32,1,0,0
1457,0.431352,8.14171,0.175219,5228.53,13649,5752.73,0.934898,1.02553,12.961,0.981295,74.6756,2.15785e+06,9257.68,0.667715,0.600147,0.84907,7.21818,8.69841,0.0643761,2.10707,1.71936,12.4009,22.3933,760.81,421.319,-58719.1,-71117.1,335.673,0.371639,0.981835,0.442283,0,0,119,73,-65017.6,1,0,0,43.8489,401.436,186.476,20.3688,-143877,-154258,290.917,3.55476e-05,0.981574,0.890537,0,0,44,4,-148158,1,0,0,5.3427,9.90065,1177.27,635.292,-12470.5,-25230.6,223.684,0.678042,0.981064,0.431354,9,1,210,160,-19131.2,1,0,0,5.61085,10.3642,1121.01,606.88,-14483.2,-27198.8,223.684,0.571092,0.981064,0.431355,0,1,198,148,-21021.4,1,0,0
1458,0.583708,10.9754,0.0134824,6294.1,8794.56,2512.2,0.979211,6.12732,10.8379,1.81526,74.2873,1.90981e+06,8816.74,0.651194,0.505919,0.866796,13.4585,12.2999,0.0953844,0.067165,0.190336,3.18653,3.18653,2960.81,2960.81,20967.6,17299.1,335.673,1,0.878118,0.608919,12,1,181,158,17299.1,1,1,0,2.91538,2.91538,2804.69,2804.69,24273,20639.6,290.917,0.873129,0.877131,0.602532,12,1,180,162,20639.6,1,1,0,2.66468,2.66468,2360.44,2360.44,24274.2,20904.4,223.684,0.728904,0.875165,0.59781,12,1,171,131,20904.4,1,1,0,2.76944,2.76944,2271.15,2271.15,22534.5,19240.3,223.684,0.61732,0.875165,0.600162,2,1,161,121,19240.3,1,1,0
1459,0.413493,18.9682,0.247351,5648.41,12571.9,5592.37,1.02519,1.66199,9.81932,0.925084,46.8946,1.66329e+06,8002.02,0.731978,0.897151,0.743766,19.7598,11.6702,0.0622615,2.69675,1.05849,51.37,498.578,183.662,18.9232,-133797,-144641,335.673,2.50477e-05,0.985655,0.943815,0,0,49,1,-138364,1,0,0,52.3746,1395.52,156.121,5.85927,-130778,-141453,290.917,2.47176e-05,0.985556,0.945621,0,0,42,1,-135176,1,0,0,6.13837,11.9893,1024.67,524.617,-9411.44,-22354.1,223.684,0.737839,0.985342,0.413584,12,1,208,155,-16077.5,1,0,0,6.41201,12.4638,980.942,504.648,-11008.3,-23928.2,223.684,0.610163,0.985342,0.413647,1,1,197,144,-17558.4,1,0,0
1460,0.531232,17.5671,0.126274,5119.15,11374.8,3718.84,1.09465,3.91181,5.54667,0.852441,42.7267,1.51006e+06,7589.83,0.677711,0.756575,0.719053,9.03134,9.02757,0.0745982,0.768272,0.763025,4.78809,4.78809,1970.45,1970.45,-10062.1,-14273.3,335.673,0.00563901,0.893233,0.678821,0,0,211,210,-14273.3,1,1,0,5.36002,5.36002,1525.51,1525.51,-16809.1,-20966.3,290.917,0.000249798,0.892614,0.701987,0,0,164,163,-20966.3,1,1,0,3.50958,3.50958,1792.18,1792.18,1423.23,-2921.44,223.684,0.68864,0.891287,0.618677,9,1,229,228,-2921.44,1,1,0,3.61513,3.61513,1739.86,1739.86,374.572,-3885.32,223.684,0.577482,0.891287,0.624404,0,1,218,217,-3885.32,1,1,0
1461,0.462143,19.6375,0.124426,5372.9,12007,4376.17,1.03236,1.42386,9.99774,0.70013,74.8295,2.14322e+06,9030.7,0.643556,0.757431,0.823358,15.9622,5.5256,0.0583785,0.572726,0.194137,6.31309,6.31309,1494.47,1494.47,-24611.4,-29342.5,335.673,7.82337e-05,0.876517,0.718678,0,0,181,180,-29342.5,1,1,0,17.7309,17.7309,461.159,461.159,-112643,-116072,290.917,3.15406e-05,0.875873,0.827296,0,0,55,54,-116072,1,1,0,3.82139,3.82139,1645.95,1645.95,-2413.83,-7208,223.684,1,0.874461,0.614995,6,1,235,234,-7208,1,1,0,3.83304,3.83304,1640.94,1640.94,-2528.03,-7303.95,223.684,1,0.874461,0.615703,5,1,234,233,-7303.95,1,1,0
1462,0.354843,9.20914,0.0981513,5987.61,8268.92,6031.74,0.903239,6.03028,10.6357,0.582767,37.3003,1.3421e+06,8316.12,0.678645,0.707544,0.875698,7.43154,5.72824,0.0508547,0.932377,1.12842,2.97155,3.86894,3175.02,2438.58,29641.7,8502.88,335.673,0.641594,0.856157,0.489864,6,1,188,149,22179.2,1,0,0,2.46958,3.30465,3310.99,2474.32,35614.2,14300.5,290.917,0.6,0.854668,0.443967,0,0,217,186,27976.8,1,0,0,2.03854,2.97314,3085.44,2115.54,33947.9,13132.9,223.684,0.638154,0.851746,0.40776,6,1,260,198,26809.2,1,0,0,2.08448,3.00167,3017.44,2095.43,34201.5,13258.8,223.684,0.538292,0.851746,0.4118,0,1,246,184,27159.3,1,0,0
1463,0.39622,15.1061,0.290806,5651.18,14343.5,5286.93,1.041,1.96747,7.65668,1.96504,32.9672,2.1019e+06,7545.39,0.616867,0.847222,0.935803,18.9814,8.99626,0.081277,0.191183,0.425649,85.5692,85.5692,110.258,110.258,-257721,-256986,335.673,1.47729e-05,0.875863,0.86753,0,0,14,13,-256986,1,1,0,523.789,523.789,15.6108,15.6108,-340482,-334299,290.917,1.31469e-05,0.875014,0.874298,0,0,2,1,-334299,1,1,0,4.11035,4.11035,1530.24,1530.24,2060.87,-3512.74,223.684,0.00273756,0.873238,0.62901,0,0,276,275,-3512.74,1,1,0,4.11035,4.11035,1530.24,1530.24,2060.87,-3512.74,223.684,0.00273756,0.873238,0.62901,0,0,276,275,-3512.74,1,1,0
1464,0.495958,11.0858,0.0524751,6341.42,14669.5,4343.28,0.950173,2.02567,11.7759,1.30517,45.7121,1.39658e+06,7606.24,0.70968,0.557675,0.857478,5.0065,9.53517,0.0668883,1.16868,1.16347,77.5725,214.456,121.624,43.9936,-289248,-293952,335.673,1.94569e-05,0.943838,0.924064,0,0,17,5,-287408,1,0,0,117.744,2291.85,69.445,3.56775,-307959,-310894,290.917,1.80404e-05,0.943271,0.931477,0,0,10,1,-304351,1,0,0,4.74405,7.26729,1325.83,865.496,-3489.25,-15229,223.684,0.69344,0.942132,0.507041,10,1,239,217,-8685.6,1,0,0,4.91982,7.49526,1278.46,839.172,-4860.9,-16556.2,223.684,0.577543,0.942132,0.509555,0,1,227,205,-9948.8,1,0,0
1465,0.501856,14.5153,0.0453923,5525.8,8024.37,3337.05,1.07243,0.873779,5.76765,1.59447,68.015,1.88482e+06,9333.92,0.692751,0.817141,0.892352,9.42095,6.12963,0.0672538,2.14424,1.63478,5.2648,10.1357,1792.04,930.843,-18403.8,-40967.5,335.673,0.65072,0.987046,0.501856,6,1,189,144,-23157.7,1,0,0,4.92907,9.68478,1658.88,844.289,-15229.9,-37807.2,290.917,0.6,0.986933,0.501856,0,0,177,138,-19997.5,1,0,0,3.47682,8.19287,1809.07,767.718,495.016,-21769.3,223.684,0.64788,0.986698,0.501856,6,1,238,191,-3959.53,1,0,0,3.61262,8.3258,1741.07,755.46,-1001.28,-23382.2,223.684,0.538053,0.986698,0.501856,0,1,224,177,-5328.73,1,0,0
1466,0.430428,11.8455,0.0496595,6482.38,9489.54,5027.41,0.976778,5.76485,7.08689,1.65946,64.71,2.12357e+06,7886,0.690106,0.822849,0.819393,19.6465,6.16773,0.0703876,1.49462,0.787676,4.6367,4.6367,2034.79,2034.79,-4185.46,-10716.3,335.673,0.647805,0.954953,0.458305,6,1,179,127,-10716.3,1,1,0,4.28036,4.28036,1910.29,1910.29,-384.996,-6932.96,290.917,0.6,0.954508,0.449223,0,0,171,126,-6932.96,1,1,0,3.1827,3.1827,1976.25,1976.25,10518.2,4379.15,223.684,0.647947,0.953606,0.433362,6,1,238,178,4379.15,1,1,0,3.27686,3.27686,1919.47,1919.47,9622.29,3592.7,223.684,0.536364,0.953606,0.434084,0,1,224,164,3592.7,1,1,0
1467,0.368594,11.4016,0.197558,5608.17,9261.36,4096.83,0.939923,2.36676,12.3755,1.02848,79.3528,1.57596e+06,9333.18,0.665677,0.514451,0.848352,15.0604,3.29814,0.088888,2.00394,1.89966,4.02929,6.29472,2341.53,1498.83,6107.95,-13965.7,335.673,0.623594,0.975153,0.368594,3,1,217,175,734.783,1,0,0,3.48128,5.53436,2348.78,1477.45,11405.2,-8820.78,290.917,0.6,0.974888,0.368594,0,0,225,189,5879.72,1,0,0,2.60795,4.60896,2411.78,1364.69,17319.5,-2501.3,223.684,0.615768,0.974353,0.368594,3,1,280,235,12199.2,1,0,0,2.71129,4.72413,2319.86,1331.42,16545.3,-3319.12,223.684,0.516368,0.974353,0.368594,0,1,263,218,11537.3,1,0,0
1468,0.516572,14.8861,0.297569,6209.26,13469.1,7064.64,0.993589,4.14624,6.47222,1.69836,47.9767,1.21482e+06,8762.32,0.644137,0.553071,0.872407,8.17768,1.00374,0.0699871,0.641316,1.53294,4.05779,5.4688,2325.08,1725.19,16368,2357.84,335.673,0.567839,0.862933,0.611752,0,0,243,242,8669.47,1,0,0,4.39806,5.98959,1859.17,1365.16,12139.7,-1743.27,290.917,0.0521713,0.862076,0.627241,0,0,195,194,4568.37,1,0,0,3.06629,4.36198,2051.28,1441.96,20650.2,6454.06,223.684,0.601946,0.860294,0.568744,1,1,251,250,12765.7,1,0,0,3.17789,4.4895,1979.24,1401,20040.7,5851.5,223.684,0.504352,0.860294,0.573912,0,1,237,236,12277.1,1,0,0
1469,0.350662,10.1998,0.0706426,6529.87,12186.6,5171.73,0.95104,2.65795,7.45549,1.94223,43.7924,826480,8000.98,0.609807,0.71886,0.732716,16.8705,6.99939,0.0543203,1.19367,1.60856,7.35652,10.4723,1282.5,900.922,-24164.4,-38652.7,335.673,0.624583,0.943169,0.565422,7,1,144,116,-29858.9,1,0,0,7.28367,10.5367,1122.61,776.023,-23313.4,-37758.6,290.917,0.550896,0.942534,0.564446,0,0,128,105,-28964.9,1,0,0,3.78268,5.92071,1662.79,1062.34,8415.63,-6583.47,223.684,0.6,0.941272,0.370738,0,0,246,206,2210.28,1,0,0,3.78268,5.92071,1662.79,1062.34,8415.63,-6646.06,223.684,0.52263,0.941272,0.370738,0,0,246,206,2317.01,1,0,0
1470,0.581001,13.6296,0.271685,5786.28,9241.34,6829.82,0.947164,6.19761,11.5086,1.61264,48.9104,1.96389e+06,8167.46,0.742055,0.536077,0.976926,18.4713,11.8009,0.0639377,1.55844,0.224583,3.84046,3.84046,2456.66,2456.66,14727,6433.89,335.673,0.736689,0.950315,0.581472,12,1,185,140,6433.89,1,1,0,3.16423,3.16423,2584.12,2584.12,21603.6,13228.6,290.917,0.6,0.949901,0.581077,0,0,208,170,13228.6,1,1,0,2.75332,2.75332,2284.44,2284.44,21382.2,13480.8,223.684,0.716252,0.949047,0.581019,12,1,219,167,13480.8,1,1,0,2.83208,2.83208,2220.92,2220.92,20718,12915.2,223.684,0.610524,0.949047,0.581027,2,1,209,157,12915.2,1,1,0
1471,0.356371,15.8097,0.083585,5177.34,13697.8,4450.91,1.01465,1.81187,12.2884,1.5676,69.1128,1.68301e+06,8954.08,0.662483,0.612946,0.770869,12.3091,10.965,0.0788065,1.71768,1.88375,9.17881,13.8964,1027.88,678.934,-50630.8,-62018.5,335.673,0.0336168,0.931088,0.648366,0,0,129,128,-55249.3,1,0,0,82.2161,736.549,99.4544,11.1014,-288711,-292916,290.917,2.12888e-05,0.930579,0.91451,0,0,12,11,-286147,1,0,0,3.91471,6.30116,1606.71,998.199,-3785.94,-16153.4,223.684,0.6734,0.929505,0.381287,11,1,249,239,-9384.22,1,0,0,4.09838,6.53879,1534.71,961.922,-5482,-17771.8,223.684,0.562306,0.929505,0.387684,0,1,233,223,-10906.2,1,0,0
1472,0.332194,9.53818,0.19437,6055.72,10474.3,6637.19,1.05347,7.52668,5.51489,1.14835,40.715,1.14457e+06,8270.83,0.674388,0.661469,0.861641,7.34035,13.9212,0.0996743,0.559189,0.0690583,2.74201,2.74201,3440.8,3440.8,36396.4,28111.8,335.673,0.702217,0.842377,0.45325,14,1,237,236,28111.8,1,1,0,2.66406,2.66406,3069.28,3069.28,36082.3,27932.4,290.917,0.6,0.840819,0.44773,0,0,214,213,27932.4,1,1,0,2.12999,2.12999,2952.98,2952.98,35651.9,27833,223.684,0.6,0.837756,0.399072,0,0,258,254,27833,1,1,0,2.12999,2.12999,2952.98,2952.98,35651.9,27933.1,223.684,0.5,0.837756,0.399072,0,0,258,254,27933.1,1,1,0
1473,0.449294,19.1671,0.0121497,6882.55,11226,2782.68,1.06699,2.57072,6.26589,1.76198,77.3874,2.06612e+06,7549.5,0.656365,0.562887,0.846334,8.8789,9.70228,0.0571573,2.42301,1.68779,8.22642,12.5673,1146.88,750.734,-37913.2,-53517.5,335.673,0.181192,0.978817,0.449865,0,0,147,122,-41279.8,1,0,0,16.791,29.5669,486.973,276.551,-103292,-117817,290.917,0.0765992,0.978676,0.536597,0,0,65,44,-105580,1,0,0,4.02345,6.79514,1563.29,925.633,1547.38,-14529.2,223.684,0.6,0.978367,0.449294,0,0,257,229,-2291.47,1,0,0,4.02345,6.79514,1563.29,925.633,1547.38,-14595.2,223.684,0.5,0.978367,0.449294,0,0,257,229,-2176.72,1,0,0
1474,0.455865,14.0687,0.148696,6835.06,10711.1,3990.6,0.979534,0.830813,9.46118,0.633256,55.6275,2.13045e+06,7859.63,0.748182,0.781659,0.948671,19.1467,4.04087,0.0661726,0.270649,0.0593013,7.75743,7.75743,1216.22,1216.22,-25245.9,-29553.6,335.673,0.00236969,0.881645,0.754074,0,0,152,151,-29553.6,1,1,0,89.948,89.948,90.9054,90.9054,-286623,-283371,290.917,1.70983e-05,0.880794,0.872677,0,0,11,10,-283371,1,1,0,3.97264,3.97264,1583.28,1583.28,6130.1,1246.51,223.684,0.620653,0.879036,0.622129,4,1,234,233,1246.51,1,1,0,4.2045,4.2045,1495.97,1495.97,4073.58,-647.238,223.684,0.518224,0.879036,0.635705,0,1,217,216,-647.238,1,1,0
1475,0.452458,17.8343,0.196371,5490.51,11649.7,2890.88,0.913361,1.92244,10.9279,1.62453,69.1572,2.08075e+06,9120.69,0.719426,0.698025,0.689762,7.41654,9.80553,0.0742797,0.294862,0.324915,5.08635,5.08635,1854.91,1854.91,-8640.99,-12274,335.673,0.690655,0.867201,0.663422,10,1,203,202,-12274,1,1,0,5.44498,5.44498,1501.71,1501.71,-13306.7,-16692.3,290.917,0.519018,0.866457,0.677899,0,0,167,166,-16692.3,1,1,0,3.51877,3.51877,1787.5,1787.5,4077.45,358.532,223.684,0.687476,0.864857,0.583361,10,1,226,222,358.532,1,1,0,3.67588,3.67588,1711.1,1711.1,2521.45,-1080.14,223.684,0.571981,0.864857,0.59335,0,1,213,209,-1080.14,1,1,0
1476,0.431,15.8469,0.160896,6451.64,11361,2658.25,0.996795,0.591527,9.53781,1.04299,71.3631,1.65228e+06,8792.35,0.614364,0.755927,0.959481,9.6786,11.7702,0.0972322,0.749102,0.63069,7.22606,7.22606,1305.65,1305.65,-19964,-22967.1,335.673,6.25089e-05,0.871485,0.734204,0,0,162,161,-22967.1,1,1,0,40.625,40.625,201.274,201.274,-187466,-186781,290.917,2.10561e-05,0.870664,0.850986,0,0,24,23,-186781,1,1,0,3.26328,3.26328,1927.45,1927.45,11498.9,8335.63,223.684,1,0.868937,0.564822,12,0,305,304,8335.63,1,1,0,3.28258,3.28258,1916.12,1916.12,11379.8,8247.78,223.684,0.990778,0.868937,0.566271,9,1,302,301,8247.78,1,1,0
1477,0.598444,16.52,0.0713506,5713.29,9922.09,7094.31,0.986756,3.74991,11.4707,1.34896,53.9408,2.21487e+06,8402.03,0.691226,0.68972,0.697955,7.18307,9.33296,0.0554211,1.96282,1.47552,5.8127,8.59441,1623.12,1097.77,-25349.9,-42675.9,335.673,0.708646,0.961152,0.608663,9,1,155,112,-33571.3,1,0,0,4.61924,6.90943,1770.15,1183.42,-10867.1,-28411.8,290.917,0.6,0.960873,0.600785,0,0,176,139,-19307.2,1,0,0,3.95271,6.37009,1591.27,987.398,-4264.61,-21424,223.684,0.703688,0.96028,0.599193,9,1,186,135,-12319.4,1,0,0,4.12822,6.53087,1523.61,963.089,-6426.51,-23116.1,223.684,0.586445,0.96028,0.599519,0,1,176,125,-14358.6,1,0,0
1478,0.445884,16.5936,0.248549,5381.31,10971.9,6084.34,0.939396,2.00201,12.5599,1.83945,67.0686,2.06221e+06,7890.99,0.672695,0.664994,0.700586,6.58409,7.26241,0.0896911,0.231261,1.79884,5.33354,7.8295,1768.94,1205.02,-8568.15,-21850.4,335.673,0.0183198,0.861439,0.664681,0,0,204,203,-15042.2,1,0,0,7.70068,11.6884,1061.82,699.562,-30636,-43739,290.917,7.05324e-05,0.860617,0.729219,0,0,121,120,-36930.8,1,0,0,3.62185,5.66057,1736.63,1111.16,3910.64,-9605.74,223.684,0.653858,0.858875,0.581916,7,1,233,232,-2797.5,1,0,0,3.77674,5.86937,1665.41,1071.63,2539.79,-10931.5,223.684,0.547837,0.858875,0.591434,0,1,220,219,-4062.24,1,0,0
1479,0.443384,18.5012,0.291041,6290.25,14358.4,5625.55,1.07923,7.08837,14.4954,1.40753,48.2347,906391,8349.18,0.719003,0.696956,0.951789,12.8304,9.04066,0.0861477,0.0231768,1.333,5.229,6.62592,1804.31,1423.91,8084.88,-4968.32,335.673,0.706359,0.864449,0.667197,9,1,165,164,1574.29,1,0,0,4.07915,5.2341,2004.52,1562.21,17936.3,4513.63,290.917,0.6,0.863715,0.613036,0,0,196,195,11056.2,1,0,0,3.37863,4.4374,1861.64,1417.46,21811.8,8537.63,223.684,0.678729,0.862128,0.571025,9,1,201,200,15080.2,1,0,0,3.54052,4.63149,1776.52,1358.05,20615.2,7417.73,223.684,0.5643,0.862128,0.581864,0,1,188,187,14037.3,1,0,0
1480,0.42653,15.3633,0.137759,5993.56,11520.3,5162.46,1.09483,4.13703,8.49881,0.538372,70.5464,2.22166e+06,8977.7,0.749597,0.859806,0.739986,10.9506,1.33543,0.0653219,1.41654,1.45554,7.54938,10.7342,1249.73,878.939,-40150.3,-56665.6,335.673,0.604903,0.954984,0.615599,1,1,112,89,-46257.9,1,0,0,5.14967,7.3859,1587.82,1107.08,-11597.6,-28729.8,290.917,0.6,0.954632,0.484929,0,0,153,134,-18322.1,1,0,0,4.06012,6.17871,1549.17,1017.98,-740.525,-17588.1,223.684,0.607989,0.953891,0.445912,1,1,176,144,-7180.32,1,0,0,4.26285,6.44279,1475.49,976.256,-3155.68,-19896.4,223.684,0.504962,0.953891,0.45183,0,1,164,132,-9380.36,1,0,0
1481,0.320048,11.3386,0.190776,6062.52,14414.7,5347.77,0.910349,1.86695,6.63105,1.58391,71.1952,1.57321e+06,7563.09,0.711646,0.658416,0.864125,5.69253,4.44646,0.0886877,1.03997,0.579546,65.2184,65.2184,144.663,144.663,-234517,-235249,335.673,1.10096e-05,0.934501,0.913938,0,0,20,6,-235249,1,1,0,105.663,105.663,77.385,77.385,-263660,-262407,290.917,1.0011e-05,0.933842,0.922355,0,0,11,1,-262407,1,1,0,4.89733,4.89733,1284.33,1284.33,-2134.55,-8275.74,223.684,0.598321,0.932513,0.404088,0,0,237,210,-8275.74,1,1,0,4.89733,4.89733,1284.33,1284.33,-2134.55,-8251.79,223.684,0.5,0.932513,0.404088,0,0,237,210,-8251.79,1,1,0
1482,0.477887,9.19412,0.237124,6580.52,11850.9,5693.45,1.05915,3.61016,7.64084,1.89354,58.3103,2.13005e+06,9389.54,0.729739,0.756905,0.812264,7.17792,3.05058,0.0787437,0.470239,1.95075,5.11723,6.95094,1843.72,1357.33,2407.59,-15985.5,335.673,0.635939,0.889604,0.671425,3,1,152,151,-4226.17,1,0,0,4.19054,5.81119,1951.24,1407.07,12092.2,-6662.02,290.917,0.6,0.888442,0.626179,0,0,173,172,5097.34,1,0,0,3.44154,4.93143,1827.62,1275.45,17367.5,-1156.46,223.684,0.625781,0.886162,0.583602,3,1,180,176,10602.9,1,0,0,3.56829,5.082,1762.69,1237.66,16050.5,-2464.31,223.684,0.519675,0.886162,0.591831,0,1,170,166,9406.48,1,0,0
1483,0.36839,15.275,0.0724467,5698.17,13381.7,6632.9,1.02914,1.56795,6.48164,1.46302,40.9074,1.89051e+06,9119.53,0.675395,0.833585,0.976993,5.56488,6.3744,0.058568,1.96777,0.815468,8.5374,8.5374,1105.1,1105.1,-44033.2,-50962.3,335.673,0.00975539,0.94902,0.667277,0,0,138,127,-50962.3,1,1,0,53.3939,53.3939,153.14,153.14,-243722,-245564,290.917,1.24315e-05,0.948619,0.927309,0,0,19,11,-245564,1,1,0,4.15655,4.15655,1513.23,1513.23,-3902.41,-11483.3,223.684,0.6,0.947779,0.407912,0,0,240,215,-11483.3,1,1,0,4.15655,4.15655,1513.23,1513.23,-3902.41,-11404.4,223.684,0.5,0.947779,0.407912,0,0,240,215,-11404.4,1,1,0
1484,0.491283,8.79623,0.259335,6292.37,10055.1,5484.44,0.952287,1.42984,8.94246,1.79213,78.5112,1.72135e+06,8035.93,0.65604,0.748435,0.923729,5.36885,12.6095,0.064287,1.92429,1.82583,7.41925,11.9311,1271.65,790.767,-17100.3,-34505.3,335.673,0.685088,0.958162,0.578956,8,0,150,106,-23419.2,1,0,0,8.1415,13.4167,1004.33,609.445,-23913.3,-40961,290.917,0.443492,0.957628,0.610941,0,0,118,81,-29874.9,1,0,0,4.35486,8.0533,1444.32,781.023,4817.52,-12723.9,223.684,0.705053,0.956581,0.498971,13,1,221,168,-1637.77,1,0,0,4.54074,8.27743,1385.2,759.875,3490.39,-14051.5,223.684,0.590909,0.956581,0.501299,0,1,207,154,-2824.74,1,0,0
1485,0.31525,10.8955,0.0840603,5751.47,13532.9,6242.9,1.02703,2.40525,13.7257,1.73794,77.349,1.24001e+06,9141.15,0.696492,0.590426,0.767248,7.67705,3.44334,0.066417,0.365679,1.55851,5.84818,8.23241,1613.27,1146.04,-17168.4,-30907.1,335.673,0.622721,0.820859,0.631323,3,1,175,174,-24228.8,1,0,0,5.4788,7.83964,1492.44,1043,-13524.6,-27377,290.917,0.6,0.819335,0.618187,0,0,167,166,-20698.7,1,0,0,3.71774,5.4469,1691.84,1154.75,3589.86,-10282.2,223.684,0.620522,0.816297,0.52575,3,1,209,208,-3603.89,1,0,0,3.90069,5.70184,1612.49,1103.12,1707.08,-12135.5,223.684,0.519554,0.816297,0.538449,0,1,197,196,-5353.54,1,0,0
1486,0.594416,8.72849,0.232749,5170,9850.25,3904.89,0.925729,0.866412,8.4706,1.79194,60.991,790545,8763.43,0.712413,0.548784,0.934704,16.1547,1.9228,0.0661515,0.689404,0.734533,5.35063,5.35063,1763.29,1763.29,-6536.81,-11040.3,335.673,0.741703,0.891312,0.681735,2,1,173,168,-11040.3,1,1,0,5.06553,5.06553,1614.2,1614.2,-4165.49,-8717.11,290.917,0.6,0.890203,0.674387,0,0,163,161,-8717.11,1,1,0,3.72864,3.72864,1686.89,1686.89,6931.58,2214.79,223.684,0.61026,0.888043,0.634478,2,1,196,171,2214.79,1,1,0,3.91696,3.91696,1605.79,1605.79,5329.75,757.009,223.684,0.510197,0.888043,0.640382,0,1,183,158,757.009,1,1,0
1487,0.440702,14.5867,0.0336298,5772.72,8136.85,7383.81,0.913881,1.50918,6.48823,1.01615,79.1941,1.1651e+06,8732.71,0.63413,0.736351,0.729026,5.22155,11.1,0.0873183,1.09494,0.686271,4.23263,4.23263,2229.04,2229.04,-1702.88,-10292,335.673,0.685088,0.949699,0.456323,11,1,223,168,-10292,1,1,0,4.17676,4.17676,1957.68,1957.68,-1673.08,-10181.6,290.917,0.6,0.949292,0.455695,0,0,197,150,-10181.6,1,1,0,2.89643,2.89643,2171.57,2171.57,10697.4,2346.16,223.684,0.669987,0.948442,0.44197,11,1,285,220,2346.16,1,1,0,3.00831,3.00831,2090.81,2090.81,9752.28,1513.66,223.684,0.557627,0.948442,0.442432,0,1,267,202,1513.66,1,1,0
1488,0.569027,9.92406,0.086516,6800.98,9125.1,2659.49,1.0987,7.50437,10.2263,1.21125,55.1398,1.77873e+06,7679.42,0.675508,0.790958,0.86545,9.56716,12.2827,0.0830147,2.97012,1.35896,6.84424,9.77938,1378.49,964.755,-26803.8,-47437.6,335.673,0.78975,0.989068,0.569027,12,1,118,74,-31031.6,1,0,0,4.83994,6.89112,1689.43,1186.56,-1274.86,-22086.7,290.917,0.768775,0.988935,0.569027,12,1,149,111,-5680.71,1,0,0,4.18169,6.31685,1504.13,995.72,4574.01,-15708.3,223.684,0.764124,0.988669,0.569027,12,1,155,110,697.723,1,0,0,4.34945,6.54854,1446.12,960.49,2462.3,-17765.6,223.684,0.646525,0.988669,0.569027,4,1,147,102,-1280.01,1,0,0
1489,0.442668,15.3249,0.160086,5961.91,8151.57,4432.88,1.02727,5.33442,14.9194,1.77205,48.7742,2.04467e+06,9211.79,0.617069,0.807495,0.913054,13.4718,7.90813,0.0909928,2.30577,1.88094,4.33011,6.62575,2178.86,1423.95,2086.8,-21999.6,335.673,0.687617,0.985241,0.442668,8,1,168,114,-3835.25,1,0,0,3.258,5.06455,2509.75,1614.51,16409.4,-7853.56,290.917,0.682524,0.985118,0.442668,8,1,204,157,10310.8,1,0,0,2.92818,4.97379,2148.03,1264.59,16429.8,-7308.51,223.684,0.678236,0.984861,0.442668,8,1,205,149,10855.8,1,0,0,3.04234,5.12818,2067.43,1226.52,15045.1,-8703.39,223.684,0.564902,0.984861,0.442668,0,1,194,138,9584.46,1,0,0
1490,0.318099,17.4904,0.157477,5287.76,14629.4,6910.25,0.950645,7.36882,6.88181,1.8656,53.0252,753520,8300.68,0.632453,0.777521,0.896105,16.1556,5.89537,0.0755398,1.0115,1.34469,4.79722,6.19758,1966.71,1522.32,-4042.92,-14422.1,335.673,0.388,0.940488,0.415533,0,0,203,168,-11903.7,1,0,0,5.07265,6.6028,1611.93,1238.38,-7234.76,-17461.7,290.917,0.300681,0.940078,0.437887,0,0,166,137,-14943.3,1,0,0,3.45957,4.83866,1818.09,1299.91,6783.23,-3557.56,223.684,0.6,0.939198,0.342289,0,0,245,198,-1039.16,1,0,0,3.45957,4.83866,1818.09,1299.91,6783.23,-3728.12,223.684,0.5,0.939198,0.342289,0,0,245,198,-981.053,1,0,0
1491,0.546664,17.8626,0.255129,6329.64,14999.8,3402.61,0.990007,2.05478,12.7787,0.720262,32.2954,1.06196e+06,9006.46,0.732279,0.501382,0.879839,15.1684,6.59695,0.0675266,2.89631,1.71485,70.1164,70.1164,134.558,134.558,-166887,-167974,335.673,2.54955e-05,0.980651,0.932731,0,0,31,1,-167974,1,1,0,69.5919,69.5919,117.496,117.496,-157172,-158204,290.917,2.56823e-05,0.980514,0.932525,0,0,27,1,-158204,1,1,0,4.7502,4.7502,1324.12,1324.12,4369.8,34.9812,223.684,0.667352,0.980217,0.546664,7,1,227,194,34.9812,1,1,0,4.9382,4.9382,1273.71,1273.71,3220.06,-1011.7,223.684,0.56155,0.980217,0.546664,0,1,217,184,-1011.7,1,1,0
1492,0.494455,11.7145,0.298838,6824.97,13335.6,3206.69,1.09002,6.85611,13.2336,0.772299,57.4561,1.7596e+06,7999.05,0.62171,0.809536,0.940489,19.8264,9.56689,0.0533876,1.3648,1.93257,6.89867,8.95467,1367.61,1053.61,-7989.7,-22570.1,335.673,0.806907,0.959476,0.574996,10,1,127,101,-12152,1,0,0,5.75994,7.55296,1419.59,1082.59,1843.26,-12965.2,290.917,0.6,0.959072,0.53477,0,0,138,116,-2547.13,1,0,0,4.36868,6.00228,1439.75,1047.9,11504.6,-3231.5,223.684,0.72357,0.958255,0.504423,10,1,169,135,7186.6,1,0,0,4.52603,6.18974,1389.7,1016.17,10200.1,-4463.35,223.684,0.607447,0.958255,0.506828,1,1,160,126,6027.87,1,0,0
1493,0.534527,14.5875,0.0321633,6725.32,8756.9,4327.15,0.987745,2.89818,9.01338,1.02024,63.3116,1.17545e+06,8016.01,0.721702,0.741849,0.844673,9.13441,11.8063,0.0897196,1.141,0.660005,5.61126,5.61126,1681.39,1681.39,-10806.7,-16510.2,335.673,0.698255,0.95842,0.556586,12,1,160,117,-16510.2,1,1,0,4.64802,4.64802,1759.19,1759.19,646.371,-5232.61,290.917,0.6,0.958083,0.542315,0,0,174,137,-5232.61,1,1,0,3.61841,3.61841,1738.28,1738.28,10460,5020.21,223.684,0.714088,0.95738,0.53595,12,1,209,158,5020.21,1,1,0,3.76856,3.76856,1669.02,1669.02,8909.95,3592.85,223.684,0.595506,0.95738,0.536491,0,1,197,146,3592.85,1,1,0
1494,0.428451,14.7561,0.0814164,6121.36,14292.6,4640.97,1.08009,1.15356,11.1955,1.65545,35.476,962554,9329.38,0.655889,0.895273,0.974922,5.00208,3.46273,0.0537384,2.83286,1.07698,56.7539,689.225,166.239,13.6889,-170540,-182116,335.673,2.8702e-05,0.986375,0.949742,0,0,41,1,-173466,1,0,0,58.1967,11774.3,140.502,0.694458,-163931,-175332,290.917,2.82074e-05,0.986258,0.951699,0,0,35,1,-166682,1,0,0,5.85683,11.0779,1073.93,567.783,-9179.93,-23443.6,223.684,0.632171,0.986013,0.428475,3,1,203,159,-14793.7,1,0,0,6.06728,11.4227,1036.68,550.643,-10614.7,-24878.1,223.684,0.527574,0.986013,0.42849,0,1,194,150,-16118.5,1,0,0
1495,0.491381,13.6746,0.107279,5769.6,13206.4,7166.97,1.07376,6.43766,9.32373,1.81247,42.7799,872904,8393.32,0.699528,0.805835,0.700683,5.57329,12.7294,0.0650732,2.20853,1.21822,6.31501,8.7161,1494.01,1082.45,-18258.6,-31923.3,335.673,0.783588,0.986695,0.491386,13,1,163,119,-26903.8,1,0,0,5.82218,8.09974,1404.41,1009.51,-13653.7,-27282.9,290.917,0.6,0.986573,0.491383,0,0,155,117,-22263.4,1,0,0,4.35035,6.4347,1445.82,977.482,16.7756,-13237.5,223.684,0.771322,0.98632,0.491381,13,1,193,147,-8217.93,1,0,0,4.49394,6.61559,1399.62,950.756,-1273.08,-14491.6,223.684,0.645147,0.98632,0.491381,4,1,184,138,-9391.3,1,0,0
1496,0.556869,15.8614,0.143676,6137.03,10325.7,6680.6,0.968831,0.477201,7.62327,1.37036,66.0592,1.70682e+06,7519.78,0.736549,0.672083,0.774498,6.46278,9.54607,0.0834442,1.64353,0.434353,26.0553,26.0553,362.103,362.103,-132401,-137961,335.673,2.00406e-05,0.956303,0.884753,0,0,51,26,-137961,1,1,0,60.6477,60.6477,134.824,134.824,-214277,-216968,290.917,1.36719e-05,0.955978,0.93302,0,0,21,1,-216968,1,1,0,4.62611,4.62611,1359.63,1359.63,-2002.28,-9615.37,223.684,0.679945,0.955292,0.562494,10,1,239,204,-9615.37,1,1,0,4.81372,4.81372,1306.64,1306.64,-3415.65,-10910.3,223.684,0.570912,0.955292,0.564109,0,1,226,191,-10910.3,1,1,0
1497,0.48932,10.521,0.148173,6559.92,11515.9,4820.45,1.0392,3.23882,9.26119,0.669902,69.6795,1.64229e+06,9071.41,0.717135,0.77046,0.924047,19.6286,10.5978,0.0882085,1.80209,1.5951,6.48871,9.40076,1454.02,1003.61,-16801.8,-35433.4,335.673,0.680653,0.957845,0.550837,11,1,140,109,-23018.3,1,0,0,5.58266,8.19886,1464.67,997.303,-7524.66,-26320.1,290.917,0.6,0.957384,0.52255,0,0,146,120,-13905,1,0,0,3.9253,6.26965,1602.38,1003.22,7881.59,-10531.1,223.684,0.712032,0.956464,0.493985,11,1,199,160,1883.96,1,0,0,4.0639,6.43008,1547.73,978.185,6590.44,-11814.3,223.684,0.597416,0.956464,0.495247,0,1,188,149,720.244,1,0,0
1498,0.404302,19.7509,0.256859,6641.36,12632.3,7364.88,1.0321,6.55452,5.9529,0.955622,79.2934,2.03792e+06,7854.46,0.723891,0.746374,0.757819,13.5507,2.12986,0.0534256,2.91843,0.523516,6.17486,6.17486,1527.92,1527.92,-5924.57,-14472.6,335.673,0.457008,0.982505,0.40438,0,0,179,136,-14472.6,1,1,0,6.6772,6.6772,1224.58,1224.58,-11651.3,-19991.9,290.917,0.329687,0.98239,0.404506,0,0,144,107,-19991.9,1,1,0,4.18305,4.18305,1503.64,1503.64,6921.29,-1524.18,223.684,0.6,0.982138,0.404302,0,0,228,182,-1524.18,1,1,0,4.2041,4.2041,1496.11,1496.11,6775.82,-1558.08,223.684,0.510186,0.982138,0.404302,0,1,226,180,-1558.08,1,1,0
1499,0.498759,9.17696,0.231168,6565.15,8168.35,5711.39,1.05424,4.93748,12.0696,1.78553,42.6612,1.22226e+06,9157.51,0.639172,0.634957,0.805032,16.9905,12.9385,0.0803809,0.458705,1.41375,3.67469,4.84997,2567.49,1945.32,37115.2,10913.1,335.673,1,0.878626,0.586784,13,1,135,124,30030.5,1,0,0,2.91637,3.93698,2803.74,2076.91,46789.9,20569.6,290.917,0.740988,0.877396,0.547785,13,1,162,154,39687,1,0,0,2.48631,3.48822,2529.78,1803.16,47513.2,21392.2,223.684,0.746299,0.874988,0.529337,13,1,166,140,40509.5,1,0,0,2.58239,3.59958,2435.65,1747.37,46713.1,20646.8,223.684,0.62436,0.874988,0.533744,3,1,156,130,39853.6,1,0,0
